negocio,data_venda,modalidade,parcela,de_parcelas,valor_bruto,taxa,data_liquidacao,valor_liquido
bar,2025-01-03,pix,1,1,2180.16,0.0,2025-01-03,2180.16
bar,2025-01-03,debito,1,1,1966.71,0.012,2025-01-04,1943.11
bar,2025-01-03,credito_vista,1,1,1880.48,0.025,2025-02-02,1833.47
bar,2025-01-03,credito_4x,1,4,184.42,0.035,2025-02-02,177.96
bar,2025-01-03,credito_4x,2,4,184.42,0.035,2025-03-04,177.96
bar,2025-01-03,credito_4x,3,4,184.42,0.035,2025-04-03,177.96
bar,2025-01-03,credito_4x,4,4,184.42,0.035,2025-05-03,177.96
bar,2025-01-04,pix,1,1,1795.84,0.0,2025-01-04,1795.84
bar,2025-01-04,debito,1,1,2088.95,0.012,2025-01-05,2063.88
bar,2025-01-04,credito_vista,1,1,1476.81,0.025,2025-02-03,1439.89
bar,2025-01-04,credito_4x,1,4,167.74,0.035,2025-02-03,161.87
bar,2025-01-04,credito_4x,2,4,167.74,0.035,2025-03-05,161.87
bar,2025-01-04,credito_4x,3,4,167.74,0.035,2025-04-04,161.87
bar,2025-01-04,credito_4x,4,4,167.74,0.035,2025-05-04,161.87
bar,2025-01-05,pix,1,1,1133.01,0.0,2025-01-05,1133.01
bar,2025-01-05,debito,1,1,1032.58,0.012,2025-01-06,1020.19
bar,2025-01-05,credito_vista,1,1,709.99,0.025,2025-02-04,692.24
bar,2025-01-05,credito_4x,1,4,151.96,0.035,2025-02-04,146.64
bar,2025-01-05,credito_4x,2,4,151.96,0.035,2025-03-06,146.64
bar,2025-01-05,credito_4x,3,4,151.96,0.035,2025-04-05,146.64
bar,2025-01-05,credito_4x,4,4,151.96,0.035,2025-05-05,146.64
bar,2025-01-06,pix,1,1,1204.03,0.0,2025-01-06,1204.03
bar,2025-01-06,debito,1,1,1123.26,0.012,2025-01-07,1109.78
bar,2025-01-06,credito_vista,1,1,795.37,0.025,2025-02-05,775.49
bar,2025-01-06,credito_4x,1,4,113.63,0.035,2025-02-05,109.66
bar,2025-01-06,credito_4x,2,4,113.63,0.035,2025-03-07,109.66
bar,2025-01-06,credito_4x,3,4,113.63,0.035,2025-04-06,109.66
bar,2025-01-06,credito_4x,4,4,113.63,0.035,2025-05-06,109.66
bar,2025-01-07,pix,1,1,875.33,0.0,2025-01-07,875.33
bar,2025-01-07,debito,1,1,719.32,0.012,2025-01-08,710.69
bar,2025-01-07,credito_vista,1,1,581.35,0.025,2025-02-06,566.82
bar,2025-01-07,credito_4x,1,4,50.71,0.035,2025-02-06,48.93
bar,2025-01-07,credito_4x,2,4,50.71,0.035,2025-03-08,48.93
bar,2025-01-07,credito_4x,3,4,50.71,0.035,2025-04-07,48.93
bar,2025-01-07,credito_4x,4,4,50.71,0.035,2025-05-07,48.93
bar,2025-01-08,pix,1,1,1263.18,0.0,2025-01-08,1263.18
bar,2025-01-08,debito,1,1,703.69,0.012,2025-01-09,695.25
bar,2025-01-08,credito_vista,1,1,729.45,0.025,2025-02-07,711.21
bar,2025-01-08,credito_4x,1,4,93.62,0.035,2025-02-07,90.35
bar,2025-01-08,credito_4x,2,4,93.62,0.035,2025-03-09,90.35
bar,2025-01-08,credito_4x,3,4,93.62,0.035,2025-04-08,90.35
bar,2025-01-08,credito_4x,4,4,93.62,0.035,2025-05-08,90.35
bar,2025-01-09,pix,1,1,1294.85,0.0,2025-01-09,1294.85
bar,2025-01-09,debito,1,1,1220.16,0.012,2025-01-10,1205.52
bar,2025-01-09,credito_vista,1,1,1359.56,0.025,2025-02-08,1325.57
bar,2025-01-09,credito_4x,1,4,119.46,0.035,2025-02-08,115.28
bar,2025-01-09,credito_4x,2,4,119.46,0.035,2025-03-10,115.28
bar,2025-01-09,credito_4x,3,4,119.46,0.035,2025-04-09,115.28
bar,2025-01-09,credito_4x,4,4,119.46,0.035,2025-05-09,115.28
bar,2025-01-10,pix,1,1,1996.11,0.0,2025-01-10,1996.11
bar,2025-01-10,debito,1,1,2022.72,0.012,2025-01-11,1998.45
bar,2025-01-10,credito_vista,1,1,1453.1,0.025,2025-02-09,1416.77
bar,2025-01-10,credito_4x,1,4,186.18,0.035,2025-02-09,179.66
bar,2025-01-10,credito_4x,2,4,186.18,0.035,2025-03-11,179.66
bar,2025-01-10,credito_4x,3,4,186.18,0.035,2025-04-10,179.66
bar,2025-01-10,credito_4x,4,4,186.18,0.035,2025-05-10,179.66
bar,2025-01-11,pix,1,1,2449.15,0.0,2025-01-11,2449.15
bar,2025-01-11,debito,1,1,1628.68,0.012,2025-01-12,1609.14
bar,2025-01-11,credito_vista,1,1,1794.07,0.025,2025-02-10,1749.22
bar,2025-01-11,credito_4x,1,4,166.6,0.035,2025-02-10,160.77
bar,2025-01-11,credito_4x,2,4,166.6,0.035,2025-03-12,160.77
bar,2025-01-11,credito_4x,3,4,166.6,0.035,2025-04-11,160.77
bar,2025-01-11,credito_4x,4,4,166.6,0.035,2025-05-11,160.77
bar,2025-01-12,pix,1,1,911.34,0.0,2025-01-12,911.34
bar,2025-01-12,debito,1,1,819.65,0.012,2025-01-13,809.82
bar,2025-01-12,credito_vista,1,1,593.31,0.025,2025-02-11,578.48
bar,2025-01-12,credito_4x,1,4,44.89,0.035,2025-02-11,43.32
bar,2025-01-12,credito_4x,2,4,44.89,0.035,2025-03-13,43.32
bar,2025-01-12,credito_4x,3,4,44.89,0.035,2025-04-12,43.32
bar,2025-01-12,credito_4x,4,4,44.89,0.035,2025-05-12,43.32
bar,2025-01-13,pix,1,1,987.03,0.0,2025-01-13,987.03
bar,2025-01-13,debito,1,1,1059.03,0.012,2025-01-14,1046.33
bar,2025-01-13,credito_vista,1,1,728.02,0.025,2025-02-12,709.82
bar,2025-01-13,credito_4x,1,4,119.98,0.035,2025-02-12,115.78
bar,2025-01-13,credito_4x,2,4,119.98,0.035,2025-03-14,115.78
bar,2025-01-13,credito_4x,3,4,119.98,0.035,2025-04-13,115.78
bar,2025-01-13,credito_4x,4,4,119.98,0.035,2025-05-13,115.78
bar,2025-01-14,pix,1,1,1123.87,0.0,2025-01-14,1123.87
bar,2025-01-14,debito,1,1,1006.7,0.012,2025-01-15,994.62
bar,2025-01-14,credito_vista,1,1,961.52,0.025,2025-02-13,937.48
bar,2025-01-14,credito_4x,1,4,87.91,0.035,2025-02-13,84.83
bar,2025-01-14,credito_4x,2,4,87.91,0.035,2025-03-15,84.83
bar,2025-01-14,credito_4x,3,4,87.91,0.035,2025-04-14,84.83
bar,2025-01-14,credito_4x,4,4,87.91,0.035,2025-05-14,84.83
bar,2025-01-15,pix,1,1,1274.59,0.0,2025-01-15,1274.59
bar,2025-01-15,debito,1,1,861.25,0.012,2025-01-16,850.91
bar,2025-01-15,credito_vista,1,1,949.93,0.025,2025-02-14,926.18
bar,2025-01-15,credito_4x,1,4,112.07,0.035,2025-02-14,108.15
bar,2025-01-15,credito_4x,2,4,112.07,0.035,2025-03-16,108.15
bar,2025-01-15,credito_4x,3,4,112.07,0.035,2025-04-15,108.15
bar,2025-01-15,credito_4x,4,4,112.07,0.035,2025-05-15,108.15
bar,2025-01-16,pix,1,1,1341.44,0.0,2025-01-16,1341.44
bar,2025-01-16,debito,1,1,1306.95,0.012,2025-01-17,1291.27
bar,2025-01-16,credito_vista,1,1,1437.45,0.025,2025-02-15,1401.51
bar,2025-01-16,credito_4x,1,4,123.02,0.035,2025-02-15,118.72
bar,2025-01-16,credito_4x,2,4,123.02,0.035,2025-03-17,118.72
bar,2025-01-16,credito_4x,3,4,123.02,0.035,2025-04-16,118.72
bar,2025-01-16,credito_4x,4,4,123.02,0.035,2025-05-16,118.72
bar,2025-01-17,pix,1,1,2150.28,0.0,2025-01-17,2150.28
bar,2025-01-17,debito,1,1,1803.12,0.012,2025-01-18,1781.48
bar,2025-01-17,credito_vista,1,1,1615.81,0.025,2025-02-16,1575.41
bar,2025-01-17,credito_4x,1,4,208.61,0.035,2025-02-16,201.31
bar,2025-01-17,credito_4x,2,4,208.61,0.035,2025-03-18,201.31
bar,2025-01-17,credito_4x,3,4,208.61,0.035,2025-04-17,201.31
bar,2025-01-17,credito_4x,4,4,208.61,0.035,2025-05-17,201.31
bar,2025-01-18,pix,1,1,1688.42,0.0,2025-01-18,1688.42
bar,2025-01-18,debito,1,1,1958.98,0.012,2025-01-19,1935.47
bar,2025-01-18,credito_vista,1,1,1368.57,0.025,2025-02-17,1334.35
bar,2025-01-18,credito_4x,1,4,185.72,0.035,2025-02-17,179.22
bar,2025-01-18,credito_4x,2,4,185.72,0.035,2025-03-19,179.22
bar,2025-01-18,credito_4x,3,4,185.72,0.035,2025-04-18,179.22
bar,2025-01-18,credito_4x,4,4,185.72,0.035,2025-05-18,179.22
bar,2025-01-19,pix,1,1,1236.79,0.0,2025-01-19,1236.79
bar,2025-01-19,debito,1,1,778.36,0.012,2025-01-20,769.02
bar,2025-01-19,credito_vista,1,1,761.89,0.025,2025-02-18,742.84
bar,2025-01-19,credito_4x,1,4,69.72,0.035,2025-02-18,67.28
bar,2025-01-19,credito_4x,2,4,69.72,0.035,2025-03-20,67.28
bar,2025-01-19,credito_4x,3,4,69.72,0.035,2025-04-19,67.28
bar,2025-01-19,credito_4x,4,4,69.72,0.035,2025-05-19,67.28
bar,2025-01-20,pix,1,1,947.4,0.0,2025-01-20,947.4
bar,2025-01-20,debito,1,1,552.39,0.012,2025-01-21,545.76
bar,2025-01-20,credito_vista,1,1,638.43,0.025,2025-02-19,622.47
bar,2025-01-20,credito_4x,1,4,86.0,0.035,2025-02-19,82.99
bar,2025-01-20,credito_4x,2,4,86.0,0.035,2025-03-21,82.99
bar,2025-01-20,credito_4x,3,4,86.0,0.035,2025-04-20,82.99
bar,2025-01-20,credito_4x,4,4,86.0,0.035,2025-05-20,82.99
bar,2025-01-21,pix,1,1,1287.92,0.0,2025-01-21,1287.92
bar,2025-01-21,debito,1,1,1013.44,0.012,2025-01-22,1001.28
bar,2025-01-21,credito_vista,1,1,908.61,0.025,2025-02-20,885.9
bar,2025-01-21,credito_4x,1,4,77.45,0.035,2025-02-20,74.74
bar,2025-01-21,credito_4x,2,4,77.45,0.035,2025-03-22,74.74
bar,2025-01-21,credito_4x,3,4,77.45,0.035,2025-04-21,74.74
bar,2025-01-21,credito_4x,4,4,77.45,0.035,2025-05-21,74.74
bar,2025-01-22,pix,1,1,1381.07,0.0,2025-01-22,1381.07
bar,2025-01-22,debito,1,1,955.25,0.012,2025-01-23,943.78
bar,2025-01-22,credito_vista,1,1,857.65,0.025,2025-02-21,836.21
bar,2025-01-22,credito_4x,1,4,77.09,0.035,2025-02-21,74.39
bar,2025-01-22,credito_4x,2,4,77.09,0.035,2025-03-23,74.39
bar,2025-01-22,credito_4x,3,4,77.09,0.035,2025-04-22,74.39
bar,2025-01-22,credito_4x,4,4,77.09,0.035,2025-05-22,74.39
bar,2025-01-23,pix,1,1,1227.37,0.0,2025-01-23,1227.37
bar,2025-01-23,debito,1,1,995.05,0.012,2025-01-24,983.11
bar,2025-01-23,credito_vista,1,1,1189.73,0.025,2025-02-22,1159.98
bar,2025-01-23,credito_4x,1,4,106.72,0.035,2025-02-22,102.99
bar,2025-01-23,credito_4x,2,4,106.72,0.035,2025-03-24,102.99
bar,2025-01-23,credito_4x,3,4,106.72,0.035,2025-04-23,102.99
bar,2025-01-23,credito_4x,4,4,106.72,0.035,2025-05-23,102.99
bar,2025-01-24,pix,1,1,1955.72,0.0,2025-01-24,1955.72
bar,2025-01-24,debito,1,1,1373.4,0.012,2025-01-25,1356.92
bar,2025-01-24,credito_vista,1,1,1332.34,0.025,2025-02-23,1299.03
bar,2025-01-24,credito_4x,1,4,188.98,0.035,2025-02-23,182.37
bar,2025-01-24,credito_4x,2,4,188.98,0.035,2025-03-25,182.37
bar,2025-01-24,credito_4x,3,4,188.98,0.035,2025-04-24,182.37
bar,2025-01-24,credito_4x,4,4,188.98,0.035,2025-05-24,182.37
bar,2025-01-25,pix,1,1,1938.22,0.0,2025-01-25,1938.22
bar,2025-01-25,debito,1,1,2297.91,0.012,2025-01-26,2270.33
bar,2025-01-25,credito_vista,1,1,2152.18,0.025,2025-02-24,2098.38
bar,2025-01-25,credito_4x,1,4,177.68,0.035,2025-02-24,171.47
bar,2025-01-25,credito_4x,2,4,177.68,0.035,2025-03-26,171.47
bar,2025-01-25,credito_4x,3,4,177.68,0.035,2025-04-25,171.47
bar,2025-01-25,credito_4x,4,4,177.68,0.035,2025-05-25,171.47
bar,2025-01-26,pix,1,1,865.07,0.0,2025-01-26,865.07
bar,2025-01-26,debito,1,1,809.87,0.012,2025-01-27,800.16
bar,2025-01-26,credito_vista,1,1,621.0,0.025,2025-02-25,605.47
bar,2025-01-26,credito_4x,1,4,67.68,0.035,2025-02-25,65.31
bar,2025-01-26,credito_4x,2,4,67.68,0.035,2025-03-27,65.31
bar,2025-01-26,credito_4x,3,4,67.68,0.035,2025-04-26,65.31
bar,2025-01-26,credito_4x,4,4,67.68,0.035,2025-05-26,65.31
bar,2025-01-27,pix,1,1,843.76,0.0,2025-01-27,843.76
bar,2025-01-27,debito,1,1,736.93,0.012,2025-01-28,728.09
bar,2025-01-27,credito_vista,1,1,603.23,0.025,2025-02-26,588.15
bar,2025-01-27,credito_4x,1,4,69.4,0.035,2025-02-26,66.97
bar,2025-01-27,credito_4x,2,4,69.4,0.035,2025-03-28,66.97
bar,2025-01-27,credito_4x,3,4,69.4,0.035,2025-04-27,66.97
bar,2025-01-27,credito_4x,4,4,69.4,0.035,2025-05-27,66.97
bar,2025-01-28,pix,1,1,1032.75,0.0,2025-01-28,1032.75
bar,2025-01-28,debito,1,1,768.08,0.012,2025-01-29,758.86
bar,2025-01-28,credito_vista,1,1,642.63,0.025,2025-02-27,626.56
bar,2025-01-28,credito_4x,1,4,57.27,0.035,2025-02-27,55.27
bar,2025-01-28,credito_4x,2,4,57.27,0.035,2025-03-29,55.27
bar,2025-01-28,credito_4x,3,4,57.27,0.035,2025-04-28,55.27
bar,2025-01-28,credito_4x,4,4,57.27,0.035,2025-05-28,55.27
bar,2025-01-29,pix,1,1,1137.09,0.0,2025-01-29,1137.09
bar,2025-01-29,debito,1,1,1096.21,0.012,2025-01-30,1083.06
bar,2025-01-29,credito_vista,1,1,914.62,0.025,2025-02-28,891.76
bar,2025-01-29,credito_4x,1,4,77.26,0.035,2025-02-28,74.56
bar,2025-01-29,credito_4x,2,4,77.26,0.035,2025-03-30,74.56
bar,2025-01-29,credito_4x,3,4,77.26,0.035,2025-04-29,74.56
bar,2025-01-29,credito_4x,4,4,77.26,0.035,2025-05-29,74.56
bar,2025-01-30,pix,1,1,1077.71,0.0,2025-01-30,1077.71
bar,2025-01-30,debito,1,1,932.19,0.012,2025-01-31,921.0
bar,2025-01-30,credito_vista,1,1,1164.0,0.025,2025-03-01,1134.9
bar,2025-01-30,credito_4x,1,4,151.09,0.035,2025-03-01,145.8
bar,2025-01-30,credito_4x,2,4,151.09,0.035,2025-03-31,145.8
bar,2025-01-30,credito_4x,3,4,151.09,0.035,2025-04-30,145.8
bar,2025-01-30,credito_4x,4,4,151.09,0.035,2025-05-30,145.8
bar,2025-01-31,pix,1,1,2029.15,0.0,2025-01-31,2029.15
bar,2025-01-31,debito,1,1,1375.99,0.012,2025-02-01,1359.47
bar,2025-01-31,credito_vista,1,1,1914.02,0.025,2025-03-02,1866.17
bar,2025-01-31,credito_4x,1,4,123.21,0.035,2025-03-02,118.89
bar,2025-01-31,credito_4x,2,4,123.21,0.035,2025-04-01,118.89
bar,2025-01-31,credito_4x,3,4,123.21,0.035,2025-05-01,118.89
bar,2025-01-31,credito_4x,4,4,123.21,0.035,2025-05-31,118.89
bar,2025-02-01,pix,1,1,2460.98,0.0,2025-02-01,2460.98
bar,2025-02-01,debito,1,1,2394.56,0.012,2025-02-02,2365.82
bar,2025-02-01,credito_vista,1,1,2045.58,0.025,2025-03-03,1994.44
bar,2025-02-01,credito_4x,1,4,241.45,0.035,2025-03-03,233.0
bar,2025-02-01,credito_4x,2,4,241.45,0.035,2025-04-02,233.0
bar,2025-02-01,credito_4x,3,4,241.45,0.035,2025-05-02,233.0
bar,2025-02-01,credito_4x,4,4,241.45,0.035,2025-06-01,233.0
bar,2025-02-02,pix,1,1,1302.54,0.0,2025-02-02,1302.54
bar,2025-02-02,debito,1,1,1200.53,0.012,2025-02-03,1186.12
bar,2025-02-02,credito_vista,1,1,1268.72,0.025,2025-03-04,1237.01
bar,2025-02-02,credito_4x,1,4,126.05,0.035,2025-03-04,121.64
bar,2025-02-02,credito_4x,2,4,126.05,0.035,2025-04-03,121.64
bar,2025-02-02,credito_4x,3,4,126.05,0.035,2025-05-03,121.64
bar,2025-02-02,credito_4x,4,4,126.05,0.035,2025-06-02,121.64
bar,2025-02-03,pix,1,1,914.58,0.0,2025-02-03,914.58
bar,2025-02-03,debito,1,1,823.8,0.012,2025-02-04,813.92
bar,2025-02-03,credito_vista,1,1,863.01,0.025,2025-03-05,841.43
bar,2025-02-03,credito_4x,1,4,110.22,0.035,2025-03-05,106.36
bar,2025-02-03,credito_4x,2,4,110.22,0.035,2025-04-04,106.36
bar,2025-02-03,credito_4x,3,4,110.22,0.035,2025-05-04,106.36
bar,2025-02-03,credito_4x,4,4,110.22,0.035,2025-06-03,106.36
bar,2025-02-04,pix,1,1,921.65,0.0,2025-02-04,921.65
bar,2025-02-04,debito,1,1,967.78,0.012,2025-02-05,956.17
bar,2025-02-04,credito_vista,1,1,886.52,0.025,2025-03-06,864.36
bar,2025-02-04,credito_4x,1,4,107.97,0.035,2025-03-06,104.19
bar,2025-02-04,credito_4x,2,4,107.97,0.035,2025-04-05,104.19
bar,2025-02-04,credito_4x,3,4,107.97,0.035,2025-05-05,104.19
bar,2025-02-04,credito_4x,4,4,107.97,0.035,2025-06-04,104.19
bar,2025-02-05,pix,1,1,1122.36,0.0,2025-02-05,1122.36
bar,2025-02-05,debito,1,1,911.93,0.012,2025-02-06,900.98
bar,2025-02-05,credito_vista,1,1,1173.68,0.025,2025-03-07,1144.34
bar,2025-02-05,credito_4x,1,4,63.26,0.035,2025-03-07,61.05
bar,2025-02-05,credito_4x,2,4,63.26,0.035,2025-04-06,61.05
bar,2025-02-05,credito_4x,3,4,63.26,0.035,2025-05-06,61.05
bar,2025-02-05,credito_4x,4,4,63.26,0.035,2025-06-05,61.05
bar,2025-02-06,pix,1,1,1600.07,0.0,2025-02-06,1600.07
bar,2025-02-06,debito,1,1,1382.42,0.012,2025-02-07,1365.83
bar,2025-02-06,credito_vista,1,1,1298.36,0.025,2025-03-08,1265.9
bar,2025-02-06,credito_4x,1,4,134.31,0.035,2025-03-08,129.61
bar,2025-02-06,credito_4x,2,4,134.31,0.035,2025-04-07,129.61
bar,2025-02-06,credito_4x,3,4,134.31,0.035,2025-05-07,129.61
bar,2025-02-06,credito_4x,4,4,134.31,0.035,2025-06-06,129.61
bar,2025-02-07,pix,1,1,2803.85,0.0,2025-02-07,2803.85
bar,2025-02-07,debito,1,1,2292.63,0.012,2025-02-08,2265.12
bar,2025-02-07,credito_vista,1,1,1975.58,0.025,2025-03-09,1926.19
bar,2025-02-07,credito_4x,1,4,201.96,0.035,2025-03-09,194.89
bar,2025-02-07,credito_4x,2,4,201.96,0.035,2025-04-08,194.89
bar,2025-02-07,credito_4x,3,4,201.96,0.035,2025-05-08,194.89
bar,2025-02-07,credito_4x,4,4,201.96,0.035,2025-06-07,194.89
bar,2025-02-08,pix,1,1,2470.13,0.0,2025-02-08,2470.13
bar,2025-02-08,debito,1,1,2110.35,0.012,2025-02-09,2085.03
bar,2025-02-08,credito_vista,1,1,1739.11,0.025,2025-03-10,1695.63
bar,2025-02-08,credito_4x,1,4,249.13,0.035,2025-03-10,240.41
bar,2025-02-08,credito_4x,2,4,249.13,0.035,2025-04-09,240.41
bar,2025-02-08,credito_4x,3,4,249.13,0.035,2025-05-09,240.41
bar,2025-02-08,credito_4x,4,4,249.13,0.035,2025-06-08,240.41
bar,2025-02-09,pix,1,1,952.99,0.0,2025-02-09,952.99
bar,2025-02-09,debito,1,1,841.29,0.012,2025-02-10,831.19
bar,2025-02-09,credito_vista,1,1,778.7,0.025,2025-03-11,759.23
bar,2025-02-09,credito_4x,1,4,68.98,0.035,2025-03-11,66.56
bar,2025-02-09,credito_4x,2,4,68.98,0.035,2025-04-10,66.56
bar,2025-02-09,credito_4x,3,4,68.98,0.035,2025-05-10,66.56
bar,2025-02-09,credito_4x,4,4,68.98,0.035,2025-06-09,66.56
bar,2025-02-10,pix,1,1,1001.83,0.0,2025-02-10,1001.83
bar,2025-02-10,debito,1,1,793.57,0.012,2025-02-11,784.05
bar,2025-02-10,credito_vista,1,1,735.51,0.025,2025-03-12,717.12
bar,2025-02-10,credito_4x,1,4,82.11,0.035,2025-03-12,79.23
bar,2025-02-10,credito_4x,2,4,82.11,0.035,2025-04-11,79.23
bar,2025-02-10,credito_4x,3,4,82.11,0.035,2025-05-11,79.23
bar,2025-02-10,credito_4x,4,4,82.11,0.035,2025-06-10,79.23
bar,2025-02-11,pix,1,1,1152.65,0.0,2025-02-11,1152.65
bar,2025-02-11,debito,1,1,1107.58,0.012,2025-02-12,1094.29
bar,2025-02-11,credito_vista,1,1,918.82,0.025,2025-03-13,895.85
bar,2025-02-11,credito_4x,1,4,78.15,0.035,2025-03-13,75.41
bar,2025-02-11,credito_4x,2,4,78.15,0.035,2025-04-12,75.41
bar,2025-02-11,credito_4x,3,4,78.15,0.035,2025-05-12,75.41
bar,2025-02-11,credito_4x,4,4,78.15,0.035,2025-06-11,75.41
bar,2025-02-12,pix,1,1,1424.87,0.0,2025-02-12,1424.87
bar,2025-02-12,debito,1,1,1075.43,0.012,2025-02-13,1062.53
bar,2025-02-12,credito_vista,1,1,1039.17,0.025,2025-03-14,1013.19
bar,2025-02-12,credito_4x,1,4,117.91,0.035,2025-03-14,113.78
bar,2025-02-12,credito_4x,2,4,117.91,0.035,2025-04-13,113.78
bar,2025-02-12,credito_4x,3,4,117.91,0.035,2025-05-13,113.78
bar,2025-02-12,credito_4x,4,4,117.91,0.035,2025-06-12,113.78
bar,2025-02-13,pix,1,1,1577.21,0.0,2025-02-13,1577.21
bar,2025-02-13,debito,1,1,1311.26,0.012,2025-02-14,1295.53
bar,2025-02-13,credito_vista,1,1,893.57,0.025,2025-03-15,871.23
bar,2025-02-13,credito_4x,1,4,146.0,0.035,2025-03-15,140.89
bar,2025-02-13,credito_4x,2,4,146.0,0.035,2025-04-14,140.89
bar,2025-02-13,credito_4x,3,4,146.0,0.035,2025-05-14,140.89
bar,2025-02-13,credito_4x,4,4,146.0,0.035,2025-06-13,140.89
bar,2025-02-14,pix,1,1,1732.05,0.0,2025-02-14,1732.05
bar,2025-02-14,debito,1,1,1457.74,0.012,2025-02-15,1440.25
bar,2025-02-14,credito_vista,1,1,1446.78,0.025,2025-03-16,1410.61
bar,2025-02-14,credito_4x,1,4,228.84,0.035,2025-03-16,220.83
bar,2025-02-14,credito_4x,2,4,228.84,0.035,2025-04-15,220.83
bar,2025-02-14,credito_4x,3,4,228.84,0.035,2025-05-15,220.83
bar,2025-02-14,credito_4x,4,4,228.84,0.035,2025-06-14,220.83
bar,2025-02-15,pix,1,1,2171.54,0.0,2025-02-15,2171.54
bar,2025-02-15,debito,1,1,2019.76,0.012,2025-02-16,1995.53
bar,2025-02-15,credito_vista,1,1,1815.83,0.025,2025-03-17,1770.43
bar,2025-02-15,credito_4x,1,4,260.48,0.035,2025-03-17,251.37
bar,2025-02-15,credito_4x,2,4,260.48,0.035,2025-04-16,251.37
bar,2025-02-15,credito_4x,3,4,260.48,0.035,2025-05-16,251.37
bar,2025-02-15,credito_4x,4,4,260.48,0.035,2025-06-15,251.37
bar,2025-02-16,pix,1,1,1006.47,0.0,2025-02-16,1006.47
bar,2025-02-16,debito,1,1,884.44,0.012,2025-02-17,873.82
bar,2025-02-16,credito_vista,1,1,687.87,0.025,2025-03-18,670.68
bar,2025-02-16,credito_4x,1,4,114.07,0.035,2025-03-18,110.08
bar,2025-02-16,credito_4x,2,4,114.07,0.035,2025-04-17,110.08
bar,2025-02-16,credito_4x,3,4,114.07,0.035,2025-05-17,110.08
bar,2025-02-16,credito_4x,4,4,114.07,0.035,2025-06-16,110.08
bar,2025-02-17,pix,1,1,893.48,0.0,2025-02-17,893.48
bar,2025-02-17,debito,1,1,939.24,0.012,2025-02-18,927.97
bar,2025-02-17,credito_vista,1,1,845.56,0.025,2025-03-19,824.42
bar,2025-02-17,credito_4x,1,4,101.29,0.035,2025-03-19,97.74
bar,2025-02-17,credito_4x,2,4,101.29,0.035,2025-04-18,97.74
bar,2025-02-17,credito_4x,3,4,101.29,0.035,2025-05-18,97.74
bar,2025-02-17,credito_4x,4,4,101.29,0.035,2025-06-17,97.74
bar,2025-02-18,pix,1,1,1012.33,0.0,2025-02-18,1012.33
bar,2025-02-18,debito,1,1,956.53,0.012,2025-02-19,945.06
bar,2025-02-18,credito_vista,1,1,1045.67,0.025,2025-03-20,1019.53
bar,2025-02-18,credito_4x,1,4,151.37,0.035,2025-03-20,146.07
bar,2025-02-18,credito_4x,2,4,151.37,0.035,2025-04-19,146.07
bar,2025-02-18,credito_4x,3,4,151.37,0.035,2025-05-19,146.07
bar,2025-02-18,credito_4x,4,4,151.37,0.035,2025-06-18,146.07
bar,2025-02-19,pix,1,1,1225.11,0.0,2025-02-19,1225.11
bar,2025-02-19,debito,1,1,1133.3,0.012,2025-02-20,1119.7
bar,2025-02-19,credito_vista,1,1,966.09,0.025,2025-03-21,941.93
bar,2025-02-19,credito_4x,1,4,107.2,0.035,2025-03-21,103.45
bar,2025-02-19,credito_4x,2,4,107.2,0.035,2025-04-20,103.45
bar,2025-02-19,credito_4x,3,4,107.2,0.035,2025-05-20,103.45
bar,2025-02-19,credito_4x,4,4,107.2,0.035,2025-06-19,103.45
bar,2025-02-20,pix,1,1,1407.02,0.0,2025-02-20,1407.02
bar,2025-02-20,debito,1,1,1219.91,0.012,2025-02-21,1205.27
bar,2025-02-20,credito_vista,1,1,1243.51,0.025,2025-03-22,1212.42
bar,2025-02-20,credito_4x,1,4,151.34,0.035,2025-03-22,146.04
bar,2025-02-20,credito_4x,2,4,151.34,0.035,2025-04-21,146.04
bar,2025-02-20,credito_4x,3,4,151.34,0.035,2025-05-21,146.04
bar,2025-02-20,credito_4x,4,4,151.34,0.035,2025-06-20,146.04
bar,2025-02-21,pix,1,1,2035.04,0.0,2025-02-21,2035.04
bar,2025-02-21,debito,1,1,1828.88,0.012,2025-02-22,1806.93
bar,2025-02-21,credito_vista,1,1,1561.67,0.025,2025-03-23,1522.63
bar,2025-02-21,credito_4x,1,4,210.63,0.035,2025-03-23,203.25
bar,2025-02-21,credito_4x,2,4,210.63,0.035,2025-04-22,203.25
bar,2025-02-21,credito_4x,3,4,210.63,0.035,2025-05-22,203.25
bar,2025-02-21,credito_4x,4,4,210.63,0.035,2025-06-21,203.25
bar,2025-02-22,pix,1,1,2408.75,0.0,2025-02-22,2408.75
bar,2025-02-22,debito,1,1,2165.25,0.012,2025-02-23,2139.27
bar,2025-02-22,credito_vista,1,1,2032.98,0.025,2025-03-24,1982.16
bar,2025-02-22,credito_4x,1,4,135.71,0.035,2025-03-24,130.96
bar,2025-02-22,credito_4x,2,4,135.71,0.035,2025-04-23,130.96
bar,2025-02-22,credito_4x,3,4,135.71,0.035,2025-05-23,130.96
bar,2025-02-22,credito_4x,4,4,135.71,0.035,2025-06-22,130.96
bar,2025-02-23,pix,1,1,885.74,0.0,2025-02-23,885.74
bar,2025-02-23,debito,1,1,968.37,0.012,2025-02-24,956.74
bar,2025-02-23,credito_vista,1,1,1060.59,0.025,2025-03-25,1034.08
bar,2025-02-23,credito_4x,1,4,92.46,0.035,2025-03-25,89.22
bar,2025-02-23,credito_4x,2,4,92.46,0.035,2025-04-24,89.22
bar,2025-02-23,credito_4x,3,4,92.46,0.035,2025-05-24,89.22
bar,2025-02-23,credito_4x,4,4,92.46,0.035,2025-06-23,89.22
bar,2025-02-24,pix,1,1,728.51,0.0,2025-02-24,728.51
bar,2025-02-24,debito,1,1,731.4,0.012,2025-02-25,722.63
bar,2025-02-24,credito_vista,1,1,665.53,0.025,2025-03-26,648.9
bar,2025-02-24,credito_4x,1,4,55.24,0.035,2025-03-26,53.31
bar,2025-02-24,credito_4x,2,4,55.24,0.035,2025-04-25,53.31
bar,2025-02-24,credito_4x,3,4,55.24,0.035,2025-05-25,53.31
bar,2025-02-24,credito_4x,4,4,55.24,0.035,2025-06-24,53.31
bar,2025-02-25,pix,1,1,1066.35,0.0,2025-02-25,1066.35
bar,2025-02-25,debito,1,1,723.51,0.012,2025-02-26,714.83
bar,2025-02-25,credito_vista,1,1,691.24,0.025,2025-03-27,673.96
bar,2025-02-25,credito_4x,1,4,69.41,0.035,2025-03-27,66.98
bar,2025-02-25,credito_4x,2,4,69.41,0.035,2025-04-26,66.98
bar,2025-02-25,credito_4x,3,4,69.41,0.035,2025-05-26,66.98
bar,2025-02-25,credito_4x,4,4,69.41,0.035,2025-06-25,66.98
bar,2025-02-26,pix,1,1,975.18,0.0,2025-02-26,975.18
bar,2025-02-26,debito,1,1,954.74,0.012,2025-02-27,943.28
bar,2025-02-26,credito_vista,1,1,712.26,0.025,2025-03-28,694.45
bar,2025-02-26,credito_4x,1,4,103.11,0.035,2025-03-28,99.5
bar,2025-02-26,credito_4x,2,4,103.11,0.035,2025-04-27,99.5
bar,2025-02-26,credito_4x,3,4,103.11,0.035,2025-05-27,99.5
bar,2025-02-26,credito_4x,4,4,103.11,0.035,2025-06-26,99.5
bar,2025-02-27,pix,1,1,1187.98,0.0,2025-02-27,1187.98
bar,2025-02-27,debito,1,1,942.75,0.012,2025-02-28,931.44
bar,2025-02-27,credito_vista,1,1,836.76,0.025,2025-03-29,815.84
bar,2025-02-27,credito_4x,1,4,89.02,0.035,2025-03-29,85.9
bar,2025-02-27,credito_4x,2,4,89.02,0.035,2025-04-28,85.9
bar,2025-02-27,credito_4x,3,4,89.02,0.035,2025-05-28,85.9
bar,2025-02-27,credito_4x,4,4,89.02,0.035,2025-06-27,85.9
bar,2025-02-28,pix,1,1,1594.36,0.0,2025-02-28,1594.36
bar,2025-02-28,debito,1,1,1822.92,0.012,2025-03-01,1801.04
bar,2025-02-28,credito_vista,1,1,1356.84,0.025,2025-03-30,1322.92
bar,2025-02-28,credito_4x,1,4,152.16,0.035,2025-03-30,146.84
bar,2025-02-28,credito_4x,2,4,152.16,0.035,2025-04-29,146.84
bar,2025-02-28,credito_4x,3,4,152.16,0.035,2025-05-29,146.84
bar,2025-02-28,credito_4x,4,4,152.16,0.035,2025-06-28,146.84
bar,2025-03-01,pix,1,1,2808.81,0.0,2025-03-01,2808.81
bar,2025-03-01,debito,1,1,3094.79,0.012,2025-03-02,3057.65
bar,2025-03-01,credito_vista,1,1,2212.36,0.025,2025-03-31,2157.05
bar,2025-03-01,credito_4x,1,4,290.12,0.035,2025-03-31,279.97
bar,2025-03-01,credito_4x,2,4,290.12,0.035,2025-04-30,279.97
bar,2025-03-01,credito_4x,3,4,290.12,0.035,2025-05-30,279.97
bar,2025-03-01,credito_4x,4,4,290.12,0.035,2025-06-29,279.97
bar,2025-03-02,pix,1,1,1046.01,0.0,2025-03-02,1046.01
bar,2025-03-02,debito,1,1,828.1,0.012,2025-03-03,818.16
bar,2025-03-02,credito_vista,1,1,615.75,0.025,2025-04-01,600.36
bar,2025-03-02,credito_4x,1,4,99.16,0.035,2025-04-01,95.69
bar,2025-03-02,credito_4x,2,4,99.16,0.035,2025-05-01,95.69
bar,2025-03-02,credito_4x,3,4,99.16,0.035,2025-05-31,95.69
bar,2025-03-02,credito_4x,4,4,99.16,0.035,2025-06-30,95.69
bar,2025-03-03,pix,1,1,1223.35,0.0,2025-03-03,1223.35
bar,2025-03-03,debito,1,1,1208.04,0.012,2025-03-04,1193.55
bar,2025-03-03,credito_vista,1,1,915.64,0.025,2025-04-02,892.75
bar,2025-03-03,credito_4x,1,4,113.65,0.035,2025-04-02,109.68
bar,2025-03-03,credito_4x,2,4,113.65,0.035,2025-05-02,109.68
bar,2025-03-03,credito_4x,3,4,113.65,0.035,2025-06-01,109.68
bar,2025-03-03,credito_4x,4,4,113.65,0.035,2025-07-01,109.68
bar,2025-03-04,pix,1,1,868.58,0.0,2025-03-04,868.58
bar,2025-03-04,debito,1,1,793.66,0.012,2025-03-05,784.13
bar,2025-03-04,credito_vista,1,1,680.17,0.025,2025-04-03,663.17
bar,2025-03-04,credito_4x,1,4,79.53,0.035,2025-04-03,76.75
bar,2025-03-04,credito_4x,2,4,79.53,0.035,2025-05-03,76.75
bar,2025-03-04,credito_4x,3,4,79.53,0.035,2025-06-02,76.75
bar,2025-03-04,credito_4x,4,4,79.53,0.035,2025-07-02,76.75
bar,2025-03-05,pix,1,1,1385.96,0.0,2025-03-05,1385.96
bar,2025-03-05,debito,1,1,935.79,0.012,2025-03-06,924.56
bar,2025-03-05,credito_vista,1,1,1091.97,0.025,2025-04-04,1064.67
bar,2025-03-05,credito_4x,1,4,104.88,0.035,2025-04-04,101.21
bar,2025-03-05,credito_4x,2,4,104.88,0.035,2025-05-04,101.21
bar,2025-03-05,credito_4x,3,4,104.88,0.035,2025-06-03,101.21
bar,2025-03-05,credito_4x,4,4,104.88,0.035,2025-07-03,101.21
bar,2025-03-06,pix,1,1,1597.57,0.0,2025-03-06,1597.57
bar,2025-03-06,debito,1,1,1369.17,0.012,2025-03-07,1352.74
bar,2025-03-06,credito_vista,1,1,1193.32,0.025,2025-04-05,1163.49
bar,2025-03-06,credito_4x,1,4,115.92,0.035,2025-04-05,111.86
bar,2025-03-06,credito_4x,2,4,115.92,0.035,2025-05-05,111.86
bar,2025-03-06,credito_4x,3,4,115.92,0.035,2025-06-04,111.86
bar,2025-03-06,credito_4x,4,4,115.92,0.035,2025-07-04,111.86
bar,2025-03-07,pix,1,1,2610.93,0.0,2025-03-07,2610.93
bar,2025-03-07,debito,1,1,2078.07,0.012,2025-03-08,2053.13
bar,2025-03-07,credito_vista,1,1,1916.77,0.025,2025-04-06,1868.85
bar,2025-03-07,credito_4x,1,4,223.39,0.035,2025-04-06,215.57
bar,2025-03-07,credito_4x,2,4,223.39,0.035,2025-05-06,215.57
bar,2025-03-07,credito_4x,3,4,223.39,0.035,2025-06-05,215.57
bar,2025-03-07,credito_4x,4,4,223.39,0.035,2025-07-05,215.57
bar,2025-03-08,pix,1,1,2185.14,0.0,2025-03-08,2185.14
bar,2025-03-08,debito,1,1,2279.06,0.012,2025-03-09,2251.71
bar,2025-03-08,credito_vista,1,1,2655.44,0.025,2025-04-07,2589.06
bar,2025-03-08,credito_4x,1,4,325.74,0.035,2025-04-07,314.34
bar,2025-03-08,credito_4x,2,4,325.74,0.035,2025-05-07,314.34
bar,2025-03-08,credito_4x,3,4,325.74,0.035,2025-06-06,314.34
bar,2025-03-08,credito_4x,4,4,325.74,0.035,2025-07-06,314.34
bar,2025-03-09,pix,1,1,1399.46,0.0,2025-03-09,1399.46
bar,2025-03-09,debito,1,1,1146.48,0.012,2025-03-10,1132.72
bar,2025-03-09,credito_vista,1,1,748.78,0.025,2025-04-08,730.06
bar,2025-03-09,credito_4x,1,4,108.32,0.035,2025-04-08,104.53
bar,2025-03-09,credito_4x,2,4,108.32,0.035,2025-05-08,104.53
bar,2025-03-09,credito_4x,3,4,108.32,0.035,2025-06-07,104.53
bar,2025-03-09,credito_4x,4,4,108.32,0.035,2025-07-07,104.53
bar,2025-03-10,pix,1,1,1082.96,0.0,2025-03-10,1082.96
bar,2025-03-10,debito,1,1,775.88,0.012,2025-03-11,766.57
bar,2025-03-10,credito_vista,1,1,876.82,0.025,2025-04-09,854.9
bar,2025-03-10,credito_4x,1,4,105.83,0.035,2025-04-09,102.12
bar,2025-03-10,credito_4x,2,4,105.83,0.035,2025-05-09,102.12
bar,2025-03-10,credito_4x,3,4,105.83,0.035,2025-06-08,102.12
bar,2025-03-10,credito_4x,4,4,105.83,0.035,2025-07-08,102.12
bar,2025-03-11,pix,1,1,952.29,0.0,2025-03-11,952.29
bar,2025-03-11,debito,1,1,853.75,0.012,2025-03-12,843.51
bar,2025-03-11,credito_vista,1,1,956.34,0.025,2025-04-10,932.43
bar,2025-03-11,credito_4x,1,4,65.19,0.035,2025-04-10,62.91
bar,2025-03-11,credito_4x,2,4,65.19,0.035,2025-05-10,62.91
bar,2025-03-11,credito_4x,3,4,65.19,0.035,2025-06-09,62.91
bar,2025-03-11,credito_4x,4,4,65.19,0.035,2025-07-09,62.91
bar,2025-03-12,pix,1,1,1422.39,0.0,2025-03-12,1422.39
bar,2025-03-12,debito,1,1,987.98,0.012,2025-03-13,976.13
bar,2025-03-12,credito_vista,1,1,1002.66,0.025,2025-04-11,977.59
bar,2025-03-12,credito_4x,1,4,186.11,0.035,2025-04-11,179.6
bar,2025-03-12,credito_4x,2,4,186.11,0.035,2025-05-11,179.6
bar,2025-03-12,credito_4x,3,4,186.11,0.035,2025-06-10,179.6
bar,2025-03-12,credito_4x,4,4,186.11,0.035,2025-07-10,179.6
bar,2025-03-13,pix,1,1,1538.25,0.0,2025-03-13,1538.25
bar,2025-03-13,debito,1,1,1006.47,0.012,2025-03-14,994.4
bar,2025-03-13,credito_vista,1,1,1062.41,0.025,2025-04-12,1035.85
bar,2025-03-13,credito_4x,1,4,98.36,0.035,2025-04-12,94.92
bar,2025-03-13,credito_4x,2,4,98.36,0.035,2025-05-12,94.92
bar,2025-03-13,credito_4x,3,4,98.36,0.035,2025-06-11,94.92
bar,2025-03-13,credito_4x,4,4,98.36,0.035,2025-07-11,94.92
bar,2025-03-14,pix,1,1,1645.62,0.0,2025-03-14,1645.62
bar,2025-03-14,debito,1,1,1406.69,0.012,2025-03-15,1389.81
bar,2025-03-14,credito_vista,1,1,1390.1,0.025,2025-04-13,1355.34
bar,2025-03-14,credito_4x,1,4,160.89,0.035,2025-04-13,155.26
bar,2025-03-14,credito_4x,2,4,160.89,0.035,2025-05-13,155.26
bar,2025-03-14,credito_4x,3,4,160.89,0.035,2025-06-12,155.26
bar,2025-03-14,credito_4x,4,4,160.89,0.035,2025-07-12,155.26
bar,2025-03-15,pix,1,1,1676.69,0.0,2025-03-15,1676.69
bar,2025-03-15,debito,1,1,1730.12,0.012,2025-03-16,1709.36
bar,2025-03-15,credito_vista,1,1,1497.16,0.025,2025-04-14,1459.73
bar,2025-03-15,credito_4x,1,4,214.74,0.035,2025-04-14,207.23
bar,2025-03-15,credito_4x,2,4,214.74,0.035,2025-05-14,207.23
bar,2025-03-15,credito_4x,3,4,214.74,0.035,2025-06-13,207.23
bar,2025-03-15,credito_4x,4,4,214.74,0.035,2025-07-13,207.23
bar,2025-03-16,pix,1,1,925.03,0.0,2025-03-16,925.03
bar,2025-03-16,debito,1,1,898.39,0.012,2025-03-17,887.61
bar,2025-03-16,credito_vista,1,1,562.59,0.025,2025-04-15,548.52
bar,2025-03-16,credito_4x,1,4,58.46,0.035,2025-04-15,56.42
bar,2025-03-16,credito_4x,2,4,58.46,0.035,2025-05-15,56.42
bar,2025-03-16,credito_4x,3,4,58.46,0.035,2025-06-14,56.42
bar,2025-03-16,credito_4x,4,4,58.46,0.035,2025-07-14,56.42
bar,2025-03-17,pix,1,1,1124.48,0.0,2025-03-17,1124.48
bar,2025-03-17,debito,1,1,969.68,0.012,2025-03-18,958.04
bar,2025-03-17,credito_vista,1,1,827.71,0.025,2025-04-16,807.01
bar,2025-03-17,credito_4x,1,4,86.27,0.035,2025-04-16,83.25
bar,2025-03-17,credito_4x,2,4,86.27,0.035,2025-05-16,83.25
bar,2025-03-17,credito_4x,3,4,86.27,0.035,2025-06-15,83.25
bar,2025-03-17,credito_4x,4,4,86.27,0.035,2025-07-15,83.25
bar,2025-03-18,pix,1,1,1254.9,0.0,2025-03-18,1254.9
bar,2025-03-18,debito,1,1,929.48,0.012,2025-03-19,918.33
bar,2025-03-18,credito_vista,1,1,832.5,0.025,2025-04-17,811.69
bar,2025-03-18,credito_4x,1,4,77.85,0.035,2025-04-17,75.13
bar,2025-03-18,credito_4x,2,4,77.85,0.035,2025-05-17,75.13
bar,2025-03-18,credito_4x,3,4,77.85,0.035,2025-06-16,75.13
bar,2025-03-18,credito_4x,4,4,77.85,0.035,2025-07-16,75.13
bar,2025-03-19,pix,1,1,995.6,0.0,2025-03-19,995.6
bar,2025-03-19,debito,1,1,1312.42,0.012,2025-03-20,1296.67
bar,2025-03-19,credito_vista,1,1,1220.4,0.025,2025-04-18,1189.89
bar,2025-03-19,credito_4x,1,4,137.2,0.035,2025-04-18,132.39
bar,2025-03-19,credito_4x,2,4,137.2,0.035,2025-05-18,132.39
bar,2025-03-19,credito_4x,3,4,137.2,0.035,2025-06-17,132.39
bar,2025-03-19,credito_4x,4,4,137.2,0.035,2025-07-17,132.39
bar,2025-03-20,pix,1,1,1409.54,0.0,2025-03-20,1409.54
bar,2025-03-20,debito,1,1,1002.97,0.012,2025-03-21,990.93
bar,2025-03-20,credito_vista,1,1,1092.54,0.025,2025-04-19,1065.23
bar,2025-03-20,credito_4x,1,4,90.23,0.035,2025-04-19,87.07
bar,2025-03-20,credito_4x,2,4,90.23,0.035,2025-05-19,87.07
bar,2025-03-20,credito_4x,3,4,90.23,0.035,2025-06-18,87.07
bar,2025-03-20,credito_4x,4,4,90.23,0.035,2025-07-18,87.07
bar,2025-03-21,pix,1,1,2138.97,0.0,2025-03-21,2138.97
bar,2025-03-21,debito,1,1,1557.77,0.012,2025-03-22,1539.08
bar,2025-03-21,credito_vista,1,1,1750.77,0.025,2025-04-20,1707.0
bar,2025-03-21,credito_4x,1,4,252.33,0.035,2025-04-20,243.5
bar,2025-03-21,credito_4x,2,4,252.33,0.035,2025-05-20,243.5
bar,2025-03-21,credito_4x,3,4,252.33,0.035,2025-06-19,243.5
bar,2025-03-21,credito_4x,4,4,252.33,0.035,2025-07-19,243.5
bar,2025-03-22,pix,1,1,2531.59,0.0,2025-03-22,2531.59
bar,2025-03-22,debito,1,1,2197.29,0.012,2025-03-23,2170.92
bar,2025-03-22,credito_vista,1,1,2217.22,0.025,2025-04-21,2161.79
bar,2025-03-22,credito_4x,1,4,167.17,0.035,2025-04-21,161.31
bar,2025-03-22,credito_4x,2,4,167.17,0.035,2025-05-21,161.31
bar,2025-03-22,credito_4x,3,4,167.17,0.035,2025-06-20,161.31
bar,2025-03-22,credito_4x,4,4,167.17,0.035,2025-07-20,161.31
bar,2025-03-23,pix,1,1,811.9,0.0,2025-03-23,811.9
bar,2025-03-23,debito,1,1,999.15,0.012,2025-03-24,987.16
bar,2025-03-23,credito_vista,1,1,791.11,0.025,2025-04-22,771.33
bar,2025-03-23,credito_4x,1,4,75.76,0.035,2025-04-22,73.11
bar,2025-03-23,credito_4x,2,4,75.76,0.035,2025-05-22,73.11
bar,2025-03-23,credito_4x,3,4,75.76,0.035,2025-06-21,73.11
bar,2025-03-23,credito_4x,4,4,75.76,0.035,2025-07-21,73.11
bar,2025-03-24,pix,1,1,1134.57,0.0,2025-03-24,1134.57
bar,2025-03-24,debito,1,1,876.98,0.012,2025-03-25,866.46
bar,2025-03-24,credito_vista,1,1,882.57,0.025,2025-04-23,860.5
bar,2025-03-24,credito_4x,1,4,90.53,0.035,2025-04-23,87.36
bar,2025-03-24,credito_4x,2,4,90.53,0.035,2025-05-23,87.36
bar,2025-03-24,credito_4x,3,4,90.53,0.035,2025-06-22,87.36
bar,2025-03-24,credito_4x,4,4,90.53,0.035,2025-07-22,87.36
bar,2025-03-25,pix,1,1,819.78,0.0,2025-03-25,819.78
bar,2025-03-25,debito,1,1,748.38,0.012,2025-03-26,739.4
bar,2025-03-25,credito_vista,1,1,690.33,0.025,2025-04-24,673.07
bar,2025-03-25,credito_4x,1,4,97.26,0.035,2025-04-24,93.85
bar,2025-03-25,credito_4x,2,4,97.26,0.035,2025-05-24,93.85
bar,2025-03-25,credito_4x,3,4,97.26,0.035,2025-06-23,93.85
bar,2025-03-25,credito_4x,4,4,97.26,0.035,2025-07-23,93.85
bar,2025-03-26,pix,1,1,1044.05,0.0,2025-03-26,1044.05
bar,2025-03-26,debito,1,1,822.73,0.012,2025-03-27,812.86
bar,2025-03-26,credito_vista,1,1,951.11,0.025,2025-04-25,927.33
bar,2025-03-26,credito_4x,1,4,83.18,0.035,2025-04-25,80.27
bar,2025-03-26,credito_4x,2,4,83.18,0.035,2025-05-25,80.27
bar,2025-03-26,credito_4x,3,4,83.18,0.035,2025-06-24,80.27
bar,2025-03-26,credito_4x,4,4,83.18,0.035,2025-07-24,80.27
bar,2025-03-27,pix,1,1,941.64,0.0,2025-03-27,941.64
bar,2025-03-27,debito,1,1,1145.54,0.012,2025-03-28,1131.8
bar,2025-03-27,credito_vista,1,1,989.38,0.025,2025-04-26,964.65
bar,2025-03-27,credito_4x,1,4,108.77,0.035,2025-04-26,104.96
bar,2025-03-27,credito_4x,2,4,108.77,0.035,2025-05-26,104.96
bar,2025-03-27,credito_4x,3,4,108.77,0.035,2025-06-25,104.96
bar,2025-03-27,credito_4x,4,4,108.77,0.035,2025-07-25,104.96
bar,2025-03-28,pix,1,1,1811.45,0.0,2025-03-28,1811.45
bar,2025-03-28,debito,1,1,1267.15,0.012,2025-03-29,1251.95
bar,2025-03-28,credito_vista,1,1,907.27,0.025,2025-04-27,884.59
bar,2025-03-28,credito_4x,1,4,170.16,0.035,2025-04-27,164.21
bar,2025-03-28,credito_4x,2,4,170.16,0.035,2025-05-27,164.21
bar,2025-03-28,credito_4x,3,4,170.16,0.035,2025-06-26,164.21
bar,2025-03-28,credito_4x,4,4,170.16,0.035,2025-07-26,164.21
bar,2025-03-29,pix,1,1,2378.47,0.0,2025-03-29,2378.47
bar,2025-03-29,debito,1,1,1857.17,0.012,2025-03-30,1834.89
bar,2025-03-29,credito_vista,1,1,1443.22,0.025,2025-04-28,1407.14
bar,2025-03-29,credito_4x,1,4,263.89,0.035,2025-04-28,254.66
bar,2025-03-29,credito_4x,2,4,263.89,0.035,2025-05-28,254.66
bar,2025-03-29,credito_4x,3,4,263.89,0.035,2025-06-27,254.66
bar,2025-03-29,credito_4x,4,4,263.89,0.035,2025-07-27,254.66
bar,2025-03-30,pix,1,1,650.71,0.0,2025-03-30,650.71
bar,2025-03-30,debito,1,1,875.1,0.012,2025-03-31,864.59
bar,2025-03-30,credito_vista,1,1,655.09,0.025,2025-04-29,638.71
bar,2025-03-30,credito_4x,1,4,92.99,0.035,2025-04-29,89.73
bar,2025-03-30,credito_4x,2,4,92.99,0.035,2025-05-29,89.73
bar,2025-03-30,credito_4x,3,4,92.99,0.035,2025-06-28,89.73
bar,2025-03-30,credito_4x,4,4,92.99,0.035,2025-07-28,89.73
bar,2025-03-31,pix,1,1,863.58,0.0,2025-03-31,863.58
bar,2025-03-31,debito,1,1,861.19,0.012,2025-04-01,850.86
bar,2025-03-31,credito_vista,1,1,661.47,0.025,2025-04-30,644.93
bar,2025-03-31,credito_4x,1,4,91.38,0.035,2025-04-30,88.18
bar,2025-03-31,credito_4x,2,4,91.38,0.035,2025-05-30,88.18
bar,2025-03-31,credito_4x,3,4,91.38,0.035,2025-06-29,88.18
bar,2025-03-31,credito_4x,4,4,91.38,0.035,2025-07-29,88.18
bar,2025-04-01,pix,1,1,1326.5,0.0,2025-04-01,1326.5
bar,2025-04-01,debito,1,1,937.08,0.012,2025-04-02,925.83
bar,2025-04-01,credito_vista,1,1,1244.19,0.025,2025-05-01,1213.09
bar,2025-04-01,credito_4x,1,4,87.21,0.035,2025-05-01,84.16
bar,2025-04-01,credito_4x,2,4,87.21,0.035,2025-05-31,84.16
bar,2025-04-01,credito_4x,3,4,87.21,0.035,2025-06-30,84.16
bar,2025-04-01,credito_4x,4,4,87.21,0.035,2025-07-30,84.16
bar,2025-04-02,pix,1,1,1536.74,0.0,2025-04-02,1536.74
bar,2025-04-02,debito,1,1,991.68,0.012,2025-04-03,979.78
bar,2025-04-02,credito_vista,1,1,1112.88,0.025,2025-05-02,1085.06
bar,2025-04-02,credito_4x,1,4,177.26,0.035,2025-05-02,171.06
bar,2025-04-02,credito_4x,2,4,177.26,0.035,2025-06-01,171.06
bar,2025-04-02,credito_4x,3,4,177.26,0.035,2025-07-01,171.06
bar,2025-04-02,credito_4x,4,4,177.26,0.035,2025-07-31,171.06
bar,2025-04-03,pix,1,1,1807.88,0.0,2025-04-03,1807.88
bar,2025-04-03,debito,1,1,1331.59,0.012,2025-04-04,1315.61
bar,2025-04-03,credito_vista,1,1,1352.28,0.025,2025-05-03,1318.47
bar,2025-04-03,credito_4x,1,4,130.11,0.035,2025-05-03,125.56
bar,2025-04-03,credito_4x,2,4,130.11,0.035,2025-06-02,125.56
bar,2025-04-03,credito_4x,3,4,130.11,0.035,2025-07-02,125.56
bar,2025-04-03,credito_4x,4,4,130.11,0.035,2025-08-01,125.56
bar,2025-04-04,pix,1,1,2816.9,0.0,2025-04-04,2816.9
bar,2025-04-04,debito,1,1,1588.52,0.012,2025-04-05,1569.46
bar,2025-04-04,credito_vista,1,1,1608.07,0.025,2025-05-04,1567.87
bar,2025-04-04,credito_4x,1,4,210.04,0.035,2025-05-04,202.69
bar,2025-04-04,credito_4x,2,4,210.04,0.035,2025-06-03,202.69
bar,2025-04-04,credito_4x,3,4,210.04,0.035,2025-07-03,202.69
bar,2025-04-04,credito_4x,4,4,210.04,0.035,2025-08-02,202.69
bar,2025-04-05,pix,1,1,2535.54,0.0,2025-04-05,2535.54
bar,2025-04-05,debito,1,1,2127.43,0.012,2025-04-06,2101.9
bar,2025-04-05,credito_vista,1,1,1722.19,0.025,2025-05-05,1679.14
bar,2025-04-05,credito_4x,1,4,200.96,0.035,2025-05-05,193.93
bar,2025-04-05,credito_4x,2,4,200.96,0.035,2025-06-04,193.93
bar,2025-04-05,credito_4x,3,4,200.96,0.035,2025-07-04,193.93
bar,2025-04-05,credito_4x,4,4,200.96,0.035,2025-08-03,193.93
bar,2025-04-06,pix,1,1,1123.21,0.0,2025-04-06,1123.21
bar,2025-04-06,debito,1,1,927.76,0.012,2025-04-07,916.63
bar,2025-04-06,credito_vista,1,1,808.55,0.025,2025-05-06,788.34
bar,2025-04-06,credito_4x,1,4,114.71,0.035,2025-05-06,110.7
bar,2025-04-06,credito_4x,2,4,114.71,0.035,2025-06-05,110.7
bar,2025-04-06,credito_4x,3,4,114.71,0.035,2025-07-05,110.7
bar,2025-04-06,credito_4x,4,4,114.71,0.035,2025-08-04,110.7
bar,2025-04-07,pix,1,1,933.07,0.0,2025-04-07,933.07
bar,2025-04-07,debito,1,1,763.38,0.012,2025-04-08,754.22
bar,2025-04-07,credito_vista,1,1,499.12,0.025,2025-05-07,486.64
bar,2025-04-07,credito_4x,1,4,78.24,0.035,2025-05-07,75.5
bar,2025-04-07,credito_4x,2,4,78.24,0.035,2025-06-06,75.5
bar,2025-04-07,credito_4x,3,4,78.24,0.035,2025-07-06,75.5
bar,2025-04-07,credito_4x,4,4,78.24,0.035,2025-08-05,75.5
bar,2025-04-08,pix,1,1,1009.71,0.0,2025-04-08,1009.71
bar,2025-04-08,debito,1,1,988.55,0.012,2025-04-09,976.69
bar,2025-04-08,credito_vista,1,1,485.64,0.025,2025-05-08,473.5
bar,2025-04-08,credito_4x,1,4,83.36,0.035,2025-05-08,80.44
bar,2025-04-08,credito_4x,2,4,83.36,0.035,2025-06-07,80.44
bar,2025-04-08,credito_4x,3,4,83.36,0.035,2025-07-07,80.44
bar,2025-04-08,credito_4x,4,4,83.36,0.035,2025-08-06,80.44
bar,2025-04-09,pix,1,1,1158.22,0.0,2025-04-09,1158.22
bar,2025-04-09,debito,1,1,807.84,0.012,2025-04-10,798.14
bar,2025-04-09,credito_vista,1,1,764.62,0.025,2025-05-09,745.5
bar,2025-04-09,credito_4x,1,4,134.58,0.035,2025-05-09,129.87
bar,2025-04-09,credito_4x,2,4,134.58,0.035,2025-06-08,129.87
bar,2025-04-09,credito_4x,3,4,134.58,0.035,2025-07-08,129.87
bar,2025-04-09,credito_4x,4,4,134.58,0.035,2025-08-07,129.87
bar,2025-04-10,pix,1,1,1319.55,0.0,2025-04-10,1319.55
bar,2025-04-10,debito,1,1,1310.88,0.012,2025-04-11,1295.15
bar,2025-04-10,credito_vista,1,1,926.96,0.025,2025-05-10,903.79
bar,2025-04-10,credito_4x,1,4,79.63,0.035,2025-05-10,76.84
bar,2025-04-10,credito_4x,2,4,79.63,0.035,2025-06-09,76.84
bar,2025-04-10,credito_4x,3,4,79.63,0.035,2025-07-09,76.84
bar,2025-04-10,credito_4x,4,4,79.63,0.035,2025-08-08,76.84
bar,2025-04-11,pix,1,1,2166.87,0.0,2025-04-11,2166.87
bar,2025-04-11,debito,1,1,1733.8,0.012,2025-04-12,1712.99
bar,2025-04-11,credito_vista,1,1,1899.67,0.025,2025-05-11,1852.18
bar,2025-04-11,credito_4x,1,4,225.62,0.035,2025-05-11,217.73
bar,2025-04-11,credito_4x,2,4,225.62,0.035,2025-06-10,217.73
bar,2025-04-11,credito_4x,3,4,225.62,0.035,2025-07-10,217.73
bar,2025-04-11,credito_4x,4,4,225.62,0.035,2025-08-09,217.73
bar,2025-04-12,pix,1,1,1908.05,0.0,2025-04-12,1908.05
bar,2025-04-12,debito,1,1,1972.8,0.012,2025-04-13,1949.13
bar,2025-04-12,credito_vista,1,1,1628.56,0.025,2025-05-12,1587.85
bar,2025-04-12,credito_4x,1,4,130.03,0.035,2025-05-12,125.48
bar,2025-04-12,credito_4x,2,4,130.03,0.035,2025-06-11,125.48
bar,2025-04-12,credito_4x,3,4,130.03,0.035,2025-07-11,125.48
bar,2025-04-12,credito_4x,4,4,130.03,0.035,2025-08-10,125.48
bar,2025-04-13,pix,1,1,1029.14,0.0,2025-04-13,1029.14
bar,2025-04-13,debito,1,1,752.49,0.012,2025-04-14,743.46
bar,2025-04-13,credito_vista,1,1,675.13,0.025,2025-05-13,658.25
bar,2025-04-13,credito_4x,1,4,105.58,0.035,2025-05-13,101.88
bar,2025-04-13,credito_4x,2,4,105.58,0.035,2025-06-12,101.88
bar,2025-04-13,credito_4x,3,4,105.58,0.035,2025-07-12,101.88
bar,2025-04-13,credito_4x,4,4,105.58,0.035,2025-08-11,101.88
bar,2025-04-14,pix,1,1,1099.0,0.0,2025-04-14,1099.0
bar,2025-04-14,debito,1,1,1149.27,0.012,2025-04-15,1135.48
bar,2025-04-14,credito_vista,1,1,1046.06,0.025,2025-05-14,1019.9
bar,2025-04-14,credito_4x,1,4,88.06,0.035,2025-05-14,84.98
bar,2025-04-14,credito_4x,2,4,88.06,0.035,2025-06-13,84.98
bar,2025-04-14,credito_4x,3,4,88.06,0.035,2025-07-13,84.98
bar,2025-04-14,credito_4x,4,4,88.06,0.035,2025-08-12,84.98
bar,2025-04-15,pix,1,1,983.91,0.0,2025-04-15,983.91
bar,2025-04-15,debito,1,1,988.36,0.012,2025-04-16,976.5
bar,2025-04-15,credito_vista,1,1,588.88,0.025,2025-05-15,574.16
bar,2025-04-15,credito_4x,1,4,133.37,0.035,2025-05-15,128.7
bar,2025-04-15,credito_4x,2,4,133.37,0.035,2025-06-14,128.7
bar,2025-04-15,credito_4x,3,4,133.37,0.035,2025-07-14,128.7
bar,2025-04-15,credito_4x,4,4,133.37,0.035,2025-08-13,128.7
bar,2025-04-16,pix,1,1,1299.28,0.0,2025-04-16,1299.28
bar,2025-04-16,debito,1,1,1238.02,0.012,2025-04-17,1223.17
bar,2025-04-16,credito_vista,1,1,988.49,0.025,2025-05-16,963.78
bar,2025-04-16,credito_4x,1,4,147.17,0.035,2025-05-16,142.02
bar,2025-04-16,credito_4x,2,4,147.17,0.035,2025-06-15,142.02
bar,2025-04-16,credito_4x,3,4,147.17,0.035,2025-07-15,142.02
bar,2025-04-16,credito_4x,4,4,147.17,0.035,2025-08-14,142.02
bar,2025-04-17,pix,1,1,1150.11,0.0,2025-04-17,1150.11
bar,2025-04-17,debito,1,1,1092.9,0.012,2025-04-18,1079.79
bar,2025-04-17,credito_vista,1,1,894.01,0.025,2025-05-17,871.66
bar,2025-04-17,credito_4x,1,4,105.75,0.035,2025-05-17,102.05
bar,2025-04-17,credito_4x,2,4,105.75,0.035,2025-06-16,102.05
bar,2025-04-17,credito_4x,3,4,105.75,0.035,2025-07-16,102.05
bar,2025-04-17,credito_4x,4,4,105.75,0.035,2025-08-15,102.05
bar,2025-04-18,pix,1,1,2101.28,0.0,2025-04-18,2101.28
bar,2025-04-18,debito,1,1,1794.5,0.012,2025-04-19,1772.96
bar,2025-04-18,credito_vista,1,1,1427.77,0.025,2025-05-18,1392.08
bar,2025-04-18,credito_4x,1,4,199.77,0.035,2025-05-18,192.78
bar,2025-04-18,credito_4x,2,4,199.77,0.035,2025-06-17,192.78
bar,2025-04-18,credito_4x,3,4,199.77,0.035,2025-07-17,192.78
bar,2025-04-18,credito_4x,4,4,199.77,0.035,2025-08-16,192.78
bar,2025-04-19,pix,1,1,2217.11,0.0,2025-04-19,2217.11
bar,2025-04-19,debito,1,1,1495.93,0.012,2025-04-20,1477.98
bar,2025-04-19,credito_vista,1,1,1293.99,0.025,2025-05-19,1261.64
bar,2025-04-19,credito_4x,1,4,242.27,0.035,2025-05-19,233.8
bar,2025-04-19,credito_4x,2,4,242.27,0.035,2025-06-18,233.8
bar,2025-04-19,credito_4x,3,4,242.27,0.035,2025-07-18,233.8
bar,2025-04-19,credito_4x,4,4,242.27,0.035,2025-08-17,233.8
bar,2025-04-20,pix,1,1,810.6,0.0,2025-04-20,810.6
bar,2025-04-20,debito,1,1,876.68,0.012,2025-04-21,866.16
bar,2025-04-20,credito_vista,1,1,670.77,0.025,2025-05-20,654.01
bar,2025-04-20,credito_4x,1,4,133.82,0.035,2025-05-20,129.13
bar,2025-04-20,credito_4x,2,4,133.82,0.035,2025-06-19,129.13
bar,2025-04-20,credito_4x,3,4,133.82,0.035,2025-07-19,129.13
bar,2025-04-20,credito_4x,4,4,133.82,0.035,2025-08-18,129.13
bar,2025-04-21,pix,1,1,1282.23,0.0,2025-04-21,1282.23
bar,2025-04-21,debito,1,1,1029.34,0.012,2025-04-22,1016.99
bar,2025-04-21,credito_vista,1,1,811.75,0.025,2025-05-21,791.46
bar,2025-04-21,credito_4x,1,4,77.09,0.035,2025-05-21,74.39
bar,2025-04-21,credito_4x,2,4,77.09,0.035,2025-06-20,74.39
bar,2025-04-21,credito_4x,3,4,77.09,0.035,2025-07-20,74.39
bar,2025-04-21,credito_4x,4,4,77.09,0.035,2025-08-19,74.39
bar,2025-04-22,pix,1,1,892.94,0.0,2025-04-22,892.94
bar,2025-04-22,debito,1,1,716.17,0.012,2025-04-23,707.57
bar,2025-04-22,credito_vista,1,1,569.87,0.025,2025-05-22,555.62
bar,2025-04-22,credito_4x,1,4,59.89,0.035,2025-05-22,57.8
bar,2025-04-22,credito_4x,2,4,59.89,0.035,2025-06-21,57.8
bar,2025-04-22,credito_4x,3,4,59.89,0.035,2025-07-21,57.8
bar,2025-04-22,credito_4x,4,4,59.89,0.035,2025-08-20,57.8
bar,2025-04-23,pix,1,1,1292.5,0.0,2025-04-23,1292.5
bar,2025-04-23,debito,1,1,1042.12,0.012,2025-04-24,1029.61
bar,2025-04-23,credito_vista,1,1,1044.15,0.025,2025-05-23,1018.04
bar,2025-04-23,credito_4x,1,4,140.18,0.035,2025-05-23,135.27
bar,2025-04-23,credito_4x,2,4,140.18,0.035,2025-06-22,135.27
bar,2025-04-23,credito_4x,3,4,140.18,0.035,2025-07-22,135.27
bar,2025-04-23,credito_4x,4,4,140.18,0.035,2025-08-21,135.27
bar,2025-04-24,pix,1,1,1491.86,0.0,2025-04-24,1491.86
bar,2025-04-24,debito,1,1,1147.11,0.012,2025-04-25,1133.35
bar,2025-04-24,credito_vista,1,1,1091.36,0.025,2025-05-24,1064.08
bar,2025-04-24,credito_4x,1,4,137.33,0.035,2025-05-24,132.52
bar,2025-04-24,credito_4x,2,4,137.33,0.035,2025-06-23,132.52
bar,2025-04-24,credito_4x,3,4,137.33,0.035,2025-07-23,132.52
bar,2025-04-24,credito_4x,4,4,137.33,0.035,2025-08-22,132.52
bar,2025-04-25,pix,1,1,1466.85,0.0,2025-04-25,1466.85
bar,2025-04-25,debito,1,1,1610.84,0.012,2025-04-26,1591.51
bar,2025-04-25,credito_vista,1,1,1742.07,0.025,2025-05-25,1698.51
bar,2025-04-25,credito_4x,1,4,87.27,0.035,2025-05-25,84.22
bar,2025-04-25,credito_4x,2,4,87.27,0.035,2025-06-24,84.22
bar,2025-04-25,credito_4x,3,4,87.27,0.035,2025-07-24,84.22
bar,2025-04-25,credito_4x,4,4,87.27,0.035,2025-08-23,84.22
bar,2025-04-26,pix,1,1,1559.58,0.0,2025-04-26,1559.58
bar,2025-04-26,debito,1,1,1518.27,0.012,2025-04-27,1500.05
bar,2025-04-26,credito_vista,1,1,1189.73,0.025,2025-05-26,1159.98
bar,2025-04-26,credito_4x,1,4,158.53,0.035,2025-05-26,152.98
bar,2025-04-26,credito_4x,2,4,158.53,0.035,2025-06-25,152.98
bar,2025-04-26,credito_4x,3,4,158.53,0.035,2025-07-25,152.98
bar,2025-04-26,credito_4x,4,4,158.53,0.035,2025-08-24,152.98
bar,2025-04-27,pix,1,1,1089.21,0.0,2025-04-27,1089.21
bar,2025-04-27,debito,1,1,731.4,0.012,2025-04-28,722.62
bar,2025-04-27,credito_vista,1,1,695.62,0.025,2025-05-27,678.23
bar,2025-04-27,credito_4x,1,4,62.72,0.035,2025-05-27,60.52
bar,2025-04-27,credito_4x,2,4,62.72,0.035,2025-06-26,60.52
bar,2025-04-27,credito_4x,3,4,62.72,0.035,2025-07-26,60.52
bar,2025-04-27,credito_4x,4,4,62.72,0.035,2025-08-25,60.52
bar,2025-04-28,pix,1,1,943.58,0.0,2025-04-28,943.58
bar,2025-04-28,debito,1,1,723.67,0.012,2025-04-29,714.99
bar,2025-04-28,credito_vista,1,1,590.74,0.025,2025-05-28,575.97
bar,2025-04-28,credito_4x,1,4,65.27,0.035,2025-05-28,62.99
bar,2025-04-28,credito_4x,2,4,65.27,0.035,2025-06-27,62.99
bar,2025-04-28,credito_4x,3,4,65.27,0.035,2025-07-27,62.99
bar,2025-04-28,credito_4x,4,4,65.27,0.035,2025-08-26,62.99
bar,2025-04-29,pix,1,1,984.65,0.0,2025-04-29,984.65
bar,2025-04-29,debito,1,1,946.56,0.012,2025-04-30,935.2
bar,2025-04-29,credito_vista,1,1,749.27,0.025,2025-05-29,730.54
bar,2025-04-29,credito_4x,1,4,88.13,0.035,2025-05-29,85.04
bar,2025-04-29,credito_4x,2,4,88.13,0.035,2025-06-28,85.04
bar,2025-04-29,credito_4x,3,4,88.13,0.035,2025-07-28,85.04
bar,2025-04-29,credito_4x,4,4,88.13,0.035,2025-08-27,85.04
bar,2025-04-30,pix,1,1,1044.91,0.0,2025-04-30,1044.91
bar,2025-04-30,debito,1,1,1032.89,0.012,2025-05-01,1020.5
bar,2025-04-30,credito_vista,1,1,845.87,0.025,2025-05-30,824.72
bar,2025-04-30,credito_4x,1,4,101.82,0.035,2025-05-30,98.25
bar,2025-04-30,credito_4x,2,4,101.82,0.035,2025-06-29,98.25
bar,2025-04-30,credito_4x,3,4,101.82,0.035,2025-07-29,98.25
bar,2025-04-30,credito_4x,4,4,101.82,0.035,2025-08-28,98.25
bar,2025-05-01,pix,1,1,1837.31,0.0,2025-05-01,1837.31
bar,2025-05-01,debito,1,1,1601.61,0.012,2025-05-02,1582.39
bar,2025-05-01,credito_vista,1,1,1662.08,0.025,2025-05-31,1620.52
bar,2025-05-01,credito_4x,1,4,130.36,0.035,2025-05-31,125.8
bar,2025-05-01,credito_4x,2,4,130.36,0.035,2025-06-30,125.8
bar,2025-05-01,credito_4x,3,4,130.36,0.035,2025-07-30,125.8
bar,2025-05-01,credito_4x,4,4,130.36,0.035,2025-08-29,125.8
bar,2025-05-02,pix,1,1,2268.74,0.0,2025-05-02,2268.74
bar,2025-05-02,debito,1,1,1915.04,0.012,2025-05-03,1892.06
bar,2025-05-02,credito_vista,1,1,1478.56,0.025,2025-06-01,1441.59
bar,2025-05-02,credito_4x,1,4,251.34,0.035,2025-06-01,242.54
bar,2025-05-02,credito_4x,2,4,251.34,0.035,2025-07-01,242.54
bar,2025-05-02,credito_4x,3,4,251.34,0.035,2025-07-31,242.54
bar,2025-05-02,credito_4x,4,4,251.34,0.035,2025-08-30,242.54
bar,2025-05-03,pix,1,1,2422.69,0.0,2025-05-03,2422.69
bar,2025-05-03,debito,1,1,1869.5,0.012,2025-05-04,1847.07
bar,2025-05-03,credito_vista,1,1,1600.17,0.025,2025-06-02,1560.17
bar,2025-05-03,credito_4x,1,4,141.09,0.035,2025-06-02,136.16
bar,2025-05-03,credito_4x,2,4,141.09,0.035,2025-07-02,136.16
bar,2025-05-03,credito_4x,3,4,141.09,0.035,2025-08-01,136.16
bar,2025-05-03,credito_4x,4,4,141.09,0.035,2025-08-31,136.16
bar,2025-05-04,pix,1,1,1366.62,0.0,2025-05-04,1366.62
bar,2025-05-04,debito,1,1,940.26,0.012,2025-05-05,928.98
bar,2025-05-04,credito_vista,1,1,754.85,0.025,2025-06-03,735.98
bar,2025-05-04,credito_4x,1,4,90.87,0.035,2025-06-03,87.69
bar,2025-05-04,credito_4x,2,4,90.87,0.035,2025-07-03,87.69
bar,2025-05-04,credito_4x,3,4,90.87,0.035,2025-08-02,87.69
bar,2025-05-04,credito_4x,4,4,90.87,0.035,2025-09-01,87.69
bar,2025-05-05,pix,1,1,1213.84,0.0,2025-05-05,1213.84
bar,2025-05-05,debito,1,1,975.54,0.012,2025-05-06,963.83
bar,2025-05-05,credito_vista,1,1,749.45,0.025,2025-06-04,730.72
bar,2025-05-05,credito_4x,1,4,126.25,0.035,2025-06-04,121.83
bar,2025-05-05,credito_4x,2,4,126.25,0.035,2025-07-04,121.83
bar,2025-05-05,credito_4x,3,4,126.25,0.035,2025-08-03,121.83
bar,2025-05-05,credito_4x,4,4,126.25,0.035,2025-09-02,121.83
bar,2025-05-06,pix,1,1,1223.48,0.0,2025-05-06,1223.48
bar,2025-05-06,debito,1,1,1448.37,0.012,2025-05-07,1430.99
bar,2025-05-06,credito_vista,1,1,1153.03,0.025,2025-06-05,1124.2
bar,2025-05-06,credito_4x,1,4,118.26,0.035,2025-06-05,114.12
bar,2025-05-06,credito_4x,2,4,118.26,0.035,2025-07-05,114.12
bar,2025-05-06,credito_4x,3,4,118.26,0.035,2025-08-04,114.12
bar,2025-05-06,credito_4x,4,4,118.26,0.035,2025-09-03,114.12
bar,2025-05-07,pix,1,1,1542.8,0.0,2025-05-07,1542.8
bar,2025-05-07,debito,1,1,1324.15,0.012,2025-05-08,1308.26
bar,2025-05-07,credito_vista,1,1,1310.5,0.025,2025-06-06,1277.73
bar,2025-05-07,credito_4x,1,4,93.24,0.035,2025-06-06,89.98
bar,2025-05-07,credito_4x,2,4,93.24,0.035,2025-07-06,89.98
bar,2025-05-07,credito_4x,3,4,93.24,0.035,2025-08-05,89.98
bar,2025-05-07,credito_4x,4,4,93.24,0.035,2025-09-04,89.98
bar,2025-05-08,pix,1,1,1405.51,0.0,2025-05-08,1405.51
bar,2025-05-08,debito,1,1,1281.31,0.012,2025-05-09,1265.94
bar,2025-05-08,credito_vista,1,1,1391.22,0.025,2025-06-07,1356.44
bar,2025-05-08,credito_4x,1,4,170.21,0.035,2025-06-07,164.25
bar,2025-05-08,credito_4x,2,4,170.21,0.035,2025-07-07,164.25
bar,2025-05-08,credito_4x,3,4,170.21,0.035,2025-08-06,164.25
bar,2025-05-08,credito_4x,4,4,170.21,0.035,2025-09-05,164.25
bar,2025-05-09,pix,1,1,3194.78,0.0,2025-05-09,3194.78
bar,2025-05-09,debito,1,1,2506.37,0.012,2025-05-10,2476.29
bar,2025-05-09,credito_vista,1,1,1783.43,0.025,2025-06-08,1738.85
bar,2025-05-09,credito_4x,1,4,229.58,0.035,2025-06-08,221.55
bar,2025-05-09,credito_4x,2,4,229.58,0.035,2025-07-08,221.55
bar,2025-05-09,credito_4x,3,4,229.58,0.035,2025-08-07,221.55
bar,2025-05-09,credito_4x,4,4,229.58,0.035,2025-09-06,221.55
bar,2025-05-10,pix,1,1,2221.15,0.0,2025-05-10,2221.15
bar,2025-05-10,debito,1,1,1824.79,0.012,2025-05-11,1802.89
bar,2025-05-10,credito_vista,1,1,1442.83,0.025,2025-06-09,1406.76
bar,2025-05-10,credito_4x,1,4,188.76,0.035,2025-06-09,182.15
bar,2025-05-10,credito_4x,2,4,188.76,0.035,2025-07-09,182.15
bar,2025-05-10,credito_4x,3,4,188.76,0.035,2025-08-08,182.15
bar,2025-05-10,credito_4x,4,4,188.76,0.035,2025-09-07,182.15
bar,2025-05-11,pix,1,1,955.75,0.0,2025-05-11,955.75
bar,2025-05-11,debito,1,1,673.65,0.012,2025-05-12,665.56
bar,2025-05-11,credito_vista,1,1,760.23,0.025,2025-06-10,741.23
bar,2025-05-11,credito_4x,1,4,85.23,0.035,2025-06-10,82.24
bar,2025-05-11,credito_4x,2,4,85.23,0.035,2025-07-10,82.24
bar,2025-05-11,credito_4x,3,4,85.23,0.035,2025-08-09,82.24
bar,2025-05-11,credito_4x,4,4,85.23,0.035,2025-09-08,82.24
bar,2025-05-12,pix,1,1,829.32,0.0,2025-05-12,829.32
bar,2025-05-12,debito,1,1,782.17,0.012,2025-05-13,772.78
bar,2025-05-12,credito_vista,1,1,652.41,0.025,2025-06-11,636.1
bar,2025-05-12,credito_4x,1,4,83.77,0.035,2025-06-11,80.83
bar,2025-05-12,credito_4x,2,4,83.77,0.035,2025-07-11,80.83
bar,2025-05-12,credito_4x,3,4,83.77,0.035,2025-08-10,80.83
bar,2025-05-12,credito_4x,4,4,83.77,0.035,2025-09-09,80.83
bar,2025-05-13,pix,1,1,976.59,0.0,2025-05-13,976.59
bar,2025-05-13,debito,1,1,1000.24,0.012,2025-05-14,988.24
bar,2025-05-13,credito_vista,1,1,669.93,0.025,2025-06-12,653.18
bar,2025-05-13,credito_4x,1,4,99.07,0.035,2025-06-12,95.6
bar,2025-05-13,credito_4x,2,4,99.07,0.035,2025-07-12,95.6
bar,2025-05-13,credito_4x,3,4,99.07,0.035,2025-08-11,95.6
bar,2025-05-13,credito_4x,4,4,99.07,0.035,2025-09-10,95.6
bar,2025-05-14,pix,1,1,996.65,0.0,2025-05-14,996.65
bar,2025-05-14,debito,1,1,828.7,0.012,2025-05-15,818.75
bar,2025-05-14,credito_vista,1,1,730.66,0.025,2025-06-13,712.4
bar,2025-05-14,credito_4x,1,4,87.15,0.035,2025-06-13,84.1
bar,2025-05-14,credito_4x,2,4,87.15,0.035,2025-07-13,84.1
bar,2025-05-14,credito_4x,3,4,87.15,0.035,2025-08-12,84.1
bar,2025-05-14,credito_4x,4,4,87.15,0.035,2025-09-11,84.1
bar,2025-05-15,pix,1,1,1527.73,0.0,2025-05-15,1527.73
bar,2025-05-15,debito,1,1,1476.96,0.012,2025-05-16,1459.24
bar,2025-05-15,credito_vista,1,1,1079.99,0.025,2025-06-14,1052.99
bar,2025-05-15,credito_4x,1,4,98.31,0.035,2025-06-14,94.87
bar,2025-05-15,credito_4x,2,4,98.31,0.035,2025-07-14,94.87
bar,2025-05-15,credito_4x,3,4,98.31,0.035,2025-08-13,94.87
bar,2025-05-15,credito_4x,4,4,98.31,0.035,2025-09-12,94.87
bar,2025-05-16,pix,1,1,2061.47,0.0,2025-05-16,2061.47
bar,2025-05-16,debito,1,1,1659.86,0.012,2025-05-17,1639.94
bar,2025-05-16,credito_vista,1,1,1558.24,0.025,2025-06-15,1519.28
bar,2025-05-16,credito_4x,1,4,187.12,0.035,2025-06-15,180.57
bar,2025-05-16,credito_4x,2,4,187.12,0.035,2025-07-15,180.57
bar,2025-05-16,credito_4x,3,4,187.12,0.035,2025-08-14,180.57
bar,2025-05-16,credito_4x,4,4,187.12,0.035,2025-09-13,180.57
bar,2025-05-17,pix,1,1,1771.62,0.0,2025-05-17,1771.62
bar,2025-05-17,debito,1,1,1526.02,0.012,2025-05-18,1507.71
bar,2025-05-17,credito_vista,1,1,1339.9,0.025,2025-06-16,1306.4
bar,2025-05-17,credito_4x,1,4,180.39,0.035,2025-06-16,174.08
bar,2025-05-17,credito_4x,2,4,180.39,0.035,2025-07-16,174.08
bar,2025-05-17,credito_4x,3,4,180.39,0.035,2025-08-15,174.08
bar,2025-05-17,credito_4x,4,4,180.39,0.035,2025-09-14,174.08
bar,2025-05-18,pix,1,1,1094.6,0.0,2025-05-18,1094.6
bar,2025-05-18,debito,1,1,698.04,0.012,2025-05-19,689.66
bar,2025-05-18,credito_vista,1,1,586.71,0.025,2025-06-17,572.04
bar,2025-05-18,credito_4x,1,4,42.21,0.035,2025-06-17,40.73
bar,2025-05-18,credito_4x,2,4,42.21,0.035,2025-07-17,40.73
bar,2025-05-18,credito_4x,3,4,42.21,0.035,2025-08-16,40.73
bar,2025-05-18,credito_4x,4,4,42.21,0.035,2025-09-15,40.73
bar,2025-05-19,pix,1,1,1290.81,0.0,2025-05-19,1290.81
bar,2025-05-19,debito,1,1,875.53,0.012,2025-05-20,865.03
bar,2025-05-19,credito_vista,1,1,766.03,0.025,2025-06-18,746.88
bar,2025-05-19,credito_4x,1,4,53.2,0.035,2025-06-18,51.34
bar,2025-05-19,credito_4x,2,4,53.2,0.035,2025-07-18,51.34
bar,2025-05-19,credito_4x,3,4,53.2,0.035,2025-08-17,51.34
bar,2025-05-19,credito_4x,4,4,53.2,0.035,2025-09-16,51.34
bar,2025-05-20,pix,1,1,1279.32,0.0,2025-05-20,1279.32
bar,2025-05-20,debito,1,1,1086.07,0.012,2025-05-21,1073.04
bar,2025-05-20,credito_vista,1,1,917.79,0.025,2025-06-19,894.84
bar,2025-05-20,credito_4x,1,4,84.3,0.035,2025-06-19,81.35
bar,2025-05-20,credito_4x,2,4,84.3,0.035,2025-07-19,81.35
bar,2025-05-20,credito_4x,3,4,84.3,0.035,2025-08-18,81.35
bar,2025-05-20,credito_4x,4,4,84.3,0.035,2025-09-17,81.35
bar,2025-05-21,pix,1,1,1326.36,0.0,2025-05-21,1326.36
bar,2025-05-21,debito,1,1,1682.44,0.012,2025-05-22,1662.25
bar,2025-05-21,credito_vista,1,1,1228.88,0.025,2025-06-20,1198.16
bar,2025-05-21,credito_4x,1,4,123.81,0.035,2025-06-20,119.47
bar,2025-05-21,credito_4x,2,4,123.81,0.035,2025-07-20,119.47
bar,2025-05-21,credito_4x,3,4,123.81,0.035,2025-08-19,119.47
bar,2025-05-21,credito_4x,4,4,123.81,0.035,2025-09-18,119.47
bar,2025-05-22,pix,1,1,2051.8,0.0,2025-05-22,2051.8
bar,2025-05-22,debito,1,1,1672.85,0.012,2025-05-23,1652.78
bar,2025-05-22,credito_vista,1,1,1259.76,0.025,2025-06-21,1228.26
bar,2025-05-22,credito_4x,1,4,215.19,0.035,2025-06-21,207.65
bar,2025-05-22,credito_4x,2,4,215.19,0.035,2025-07-21,207.65
bar,2025-05-22,credito_4x,3,4,215.19,0.035,2025-08-20,207.65
bar,2025-05-22,credito_4x,4,4,215.19,0.035,2025-09-19,207.65
bar,2025-05-23,pix,1,1,2138.03,0.0,2025-05-23,2138.03
bar,2025-05-23,debito,1,1,1828.75,0.012,2025-05-24,1806.8
bar,2025-05-23,credito_vista,1,1,2049.49,0.025,2025-06-22,1998.26
bar,2025-05-23,credito_4x,1,4,143.12,0.035,2025-06-22,138.11
bar,2025-05-23,credito_4x,2,4,143.12,0.035,2025-07-22,138.11
bar,2025-05-23,credito_4x,3,4,143.12,0.035,2025-08-21,138.11
bar,2025-05-23,credito_4x,4,4,143.12,0.035,2025-09-20,138.11
bar,2025-05-24,pix,1,1,1798.15,0.0,2025-05-24,1798.15
bar,2025-05-24,debito,1,1,1703.29,0.012,2025-05-25,1682.85
bar,2025-05-24,credito_vista,1,1,1715.92,0.025,2025-06-23,1673.02
bar,2025-05-24,credito_4x,1,4,151.7,0.035,2025-06-23,146.39
bar,2025-05-24,credito_4x,2,4,151.7,0.035,2025-07-23,146.39
bar,2025-05-24,credito_4x,3,4,151.7,0.035,2025-08-22,146.39
bar,2025-05-24,credito_4x,4,4,151.7,0.035,2025-09-21,146.39
bar,2025-05-25,pix,1,1,529.23,0.0,2025-05-25,529.23
bar,2025-05-25,debito,1,1,509.19,0.012,2025-05-26,503.08
bar,2025-05-25,credito_vista,1,1,590.16,0.025,2025-06-24,575.4
bar,2025-05-25,credito_4x,1,4,50.42,0.035,2025-06-24,48.65
bar,2025-05-25,credito_4x,2,4,50.42,0.035,2025-07-24,48.65
bar,2025-05-25,credito_4x,3,4,50.42,0.035,2025-08-23,48.65
bar,2025-05-25,credito_4x,4,4,50.42,0.035,2025-09-22,48.65
bar,2025-05-26,pix,1,1,912.09,0.0,2025-05-26,912.09
bar,2025-05-26,debito,1,1,713.4,0.012,2025-05-27,704.84
bar,2025-05-26,credito_vista,1,1,752.81,0.025,2025-06-25,733.99
bar,2025-05-26,credito_4x,1,4,104.55,0.035,2025-06-25,100.89
bar,2025-05-26,credito_4x,2,4,104.55,0.035,2025-07-25,100.89
bar,2025-05-26,credito_4x,3,4,104.55,0.035,2025-08-24,100.89
bar,2025-05-26,credito_4x,4,4,104.55,0.035,2025-09-23,100.89
bar,2025-05-27,pix,1,1,1022.34,0.0,2025-05-27,1022.34
bar,2025-05-27,debito,1,1,578.27,0.012,2025-05-28,571.33
bar,2025-05-27,credito_vista,1,1,566.11,0.025,2025-06-26,551.96
bar,2025-05-27,credito_4x,1,4,90.11,0.035,2025-06-26,86.95
bar,2025-05-27,credito_4x,2,4,90.11,0.035,2025-07-26,86.95
bar,2025-05-27,credito_4x,3,4,90.11,0.035,2025-08-25,86.95
bar,2025-05-27,credito_4x,4,4,90.11,0.035,2025-09-24,86.95
bar,2025-05-28,pix,1,1,998.59,0.0,2025-05-28,998.59
bar,2025-05-28,debito,1,1,814.93,0.012,2025-05-29,805.15
bar,2025-05-28,credito_vista,1,1,899.19,0.025,2025-06-27,876.71
bar,2025-05-28,credito_4x,1,4,85.82,0.035,2025-06-27,82.82
bar,2025-05-28,credito_4x,2,4,85.82,0.035,2025-07-27,82.82
bar,2025-05-28,credito_4x,3,4,85.82,0.035,2025-08-26,82.82
bar,2025-05-28,credito_4x,4,4,85.82,0.035,2025-09-25,82.82
bar,2025-05-29,pix,1,1,1011.6,0.0,2025-05-29,1011.6
bar,2025-05-29,debito,1,1,1109.43,0.012,2025-05-30,1096.12
bar,2025-05-29,credito_vista,1,1,691.13,0.025,2025-06-28,673.85
bar,2025-05-29,credito_4x,1,4,123.25,0.035,2025-06-28,118.93
bar,2025-05-29,credito_4x,2,4,123.25,0.035,2025-07-28,118.93
bar,2025-05-29,credito_4x,3,4,123.25,0.035,2025-08-27,118.93
bar,2025-05-29,credito_4x,4,4,123.25,0.035,2025-09-26,118.93
bar,2025-05-30,pix,1,1,1900.69,0.0,2025-05-30,1900.69
bar,2025-05-30,debito,1,1,1501.23,0.012,2025-05-31,1483.21
bar,2025-05-30,credito_vista,1,1,1386.08,0.025,2025-06-29,1351.43
bar,2025-05-30,credito_4x,1,4,161.14,0.035,2025-06-29,155.5
bar,2025-05-30,credito_4x,2,4,161.14,0.035,2025-07-29,155.5
bar,2025-05-30,credito_4x,3,4,161.14,0.035,2025-08-28,155.5
bar,2025-05-30,credito_4x,4,4,161.14,0.035,2025-09-27,155.5
bar,2025-05-31,pix,1,1,2427.07,0.0,2025-05-31,2427.07
bar,2025-05-31,debito,1,1,2242.16,0.012,2025-06-01,2215.25
bar,2025-05-31,credito_vista,1,1,1846.96,0.025,2025-06-30,1800.79
bar,2025-05-31,credito_4x,1,4,145.12,0.035,2025-06-30,140.04
bar,2025-05-31,credito_4x,2,4,145.12,0.035,2025-07-30,140.04
bar,2025-05-31,credito_4x,3,4,145.12,0.035,2025-08-29,140.04
bar,2025-05-31,credito_4x,4,4,145.12,0.035,2025-09-28,140.04
bar,2025-06-01,pix,1,1,1172.56,0.0,2025-06-01,1172.56
bar,2025-06-01,debito,1,1,1097.79,0.012,2025-06-02,1084.61
bar,2025-06-01,credito_vista,1,1,665.97,0.025,2025-07-01,649.32
bar,2025-06-01,credito_4x,1,4,102.33,0.035,2025-07-01,98.75
bar,2025-06-01,credito_4x,2,4,102.33,0.035,2025-07-31,98.75
bar,2025-06-01,credito_4x,3,4,102.33,0.035,2025-08-30,98.75
bar,2025-06-01,credito_4x,4,4,102.33,0.035,2025-09-29,98.75
bar,2025-06-02,pix,1,1,995.58,0.0,2025-06-02,995.58
bar,2025-06-02,debito,1,1,984.23,0.012,2025-06-03,972.42
bar,2025-06-02,credito_vista,1,1,776.04,0.025,2025-07-02,756.64
bar,2025-06-02,credito_4x,1,4,108.02,0.035,2025-07-02,104.24
bar,2025-06-02,credito_4x,2,4,108.02,0.035,2025-08-01,104.24
bar,2025-06-02,credito_4x,3,4,108.02,0.035,2025-08-31,104.24
bar,2025-06-02,credito_4x,4,4,108.02,0.035,2025-09-30,104.24
bar,2025-06-03,pix,1,1,979.51,0.0,2025-06-03,979.51
bar,2025-06-03,debito,1,1,815.42,0.012,2025-06-04,805.63
bar,2025-06-03,credito_vista,1,1,856.21,0.025,2025-07-03,834.8
bar,2025-06-03,credito_4x,1,4,75.36,0.035,2025-07-03,72.72
bar,2025-06-03,credito_4x,2,4,75.36,0.035,2025-08-02,72.72
bar,2025-06-03,credito_4x,3,4,75.36,0.035,2025-09-01,72.72
bar,2025-06-03,credito_4x,4,4,75.36,0.035,2025-10-01,72.72
bar,2025-06-04,pix,1,1,1001.14,0.0,2025-06-04,1001.14
bar,2025-06-04,debito,1,1,865.2,0.012,2025-06-05,854.82
bar,2025-06-04,credito_vista,1,1,768.48,0.025,2025-07-04,749.27
bar,2025-06-04,credito_4x,1,4,82.22,0.035,2025-07-04,79.34
bar,2025-06-04,credito_4x,2,4,82.22,0.035,2025-08-03,79.34
bar,2025-06-04,credito_4x,3,4,82.22,0.035,2025-09-02,79.34
bar,2025-06-04,credito_4x,4,4,82.22,0.035,2025-10-02,79.34
bar,2025-06-05,pix,1,1,1434.45,0.0,2025-06-05,1434.45
bar,2025-06-05,debito,1,1,1325.16,0.012,2025-06-06,1309.26
bar,2025-06-05,credito_vista,1,1,983.8,0.025,2025-07-05,959.2
bar,2025-06-05,credito_4x,1,4,88.39,0.035,2025-07-05,85.29
bar,2025-06-05,credito_4x,2,4,88.39,0.035,2025-08-04,85.29
bar,2025-06-05,credito_4x,3,4,88.39,0.035,2025-09-03,85.29
bar,2025-06-05,credito_4x,4,4,88.39,0.035,2025-10-03,85.29
bar,2025-06-06,pix,1,1,1959.54,0.0,2025-06-06,1959.54
bar,2025-06-06,debito,1,1,2033.78,0.012,2025-06-07,2009.38
bar,2025-06-06,credito_vista,1,1,1783.42,0.025,2025-07-06,1738.83
bar,2025-06-06,credito_4x,1,4,226.91,0.035,2025-07-06,218.97
bar,2025-06-06,credito_4x,2,4,226.91,0.035,2025-08-05,218.97
bar,2025-06-06,credito_4x,3,4,226.91,0.035,2025-09-04,218.97
bar,2025-06-06,credito_4x,4,4,226.91,0.035,2025-10-04,218.97
bar,2025-06-07,pix,1,1,3120.59,0.0,2025-06-07,3120.59
bar,2025-06-07,debito,1,1,3223.78,0.012,2025-06-08,3185.09
bar,2025-06-07,credito_vista,1,1,2115.67,0.025,2025-07-07,2062.78
bar,2025-06-07,credito_4x,1,4,234.63,0.035,2025-07-07,226.42
bar,2025-06-07,credito_4x,2,4,234.63,0.035,2025-08-06,226.42
bar,2025-06-07,credito_4x,3,4,234.63,0.035,2025-09-05,226.42
bar,2025-06-07,credito_4x,4,4,234.63,0.035,2025-10-05,226.42
bar,2025-06-08,pix,1,1,1179.34,0.0,2025-06-08,1179.34
bar,2025-06-08,debito,1,1,874.71,0.012,2025-06-09,864.21
bar,2025-06-08,credito_vista,1,1,874.01,0.025,2025-07-08,852.15
bar,2025-06-08,credito_4x,1,4,95.55,0.035,2025-07-08,92.2
bar,2025-06-08,credito_4x,2,4,95.55,0.035,2025-08-07,92.2
bar,2025-06-08,credito_4x,3,4,95.55,0.035,2025-09-06,92.2
bar,2025-06-08,credito_4x,4,4,95.55,0.035,2025-10-06,92.2
bar,2025-06-09,pix,1,1,1280.24,0.0,2025-06-09,1280.24
bar,2025-06-09,debito,1,1,954.81,0.012,2025-06-10,943.35
bar,2025-06-09,credito_vista,1,1,798.53,0.025,2025-07-09,778.56
bar,2025-06-09,credito_4x,1,4,172.03,0.035,2025-07-09,166.01
bar,2025-06-09,credito_4x,2,4,172.03,0.035,2025-08-08,166.01
bar,2025-06-09,credito_4x,3,4,172.03,0.035,2025-09-07,166.01
bar,2025-06-09,credito_4x,4,4,172.03,0.035,2025-10-07,166.01
bar,2025-06-10,pix,1,1,882.77,0.0,2025-06-10,882.77
bar,2025-06-10,debito,1,1,1082.79,0.012,2025-06-11,1069.79
bar,2025-06-10,credito_vista,1,1,843.6,0.025,2025-07-10,822.51
bar,2025-06-10,credito_4x,1,4,100.64,0.035,2025-07-10,97.12
bar,2025-06-10,credito_4x,2,4,100.64,0.035,2025-08-09,97.12
bar,2025-06-10,credito_4x,3,4,100.64,0.035,2025-09-08,97.12
bar,2025-06-10,credito_4x,4,4,100.64,0.035,2025-10-08,97.12
bar,2025-06-11,pix,1,1,1073.62,0.0,2025-06-11,1073.62
bar,2025-06-11,debito,1,1,927.48,0.012,2025-06-12,916.35
bar,2025-06-11,credito_vista,1,1,713.5,0.025,2025-07-11,695.66
bar,2025-06-11,credito_4x,1,4,55.89,0.035,2025-07-11,53.93
bar,2025-06-11,credito_4x,2,4,55.89,0.035,2025-08-10,53.93
bar,2025-06-11,credito_4x,3,4,55.89,0.035,2025-09-09,53.93
bar,2025-06-11,credito_4x,4,4,55.89,0.035,2025-10-09,53.93
bar,2025-06-12,pix,1,1,1096.66,0.0,2025-06-12,1096.66
bar,2025-06-12,debito,1,1,1032.63,0.012,2025-06-13,1020.24
bar,2025-06-12,credito_vista,1,1,769.67,0.025,2025-07-12,750.43
bar,2025-06-12,credito_4x,1,4,128.26,0.035,2025-07-12,123.77
bar,2025-06-12,credito_4x,2,4,128.26,0.035,2025-08-11,123.77
bar,2025-06-12,credito_4x,3,4,128.26,0.035,2025-09-10,123.77
bar,2025-06-12,credito_4x,4,4,128.26,0.035,2025-10-10,123.77
bar,2025-06-13,pix,1,1,1875.23,0.0,2025-06-13,1875.23
bar,2025-06-13,debito,1,1,1330.64,0.012,2025-06-14,1314.67
bar,2025-06-13,credito_vista,1,1,1486.01,0.025,2025-07-13,1448.86
bar,2025-06-13,credito_4x,1,4,182.35,0.035,2025-07-13,175.97
bar,2025-06-13,credito_4x,2,4,182.35,0.035,2025-08-12,175.97
bar,2025-06-13,credito_4x,3,4,182.35,0.035,2025-09-11,175.97
bar,2025-06-13,credito_4x,4,4,182.35,0.035,2025-10-11,175.97
bar,2025-06-14,pix,1,1,3756.77,0.0,2025-06-14,3756.77
bar,2025-06-14,debito,1,1,1886.39,0.012,2025-06-15,1863.75
bar,2025-06-14,credito_vista,1,1,1683.23,0.025,2025-07-14,1641.15
bar,2025-06-14,credito_4x,1,4,379.92,0.035,2025-07-14,366.62
bar,2025-06-14,credito_4x,2,4,379.92,0.035,2025-08-13,366.62
bar,2025-06-14,credito_4x,3,4,379.92,0.035,2025-09-12,366.62
bar,2025-06-14,credito_4x,4,4,379.92,0.035,2025-10-12,366.62
bar,2025-06-15,pix,1,1,725.02,0.0,2025-06-15,725.02
bar,2025-06-15,debito,1,1,826.87,0.012,2025-06-16,816.95
bar,2025-06-15,credito_vista,1,1,782.15,0.025,2025-07-15,762.59
bar,2025-06-15,credito_4x,1,4,58.84,0.035,2025-07-15,56.78
bar,2025-06-15,credito_4x,2,4,58.84,0.035,2025-08-14,56.78
bar,2025-06-15,credito_4x,3,4,58.84,0.035,2025-09-13,56.78
bar,2025-06-15,credito_4x,4,4,58.84,0.035,2025-10-13,56.78
bar,2025-06-16,pix,1,1,977.66,0.0,2025-06-16,977.66
bar,2025-06-16,debito,1,1,1010.93,0.012,2025-06-17,998.8
bar,2025-06-16,credito_vista,1,1,801.73,0.025,2025-07-16,781.69
bar,2025-06-16,credito_4x,1,4,126.31,0.035,2025-07-16,121.88
bar,2025-06-16,credito_4x,2,4,126.31,0.035,2025-08-15,121.88
bar,2025-06-16,credito_4x,3,4,126.31,0.035,2025-09-14,121.88
bar,2025-06-16,credito_4x,4,4,126.31,0.035,2025-10-14,121.88
bar,2025-06-17,pix,1,1,1115.32,0.0,2025-06-17,1115.32
bar,2025-06-17,debito,1,1,641.43,0.012,2025-06-18,633.73
bar,2025-06-17,credito_vista,1,1,624.31,0.025,2025-07-17,608.7
bar,2025-06-17,credito_4x,1,4,81.93,0.035,2025-07-17,79.06
bar,2025-06-17,credito_4x,2,4,81.93,0.035,2025-08-16,79.06
bar,2025-06-17,credito_4x,3,4,81.93,0.035,2025-09-15,79.06
bar,2025-06-17,credito_4x,4,4,81.93,0.035,2025-10-15,79.06
bar,2025-06-18,pix,1,1,1180.74,0.0,2025-06-18,1180.74
bar,2025-06-18,debito,1,1,997.19,0.012,2025-06-19,985.22
bar,2025-06-18,credito_vista,1,1,1049.92,0.025,2025-07-18,1023.68
bar,2025-06-18,credito_4x,1,4,203.71,0.035,2025-07-18,196.58
bar,2025-06-18,credito_4x,2,4,203.71,0.035,2025-08-17,196.58
bar,2025-06-18,credito_4x,3,4,203.71,0.035,2025-09-16,196.58
bar,2025-06-18,credito_4x,4,4,203.71,0.035,2025-10-16,196.58
bar,2025-06-19,pix,1,1,1595.15,0.0,2025-06-19,1595.15
bar,2025-06-19,debito,1,1,1161.75,0.012,2025-06-20,1147.81
bar,2025-06-19,credito_vista,1,1,1016.85,0.025,2025-07-19,991.43
bar,2025-06-19,credito_4x,1,4,103.74,0.035,2025-07-19,100.11
bar,2025-06-19,credito_4x,2,4,103.74,0.035,2025-08-18,100.11
bar,2025-06-19,credito_4x,3,4,103.74,0.035,2025-09-17,100.11
bar,2025-06-19,credito_4x,4,4,103.74,0.035,2025-10-17,100.11
bar,2025-06-20,pix,1,1,1951.57,0.0,2025-06-20,1951.57
bar,2025-06-20,debito,1,1,1580.86,0.012,2025-06-21,1561.89
bar,2025-06-20,credito_vista,1,1,1550.97,0.025,2025-07-20,1512.2
bar,2025-06-20,credito_4x,1,4,203.11,0.035,2025-07-20,196.0
bar,2025-06-20,credito_4x,2,4,203.11,0.035,2025-08-19,196.0
bar,2025-06-20,credito_4x,3,4,203.11,0.035,2025-09-18,196.0
bar,2025-06-20,credito_4x,4,4,203.11,0.035,2025-10-18,196.0
bar,2025-06-21,pix,1,1,2092.7,0.0,2025-06-21,2092.7
bar,2025-06-21,debito,1,1,1938.39,0.012,2025-06-22,1915.13
bar,2025-06-21,credito_vista,1,1,1545.83,0.025,2025-07-21,1507.18
bar,2025-06-21,credito_4x,1,4,259.34,0.035,2025-07-21,250.26
bar,2025-06-21,credito_4x,2,4,259.34,0.035,2025-08-20,250.26
bar,2025-06-21,credito_4x,3,4,259.34,0.035,2025-09-19,250.26
bar,2025-06-21,credito_4x,4,4,259.34,0.035,2025-10-19,250.26
bar,2025-06-22,pix,1,1,937.64,0.0,2025-06-22,937.64
bar,2025-06-22,debito,1,1,722.92,0.012,2025-06-23,714.25
bar,2025-06-22,credito_vista,1,1,697.8,0.025,2025-07-22,680.36
bar,2025-06-22,credito_4x,1,4,66.08,0.035,2025-07-22,63.77
bar,2025-06-22,credito_4x,2,4,66.08,0.035,2025-08-21,63.77
bar,2025-06-22,credito_4x,3,4,66.08,0.035,2025-09-20,63.77
bar,2025-06-22,credito_4x,4,4,66.08,0.035,2025-10-20,63.77
bar,2025-06-23,pix,1,1,1112.01,0.0,2025-06-23,1112.01
bar,2025-06-23,debito,1,1,906.99,0.012,2025-06-24,896.11
bar,2025-06-23,credito_vista,1,1,783.75,0.025,2025-07-23,764.16
bar,2025-06-23,credito_4x,1,4,74.19,0.035,2025-07-23,71.59
bar,2025-06-23,credito_4x,2,4,74.19,0.035,2025-08-22,71.59
bar,2025-06-23,credito_4x,3,4,74.19,0.035,2025-09-21,71.59
bar,2025-06-23,credito_4x,4,4,74.19,0.035,2025-10-21,71.59
bar,2025-06-24,pix,1,1,981.73,0.0,2025-06-24,981.73
bar,2025-06-24,debito,1,1,859.78,0.012,2025-06-25,849.47
bar,2025-06-24,credito_vista,1,1,740.74,0.025,2025-07-24,722.22
bar,2025-06-24,credito_4x,1,4,78.68,0.035,2025-07-24,75.93
bar,2025-06-24,credito_4x,2,4,78.68,0.035,2025-08-23,75.93
bar,2025-06-24,credito_4x,3,4,78.68,0.035,2025-09-22,75.93
bar,2025-06-24,credito_4x,4,4,78.68,0.035,2025-10-22,75.93
bar,2025-06-25,pix,1,1,1025.88,0.0,2025-06-25,1025.88
bar,2025-06-25,debito,1,1,590.41,0.012,2025-06-26,583.33
bar,2025-06-25,credito_vista,1,1,623.27,0.025,2025-07-25,607.68
bar,2025-06-25,credito_4x,1,4,86.47,0.035,2025-07-25,83.44
bar,2025-06-25,credito_4x,2,4,86.47,0.035,2025-08-24,83.44
bar,2025-06-25,credito_4x,3,4,86.47,0.035,2025-09-23,83.44
bar,2025-06-25,credito_4x,4,4,86.47,0.035,2025-10-23,83.44
bar,2025-06-26,pix,1,1,803.77,0.0,2025-06-26,803.77
bar,2025-06-26,debito,1,1,829.45,0.012,2025-06-27,819.5
bar,2025-06-26,credito_vista,1,1,902.24,0.025,2025-07-26,879.69
bar,2025-06-26,credito_4x,1,4,80.78,0.035,2025-07-26,77.95
bar,2025-06-26,credito_4x,2,4,80.78,0.035,2025-08-25,77.95
bar,2025-06-26,credito_4x,3,4,80.78,0.035,2025-09-24,77.95
bar,2025-06-26,credito_4x,4,4,80.78,0.035,2025-10-24,77.95
bar,2025-06-27,pix,1,1,1958.15,0.0,2025-06-27,1958.15
bar,2025-06-27,debito,1,1,1440.1,0.012,2025-06-28,1422.81
bar,2025-06-27,credito_vista,1,1,1567.7,0.025,2025-07-27,1528.51
bar,2025-06-27,credito_4x,1,4,141.34,0.035,2025-07-27,136.39
bar,2025-06-27,credito_4x,2,4,141.34,0.035,2025-08-26,136.39
bar,2025-06-27,credito_4x,3,4,141.34,0.035,2025-09-25,136.39
bar,2025-06-27,credito_4x,4,4,141.34,0.035,2025-10-25,136.39
bar,2025-06-28,pix,1,1,2929.33,0.0,2025-06-28,2929.33
bar,2025-06-28,debito,1,1,1971.21,0.012,2025-06-29,1947.56
bar,2025-06-28,credito_vista,1,1,1517.55,0.025,2025-07-28,1479.61
bar,2025-06-28,credito_4x,1,4,233.07,0.035,2025-07-28,224.91
bar,2025-06-28,credito_4x,2,4,233.07,0.035,2025-08-27,224.91
bar,2025-06-28,credito_4x,3,4,233.07,0.035,2025-09-26,224.91
bar,2025-06-28,credito_4x,4,4,233.07,0.035,2025-10-26,224.91
bar,2025-06-29,pix,1,1,834.88,0.0,2025-06-29,834.88
bar,2025-06-29,debito,1,1,691.68,0.012,2025-06-30,683.38
bar,2025-06-29,credito_vista,1,1,752.2,0.025,2025-07-29,733.4
bar,2025-06-29,credito_4x,1,4,95.14,0.035,2025-07-29,91.81
bar,2025-06-29,credito_4x,2,4,95.14,0.035,2025-08-28,91.81
bar,2025-06-29,credito_4x,3,4,95.14,0.035,2025-09-27,91.81
bar,2025-06-29,credito_4x,4,4,95.14,0.035,2025-10-27,91.81
bar,2025-06-30,pix,1,1,910.86,0.0,2025-06-30,910.86
bar,2025-06-30,debito,1,1,790.0,0.012,2025-07-01,780.52
bar,2025-06-30,credito_vista,1,1,600.03,0.025,2025-07-30,585.03
bar,2025-06-30,credito_4x,1,4,61.75,0.035,2025-07-30,59.59
bar,2025-06-30,credito_4x,2,4,61.75,0.035,2025-08-29,59.59
bar,2025-06-30,credito_4x,3,4,61.75,0.035,2025-09-28,59.59
bar,2025-06-30,credito_4x,4,4,61.75,0.035,2025-10-28,59.59
bar,2025-07-01,pix,1,1,1250.75,0.0,2025-07-01,1250.75
bar,2025-07-01,debito,1,1,825.67,0.012,2025-07-02,815.76
bar,2025-07-01,credito_vista,1,1,749.96,0.025,2025-07-31,731.21
bar,2025-07-01,credito_4x,1,4,178.05,0.035,2025-07-31,171.82
bar,2025-07-01,credito_4x,2,4,178.05,0.035,2025-08-30,171.82
bar,2025-07-01,credito_4x,3,4,178.05,0.035,2025-09-29,171.82
bar,2025-07-01,credito_4x,4,4,178.05,0.035,2025-10-29,171.82
bar,2025-07-02,pix,1,1,1695.29,0.0,2025-07-02,1695.29
bar,2025-07-02,debito,1,1,1293.46,0.012,2025-07-03,1277.94
bar,2025-07-02,credito_vista,1,1,1178.2,0.025,2025-08-01,1148.74
bar,2025-07-02,credito_4x,1,4,106.66,0.035,2025-08-01,102.93
bar,2025-07-02,credito_4x,2,4,106.66,0.035,2025-08-31,102.93
bar,2025-07-02,credito_4x,3,4,106.66,0.035,2025-09-30,102.93
bar,2025-07-02,credito_4x,4,4,106.66,0.035,2025-10-30,102.93
bar,2025-07-03,pix,1,1,1484.52,0.0,2025-07-03,1484.52
bar,2025-07-03,debito,1,1,1131.08,0.012,2025-07-04,1117.51
bar,2025-07-03,credito_vista,1,1,1253.6,0.025,2025-08-02,1222.26
bar,2025-07-03,credito_4x,1,4,140.0,0.035,2025-08-02,135.1
bar,2025-07-03,credito_4x,2,4,140.0,0.035,2025-09-01,135.1
bar,2025-07-03,credito_4x,3,4,140.0,0.035,2025-10-01,135.1
bar,2025-07-03,credito_4x,4,4,140.0,0.035,2025-10-31,135.1
bar,2025-07-04,pix,1,1,2181.96,0.0,2025-07-04,2181.96
bar,2025-07-04,debito,1,1,1408.89,0.012,2025-07-05,1391.99
bar,2025-07-04,credito_vista,1,1,1753.13,0.025,2025-08-03,1709.3
bar,2025-07-04,credito_4x,1,4,197.63,0.035,2025-08-03,190.71
bar,2025-07-04,credito_4x,2,4,197.63,0.035,2025-09-02,190.71
bar,2025-07-04,credito_4x,3,4,197.63,0.035,2025-10-02,190.71
bar,2025-07-04,credito_4x,4,4,197.63,0.035,2025-11-01,190.71
bar,2025-07-05,pix,1,1,2348.3,0.0,2025-07-05,2348.3
bar,2025-07-05,debito,1,1,2706.59,0.012,2025-07-06,2674.11
bar,2025-07-05,credito_vista,1,1,2006.13,0.025,2025-08-04,1955.98
bar,2025-07-05,credito_4x,1,4,335.03,0.035,2025-08-04,323.3
bar,2025-07-05,credito_4x,2,4,335.03,0.035,2025-09-03,323.3
bar,2025-07-05,credito_4x,3,4,335.03,0.035,2025-10-03,323.3
bar,2025-07-05,credito_4x,4,4,335.03,0.035,2025-11-02,323.3
bar,2025-07-06,pix,1,1,1147.48,0.0,2025-07-06,1147.48
bar,2025-07-06,debito,1,1,874.92,0.012,2025-07-07,864.43
bar,2025-07-06,credito_vista,1,1,911.51,0.025,2025-08-05,888.72
bar,2025-07-06,credito_4x,1,4,104.34,0.035,2025-08-05,100.69
bar,2025-07-06,credito_4x,2,4,104.34,0.035,2025-09-04,100.69
bar,2025-07-06,credito_4x,3,4,104.34,0.035,2025-10-04,100.69
bar,2025-07-06,credito_4x,4,4,104.34,0.035,2025-11-03,100.69
bar,2025-07-07,pix,1,1,1355.45,0.0,2025-07-07,1355.45
bar,2025-07-07,debito,1,1,1239.28,0.012,2025-07-08,1224.4
bar,2025-07-07,credito_vista,1,1,780.81,0.025,2025-08-06,761.29
bar,2025-07-07,credito_4x,1,4,123.53,0.035,2025-08-06,119.21
bar,2025-07-07,credito_4x,2,4,123.53,0.035,2025-09-05,119.21
bar,2025-07-07,credito_4x,3,4,123.53,0.035,2025-10-05,119.21
bar,2025-07-07,credito_4x,4,4,123.53,0.035,2025-11-04,119.21
bar,2025-07-08,pix,1,1,1079.99,0.0,2025-07-08,1079.99
bar,2025-07-08,debito,1,1,935.53,0.012,2025-07-09,924.31
bar,2025-07-08,credito_vista,1,1,1095.37,0.025,2025-08-07,1067.98
bar,2025-07-08,credito_4x,1,4,86.88,0.035,2025-08-07,83.84
bar,2025-07-08,credito_4x,2,4,86.88,0.035,2025-09-06,83.84
bar,2025-07-08,credito_4x,3,4,86.88,0.035,2025-10-06,83.84
bar,2025-07-08,credito_4x,4,4,86.88,0.035,2025-11-05,83.84
bar,2025-07-09,pix,1,1,1035.7,0.0,2025-07-09,1035.7
bar,2025-07-09,debito,1,1,917.85,0.012,2025-07-10,906.83
bar,2025-07-09,credito_vista,1,1,807.32,0.025,2025-08-08,787.14
bar,2025-07-09,credito_4x,1,4,87.39,0.035,2025-08-08,84.33
bar,2025-07-09,credito_4x,2,4,87.39,0.035,2025-09-07,84.33
bar,2025-07-09,credito_4x,3,4,87.39,0.035,2025-10-07,84.33
bar,2025-07-09,credito_4x,4,4,87.39,0.035,2025-11-06,84.33
bar,2025-07-10,pix,1,1,1180.91,0.0,2025-07-10,1180.91
bar,2025-07-10,debito,1,1,1019.9,0.012,2025-07-11,1007.66
bar,2025-07-10,credito_vista,1,1,780.3,0.025,2025-08-09,760.79
bar,2025-07-10,credito_4x,1,4,99.89,0.035,2025-08-09,96.4
bar,2025-07-10,credito_4x,2,4,99.89,0.035,2025-09-08,96.4
bar,2025-07-10,credito_4x,3,4,99.89,0.035,2025-10-08,96.4
bar,2025-07-10,credito_4x,4,4,99.89,0.035,2025-11-07,96.4
bar,2025-07-11,pix,1,1,2927.65,0.0,2025-07-11,2927.65
bar,2025-07-11,debito,1,1,1960.34,0.012,2025-07-12,1936.82
bar,2025-07-11,credito_vista,1,1,1741.87,0.025,2025-08-10,1698.32
bar,2025-07-11,credito_4x,1,4,181.36,0.035,2025-08-10,175.01
bar,2025-07-11,credito_4x,2,4,181.36,0.035,2025-09-09,175.01
bar,2025-07-11,credito_4x,3,4,181.36,0.035,2025-10-09,175.01
bar,2025-07-11,credito_4x,4,4,181.36,0.035,2025-11-08,175.01
bar,2025-07-12,pix,1,1,2551.54,0.0,2025-07-12,2551.54
bar,2025-07-12,debito,1,1,2403.21,0.012,2025-07-13,2374.38
bar,2025-07-12,credito_vista,1,1,2255.52,0.025,2025-08-11,2199.14
bar,2025-07-12,credito_4x,1,4,241.87,0.035,2025-08-11,233.4
bar,2025-07-12,credito_4x,2,4,241.87,0.035,2025-09-10,233.4
bar,2025-07-12,credito_4x,3,4,241.87,0.035,2025-10-10,233.4
bar,2025-07-12,credito_4x,4,4,241.87,0.035,2025-11-09,233.4
bar,2025-07-13,pix,1,1,1223.38,0.0,2025-07-13,1223.38
bar,2025-07-13,debito,1,1,661.05,0.012,2025-07-14,653.12
bar,2025-07-13,credito_vista,1,1,591.21,0.025,2025-08-12,576.43
bar,2025-07-13,credito_4x,1,4,71.85,0.035,2025-08-12,69.33
bar,2025-07-13,credito_4x,2,4,71.85,0.035,2025-09-11,69.33
bar,2025-07-13,credito_4x,3,4,71.85,0.035,2025-10-11,69.33
bar,2025-07-13,credito_4x,4,4,71.85,0.035,2025-11-10,69.33
bar,2025-07-14,pix,1,1,919.12,0.0,2025-07-14,919.12
bar,2025-07-14,debito,1,1,676.75,0.012,2025-07-15,668.63
bar,2025-07-14,credito_vista,1,1,730.21,0.025,2025-08-13,711.96
bar,2025-07-14,credito_4x,1,4,86.78,0.035,2025-08-13,83.74
bar,2025-07-14,credito_4x,2,4,86.78,0.035,2025-09-12,83.74
bar,2025-07-14,credito_4x,3,4,86.78,0.035,2025-10-12,83.74
bar,2025-07-14,credito_4x,4,4,86.78,0.035,2025-11-11,83.74
bar,2025-07-15,pix,1,1,1271.97,0.0,2025-07-15,1271.97
bar,2025-07-15,debito,1,1,895.26,0.012,2025-07-16,884.51
bar,2025-07-15,credito_vista,1,1,1069.93,0.025,2025-08-14,1043.18
bar,2025-07-15,credito_4x,1,4,115.89,0.035,2025-08-14,111.84
bar,2025-07-15,credito_4x,2,4,115.89,0.035,2025-09-13,111.84
bar,2025-07-15,credito_4x,3,4,115.89,0.035,2025-10-13,111.84
bar,2025-07-15,credito_4x,4,4,115.89,0.035,2025-11-12,111.84
bar,2025-07-16,pix,1,1,1272.58,0.0,2025-07-16,1272.58
bar,2025-07-16,debito,1,1,677.51,0.012,2025-07-17,669.38
bar,2025-07-16,credito_vista,1,1,615.94,0.025,2025-08-15,600.54
bar,2025-07-16,credito_4x,1,4,74.87,0.035,2025-08-15,72.25
bar,2025-07-16,credito_4x,2,4,74.87,0.035,2025-09-14,72.25
bar,2025-07-16,credito_4x,3,4,74.87,0.035,2025-10-14,72.25
bar,2025-07-16,credito_4x,4,4,74.87,0.035,2025-11-13,72.25
bar,2025-07-17,pix,1,1,1054.73,0.0,2025-07-17,1054.73
bar,2025-07-17,debito,1,1,888.65,0.012,2025-07-18,877.99
bar,2025-07-17,credito_vista,1,1,840.96,0.025,2025-08-16,819.94
bar,2025-07-17,credito_4x,1,4,134.2,0.035,2025-08-16,129.51
bar,2025-07-17,credito_4x,2,4,134.2,0.035,2025-09-15,129.51
bar,2025-07-17,credito_4x,3,4,134.2,0.035,2025-10-15,129.51
bar,2025-07-17,credito_4x,4,4,134.2,0.035,2025-11-14,129.51
bar,2025-07-18,pix,1,1,1867.41,0.0,2025-07-18,1867.41
bar,2025-07-18,debito,1,1,1524.45,0.012,2025-07-19,1506.15
bar,2025-07-18,credito_vista,1,1,1784.38,0.025,2025-08-17,1739.77
bar,2025-07-18,credito_4x,1,4,309.09,0.035,2025-08-17,298.27
bar,2025-07-18,credito_4x,2,4,309.09,0.035,2025-09-16,298.27
bar,2025-07-18,credito_4x,3,4,309.09,0.035,2025-10-16,298.27
bar,2025-07-18,credito_4x,4,4,309.09,0.035,2025-11-15,298.27
bar,2025-07-19,pix,1,1,2265.28,0.0,2025-07-19,2265.28
bar,2025-07-19,debito,1,1,1480.73,0.012,2025-07-20,1462.96
bar,2025-07-19,credito_vista,1,1,1621.26,0.025,2025-08-18,1580.73
bar,2025-07-19,credito_4x,1,4,174.28,0.035,2025-08-18,168.18
bar,2025-07-19,credito_4x,2,4,174.28,0.035,2025-09-17,168.18
bar,2025-07-19,credito_4x,3,4,174.28,0.035,2025-10-17,168.18
bar,2025-07-19,credito_4x,4,4,174.28,0.035,2025-11-16,168.18
bar,2025-07-20,pix,1,1,930.21,0.0,2025-07-20,930.21
bar,2025-07-20,debito,1,1,729.21,0.012,2025-07-21,720.46
bar,2025-07-20,credito_vista,1,1,739.11,0.025,2025-08-19,720.63
bar,2025-07-20,credito_4x,1,4,104.05,0.035,2025-08-19,100.41
bar,2025-07-20,credito_4x,2,4,104.05,0.035,2025-09-18,100.41
bar,2025-07-20,credito_4x,3,4,104.05,0.035,2025-10-18,100.41
bar,2025-07-20,credito_4x,4,4,104.05,0.035,2025-11-17,100.41
bar,2025-07-21,pix,1,1,824.13,0.0,2025-07-21,824.13
bar,2025-07-21,debito,1,1,780.06,0.012,2025-07-22,770.7
bar,2025-07-21,credito_vista,1,1,744.48,0.025,2025-08-20,725.87
bar,2025-07-21,credito_4x,1,4,99.02,0.035,2025-08-20,95.55
bar,2025-07-21,credito_4x,2,4,99.02,0.035,2025-09-19,95.55
bar,2025-07-21,credito_4x,3,4,99.02,0.035,2025-10-19,95.55
bar,2025-07-21,credito_4x,4,4,99.02,0.035,2025-11-18,95.55
bar,2025-07-22,pix,1,1,1022.75,0.0,2025-07-22,1022.75
bar,2025-07-22,debito,1,1,940.68,0.012,2025-07-23,929.39
bar,2025-07-22,credito_vista,1,1,793.38,0.025,2025-08-21,773.55
bar,2025-07-22,credito_4x,1,4,101.75,0.035,2025-08-21,98.19
bar,2025-07-22,credito_4x,2,4,101.75,0.035,2025-09-20,98.19
bar,2025-07-22,credito_4x,3,4,101.75,0.035,2025-10-20,98.19
bar,2025-07-22,credito_4x,4,4,101.75,0.035,2025-11-19,98.19
bar,2025-07-23,pix,1,1,1376.36,0.0,2025-07-23,1376.36
bar,2025-07-23,debito,1,1,959.14,0.012,2025-07-24,947.63
bar,2025-07-23,credito_vista,1,1,1062.2,0.025,2025-08-22,1035.64
bar,2025-07-23,credito_4x,1,4,182.76,0.035,2025-08-22,176.36
bar,2025-07-23,credito_4x,2,4,182.76,0.035,2025-09-21,176.36
bar,2025-07-23,credito_4x,3,4,182.76,0.035,2025-10-21,176.36
bar,2025-07-23,credito_4x,4,4,182.76,0.035,2025-11-20,176.36
bar,2025-07-24,pix,1,1,1483.37,0.0,2025-07-24,1483.37
bar,2025-07-24,debito,1,1,957.64,0.012,2025-07-25,946.14
bar,2025-07-24,credito_vista,1,1,932.14,0.025,2025-08-23,908.84
bar,2025-07-24,credito_4x,1,4,121.1,0.035,2025-08-23,116.86
bar,2025-07-24,credito_4x,2,4,121.1,0.035,2025-09-22,116.86
bar,2025-07-24,credito_4x,3,4,121.1,0.035,2025-10-22,116.86
bar,2025-07-24,credito_4x,4,4,121.1,0.035,2025-11-21,116.86
bar,2025-07-25,pix,1,1,1779.11,0.0,2025-07-25,1779.11
bar,2025-07-25,debito,1,1,1934.94,0.012,2025-07-26,1911.72
bar,2025-07-25,credito_vista,1,1,1240.03,0.025,2025-08-24,1209.03
bar,2025-07-25,credito_4x,1,4,193.14,0.035,2025-08-24,186.38
bar,2025-07-25,credito_4x,2,4,193.14,0.035,2025-09-23,186.38
bar,2025-07-25,credito_4x,3,4,193.14,0.035,2025-10-23,186.38
bar,2025-07-25,credito_4x,4,4,193.14,0.035,2025-11-22,186.38
bar,2025-07-26,pix,1,1,1208.35,0.0,2025-07-26,1208.35
bar,2025-07-26,debito,1,1,1209.98,0.012,2025-07-27,1195.46
bar,2025-07-26,credito_vista,1,1,972.18,0.025,2025-08-25,947.88
bar,2025-07-26,credito_4x,1,4,148.86,0.035,2025-08-25,143.65
bar,2025-07-26,credito_4x,2,4,148.86,0.035,2025-09-24,143.65
bar,2025-07-26,credito_4x,3,4,148.86,0.035,2025-10-24,143.65
bar,2025-07-26,credito_4x,4,4,148.86,0.035,2025-11-23,143.65
bar,2025-07-27,pix,1,1,918.34,0.0,2025-07-27,918.34
bar,2025-07-27,debito,1,1,696.7,0.012,2025-07-28,688.34
bar,2025-07-27,credito_vista,1,1,718.68,0.025,2025-08-26,700.71
bar,2025-07-27,credito_4x,1,4,40.86,0.035,2025-08-26,39.43
bar,2025-07-27,credito_4x,2,4,40.86,0.035,2025-09-25,39.43
bar,2025-07-27,credito_4x,3,4,40.86,0.035,2025-10-25,39.43
bar,2025-07-27,credito_4x,4,4,40.86,0.035,2025-11-24,39.43
bar,2025-07-28,pix,1,1,755.11,0.0,2025-07-28,755.11
bar,2025-07-28,debito,1,1,651.57,0.012,2025-07-29,643.75
bar,2025-07-28,credito_vista,1,1,617.35,0.025,2025-08-27,601.92
bar,2025-07-28,credito_4x,1,4,42.74,0.035,2025-08-27,41.24
bar,2025-07-28,credito_4x,2,4,42.74,0.035,2025-09-26,41.24
bar,2025-07-28,credito_4x,3,4,42.74,0.035,2025-10-26,41.24
bar,2025-07-28,credito_4x,4,4,42.74,0.035,2025-11-25,41.24
bar,2025-07-29,pix,1,1,773.88,0.0,2025-07-29,773.88
bar,2025-07-29,debito,1,1,658.69,0.012,2025-07-30,650.78
bar,2025-07-29,credito_vista,1,1,571.42,0.025,2025-08-28,557.13
bar,2025-07-29,credito_4x,1,4,48.43,0.035,2025-08-28,46.73
bar,2025-07-29,credito_4x,2,4,48.43,0.035,2025-09-27,46.73
bar,2025-07-29,credito_4x,3,4,48.43,0.035,2025-10-27,46.73
bar,2025-07-29,credito_4x,4,4,48.43,0.035,2025-11-26,46.73
bar,2025-07-30,pix,1,1,776.26,0.0,2025-07-30,776.26
bar,2025-07-30,debito,1,1,807.09,0.012,2025-07-31,797.41
bar,2025-07-30,credito_vista,1,1,740.5,0.025,2025-08-29,721.99
bar,2025-07-30,credito_4x,1,4,79.95,0.035,2025-08-29,77.15
bar,2025-07-30,credito_4x,2,4,79.95,0.035,2025-09-28,77.15
bar,2025-07-30,credito_4x,3,4,79.95,0.035,2025-10-28,77.15
bar,2025-07-30,credito_4x,4,4,79.95,0.035,2025-11-27,77.15
bar,2025-07-31,pix,1,1,1070.55,0.0,2025-07-31,1070.55
bar,2025-07-31,debito,1,1,921.09,0.012,2025-08-01,910.03
bar,2025-07-31,credito_vista,1,1,799.03,0.025,2025-08-30,779.06
bar,2025-07-31,credito_4x,1,4,109.56,0.035,2025-08-30,105.72
bar,2025-07-31,credito_4x,2,4,109.56,0.035,2025-09-29,105.72
bar,2025-07-31,credito_4x,3,4,109.56,0.035,2025-10-29,105.72
bar,2025-07-31,credito_4x,4,4,109.56,0.035,2025-11-28,105.72
bar,2025-08-01,pix,1,1,2496.54,0.0,2025-08-01,2496.54
bar,2025-08-01,debito,1,1,2489.76,0.012,2025-08-02,2459.88
bar,2025-08-01,credito_vista,1,1,1536.97,0.025,2025-08-31,1498.55
bar,2025-08-01,credito_4x,1,4,170.41,0.035,2025-08-31,164.45
bar,2025-08-01,credito_4x,2,4,170.41,0.035,2025-09-30,164.45
bar,2025-08-01,credito_4x,3,4,170.41,0.035,2025-10-30,164.45
bar,2025-08-01,credito_4x,4,4,170.41,0.035,2025-11-29,164.45
bar,2025-08-02,pix,1,1,1290.01,0.0,2025-08-02,1290.01
bar,2025-08-02,debito,1,1,1609.35,0.012,2025-08-03,1590.04
bar,2025-08-02,credito_vista,1,1,1849.96,0.025,2025-09-01,1803.71
bar,2025-08-02,credito_4x,1,4,211.01,0.035,2025-09-01,203.62
bar,2025-08-02,credito_4x,2,4,211.01,0.035,2025-10-01,203.62
bar,2025-08-02,credito_4x,3,4,211.01,0.035,2025-10-31,203.62
bar,2025-08-02,credito_4x,4,4,211.01,0.035,2025-11-30,203.62
bar,2025-08-03,pix,1,1,1046.61,0.0,2025-08-03,1046.61
bar,2025-08-03,debito,1,1,933.81,0.012,2025-08-04,922.6
bar,2025-08-03,credito_vista,1,1,774.41,0.025,2025-09-02,755.05
bar,2025-08-03,credito_4x,1,4,77.73,0.035,2025-09-02,75.01
bar,2025-08-03,credito_4x,2,4,77.73,0.035,2025-10-02,75.01
bar,2025-08-03,credito_4x,3,4,77.73,0.035,2025-11-01,75.01
bar,2025-08-03,credito_4x,4,4,77.73,0.035,2025-12-01,75.01
bar,2025-08-04,pix,1,1,1127.71,0.0,2025-08-04,1127.71
bar,2025-08-04,debito,1,1,752.42,0.012,2025-08-05,743.4
bar,2025-08-04,credito_vista,1,1,772.85,0.025,2025-09-03,753.53
bar,2025-08-04,credito_4x,1,4,43.54,0.035,2025-09-03,42.02
bar,2025-08-04,credito_4x,2,4,43.54,0.035,2025-10-03,42.02
bar,2025-08-04,credito_4x,3,4,43.54,0.035,2025-11-02,42.02
bar,2025-08-04,credito_4x,4,4,43.54,0.035,2025-12-02,42.02
bar,2025-08-05,pix,1,1,882.86,0.0,2025-08-05,882.86
bar,2025-08-05,debito,1,1,993.86,0.012,2025-08-06,981.94
bar,2025-08-05,credito_vista,1,1,790.1,0.025,2025-09-04,770.34
bar,2025-08-05,credito_4x,1,4,108.95,0.035,2025-09-04,105.13
bar,2025-08-05,credito_4x,2,4,108.95,0.035,2025-10-04,105.13
bar,2025-08-05,credito_4x,3,4,108.95,0.035,2025-11-03,105.13
bar,2025-08-05,credito_4x,4,4,108.95,0.035,2025-12-03,105.13
bar,2025-08-06,pix,1,1,1150.82,0.0,2025-08-06,1150.82
bar,2025-08-06,debito,1,1,1441.22,0.012,2025-08-07,1423.93
bar,2025-08-06,credito_vista,1,1,1081.95,0.025,2025-09-05,1054.9
bar,2025-08-06,credito_4x,1,4,144.0,0.035,2025-09-05,138.96
bar,2025-08-06,credito_4x,2,4,144.0,0.035,2025-10-05,138.96
bar,2025-08-06,credito_4x,3,4,144.0,0.035,2025-11-04,138.96
bar,2025-08-06,credito_4x,4,4,144.0,0.035,2025-12-04,138.96
bar,2025-08-07,pix,1,1,1175.96,0.0,2025-08-07,1175.96
bar,2025-08-07,debito,1,1,1411.08,0.012,2025-08-08,1394.15
bar,2025-08-07,credito_vista,1,1,1144.38,0.025,2025-09-06,1115.77
bar,2025-08-07,credito_4x,1,4,181.58,0.035,2025-09-06,175.23
bar,2025-08-07,credito_4x,2,4,181.58,0.035,2025-10-06,175.23
bar,2025-08-07,credito_4x,3,4,181.58,0.035,2025-11-05,175.23
bar,2025-08-07,credito_4x,4,4,181.58,0.035,2025-12-05,175.23
bar,2025-08-08,pix,1,1,2817.28,0.0,2025-08-08,2817.28
bar,2025-08-08,debito,1,1,2128.01,0.012,2025-08-09,2102.47
bar,2025-08-08,credito_vista,1,1,1667.9,0.025,2025-09-07,1626.2
bar,2025-08-08,credito_4x,1,4,234.52,0.035,2025-09-07,226.31
bar,2025-08-08,credito_4x,2,4,234.52,0.035,2025-10-07,226.31
bar,2025-08-08,credito_4x,3,4,234.52,0.035,2025-11-06,226.31
bar,2025-08-08,credito_4x,4,4,234.52,0.035,2025-12-06,226.31
bar,2025-08-09,pix,1,1,2261.79,0.0,2025-08-09,2261.79
bar,2025-08-09,debito,1,1,1978.28,0.012,2025-08-10,1954.54
bar,2025-08-09,credito_vista,1,1,1416.81,0.025,2025-09-08,1381.39
bar,2025-08-09,credito_4x,1,4,278.95,0.035,2025-09-08,269.19
bar,2025-08-09,credito_4x,2,4,278.95,0.035,2025-10-08,269.19
bar,2025-08-09,credito_4x,3,4,278.95,0.035,2025-11-07,269.19
bar,2025-08-09,credito_4x,4,4,278.95,0.035,2025-12-07,269.19
bar,2025-08-10,pix,1,1,1086.3,0.0,2025-08-10,1086.3
bar,2025-08-10,debito,1,1,688.69,0.012,2025-08-11,680.42
bar,2025-08-10,credito_vista,1,1,615.72,0.025,2025-09-09,600.33
bar,2025-08-10,credito_4x,1,4,80.84,0.035,2025-09-09,78.01
bar,2025-08-10,credito_4x,2,4,80.84,0.035,2025-10-09,78.01
bar,2025-08-10,credito_4x,3,4,80.84,0.035,2025-11-08,78.01
bar,2025-08-10,credito_4x,4,4,80.84,0.035,2025-12-08,78.01
bar,2025-08-11,pix,1,1,866.65,0.0,2025-08-11,866.65
bar,2025-08-11,debito,1,1,798.33,0.012,2025-08-12,788.75
bar,2025-08-11,credito_vista,1,1,696.05,0.025,2025-09-10,678.65
bar,2025-08-11,credito_4x,1,4,74.71,0.035,2025-09-10,72.09
bar,2025-08-11,credito_4x,2,4,74.71,0.035,2025-10-10,72.09
bar,2025-08-11,credito_4x,3,4,74.71,0.035,2025-11-09,72.09
bar,2025-08-11,credito_4x,4,4,74.71,0.035,2025-12-09,72.09
bar,2025-08-12,pix,1,1,906.77,0.0,2025-08-12,906.77
bar,2025-08-12,debito,1,1,997.07,0.012,2025-08-13,985.11
bar,2025-08-12,credito_vista,1,1,664.25,0.025,2025-09-11,647.64
bar,2025-08-12,credito_4x,1,4,121.29,0.035,2025-09-11,117.05
bar,2025-08-12,credito_4x,2,4,121.29,0.035,2025-10-11,117.05
bar,2025-08-12,credito_4x,3,4,121.29,0.035,2025-11-10,117.05
bar,2025-08-12,credito_4x,4,4,121.29,0.035,2025-12-10,117.05
bar,2025-08-13,pix,1,1,1099.79,0.0,2025-08-13,1099.79
bar,2025-08-13,debito,1,1,920.86,0.012,2025-08-14,909.81
bar,2025-08-13,credito_vista,1,1,952.14,0.025,2025-09-12,928.33
bar,2025-08-13,credito_4x,1,4,112.84,0.035,2025-09-12,108.89
bar,2025-08-13,credito_4x,2,4,112.84,0.035,2025-10-12,108.89
bar,2025-08-13,credito_4x,3,4,112.84,0.035,2025-11-11,108.89
bar,2025-08-13,credito_4x,4,4,112.84,0.035,2025-12-11,108.89
bar,2025-08-14,pix,1,1,1034.52,0.0,2025-08-14,1034.52
bar,2025-08-14,debito,1,1,867.74,0.012,2025-08-15,857.33
bar,2025-08-14,credito_vista,1,1,891.73,0.025,2025-09-13,869.44
bar,2025-08-14,credito_4x,1,4,81.24,0.035,2025-09-13,78.39
bar,2025-08-14,credito_4x,2,4,81.24,0.035,2025-10-13,78.39
bar,2025-08-14,credito_4x,3,4,81.24,0.035,2025-11-12,78.39
bar,2025-08-14,credito_4x,4,4,81.24,0.035,2025-12-12,78.39
bar,2025-08-15,pix,1,1,2361.96,0.0,2025-08-15,2361.96
bar,2025-08-15,debito,1,1,1326.81,0.012,2025-08-16,1310.89
bar,2025-08-15,credito_vista,1,1,1525.18,0.025,2025-09-14,1487.05
bar,2025-08-15,credito_4x,1,4,135.81,0.035,2025-09-14,131.06
bar,2025-08-15,credito_4x,2,4,135.81,0.035,2025-10-14,131.06
bar,2025-08-15,credito_4x,3,4,135.81,0.035,2025-11-13,131.06
bar,2025-08-15,credito_4x,4,4,135.81,0.035,2025-12-13,131.06
bar,2025-08-16,pix,1,1,2515.11,0.0,2025-08-16,2515.11
bar,2025-08-16,debito,1,1,1628.14,0.012,2025-08-17,1608.61
bar,2025-08-16,credito_vista,1,1,1829.07,0.025,2025-09-15,1783.34
bar,2025-08-16,credito_4x,1,4,126.04,0.035,2025-09-15,121.62
bar,2025-08-16,credito_4x,2,4,126.04,0.035,2025-10-15,121.62
bar,2025-08-16,credito_4x,3,4,126.04,0.035,2025-11-14,121.62
bar,2025-08-16,credito_4x,4,4,126.04,0.035,2025-12-14,121.62
bar,2025-08-17,pix,1,1,1335.5,0.0,2025-08-17,1335.5
bar,2025-08-17,debito,1,1,923.61,0.012,2025-08-18,912.52
bar,2025-08-17,credito_vista,1,1,1126.06,0.025,2025-09-16,1097.91
bar,2025-08-17,credito_4x,1,4,96.43,0.035,2025-09-16,93.06
bar,2025-08-17,credito_4x,2,4,96.43,0.035,2025-10-16,93.06
bar,2025-08-17,credito_4x,3,4,96.43,0.035,2025-11-15,93.06
bar,2025-08-17,credito_4x,4,4,96.43,0.035,2025-12-15,93.06
bar,2025-08-18,pix,1,1,1127.91,0.0,2025-08-18,1127.91
bar,2025-08-18,debito,1,1,978.07,0.012,2025-08-19,966.33
bar,2025-08-18,credito_vista,1,1,1011.89,0.025,2025-09-17,986.59
bar,2025-08-18,credito_4x,1,4,96.74,0.035,2025-09-17,93.36
bar,2025-08-18,credito_4x,2,4,96.74,0.035,2025-10-17,93.36
bar,2025-08-18,credito_4x,3,4,96.74,0.035,2025-11-16,93.36
bar,2025-08-18,credito_4x,4,4,96.74,0.035,2025-12-16,93.36
bar,2025-08-19,pix,1,1,949.75,0.0,2025-08-19,949.75
bar,2025-08-19,debito,1,1,698.46,0.012,2025-08-20,690.08
bar,2025-08-19,credito_vista,1,1,557.04,0.025,2025-09-18,543.11
bar,2025-08-19,credito_4x,1,4,86.95,0.035,2025-09-18,83.9
bar,2025-08-19,credito_4x,2,4,86.95,0.035,2025-10-18,83.9
bar,2025-08-19,credito_4x,3,4,86.95,0.035,2025-11-17,83.9
bar,2025-08-19,credito_4x,4,4,86.95,0.035,2025-12-17,83.9
bar,2025-08-20,pix,1,1,1020.82,0.0,2025-08-20,1020.82
bar,2025-08-20,debito,1,1,976.83,0.012,2025-08-21,965.11
bar,2025-08-20,credito_vista,1,1,756.27,0.025,2025-09-19,737.37
bar,2025-08-20,credito_4x,1,4,104.63,0.035,2025-09-19,100.96
bar,2025-08-20,credito_4x,2,4,104.63,0.035,2025-10-19,100.96
bar,2025-08-20,credito_4x,3,4,104.63,0.035,2025-11-18,100.96
bar,2025-08-20,credito_4x,4,4,104.63,0.035,2025-12-18,100.96
bar,2025-08-21,pix,1,1,1003.48,0.0,2025-08-21,1003.48
bar,2025-08-21,debito,1,1,993.82,0.012,2025-08-22,981.89
bar,2025-08-21,credito_vista,1,1,612.62,0.025,2025-09-20,597.31
bar,2025-08-21,credito_4x,1,4,69.92,0.035,2025-09-20,67.47
bar,2025-08-21,credito_4x,2,4,69.92,0.035,2025-10-20,67.47
bar,2025-08-21,credito_4x,3,4,69.92,0.035,2025-11-19,67.47
bar,2025-08-21,credito_4x,4,4,69.92,0.035,2025-12-19,67.47
bar,2025-08-22,pix,1,1,1774.98,0.0,2025-08-22,1774.98
bar,2025-08-22,debito,1,1,1349.36,0.012,2025-08-23,1333.16
bar,2025-08-22,credito_vista,1,1,1296.57,0.025,2025-09-21,1264.16
bar,2025-08-22,credito_4x,1,4,181.29,0.035,2025-09-21,174.94
bar,2025-08-22,credito_4x,2,4,181.29,0.035,2025-10-21,174.94
bar,2025-08-22,credito_4x,3,4,181.29,0.035,2025-11-20,174.94
bar,2025-08-22,credito_4x,4,4,181.29,0.035,2025-12-20,174.94
bar,2025-08-23,pix,1,1,2284.82,0.0,2025-08-23,2284.82
bar,2025-08-23,debito,1,1,2083.04,0.012,2025-08-24,2058.04
bar,2025-08-23,credito_vista,1,1,1619.38,0.025,2025-09-22,1578.89
bar,2025-08-23,credito_4x,1,4,133.26,0.035,2025-09-22,128.6
bar,2025-08-23,credito_4x,2,4,133.26,0.035,2025-10-22,128.6
bar,2025-08-23,credito_4x,3,4,133.26,0.035,2025-11-21,128.6
bar,2025-08-23,credito_4x,4,4,133.26,0.035,2025-12-21,128.6
bar,2025-08-24,pix,1,1,1078.1,0.0,2025-08-24,1078.1
bar,2025-08-24,debito,1,1,1026.66,0.012,2025-08-25,1014.34
bar,2025-08-24,credito_vista,1,1,773.08,0.025,2025-09-23,753.75
bar,2025-08-24,credito_4x,1,4,84.0,0.035,2025-09-23,81.06
bar,2025-08-24,credito_4x,2,4,84.0,0.035,2025-10-23,81.06
bar,2025-08-24,credito_4x,3,4,84.0,0.035,2025-11-22,81.06
bar,2025-08-24,credito_4x,4,4,84.0,0.035,2025-12-22,81.06
bar,2025-08-25,pix,1,1,689.49,0.0,2025-08-25,689.49
bar,2025-08-25,debito,1,1,672.57,0.012,2025-08-26,664.49
bar,2025-08-25,credito_vista,1,1,536.67,0.025,2025-09-24,523.26
bar,2025-08-25,credito_4x,1,4,70.29,0.035,2025-09-24,67.83
bar,2025-08-25,credito_4x,2,4,70.29,0.035,2025-10-24,67.83
bar,2025-08-25,credito_4x,3,4,70.29,0.035,2025-11-23,67.83
bar,2025-08-25,credito_4x,4,4,70.29,0.035,2025-12-23,67.83
bar,2025-08-26,pix,1,1,834.35,0.0,2025-08-26,834.35
bar,2025-08-26,debito,1,1,723.21,0.012,2025-08-27,714.53
bar,2025-08-26,credito_vista,1,1,569.78,0.025,2025-09-25,555.54
bar,2025-08-26,credito_4x,1,4,58.99,0.035,2025-09-25,56.93
bar,2025-08-26,credito_4x,2,4,58.99,0.035,2025-10-25,56.93
bar,2025-08-26,credito_4x,3,4,58.99,0.035,2025-11-24,56.93
bar,2025-08-26,credito_4x,4,4,58.99,0.035,2025-12-24,56.93
bar,2025-08-27,pix,1,1,635.16,0.0,2025-08-27,635.16
bar,2025-08-27,debito,1,1,558.92,0.012,2025-08-28,552.22
bar,2025-08-27,credito_vista,1,1,536.35,0.025,2025-09-26,522.95
bar,2025-08-27,credito_4x,1,4,70.34,0.035,2025-09-26,67.88
bar,2025-08-27,credito_4x,2,4,70.34,0.035,2025-10-26,67.88
bar,2025-08-27,credito_4x,3,4,70.34,0.035,2025-11-25,67.88
bar,2025-08-27,credito_4x,4,4,70.34,0.035,2025-12-25,67.88
bar,2025-08-28,pix,1,1,1196.34,0.0,2025-08-28,1196.34
bar,2025-08-28,debito,1,1,809.99,0.012,2025-08-29,800.27
bar,2025-08-28,credito_vista,1,1,843.05,0.025,2025-09-27,821.97
bar,2025-08-28,credito_4x,1,4,96.05,0.035,2025-09-27,92.69
bar,2025-08-28,credito_4x,2,4,96.05,0.035,2025-10-27,92.69
bar,2025-08-28,credito_4x,3,4,96.05,0.035,2025-11-26,92.69
bar,2025-08-28,credito_4x,4,4,96.05,0.035,2025-12-26,92.69
bar,2025-08-29,pix,1,1,1436.37,0.0,2025-08-29,1436.37
bar,2025-08-29,debito,1,1,1272.38,0.012,2025-08-30,1257.11
bar,2025-08-29,credito_vista,1,1,1061.84,0.025,2025-09-28,1035.29
bar,2025-08-29,credito_4x,1,4,119.79,0.035,2025-09-28,115.6
bar,2025-08-29,credito_4x,2,4,119.79,0.035,2025-10-28,115.6
bar,2025-08-29,credito_4x,3,4,119.79,0.035,2025-11-27,115.6
bar,2025-08-29,credito_4x,4,4,119.79,0.035,2025-12-27,115.6
bar,2025-08-30,pix,1,1,1895.23,0.0,2025-08-30,1895.23
bar,2025-08-30,debito,1,1,1230.13,0.012,2025-08-31,1215.37
bar,2025-08-30,credito_vista,1,1,1340.23,0.025,2025-09-29,1306.72
bar,2025-08-30,credito_4x,1,4,166.58,0.035,2025-09-29,160.75
bar,2025-08-30,credito_4x,2,4,166.58,0.035,2025-10-29,160.75
bar,2025-08-30,credito_4x,3,4,166.58,0.035,2025-11-28,160.75
bar,2025-08-30,credito_4x,4,4,166.58,0.035,2025-12-28,160.75
bar,2025-08-31,pix,1,1,793.61,0.0,2025-08-31,793.61
bar,2025-08-31,debito,1,1,618.19,0.012,2025-09-01,610.77
bar,2025-08-31,credito_vista,1,1,517.77,0.025,2025-09-30,504.82
bar,2025-08-31,credito_4x,1,4,46.79,0.035,2025-09-30,45.15
bar,2025-08-31,credito_4x,2,4,46.79,0.035,2025-10-30,45.15
bar,2025-08-31,credito_4x,3,4,46.79,0.035,2025-11-29,45.15
bar,2025-08-31,credito_4x,4,4,46.79,0.035,2025-12-29,45.15
bar,2025-09-01,pix,1,1,1017.4,0.0,2025-09-01,1017.4
bar,2025-09-01,debito,1,1,818.58,0.012,2025-09-02,808.75
bar,2025-09-01,credito_vista,1,1,802.54,0.025,2025-10-01,782.48
bar,2025-09-01,credito_4x,1,4,74.1,0.035,2025-10-01,71.51
bar,2025-09-01,credito_4x,2,4,74.1,0.035,2025-10-31,71.51
bar,2025-09-01,credito_4x,3,4,74.1,0.035,2025-11-30,71.51
bar,2025-09-01,credito_4x,4,4,74.1,0.035,2025-12-30,71.51
bar,2025-09-02,pix,1,1,957.3,0.0,2025-09-02,957.3
bar,2025-09-02,debito,1,1,661.68,0.012,2025-09-03,653.74
bar,2025-09-02,credito_vista,1,1,564.95,0.025,2025-10-02,550.83
bar,2025-09-02,credito_4x,1,4,40.82,0.035,2025-10-02,39.39
bar,2025-09-02,credito_4x,2,4,40.82,0.035,2025-11-01,39.39
bar,2025-09-02,credito_4x,3,4,40.82,0.035,2025-12-01,39.39
bar,2025-09-02,credito_4x,4,4,40.82,0.035,2025-12-31,39.39
bar,2025-09-03,pix,1,1,848.13,0.0,2025-09-03,848.13
bar,2025-09-03,debito,1,1,819.63,0.012,2025-09-04,809.79
bar,2025-09-03,credito_vista,1,1,834.21,0.025,2025-10-03,813.35
bar,2025-09-03,credito_4x,1,4,78.51,0.035,2025-10-03,75.76
bar,2025-09-03,credito_4x,2,4,78.51,0.035,2025-11-02,75.76
bar,2025-09-03,credito_4x,3,4,78.51,0.035,2025-12-02,75.76
bar,2025-09-03,credito_4x,4,4,78.51,0.035,2026-01-01,75.76
bar,2025-09-04,pix,1,1,2073.51,0.0,2025-09-04,2073.51
bar,2025-09-04,debito,1,1,1219.89,0.012,2025-09-05,1205.25
bar,2025-09-04,credito_vista,1,1,1375.25,0.025,2025-10-04,1340.87
bar,2025-09-04,credito_4x,1,4,163.09,0.035,2025-10-04,157.38
bar,2025-09-04,credito_4x,2,4,163.09,0.035,2025-11-03,157.38
bar,2025-09-04,credito_4x,3,4,163.09,0.035,2025-12-03,157.38
bar,2025-09-04,credito_4x,4,4,163.09,0.035,2026-01-02,157.38
bar,2025-09-05,pix,1,1,1781.71,0.0,2025-09-05,1781.71
bar,2025-09-05,debito,1,1,1388.99,0.012,2025-09-06,1372.32
bar,2025-09-05,credito_vista,1,1,1326.93,0.025,2025-10-05,1293.76
bar,2025-09-05,credito_4x,1,4,116.59,0.035,2025-10-05,112.51
bar,2025-09-05,credito_4x,2,4,116.59,0.035,2025-11-04,112.51
bar,2025-09-05,credito_4x,3,4,116.59,0.035,2025-12-04,112.51
bar,2025-09-05,credito_4x,4,4,116.59,0.035,2026-01-03,112.51
bar,2025-09-06,pix,1,1,2000.1,0.0,2025-09-06,2000.1
bar,2025-09-06,debito,1,1,1586.79,0.012,2025-09-07,1567.75
bar,2025-09-06,credito_vista,1,1,1356.6,0.025,2025-10-06,1322.68
bar,2025-09-06,credito_4x,1,4,181.26,0.035,2025-10-06,174.92
bar,2025-09-06,credito_4x,2,4,181.26,0.035,2025-11-05,174.92
bar,2025-09-06,credito_4x,3,4,181.26,0.035,2025-12-05,174.92
bar,2025-09-06,credito_4x,4,4,181.26,0.035,2026-01-04,174.92
bar,2025-09-07,pix,1,1,1279.0,0.0,2025-09-07,1279.0
bar,2025-09-07,debito,1,1,965.13,0.012,2025-09-08,953.55
bar,2025-09-07,credito_vista,1,1,1103.65,0.025,2025-10-07,1076.06
bar,2025-09-07,credito_4x,1,4,109.11,0.035,2025-10-07,105.29
bar,2025-09-07,credito_4x,2,4,109.11,0.035,2025-11-06,105.29
bar,2025-09-07,credito_4x,3,4,109.11,0.035,2025-12-06,105.29
bar,2025-09-07,credito_4x,4,4,109.11,0.035,2026-01-05,105.29
bar,2025-09-08,pix,1,1,1235.97,0.0,2025-09-08,1235.97
bar,2025-09-08,debito,1,1,1173.76,0.012,2025-09-09,1159.67
bar,2025-09-08,credito_vista,1,1,1210.58,0.025,2025-10-08,1180.31
bar,2025-09-08,credito_4x,1,4,159.27,0.035,2025-10-08,153.7
bar,2025-09-08,credito_4x,2,4,159.27,0.035,2025-11-07,153.7
bar,2025-09-08,credito_4x,3,4,159.27,0.035,2025-12-07,153.7
bar,2025-09-08,credito_4x,4,4,159.27,0.035,2026-01-06,153.7
bar,2025-09-09,pix,1,1,975.06,0.0,2025-09-09,975.06
bar,2025-09-09,debito,1,1,689.36,0.012,2025-09-10,681.09
bar,2025-09-09,credito_vista,1,1,705.59,0.025,2025-10-09,687.95
bar,2025-09-09,credito_4x,1,4,61.87,0.035,2025-10-09,59.7
bar,2025-09-09,credito_4x,2,4,61.87,0.035,2025-11-08,59.7
bar,2025-09-09,credito_4x,3,4,61.87,0.035,2025-12-08,59.7
bar,2025-09-09,credito_4x,4,4,61.87,0.035,2026-01-07,59.7
bar,2025-09-10,pix,1,1,1253.29,0.0,2025-09-10,1253.29
bar,2025-09-10,debito,1,1,882.53,0.012,2025-09-11,871.94
bar,2025-09-10,credito_vista,1,1,783.76,0.025,2025-10-10,764.16
bar,2025-09-10,credito_4x,1,4,119.74,0.035,2025-10-10,115.55
bar,2025-09-10,credito_4x,2,4,119.74,0.035,2025-11-09,115.55
bar,2025-09-10,credito_4x,3,4,119.74,0.035,2025-12-09,115.55
bar,2025-09-10,credito_4x,4,4,119.74,0.035,2026-01-08,115.55
bar,2025-09-11,pix,1,1,1515.94,0.0,2025-09-11,1515.94
bar,2025-09-11,debito,1,1,928.1,0.012,2025-09-12,916.97
bar,2025-09-11,credito_vista,1,1,976.56,0.025,2025-10-11,952.15
bar,2025-09-11,credito_4x,1,4,104.97,0.035,2025-10-11,101.29
bar,2025-09-11,credito_4x,2,4,104.97,0.035,2025-11-10,101.29
bar,2025-09-11,credito_4x,3,4,104.97,0.035,2025-12-10,101.29
bar,2025-09-11,credito_4x,4,4,104.97,0.035,2026-01-09,101.29
bar,2025-09-12,pix,1,1,2772.92,0.0,2025-09-12,2772.92
bar,2025-09-12,debito,1,1,1898.86,0.012,2025-09-13,1876.07
bar,2025-09-12,credito_vista,1,1,1534.64,0.025,2025-10-12,1496.27
bar,2025-09-12,credito_4x,1,4,203.15,0.035,2025-10-12,196.04
bar,2025-09-12,credito_4x,2,4,203.15,0.035,2025-11-11,196.04
bar,2025-09-12,credito_4x,3,4,203.15,0.035,2025-12-11,196.04
bar,2025-09-12,credito_4x,4,4,203.15,0.035,2026-01-10,196.04
bar,2025-09-13,pix,1,1,2021.26,0.0,2025-09-13,2021.26
bar,2025-09-13,debito,1,1,1393.65,0.012,2025-09-14,1376.93
bar,2025-09-13,credito_vista,1,1,1224.06,0.025,2025-10-13,1193.46
bar,2025-09-13,credito_4x,1,4,149.7,0.035,2025-10-13,144.46
bar,2025-09-13,credito_4x,2,4,149.7,0.035,2025-11-12,144.46
bar,2025-09-13,credito_4x,3,4,149.7,0.035,2025-12-12,144.46
bar,2025-09-13,credito_4x,4,4,149.7,0.035,2026-01-11,144.46
bar,2025-09-14,pix,1,1,775.46,0.0,2025-09-14,775.46
bar,2025-09-14,debito,1,1,705.13,0.012,2025-09-15,696.67
bar,2025-09-14,credito_vista,1,1,620.89,0.025,2025-10-14,605.36
bar,2025-09-14,credito_4x,1,4,122.06,0.035,2025-10-14,117.79
bar,2025-09-14,credito_4x,2,4,122.06,0.035,2025-11-13,117.79
bar,2025-09-14,credito_4x,3,4,122.06,0.035,2025-12-13,117.79
bar,2025-09-14,credito_4x,4,4,122.06,0.035,2026-01-12,117.79
bar,2025-09-15,pix,1,1,938.27,0.0,2025-09-15,938.27
bar,2025-09-15,debito,1,1,879.57,0.012,2025-09-16,869.02
bar,2025-09-15,credito_vista,1,1,842.13,0.025,2025-10-15,821.08
bar,2025-09-15,credito_4x,1,4,85.27,0.035,2025-10-15,82.28
bar,2025-09-15,credito_4x,2,4,85.27,0.035,2025-11-14,82.28
bar,2025-09-15,credito_4x,3,4,85.27,0.035,2025-12-14,82.28
bar,2025-09-15,credito_4x,4,4,85.27,0.035,2026-01-13,82.28
bar,2025-09-16,pix,1,1,1166.23,0.0,2025-09-16,1166.23
bar,2025-09-16,debito,1,1,822.87,0.012,2025-09-17,813.0
bar,2025-09-16,credito_vista,1,1,681.86,0.025,2025-10-16,664.82
bar,2025-09-16,credito_4x,1,4,98.85,0.035,2025-10-16,95.39
bar,2025-09-16,credito_4x,2,4,98.85,0.035,2025-11-15,95.39
bar,2025-09-16,credito_4x,3,4,98.85,0.035,2025-12-15,95.39
bar,2025-09-16,credito_4x,4,4,98.85,0.035,2026-01-14,95.39
bar,2025-09-17,pix,1,1,980.12,0.0,2025-09-17,980.12
bar,2025-09-17,debito,1,1,761.19,0.012,2025-09-18,752.05
bar,2025-09-17,credito_vista,1,1,944.03,0.025,2025-10-17,920.43
bar,2025-09-17,credito_4x,1,4,98.01,0.035,2025-10-17,94.58
bar,2025-09-17,credito_4x,2,4,98.01,0.035,2025-11-16,94.58
bar,2025-09-17,credito_4x,3,4,98.01,0.035,2025-12-16,94.58
bar,2025-09-17,credito_4x,4,4,98.01,0.035,2026-01-15,94.58
bar,2025-09-18,pix,1,1,1214.86,0.0,2025-09-18,1214.86
bar,2025-09-18,debito,1,1,1023.54,0.012,2025-09-19,1011.26
bar,2025-09-18,credito_vista,1,1,945.2,0.025,2025-10-18,921.57
bar,2025-09-18,credito_4x,1,4,96.81,0.035,2025-10-18,93.42
bar,2025-09-18,credito_4x,2,4,96.81,0.035,2025-11-17,93.42
bar,2025-09-18,credito_4x,3,4,96.81,0.035,2025-12-17,93.42
bar,2025-09-18,credito_4x,4,4,96.81,0.035,2026-01-16,93.42
bar,2025-09-19,pix,1,1,1487.2,0.0,2025-09-19,1487.2
bar,2025-09-19,debito,1,1,1361.14,0.012,2025-09-20,1344.81
bar,2025-09-19,credito_vista,1,1,1197.16,0.025,2025-10-19,1167.23
bar,2025-09-19,credito_4x,1,4,92.02,0.035,2025-10-19,88.8
bar,2025-09-19,credito_4x,2,4,92.02,0.035,2025-11-18,88.8
bar,2025-09-19,credito_4x,3,4,92.02,0.035,2025-12-18,88.8
bar,2025-09-19,credito_4x,4,4,92.02,0.035,2026-01-17,88.8
bar,2025-09-20,pix,1,1,1793.45,0.0,2025-09-20,1793.45
bar,2025-09-20,debito,1,1,1599.56,0.012,2025-09-21,1580.36
bar,2025-09-20,credito_vista,1,1,1784.43,0.025,2025-10-20,1739.82
bar,2025-09-20,credito_4x,1,4,184.33,0.035,2025-10-20,177.88
bar,2025-09-20,credito_4x,2,4,184.33,0.035,2025-11-19,177.88
bar,2025-09-20,credito_4x,3,4,184.33,0.035,2025-12-19,177.88
bar,2025-09-20,credito_4x,4,4,184.33,0.035,2026-01-18,177.88
bar,2025-09-21,pix,1,1,813.93,0.0,2025-09-21,813.93
bar,2025-09-21,debito,1,1,638.5,0.012,2025-09-22,630.84
bar,2025-09-21,credito_vista,1,1,817.49,0.025,2025-10-21,797.06
bar,2025-09-21,credito_4x,1,4,76.45,0.035,2025-10-21,73.78
bar,2025-09-21,credito_4x,2,4,76.45,0.035,2025-11-20,73.78
bar,2025-09-21,credito_4x,3,4,76.45,0.035,2025-12-20,73.78
bar,2025-09-21,credito_4x,4,4,76.45,0.035,2026-01-19,73.78
bar,2025-09-22,pix,1,1,727.59,0.0,2025-09-22,727.59
bar,2025-09-22,debito,1,1,861.67,0.012,2025-09-23,851.33
bar,2025-09-22,credito_vista,1,1,897.06,0.025,2025-10-22,874.63
bar,2025-09-22,credito_4x,1,4,72.36,0.035,2025-10-22,69.83
bar,2025-09-22,credito_4x,2,4,72.36,0.035,2025-11-21,69.83
bar,2025-09-22,credito_4x,3,4,72.36,0.035,2025-12-21,69.83
bar,2025-09-22,credito_4x,4,4,72.36,0.035,2026-01-20,69.83
bar,2025-09-23,pix,1,1,899.15,0.0,2025-09-23,899.15
bar,2025-09-23,debito,1,1,749.91,0.012,2025-09-24,740.91
bar,2025-09-23,credito_vista,1,1,580.55,0.025,2025-10-23,566.04
bar,2025-09-23,credito_4x,1,4,101.11,0.035,2025-10-23,97.57
bar,2025-09-23,credito_4x,2,4,101.11,0.035,2025-11-22,97.57
bar,2025-09-23,credito_4x,3,4,101.11,0.035,2025-12-22,97.57
bar,2025-09-23,credito_4x,4,4,101.11,0.035,2026-01-21,97.57
bar,2025-09-24,pix,1,1,1267.1,0.0,2025-09-24,1267.1
bar,2025-09-24,debito,1,1,968.23,0.012,2025-09-25,956.61
bar,2025-09-24,credito_vista,1,1,923.34,0.025,2025-10-24,900.25
bar,2025-09-24,credito_4x,1,4,81.9,0.035,2025-10-24,79.03
bar,2025-09-24,credito_4x,2,4,81.9,0.035,2025-11-23,79.03
bar,2025-09-24,credito_4x,3,4,81.9,0.035,2025-12-23,79.03
bar,2025-09-24,credito_4x,4,4,81.9,0.035,2026-01-22,79.03
bar,2025-09-25,pix,1,1,1195.25,0.0,2025-09-25,1195.25
bar,2025-09-25,debito,1,1,1089.57,0.012,2025-09-26,1076.5
bar,2025-09-25,credito_vista,1,1,1017.56,0.025,2025-10-25,992.12
bar,2025-09-25,credito_4x,1,4,117.42,0.035,2025-10-25,113.31
bar,2025-09-25,credito_4x,2,4,117.42,0.035,2025-11-24,113.31
bar,2025-09-25,credito_4x,3,4,117.42,0.035,2025-12-24,113.31
bar,2025-09-25,credito_4x,4,4,117.42,0.035,2026-01-23,113.31
bar,2025-09-26,pix,1,1,1946.71,0.0,2025-09-26,1946.71
bar,2025-09-26,debito,1,1,1476.73,0.012,2025-09-27,1459.01
bar,2025-09-26,credito_vista,1,1,963.21,0.025,2025-10-26,939.13
bar,2025-09-26,credito_4x,1,4,181.83,0.035,2025-10-26,175.46
bar,2025-09-26,credito_4x,2,4,181.83,0.035,2025-11-25,175.46
bar,2025-09-26,credito_4x,3,4,181.83,0.035,2025-12-25,175.46
bar,2025-09-26,credito_4x,4,4,181.83,0.035,2026-01-24,175.46
bar,2025-09-27,pix,1,1,1865.8,0.0,2025-09-27,1865.8
bar,2025-09-27,debito,1,1,1802.18,0.012,2025-09-28,1780.55
bar,2025-09-27,credito_vista,1,1,1428.02,0.025,2025-10-27,1392.32
bar,2025-09-27,credito_4x,1,4,177.2,0.035,2025-10-27,170.99
bar,2025-09-27,credito_4x,2,4,177.2,0.035,2025-11-26,170.99
bar,2025-09-27,credito_4x,3,4,177.2,0.035,2025-12-26,170.99
bar,2025-09-27,credito_4x,4,4,177.2,0.035,2026-01-25,170.99
bar,2025-09-28,pix,1,1,738.5,0.0,2025-09-28,738.5
bar,2025-09-28,debito,1,1,740.88,0.012,2025-09-29,731.99
bar,2025-09-28,credito_vista,1,1,742.46,0.025,2025-10-28,723.9
bar,2025-09-28,credito_4x,1,4,52.37,0.035,2025-10-28,50.54
bar,2025-09-28,credito_4x,2,4,52.37,0.035,2025-11-27,50.54
bar,2025-09-28,credito_4x,3,4,52.37,0.035,2025-12-27,50.54
bar,2025-09-28,credito_4x,4,4,52.37,0.035,2026-01-26,50.54
bar,2025-09-29,pix,1,1,829.58,0.0,2025-09-29,829.58
bar,2025-09-29,debito,1,1,555.43,0.012,2025-09-30,548.76
bar,2025-09-29,credito_vista,1,1,722.32,0.025,2025-10-29,704.26
bar,2025-09-29,credito_4x,1,4,76.16,0.035,2025-10-29,73.5
bar,2025-09-29,credito_4x,2,4,76.16,0.035,2025-11-28,73.5
bar,2025-09-29,credito_4x,3,4,76.16,0.035,2025-12-28,73.5
bar,2025-09-29,credito_4x,4,4,76.16,0.035,2026-01-27,73.5
bar,2025-09-30,pix,1,1,753.75,0.0,2025-09-30,753.75
bar,2025-09-30,debito,1,1,564.59,0.012,2025-10-01,557.81
bar,2025-09-30,credito_vista,1,1,763.92,0.025,2025-10-30,744.83
bar,2025-09-30,credito_4x,1,4,55.54,0.035,2025-10-30,53.6
bar,2025-09-30,credito_4x,2,4,55.54,0.035,2025-11-29,53.6
bar,2025-09-30,credito_4x,3,4,55.54,0.035,2025-12-29,53.6
bar,2025-09-30,credito_4x,4,4,55.54,0.035,2026-01-28,53.6
bar,2025-10-01,pix,1,1,1147.91,0.0,2025-10-01,1147.91
bar,2025-10-01,debito,1,1,979.39,0.012,2025-10-02,967.64
bar,2025-10-01,credito_vista,1,1,1156.45,0.025,2025-10-31,1127.53
bar,2025-10-01,credito_4x,1,4,116.41,0.035,2025-10-31,112.33
bar,2025-10-01,credito_4x,2,4,116.41,0.035,2025-11-30,112.33
bar,2025-10-01,credito_4x,3,4,116.41,0.035,2025-12-30,112.33
bar,2025-10-01,credito_4x,4,4,116.41,0.035,2026-01-29,112.33
bar,2025-10-02,pix,1,1,1383.03,0.0,2025-10-02,1383.03
bar,2025-10-02,debito,1,1,1076.37,0.012,2025-10-03,1063.45
bar,2025-10-02,credito_vista,1,1,1047.0,0.025,2025-11-01,1020.83
bar,2025-10-02,credito_4x,1,4,108.94,0.035,2025-11-01,105.13
bar,2025-10-02,credito_4x,2,4,108.94,0.035,2025-12-01,105.13
bar,2025-10-02,credito_4x,3,4,108.94,0.035,2025-12-31,105.13
bar,2025-10-02,credito_4x,4,4,108.94,0.035,2026-01-30,105.13
bar,2025-10-03,pix,1,1,2904.3,0.0,2025-10-03,2904.3
bar,2025-10-03,debito,1,1,2121.62,0.012,2025-10-04,2096.16
bar,2025-10-03,credito_vista,1,1,1858.75,0.025,2025-11-02,1812.28
bar,2025-10-03,credito_4x,1,4,284.71,0.035,2025-11-02,274.74
bar,2025-10-03,credito_4x,2,4,284.71,0.035,2025-12-02,274.74
bar,2025-10-03,credito_4x,3,4,284.71,0.035,2026-01-01,274.74
bar,2025-10-03,credito_4x,4,4,284.71,0.035,2026-01-31,274.74
bar,2025-10-04,pix,1,1,2884.23,0.0,2025-10-04,2884.23
bar,2025-10-04,debito,1,1,2729.06,0.012,2025-10-05,2696.31
bar,2025-10-04,credito_vista,1,1,1873.31,0.025,2025-11-03,1826.48
bar,2025-10-04,credito_4x,1,4,210.49,0.035,2025-11-03,203.12
bar,2025-10-04,credito_4x,2,4,210.49,0.035,2025-12-03,203.12
bar,2025-10-04,credito_4x,3,4,210.49,0.035,2026-01-02,203.12
bar,2025-10-04,credito_4x,4,4,210.49,0.035,2026-02-01,203.12
bar,2025-10-05,pix,1,1,1050.55,0.0,2025-10-05,1050.55
bar,2025-10-05,debito,1,1,839.9,0.012,2025-10-06,829.82
bar,2025-10-05,credito_vista,1,1,777.14,0.025,2025-11-04,757.71
bar,2025-10-05,credito_4x,1,4,112.82,0.035,2025-11-04,108.87
bar,2025-10-05,credito_4x,2,4,112.82,0.035,2025-12-04,108.87
bar,2025-10-05,credito_4x,3,4,112.82,0.035,2026-01-03,108.87
bar,2025-10-05,credito_4x,4,4,112.82,0.035,2026-02-02,108.87
bar,2025-10-06,pix,1,1,977.04,0.0,2025-10-06,977.04
bar,2025-10-06,debito,1,1,755.0,0.012,2025-10-07,745.94
bar,2025-10-06,credito_vista,1,1,578.45,0.025,2025-11-05,563.98
bar,2025-10-06,credito_4x,1,4,75.13,0.035,2025-11-05,72.5
bar,2025-10-06,credito_4x,2,4,75.13,0.035,2025-12-05,72.5
bar,2025-10-06,credito_4x,3,4,75.13,0.035,2026-01-04,72.5
bar,2025-10-06,credito_4x,4,4,75.13,0.035,2026-02-03,72.5
bar,2025-10-07,pix,1,1,932.89,0.0,2025-10-07,932.89
bar,2025-10-07,debito,1,1,842.9,0.012,2025-10-08,832.78
bar,2025-10-07,credito_vista,1,1,648.28,0.025,2025-11-06,632.07
bar,2025-10-07,credito_4x,1,4,52.05,0.035,2025-11-06,50.23
bar,2025-10-07,credito_4x,2,4,52.05,0.035,2025-12-06,50.23
bar,2025-10-07,credito_4x,3,4,52.05,0.035,2026-01-05,50.23
bar,2025-10-07,credito_4x,4,4,52.05,0.035,2026-02-04,50.23
bar,2025-10-08,pix,1,1,1368.09,0.0,2025-10-08,1368.09
bar,2025-10-08,debito,1,1,1177.21,0.012,2025-10-09,1163.08
bar,2025-10-08,credito_vista,1,1,1070.09,0.025,2025-11-07,1043.33
bar,2025-10-08,credito_4x,1,4,151.42,0.035,2025-11-07,146.12
bar,2025-10-08,credito_4x,2,4,151.42,0.035,2025-12-07,146.12
bar,2025-10-08,credito_4x,3,4,151.42,0.035,2026-01-06,146.12
bar,2025-10-08,credito_4x,4,4,151.42,0.035,2026-02-05,146.12
bar,2025-10-09,pix,1,1,1554.57,0.0,2025-10-09,1554.57
bar,2025-10-09,debito,1,1,1008.72,0.012,2025-10-10,996.62
bar,2025-10-09,credito_vista,1,1,991.48,0.025,2025-11-08,966.7
bar,2025-10-09,credito_4x,1,4,151.54,0.035,2025-11-08,146.24
bar,2025-10-09,credito_4x,2,4,151.54,0.035,2025-12-08,146.24
bar,2025-10-09,credito_4x,3,4,151.54,0.035,2026-01-07,146.24
bar,2025-10-09,credito_4x,4,4,151.54,0.035,2026-02-06,146.24
bar,2025-10-10,pix,1,1,2327.86,0.0,2025-10-10,2327.86
bar,2025-10-10,debito,1,1,1664.6,0.012,2025-10-11,1644.63
bar,2025-10-10,credito_vista,1,1,1856.28,0.025,2025-11-09,1809.87
bar,2025-10-10,credito_4x,1,4,175.65,0.035,2025-11-09,169.51
bar,2025-10-10,credito_4x,2,4,175.65,0.035,2025-12-09,169.51
bar,2025-10-10,credito_4x,3,4,175.65,0.035,2026-01-08,169.51
bar,2025-10-10,credito_4x,4,4,175.65,0.035,2026-02-07,169.51
bar,2025-10-11,pix,1,1,1262.61,0.0,2025-10-11,1262.61
bar,2025-10-11,debito,1,1,1267.21,0.012,2025-10-12,1252.0
bar,2025-10-11,credito_vista,1,1,1622.86,0.025,2025-11-10,1582.28
bar,2025-10-11,credito_4x,1,4,93.6,0.035,2025-11-10,90.32
bar,2025-10-11,credito_4x,2,4,93.6,0.035,2025-12-10,90.32
bar,2025-10-11,credito_4x,3,4,93.6,0.035,2026-01-09,90.32
bar,2025-10-11,credito_4x,4,4,93.6,0.035,2026-02-08,90.32
bar,2025-10-12,pix,1,1,1220.98,0.0,2025-10-12,1220.98
bar,2025-10-12,debito,1,1,902.24,0.012,2025-10-13,891.42
bar,2025-10-12,credito_vista,1,1,702.25,0.025,2025-11-11,684.69
bar,2025-10-12,credito_4x,1,4,57.75,0.035,2025-11-11,55.73
bar,2025-10-12,credito_4x,2,4,57.75,0.035,2025-12-11,55.73
bar,2025-10-12,credito_4x,3,4,57.75,0.035,2026-01-10,55.73
bar,2025-10-12,credito_4x,4,4,57.75,0.035,2026-02-09,55.73
bar,2025-10-13,pix,1,1,781.13,0.0,2025-10-13,781.13
bar,2025-10-13,debito,1,1,799.79,0.012,2025-10-14,790.19
bar,2025-10-13,credito_vista,1,1,846.09,0.025,2025-11-12,824.94
bar,2025-10-13,credito_4x,1,4,109.95,0.035,2025-11-12,106.1
bar,2025-10-13,credito_4x,2,4,109.95,0.035,2025-12-12,106.1
bar,2025-10-13,credito_4x,3,4,109.95,0.035,2026-01-11,106.1
bar,2025-10-13,credito_4x,4,4,109.95,0.035,2026-02-10,106.1
bar,2025-10-14,pix,1,1,885.44,0.0,2025-10-14,885.44
bar,2025-10-14,debito,1,1,660.66,0.012,2025-10-15,652.73
bar,2025-10-14,credito_vista,1,1,600.25,0.025,2025-11-13,585.24
bar,2025-10-14,credito_4x,1,4,62.73,0.035,2025-11-13,60.53
bar,2025-10-14,credito_4x,2,4,62.73,0.035,2025-12-13,60.53
bar,2025-10-14,credito_4x,3,4,62.73,0.035,2026-01-12,60.53
bar,2025-10-14,credito_4x,4,4,62.73,0.035,2026-02-11,60.53
bar,2025-10-15,pix,1,1,1141.03,0.0,2025-10-15,1141.03
bar,2025-10-15,debito,1,1,812.13,0.012,2025-10-16,802.38
bar,2025-10-15,credito_vista,1,1,692.09,0.025,2025-11-14,674.79
bar,2025-10-15,credito_4x,1,4,96.23,0.035,2025-11-14,92.87
bar,2025-10-15,credito_4x,2,4,96.23,0.035,2025-12-14,92.87
bar,2025-10-15,credito_4x,3,4,96.23,0.035,2026-01-13,92.87
bar,2025-10-15,credito_4x,4,4,96.23,0.035,2026-02-12,92.87
bar,2025-10-16,pix,1,1,1475.22,0.0,2025-10-16,1475.22
bar,2025-10-16,debito,1,1,899.77,0.012,2025-10-17,888.97
bar,2025-10-16,credito_vista,1,1,943.72,0.025,2025-11-15,920.13
bar,2025-10-16,credito_4x,1,4,117.77,0.035,2025-11-15,113.65
bar,2025-10-16,credito_4x,2,4,117.77,0.035,2025-12-15,113.65
bar,2025-10-16,credito_4x,3,4,117.77,0.035,2026-01-14,113.65
bar,2025-10-16,credito_4x,4,4,117.77,0.035,2026-02-13,113.65
bar,2025-10-17,pix,1,1,1822.55,0.0,2025-10-17,1822.55
bar,2025-10-17,debito,1,1,1610.19,0.012,2025-10-18,1590.87
bar,2025-10-17,credito_vista,1,1,1796.73,0.025,2025-11-16,1751.82
bar,2025-10-17,credito_4x,1,4,95.12,0.035,2025-11-16,91.8
bar,2025-10-17,credito_4x,2,4,95.12,0.035,2025-12-16,91.8
bar,2025-10-17,credito_4x,3,4,95.12,0.035,2026-01-15,91.8
bar,2025-10-17,credito_4x,4,4,95.12,0.035,2026-02-14,91.8
bar,2025-10-18,pix,1,1,2093.19,0.0,2025-10-18,2093.19
bar,2025-10-18,debito,1,1,1736.66,0.012,2025-10-19,1715.82
bar,2025-10-18,credito_vista,1,1,1437.69,0.025,2025-11-17,1401.75
bar,2025-10-18,credito_4x,1,4,151.84,0.035,2025-11-17,146.53
bar,2025-10-18,credito_4x,2,4,151.84,0.035,2025-12-17,146.53
bar,2025-10-18,credito_4x,3,4,151.84,0.035,2026-01-16,146.53
bar,2025-10-18,credito_4x,4,4,151.84,0.035,2026-02-15,146.53
bar,2025-10-19,pix,1,1,821.22,0.0,2025-10-19,821.22
bar,2025-10-19,debito,1,1,827.26,0.012,2025-10-20,817.33
bar,2025-10-19,credito_vista,1,1,707.46,0.025,2025-11-18,689.77
bar,2025-10-19,credito_4x,1,4,72.86,0.035,2025-11-18,70.31
bar,2025-10-19,credito_4x,2,4,72.86,0.035,2025-12-18,70.31
bar,2025-10-19,credito_4x,3,4,72.86,0.035,2026-01-17,70.31
bar,2025-10-19,credito_4x,4,4,72.86,0.035,2026-02-16,70.31
bar,2025-10-20,pix,1,1,951.03,0.0,2025-10-20,951.03
bar,2025-10-20,debito,1,1,810.45,0.012,2025-10-21,800.73
bar,2025-10-20,credito_vista,1,1,429.26,0.025,2025-11-19,418.53
bar,2025-10-20,credito_4x,1,4,99.44,0.035,2025-11-19,95.96
bar,2025-10-20,credito_4x,2,4,99.44,0.035,2025-12-19,95.96
bar,2025-10-20,credito_4x,3,4,99.44,0.035,2026-01-18,95.96
bar,2025-10-20,credito_4x,4,4,99.44,0.035,2026-02-17,95.96
bar,2025-10-21,pix,1,1,899.34,0.0,2025-10-21,899.34
bar,2025-10-21,debito,1,1,963.6,0.012,2025-10-22,952.04
bar,2025-10-21,credito_vista,1,1,723.98,0.025,2025-11-20,705.88
bar,2025-10-21,credito_4x,1,4,90.65,0.035,2025-11-20,87.48
bar,2025-10-21,credito_4x,2,4,90.65,0.035,2025-12-20,87.48
bar,2025-10-21,credito_4x,3,4,90.65,0.035,2026-01-19,87.48
bar,2025-10-21,credito_4x,4,4,90.65,0.035,2026-02-18,87.48
bar,2025-10-22,pix,1,1,1318.05,0.0,2025-10-22,1318.05
bar,2025-10-22,debito,1,1,1203.58,0.012,2025-10-23,1189.13
bar,2025-10-22,credito_vista,1,1,1061.76,0.025,2025-11-21,1035.21
bar,2025-10-22,credito_4x,1,4,101.93,0.035,2025-11-21,98.37
bar,2025-10-22,credito_4x,2,4,101.93,0.035,2025-12-21,98.37
bar,2025-10-22,credito_4x,3,4,101.93,0.035,2026-01-20,98.37
bar,2025-10-22,credito_4x,4,4,101.93,0.035,2026-02-19,98.37
bar,2025-10-23,pix,1,1,633.13,0.0,2025-10-23,633.13
bar,2025-10-23,debito,1,1,739.19,0.012,2025-10-24,730.32
bar,2025-10-23,credito_vista,1,1,655.22,0.025,2025-11-22,638.84
bar,2025-10-23,credito_4x,1,4,55.2,0.035,2025-11-22,53.26
bar,2025-10-23,credito_4x,2,4,55.2,0.035,2025-12-22,53.26
bar,2025-10-23,credito_4x,3,4,55.2,0.035,2026-01-21,53.26
bar,2025-10-23,credito_4x,4,4,55.2,0.035,2026-02-20,53.26
bar,2025-10-24,pix,1,1,1687.29,0.0,2025-10-24,1687.29
bar,2025-10-24,debito,1,1,1341.8,0.012,2025-10-25,1325.7
bar,2025-10-24,credito_vista,1,1,1507.33,0.025,2025-11-23,1469.64
bar,2025-10-24,credito_4x,1,4,211.97,0.035,2025-11-23,204.55
bar,2025-10-24,credito_4x,2,4,211.97,0.035,2025-12-23,204.55
bar,2025-10-24,credito_4x,3,4,211.97,0.035,2026-01-22,204.55
bar,2025-10-24,credito_4x,4,4,211.97,0.035,2026-02-21,204.55
bar,2025-10-25,pix,1,1,2134.54,0.0,2025-10-25,2134.54
bar,2025-10-25,debito,1,1,1542.15,0.012,2025-10-26,1523.64
bar,2025-10-25,credito_vista,1,1,1461.95,0.025,2025-11-24,1425.4
bar,2025-10-25,credito_4x,1,4,138.79,0.035,2025-11-24,133.93
bar,2025-10-25,credito_4x,2,4,138.79,0.035,2025-12-24,133.93
bar,2025-10-25,credito_4x,3,4,138.79,0.035,2026-01-23,133.93
bar,2025-10-25,credito_4x,4,4,138.79,0.035,2026-02-22,133.93
bar,2025-10-26,pix,1,1,856.34,0.0,2025-10-26,856.34
bar,2025-10-26,debito,1,1,751.54,0.012,2025-10-27,742.52
bar,2025-10-26,credito_vista,1,1,686.66,0.025,2025-11-25,669.49
bar,2025-10-26,credito_4x,1,4,60.33,0.035,2025-11-25,58.22
bar,2025-10-26,credito_4x,2,4,60.33,0.035,2025-12-25,58.22
bar,2025-10-26,credito_4x,3,4,60.33,0.035,2026-01-24,58.22
bar,2025-10-26,credito_4x,4,4,60.33,0.035,2026-02-23,58.22
bar,2025-10-27,pix,1,1,754.56,0.0,2025-10-27,754.56
bar,2025-10-27,debito,1,1,644.88,0.012,2025-10-28,637.14
bar,2025-10-27,credito_vista,1,1,587.11,0.025,2025-11-26,572.43
bar,2025-10-27,credito_4x,1,4,76.83,0.035,2025-11-26,74.14
bar,2025-10-27,credito_4x,2,4,76.83,0.035,2025-12-26,74.14
bar,2025-10-27,credito_4x,3,4,76.83,0.035,2026-01-25,74.14
bar,2025-10-27,credito_4x,4,4,76.83,0.035,2026-02-24,74.14
bar,2025-10-28,pix,1,1,740.91,0.0,2025-10-28,740.91
bar,2025-10-28,debito,1,1,412.01,0.012,2025-10-29,407.07
bar,2025-10-28,credito_vista,1,1,583.68,0.025,2025-11-27,569.08
bar,2025-10-28,credito_4x,1,4,45.38,0.035,2025-11-27,43.79
bar,2025-10-28,credito_4x,2,4,45.38,0.035,2025-12-27,43.79
bar,2025-10-28,credito_4x,3,4,45.38,0.035,2026-01-26,43.79
bar,2025-10-28,credito_4x,4,4,45.38,0.035,2026-02-25,43.79
bar,2025-10-29,pix,1,1,1164.48,0.0,2025-10-29,1164.48
bar,2025-10-29,debito,1,1,705.83,0.012,2025-10-30,697.36
bar,2025-10-29,credito_vista,1,1,764.2,0.025,2025-11-28,745.09
bar,2025-10-29,credito_4x,1,4,116.04,0.035,2025-11-28,111.98
bar,2025-10-29,credito_4x,2,4,116.04,0.035,2025-12-28,111.98
bar,2025-10-29,credito_4x,3,4,116.04,0.035,2026-01-27,111.98
bar,2025-10-29,credito_4x,4,4,116.04,0.035,2026-02-26,111.98
bar,2025-10-30,pix,1,1,1536.32,0.0,2025-10-30,1536.32
bar,2025-10-30,debito,1,1,1098.86,0.012,2025-10-31,1085.67
bar,2025-10-30,credito_vista,1,1,1089.32,0.025,2025-11-29,1062.08
bar,2025-10-30,credito_4x,1,4,108.52,0.035,2025-11-29,104.72
bar,2025-10-30,credito_4x,2,4,108.52,0.035,2025-12-29,104.72
bar,2025-10-30,credito_4x,3,4,108.52,0.035,2026-01-28,104.72
bar,2025-10-30,credito_4x,4,4,108.52,0.035,2026-02-27,104.72
bar,2025-10-31,pix,1,1,1480.08,0.0,2025-10-31,1480.08
bar,2025-10-31,debito,1,1,796.51,0.012,2025-11-01,786.95
bar,2025-10-31,credito_vista,1,1,1221.63,0.025,2025-11-30,1191.09
bar,2025-10-31,credito_4x,1,4,96.37,0.035,2025-11-30,93.0
bar,2025-10-31,credito_4x,2,4,96.37,0.035,2025-12-30,93.0
bar,2025-10-31,credito_4x,3,4,96.37,0.035,2026-01-29,93.0
bar,2025-10-31,credito_4x,4,4,96.37,0.035,2026-02-28,93.0
bar,2025-11-01,pix,1,1,2686.43,0.0,2025-11-01,2686.43
bar,2025-11-01,debito,1,1,1819.24,0.012,2025-11-02,1797.41
bar,2025-11-01,credito_vista,1,1,2128.5,0.025,2025-12-01,2075.29
bar,2025-11-01,credito_4x,1,4,263.83,0.035,2025-12-01,254.59
bar,2025-11-01,credito_4x,2,4,263.83,0.035,2025-12-31,254.59
bar,2025-11-01,credito_4x,3,4,263.83,0.035,2026-01-30,254.59
bar,2025-11-01,credito_4x,4,4,263.83,0.035,2026-03-01,254.59
bar,2025-11-02,pix,1,1,980.12,0.0,2025-11-02,980.12
bar,2025-11-02,debito,1,1,824.19,0.012,2025-11-03,814.3
bar,2025-11-02,credito_vista,1,1,706.18,0.025,2025-12-02,688.53
bar,2025-11-02,credito_4x,1,4,80.72,0.035,2025-12-02,77.89
bar,2025-11-02,credito_4x,2,4,80.72,0.035,2026-01-01,77.89
bar,2025-11-02,credito_4x,3,4,80.72,0.035,2026-01-31,77.89
bar,2025-11-02,credito_4x,4,4,80.72,0.035,2026-03-02,77.89
bar,2025-11-03,pix,1,1,1015.6,0.0,2025-11-03,1015.6
bar,2025-11-03,debito,1,1,791.85,0.012,2025-11-04,782.35
bar,2025-11-03,credito_vista,1,1,745.8,0.025,2025-12-03,727.15
bar,2025-11-03,credito_4x,1,4,100.4,0.035,2025-12-03,96.88
bar,2025-11-03,credito_4x,2,4,100.4,0.035,2026-01-02,96.88
bar,2025-11-03,credito_4x,3,4,100.4,0.035,2026-02-01,96.88
bar,2025-11-03,credito_4x,4,4,100.4,0.035,2026-03-03,96.88
bar,2025-11-04,pix,1,1,1089.34,0.0,2025-11-04,1089.34
bar,2025-11-04,debito,1,1,661.31,0.012,2025-11-05,653.37
bar,2025-11-04,credito_vista,1,1,692.36,0.025,2025-12-04,675.06
bar,2025-11-04,credito_4x,1,4,62.38,0.035,2025-12-04,60.19
bar,2025-11-04,credito_4x,2,4,62.38,0.035,2026-01-03,60.19
bar,2025-11-04,credito_4x,3,4,62.38,0.035,2026-02-02,60.19
bar,2025-11-04,credito_4x,4,4,62.38,0.035,2026-03-04,60.19
bar,2025-11-05,pix,1,1,1127.75,0.0,2025-11-05,1127.75
bar,2025-11-05,debito,1,1,942.7,0.012,2025-11-06,931.39
bar,2025-11-05,credito_vista,1,1,940.31,0.025,2025-12-05,916.81
bar,2025-11-05,credito_4x,1,4,108.44,0.035,2025-12-05,104.65
bar,2025-11-05,credito_4x,2,4,108.44,0.035,2026-01-04,104.65
bar,2025-11-05,credito_4x,3,4,108.44,0.035,2026-02-03,104.65
bar,2025-11-05,credito_4x,4,4,108.44,0.035,2026-03-05,104.65
bar,2025-11-06,pix,1,1,1664.52,0.0,2025-11-06,1664.52
bar,2025-11-06,debito,1,1,1452.12,0.012,2025-11-07,1434.7
bar,2025-11-06,credito_vista,1,1,1122.98,0.025,2025-12-06,1094.91
bar,2025-11-06,credito_4x,1,4,151.86,0.035,2025-12-06,146.55
bar,2025-11-06,credito_4x,2,4,151.86,0.035,2026-01-05,146.55
bar,2025-11-06,credito_4x,3,4,151.86,0.035,2026-02-04,146.55
bar,2025-11-06,credito_4x,4,4,151.86,0.035,2026-03-06,146.55
bar,2025-11-07,pix,1,1,2596.85,0.0,2025-11-07,2596.85
bar,2025-11-07,debito,1,1,1723.12,0.012,2025-11-08,1702.44
bar,2025-11-07,credito_vista,1,1,1394.86,0.025,2025-12-07,1359.99
bar,2025-11-07,credito_4x,1,4,255.56,0.035,2025-12-07,246.62
bar,2025-11-07,credito_4x,2,4,255.56,0.035,2026-01-06,246.62
bar,2025-11-07,credito_4x,3,4,255.56,0.035,2026-02-05,246.62
bar,2025-11-07,credito_4x,4,4,255.56,0.035,2026-03-07,246.62
bar,2025-11-08,pix,1,1,2704.05,0.0,2025-11-08,2704.05
bar,2025-11-08,debito,1,1,2383.01,0.012,2025-11-09,2354.41
bar,2025-11-08,credito_vista,1,1,2638.54,0.025,2025-12-08,2572.58
bar,2025-11-08,credito_4x,1,4,223.51,0.035,2025-12-08,215.68
bar,2025-11-08,credito_4x,2,4,223.51,0.035,2026-01-07,215.68
bar,2025-11-08,credito_4x,3,4,223.51,0.035,2026-02-06,215.68
bar,2025-11-08,credito_4x,4,4,223.51,0.035,2026-03-08,215.68
bar,2025-11-09,pix,1,1,1402.68,0.0,2025-11-09,1402.68
bar,2025-11-09,debito,1,1,933.96,0.012,2025-11-10,922.75
bar,2025-11-09,credito_vista,1,1,848.65,0.025,2025-12-09,827.43
bar,2025-11-09,credito_4x,1,4,84.86,0.035,2025-12-09,81.89
bar,2025-11-09,credito_4x,2,4,84.86,0.035,2026-01-08,81.89
bar,2025-11-09,credito_4x,3,4,84.86,0.035,2026-02-07,81.89
bar,2025-11-09,credito_4x,4,4,84.86,0.035,2026-03-09,81.89
bar,2025-11-10,pix,1,1,996.0,0.0,2025-11-10,996.0
bar,2025-11-10,debito,1,1,964.64,0.012,2025-11-11,953.06
bar,2025-11-10,credito_vista,1,1,766.18,0.025,2025-12-10,747.03
bar,2025-11-10,credito_4x,1,4,117.18,0.035,2025-12-10,113.08
bar,2025-11-10,credito_4x,2,4,117.18,0.035,2026-01-09,113.08
bar,2025-11-10,credito_4x,3,4,117.18,0.035,2026-02-08,113.08
bar,2025-11-10,credito_4x,4,4,117.18,0.035,2026-03-10,113.08
bar,2025-11-11,pix,1,1,1249.0,0.0,2025-11-11,1249.0
bar,2025-11-11,debito,1,1,1040.37,0.012,2025-11-12,1027.89
bar,2025-11-11,credito_vista,1,1,842.44,0.025,2025-12-11,821.38
bar,2025-11-11,credito_4x,1,4,138.84,0.035,2025-12-11,133.98
bar,2025-11-11,credito_4x,2,4,138.84,0.035,2026-01-10,133.98
bar,2025-11-11,credito_4x,3,4,138.84,0.035,2026-02-09,133.98
bar,2025-11-11,credito_4x,4,4,138.84,0.035,2026-03-11,133.98
bar,2025-11-12,pix,1,1,1286.25,0.0,2025-11-12,1286.25
bar,2025-11-12,debito,1,1,1063.99,0.012,2025-11-13,1051.22
bar,2025-11-12,credito_vista,1,1,873.03,0.025,2025-12-12,851.21
bar,2025-11-12,credito_4x,1,4,77.54,0.035,2025-12-12,74.82
bar,2025-11-12,credito_4x,2,4,77.54,0.035,2026-01-11,74.82
bar,2025-11-12,credito_4x,3,4,77.54,0.035,2026-02-10,74.82
bar,2025-11-12,credito_4x,4,4,77.54,0.035,2026-03-12,74.82
bar,2025-11-13,pix,1,1,1369.1,0.0,2025-11-13,1369.1
bar,2025-11-13,debito,1,1,1185.32,0.012,2025-11-14,1171.1
bar,2025-11-13,credito_vista,1,1,1104.8,0.025,2025-12-13,1077.18
bar,2025-11-13,credito_4x,1,4,127.41,0.035,2025-12-13,122.95
bar,2025-11-13,credito_4x,2,4,127.41,0.035,2026-01-12,122.95
bar,2025-11-13,credito_4x,3,4,127.41,0.035,2026-02-11,122.95
bar,2025-11-13,credito_4x,4,4,127.41,0.035,2026-03-13,122.95
bar,2025-11-14,pix,1,1,2048.25,0.0,2025-11-14,2048.25
bar,2025-11-14,debito,1,1,1465.81,0.012,2025-11-15,1448.22
bar,2025-11-14,credito_vista,1,1,1364.77,0.025,2025-12-14,1330.65
bar,2025-11-14,credito_4x,1,4,133.54,0.035,2025-12-14,128.87
bar,2025-11-14,credito_4x,2,4,133.54,0.035,2026-01-13,128.87
bar,2025-11-14,credito_4x,3,4,133.54,0.035,2026-02-12,128.87
bar,2025-11-14,credito_4x,4,4,133.54,0.035,2026-03-14,128.87
bar,2025-11-15,pix,1,1,1935.64,0.0,2025-11-15,1935.64
bar,2025-11-15,debito,1,1,1812.61,0.012,2025-11-16,1790.86
bar,2025-11-15,credito_vista,1,1,1944.12,0.025,2025-12-15,1895.51
bar,2025-11-15,credito_4x,1,4,156.68,0.035,2025-12-15,151.19
bar,2025-11-15,credito_4x,2,4,156.68,0.035,2026-01-14,151.19
bar,2025-11-15,credito_4x,3,4,156.68,0.035,2026-02-13,151.19
bar,2025-11-15,credito_4x,4,4,156.68,0.035,2026-03-15,151.19
bar,2025-11-16,pix,1,1,875.68,0.0,2025-11-16,875.68
bar,2025-11-16,debito,1,1,677.18,0.012,2025-11-17,669.05
bar,2025-11-16,credito_vista,1,1,660.5,0.025,2025-12-16,643.99
bar,2025-11-16,credito_4x,1,4,59.95,0.035,2025-12-16,57.85
bar,2025-11-16,credito_4x,2,4,59.95,0.035,2026-01-15,57.85
bar,2025-11-16,credito_4x,3,4,59.95,0.035,2026-02-14,57.85
bar,2025-11-16,credito_4x,4,4,59.95,0.035,2026-03-16,57.85
bar,2025-11-17,pix,1,1,1123.34,0.0,2025-11-17,1123.34
bar,2025-11-17,debito,1,1,842.88,0.012,2025-11-18,832.76
bar,2025-11-17,credito_vista,1,1,839.76,0.025,2025-12-17,818.77
bar,2025-11-17,credito_4x,1,4,85.84,0.035,2025-12-17,82.84
bar,2025-11-17,credito_4x,2,4,85.84,0.035,2026-01-16,82.84
bar,2025-11-17,credito_4x,3,4,85.84,0.035,2026-02-15,82.84
bar,2025-11-17,credito_4x,4,4,85.84,0.035,2026-03-17,82.84
bar,2025-11-18,pix,1,1,841.36,0.0,2025-11-18,841.36
bar,2025-11-18,debito,1,1,709.08,0.012,2025-11-19,700.57
bar,2025-11-18,credito_vista,1,1,630.14,0.025,2025-12-18,614.39
bar,2025-11-18,credito_4x,1,4,60.14,0.035,2025-12-18,58.03
bar,2025-11-18,credito_4x,2,4,60.14,0.035,2026-01-17,58.03
bar,2025-11-18,credito_4x,3,4,60.14,0.035,2026-02-16,58.03
bar,2025-11-18,credito_4x,4,4,60.14,0.035,2026-03-18,58.03
bar,2025-11-19,pix,1,1,1158.1,0.0,2025-11-19,1158.1
bar,2025-11-19,debito,1,1,1217.48,0.012,2025-11-20,1202.87
bar,2025-11-19,credito_vista,1,1,1035.16,0.025,2025-12-19,1009.28
bar,2025-11-19,credito_4x,1,4,79.25,0.035,2025-12-19,76.47
bar,2025-11-19,credito_4x,2,4,79.25,0.035,2026-01-18,76.47
bar,2025-11-19,credito_4x,3,4,79.25,0.035,2026-02-17,76.47
bar,2025-11-19,credito_4x,4,4,79.25,0.035,2026-03-19,76.47
bar,2025-11-20,pix,1,1,1281.07,0.0,2025-11-20,1281.07
bar,2025-11-20,debito,1,1,1085.71,0.012,2025-11-21,1072.68
bar,2025-11-20,credito_vista,1,1,766.41,0.025,2025-12-20,747.25
bar,2025-11-20,credito_4x,1,4,123.1,0.035,2025-12-20,118.79
bar,2025-11-20,credito_4x,2,4,123.1,0.035,2026-01-19,118.79
bar,2025-11-20,credito_4x,3,4,123.1,0.035,2026-02-18,118.79
bar,2025-11-20,credito_4x,4,4,123.1,0.035,2026-03-20,118.79
bar,2025-11-21,pix,1,1,2250.3,0.0,2025-11-21,2250.3
bar,2025-11-21,debito,1,1,1994.36,0.012,2025-11-22,1970.43
bar,2025-11-21,credito_vista,1,1,1675.07,0.025,2025-12-21,1633.19
bar,2025-11-21,credito_4x,1,4,196.1,0.035,2025-12-21,189.23
bar,2025-11-21,credito_4x,2,4,196.1,0.035,2026-01-20,189.23
bar,2025-11-21,credito_4x,3,4,196.1,0.035,2026-02-19,189.23
bar,2025-11-21,credito_4x,4,4,196.1,0.035,2026-03-21,189.23
bar,2025-11-22,pix,1,1,2100.29,0.0,2025-11-22,2100.29
bar,2025-11-22,debito,1,1,2316.31,0.012,2025-11-23,2288.52
bar,2025-11-22,credito_vista,1,1,1810.5,0.025,2025-12-22,1765.23
bar,2025-11-22,credito_4x,1,4,195.19,0.035,2025-12-22,188.36
bar,2025-11-22,credito_4x,2,4,195.19,0.035,2026-01-21,188.36
bar,2025-11-22,credito_4x,3,4,195.19,0.035,2026-02-20,188.36
bar,2025-11-22,credito_4x,4,4,195.19,0.035,2026-03-22,188.36
bar,2025-11-23,pix,1,1,1261.83,0.0,2025-11-23,1261.83
bar,2025-11-23,debito,1,1,1044.71,0.012,2025-11-24,1032.18
bar,2025-11-23,credito_vista,1,1,795.82,0.025,2025-12-23,775.92
bar,2025-11-23,credito_4x,1,4,102.32,0.035,2025-12-23,98.74
bar,2025-11-23,credito_4x,2,4,102.32,0.035,2026-01-22,98.74
bar,2025-11-23,credito_4x,3,4,102.32,0.035,2026-02-21,98.74
bar,2025-11-23,credito_4x,4,4,102.32,0.035,2026-03-23,98.74
bar,2025-11-24,pix,1,1,1024.35,0.0,2025-11-24,1024.35
bar,2025-11-24,debito,1,1,895.4,0.012,2025-11-25,884.65
bar,2025-11-24,credito_vista,1,1,721.33,0.025,2025-12-24,703.3
bar,2025-11-24,credito_4x,1,4,105.69,0.035,2025-12-24,101.99
bar,2025-11-24,credito_4x,2,4,105.69,0.035,2026-01-23,101.99
bar,2025-11-24,credito_4x,3,4,105.69,0.035,2026-02-22,101.99
bar,2025-11-24,credito_4x,4,4,105.69,0.035,2026-03-24,101.99
bar,2025-11-25,pix,1,1,760.4,0.0,2025-11-25,760.4
bar,2025-11-25,debito,1,1,617.85,0.012,2025-11-26,610.43
bar,2025-11-25,credito_vista,1,1,507.3,0.025,2025-12-25,494.61
bar,2025-11-25,credito_4x,1,4,37.82,0.035,2025-12-25,36.49
bar,2025-11-25,credito_4x,2,4,37.82,0.035,2026-01-24,36.49
bar,2025-11-25,credito_4x,3,4,37.82,0.035,2026-02-23,36.49
bar,2025-11-25,credito_4x,4,4,37.82,0.035,2026-03-25,36.49
bar,2025-11-26,pix,1,1,1057.38,0.0,2025-11-26,1057.38
bar,2025-11-26,debito,1,1,929.28,0.012,2025-11-27,918.13
bar,2025-11-26,credito_vista,1,1,718.51,0.025,2025-12-26,700.55
bar,2025-11-26,credito_4x,1,4,72.08,0.035,2025-12-26,69.55
bar,2025-11-26,credito_4x,2,4,72.08,0.035,2026-01-25,69.55
bar,2025-11-26,credito_4x,3,4,72.08,0.035,2026-02-24,69.55
bar,2025-11-26,credito_4x,4,4,72.08,0.035,2026-03-26,69.55
bar,2025-11-27,pix,1,1,997.07,0.0,2025-11-27,997.07
bar,2025-11-27,debito,1,1,768.3,0.012,2025-11-28,759.08
bar,2025-11-27,credito_vista,1,1,684.86,0.025,2025-12-27,667.74
bar,2025-11-27,credito_4x,1,4,84.55,0.035,2025-12-27,81.59
bar,2025-11-27,credito_4x,2,4,84.55,0.035,2026-01-26,81.59
bar,2025-11-27,credito_4x,3,4,84.55,0.035,2026-02-25,81.59
bar,2025-11-27,credito_4x,4,4,84.55,0.035,2026-03-27,81.59
bar,2025-11-28,pix,1,1,1490.9,0.0,2025-11-28,1490.9
bar,2025-11-28,debito,1,1,1260.73,0.012,2025-11-29,1245.6
bar,2025-11-28,credito_vista,1,1,1368.02,0.025,2025-12-28,1333.82
bar,2025-11-28,credito_4x,1,4,161.95,0.035,2025-12-28,156.28
bar,2025-11-28,credito_4x,2,4,161.95,0.035,2026-01-27,156.28
bar,2025-11-28,credito_4x,3,4,161.95,0.035,2026-02-26,156.28
bar,2025-11-28,credito_4x,4,4,161.95,0.035,2026-03-28,156.28
bar,2025-11-29,pix,1,1,2052.96,0.0,2025-11-29,2052.96
bar,2025-11-29,debito,1,1,2060.11,0.012,2025-11-30,2035.39
bar,2025-11-29,credito_vista,1,1,1852.1,0.025,2025-12-29,1805.8
bar,2025-11-29,credito_4x,1,4,259.88,0.035,2025-12-29,250.79
bar,2025-11-29,credito_4x,2,4,259.88,0.035,2026-01-28,250.79
bar,2025-11-29,credito_4x,3,4,259.88,0.035,2026-02-27,250.79
bar,2025-11-29,credito_4x,4,4,259.88,0.035,2026-03-29,250.79
bar,2025-11-30,pix,1,1,931.59,0.0,2025-11-30,931.59
bar,2025-11-30,debito,1,1,913.51,0.012,2025-12-01,902.55
bar,2025-11-30,credito_vista,1,1,649.44,0.025,2025-12-30,633.2
bar,2025-11-30,credito_4x,1,4,61.4,0.035,2025-12-30,59.25
bar,2025-11-30,credito_4x,2,4,61.4,0.035,2026-01-29,59.25
bar,2025-11-30,credito_4x,3,4,61.4,0.035,2026-02-28,59.25
bar,2025-11-30,credito_4x,4,4,61.4,0.035,2026-03-30,59.25
bar,2025-12-01,pix,1,1,1061.56,0.0,2025-12-01,1061.56
bar,2025-12-01,debito,1,1,758.6,0.012,2025-12-02,749.49
bar,2025-12-01,credito_vista,1,1,663.45,0.025,2025-12-31,646.86
bar,2025-12-01,credito_4x,1,4,63.93,0.035,2025-12-31,61.69
bar,2025-12-01,credito_4x,2,4,63.93,0.035,2026-01-30,61.69
bar,2025-12-01,credito_4x,3,4,63.93,0.035,2026-03-01,61.69
bar,2025-12-01,credito_4x,4,4,63.93,0.035,2026-03-31,61.69
bar,2025-12-02,pix,1,1,1026.29,0.0,2025-12-02,1026.29
bar,2025-12-02,debito,1,1,834.71,0.012,2025-12-03,824.69
bar,2025-12-02,credito_vista,1,1,691.39,0.025,2026-01-01,674.11
bar,2025-12-02,credito_4x,1,4,57.72,0.035,2026-01-01,55.7
bar,2025-12-02,credito_4x,2,4,57.72,0.035,2026-01-31,55.7
bar,2025-12-02,credito_4x,3,4,57.72,0.035,2026-03-02,55.7
bar,2025-12-02,credito_4x,4,4,57.72,0.035,2026-04-01,55.7
bar,2025-12-03,pix,1,1,1109.51,0.0,2025-12-03,1109.51
bar,2025-12-03,debito,1,1,1064.83,0.012,2025-12-04,1052.05
bar,2025-12-03,credito_vista,1,1,1067.17,0.025,2026-01-02,1040.5
bar,2025-12-03,credito_4x,1,4,125.25,0.035,2026-01-02,120.87
bar,2025-12-03,credito_4x,2,4,125.25,0.035,2026-02-01,120.87
bar,2025-12-03,credito_4x,3,4,125.25,0.035,2026-03-03,120.87
bar,2025-12-03,credito_4x,4,4,125.25,0.035,2026-04-02,120.87
bar,2025-12-04,pix,1,1,1278.37,0.0,2025-12-04,1278.37
bar,2025-12-04,debito,1,1,798.07,0.012,2025-12-05,788.49
bar,2025-12-04,credito_vista,1,1,890.55,0.025,2026-01-03,868.28
bar,2025-12-04,credito_4x,1,4,109.92,0.035,2026-01-03,106.07
bar,2025-12-04,credito_4x,2,4,109.92,0.035,2026-02-02,106.07
bar,2025-12-04,credito_4x,3,4,109.92,0.035,2026-03-04,106.07
bar,2025-12-04,credito_4x,4,4,109.92,0.035,2026-04-03,106.07
bar,2025-12-05,pix,1,1,1931.61,0.0,2025-12-05,1931.61
bar,2025-12-05,debito,1,1,1459.79,0.012,2025-12-06,1442.27
bar,2025-12-05,credito_vista,1,1,1396.05,0.025,2026-01-04,1361.15
bar,2025-12-05,credito_4x,1,4,234.77,0.035,2026-01-04,226.55
bar,2025-12-05,credito_4x,2,4,234.77,0.035,2026-02-03,226.55
bar,2025-12-05,credito_4x,3,4,234.77,0.035,2026-03-05,226.55
bar,2025-12-05,credito_4x,4,4,234.77,0.035,2026-04-04,226.55
bar,2025-12-06,pix,1,1,2617.49,0.0,2025-12-06,2617.49
bar,2025-12-06,debito,1,1,2049.8,0.012,2025-12-07,2025.21
bar,2025-12-06,credito_vista,1,1,1957.9,0.025,2026-01-05,1908.95
bar,2025-12-06,credito_4x,1,4,184.6,0.035,2026-01-05,178.14
bar,2025-12-06,credito_4x,2,4,184.6,0.035,2026-02-04,178.14
bar,2025-12-06,credito_4x,3,4,184.6,0.035,2026-03-06,178.14
bar,2025-12-06,credito_4x,4,4,184.6,0.035,2026-04-05,178.14
bar,2025-12-07,pix,1,1,1268.94,0.0,2025-12-07,1268.94
bar,2025-12-07,debito,1,1,982.31,0.012,2025-12-08,970.52
bar,2025-12-07,credito_vista,1,1,1009.41,0.025,2026-01-06,984.18
bar,2025-12-07,credito_4x,1,4,88.6,0.035,2026-01-06,85.5
bar,2025-12-07,credito_4x,2,4,88.6,0.035,2026-02-05,85.5
bar,2025-12-07,credito_4x,3,4,88.6,0.035,2026-03-07,85.5
bar,2025-12-07,credito_4x,4,4,88.6,0.035,2026-04-06,85.5
bar,2025-12-08,pix,1,1,1190.39,0.0,2025-12-08,1190.39
bar,2025-12-08,debito,1,1,852.67,0.012,2025-12-09,842.43
bar,2025-12-08,credito_vista,1,1,921.8,0.025,2026-01-07,898.76
bar,2025-12-08,credito_4x,1,4,100.39,0.035,2026-01-07,96.87
bar,2025-12-08,credito_4x,2,4,100.39,0.035,2026-02-06,96.87
bar,2025-12-08,credito_4x,3,4,100.39,0.035,2026-03-08,96.87
bar,2025-12-08,credito_4x,4,4,100.39,0.035,2026-04-07,96.87
bar,2025-12-09,pix,1,1,759.52,0.0,2025-12-09,759.52
bar,2025-12-09,debito,1,1,597.82,0.012,2025-12-10,590.64
bar,2025-12-09,credito_vista,1,1,572.43,0.025,2026-01-08,558.12
bar,2025-12-09,credito_4x,1,4,60.48,0.035,2026-01-08,58.36
bar,2025-12-09,credito_4x,2,4,60.48,0.035,2026-02-07,58.36
bar,2025-12-09,credito_4x,3,4,60.48,0.035,2026-03-09,58.36
bar,2025-12-09,credito_4x,4,4,60.48,0.035,2026-04-08,58.36
bar,2025-12-10,pix,1,1,1328.44,0.0,2025-12-10,1328.44
bar,2025-12-10,debito,1,1,1209.76,0.012,2025-12-11,1195.24
bar,2025-12-10,credito_vista,1,1,824.92,0.025,2026-01-09,804.3
bar,2025-12-10,credito_4x,1,4,140.72,0.035,2026-01-09,135.8
bar,2025-12-10,credito_4x,2,4,140.72,0.035,2026-02-08,135.8
bar,2025-12-10,credito_4x,3,4,140.72,0.035,2026-03-10,135.8
bar,2025-12-10,credito_4x,4,4,140.72,0.035,2026-04-09,135.8
bar,2025-12-11,pix,1,1,1432.52,0.0,2025-12-11,1432.52
bar,2025-12-11,debito,1,1,1036.68,0.012,2025-12-12,1024.24
bar,2025-12-11,credito_vista,1,1,1018.99,0.025,2026-01-10,993.51
bar,2025-12-11,credito_4x,1,4,93.12,0.035,2026-01-10,89.86
bar,2025-12-11,credito_4x,2,4,93.12,0.035,2026-02-09,89.86
bar,2025-12-11,credito_4x,3,4,93.12,0.035,2026-03-11,89.86
bar,2025-12-11,credito_4x,4,4,93.12,0.035,2026-04-10,89.86
bar,2025-12-12,pix,1,1,2379.46,0.0,2025-12-12,2379.46
bar,2025-12-12,debito,1,1,1659.83,0.012,2025-12-13,1639.91
bar,2025-12-12,credito_vista,1,1,1140.93,0.025,2026-01-11,1112.41
bar,2025-12-12,credito_4x,1,4,254.68,0.035,2026-01-11,245.77
bar,2025-12-12,credito_4x,2,4,254.68,0.035,2026-02-10,245.77
bar,2025-12-12,credito_4x,3,4,254.68,0.035,2026-03-12,245.77
bar,2025-12-12,credito_4x,4,4,254.68,0.035,2026-04-11,245.77
bar,2025-12-13,pix,1,1,2452.7,0.0,2025-12-13,2452.7
bar,2025-12-13,debito,1,1,2280.0,0.012,2025-12-14,2252.64
bar,2025-12-13,credito_vista,1,1,2198.77,0.025,2026-01-12,2143.8
bar,2025-12-13,credito_4x,1,4,269.98,0.035,2026-01-12,260.53
bar,2025-12-13,credito_4x,2,4,269.98,0.035,2026-02-11,260.53
bar,2025-12-13,credito_4x,3,4,269.98,0.035,2026-03-13,260.53
bar,2025-12-13,credito_4x,4,4,269.98,0.035,2026-04-12,260.53
bar,2025-12-14,pix,1,1,687.21,0.0,2025-12-14,687.21
bar,2025-12-14,debito,1,1,587.0,0.012,2025-12-15,579.96
bar,2025-12-14,credito_vista,1,1,503.91,0.025,2026-01-13,491.31
bar,2025-12-14,credito_4x,1,4,43.06,0.035,2026-01-13,41.55
bar,2025-12-14,credito_4x,2,4,43.06,0.035,2026-02-12,41.55
bar,2025-12-14,credito_4x,3,4,43.06,0.035,2026-03-14,41.55
bar,2025-12-14,credito_4x,4,4,43.06,0.035,2026-04-13,41.55
bar,2025-12-15,pix,1,1,880.51,0.0,2025-12-15,880.51
bar,2025-12-15,debito,1,1,789.22,0.012,2025-12-16,779.75
bar,2025-12-15,credito_vista,1,1,584.43,0.025,2026-01-14,569.82
bar,2025-12-15,credito_4x,1,4,80.76,0.035,2026-01-14,77.94
bar,2025-12-15,credito_4x,2,4,80.76,0.035,2026-02-13,77.94
bar,2025-12-15,credito_4x,3,4,80.76,0.035,2026-03-15,77.94
bar,2025-12-15,credito_4x,4,4,80.76,0.035,2026-04-14,77.94
bar,2025-12-16,pix,1,1,1345.52,0.0,2025-12-16,1345.52
bar,2025-12-16,debito,1,1,874.4,0.012,2025-12-17,863.9
bar,2025-12-16,credito_vista,1,1,817.06,0.025,2026-01-15,796.64
bar,2025-12-16,credito_4x,1,4,66.39,0.035,2026-01-15,64.07
bar,2025-12-16,credito_4x,2,4,66.39,0.035,2026-02-14,64.07
bar,2025-12-16,credito_4x,3,4,66.39,0.035,2026-03-16,64.07
bar,2025-12-16,credito_4x,4,4,66.39,0.035,2026-04-15,64.07
bar,2025-12-17,pix,1,1,840.56,0.0,2025-12-17,840.56
bar,2025-12-17,debito,1,1,709.35,0.012,2025-12-18,700.83
bar,2025-12-17,credito_vista,1,1,799.06,0.025,2026-01-16,779.08
bar,2025-12-17,credito_4x,1,4,69.18,0.035,2026-01-16,66.76
bar,2025-12-17,credito_4x,2,4,69.18,0.035,2026-02-15,66.76
bar,2025-12-17,credito_4x,3,4,69.18,0.035,2026-03-17,66.76
bar,2025-12-17,credito_4x,4,4,69.18,0.035,2026-04-16,66.76
bar,2025-12-18,pix,1,1,1426.15,0.0,2025-12-18,1426.15
bar,2025-12-18,debito,1,1,1576.69,0.012,2025-12-19,1557.77
bar,2025-12-18,credito_vista,1,1,1249.56,0.025,2026-01-17,1218.33
bar,2025-12-18,credito_4x,1,4,113.13,0.035,2026-01-17,109.17
bar,2025-12-18,credito_4x,2,4,113.13,0.035,2026-02-16,109.17
bar,2025-12-18,credito_4x,3,4,113.13,0.035,2026-03-18,109.17
bar,2025-12-18,credito_4x,4,4,113.13,0.035,2026-04-17,109.17
bar,2025-12-19,pix,1,1,2306.31,0.0,2025-12-19,2306.31
bar,2025-12-19,debito,1,1,1652.48,0.012,2025-12-20,1632.65
bar,2025-12-19,credito_vista,1,1,1730.09,0.025,2026-01-18,1686.84
bar,2025-12-19,credito_4x,1,4,130.8,0.035,2026-01-18,126.22
bar,2025-12-19,credito_4x,2,4,130.8,0.035,2026-02-17,126.22
bar,2025-12-19,credito_4x,3,4,130.8,0.035,2026-03-19,126.22
bar,2025-12-19,credito_4x,4,4,130.8,0.035,2026-04-18,126.22
bar,2025-12-20,pix,1,1,2119.51,0.0,2025-12-20,2119.51
bar,2025-12-20,debito,1,1,2365.06,0.012,2025-12-21,2336.68
bar,2025-12-20,credito_vista,1,1,1833.62,0.025,2026-01-19,1787.78
bar,2025-12-20,credito_4x,1,4,252.89,0.035,2026-01-19,244.04
bar,2025-12-20,credito_4x,2,4,252.89,0.035,2026-02-18,244.04
bar,2025-12-20,credito_4x,3,4,252.89,0.035,2026-03-20,244.04
bar,2025-12-20,credito_4x,4,4,252.89,0.035,2026-04-19,244.04
bar,2025-12-21,pix,1,1,796.38,0.0,2025-12-21,796.38
bar,2025-12-21,debito,1,1,644.79,0.012,2025-12-22,637.05
bar,2025-12-21,credito_vista,1,1,693.29,0.025,2026-01-20,675.96
bar,2025-12-21,credito_4x,1,4,117.63,0.035,2026-01-20,113.52
bar,2025-12-21,credito_4x,2,4,117.63,0.035,2026-02-19,113.52
bar,2025-12-21,credito_4x,3,4,117.63,0.035,2026-03-21,113.52
bar,2025-12-21,credito_4x,4,4,117.63,0.035,2026-04-20,113.52
bar,2025-12-22,pix,1,1,1107.82,0.0,2025-12-22,1107.82
bar,2025-12-22,debito,1,1,1113.66,0.012,2025-12-23,1100.3
bar,2025-12-22,credito_vista,1,1,635.74,0.025,2026-01-21,619.85
bar,2025-12-22,credito_4x,1,4,85.88,0.035,2026-01-21,82.87
bar,2025-12-22,credito_4x,2,4,85.88,0.035,2026-02-20,82.87
bar,2025-12-22,credito_4x,3,4,85.88,0.035,2026-03-22,82.87
bar,2025-12-22,credito_4x,4,4,85.88,0.035,2026-04-21,82.87
bar,2025-12-23,pix,1,1,1057.44,0.0,2025-12-23,1057.44
bar,2025-12-23,debito,1,1,935.76,0.012,2025-12-24,924.53
bar,2025-12-23,credito_vista,1,1,913.13,0.025,2026-01-22,890.31
bar,2025-12-23,credito_4x,1,4,161.06,0.035,2026-01-22,155.42
bar,2025-12-23,credito_4x,2,4,161.06,0.035,2026-02-21,155.42
bar,2025-12-23,credito_4x,3,4,161.06,0.035,2026-03-23,155.42
bar,2025-12-23,credito_4x,4,4,161.06,0.035,2026-04-22,155.42
bar,2025-12-24,pix,1,1,1210.73,0.0,2025-12-24,1210.73
bar,2025-12-24,debito,1,1,1146.1,0.012,2025-12-25,1132.35
bar,2025-12-24,credito_vista,1,1,862.98,0.025,2026-01-23,841.4
bar,2025-12-24,credito_4x,1,4,93.5,0.035,2026-01-23,90.22
bar,2025-12-24,credito_4x,2,4,93.5,0.035,2026-02-22,90.22
bar,2025-12-24,credito_4x,3,4,93.5,0.035,2026-03-24,90.22
bar,2025-12-24,credito_4x,4,4,93.5,0.035,2026-04-23,90.22
bar,2025-12-25,pix,1,1,928.56,0.0,2025-12-25,928.56
bar,2025-12-25,debito,1,1,1209.7,0.012,2025-12-26,1195.18
bar,2025-12-25,credito_vista,1,1,1063.76,0.025,2026-01-24,1037.16
bar,2025-12-25,credito_4x,1,4,104.57,0.035,2026-01-24,100.91
bar,2025-12-25,credito_4x,2,4,104.57,0.035,2026-02-23,100.91
bar,2025-12-25,credito_4x,3,4,104.57,0.035,2026-03-25,100.91
bar,2025-12-25,credito_4x,4,4,104.57,0.035,2026-04-24,100.91
bar,2025-12-26,pix,1,1,1915.24,0.0,2025-12-26,1915.24
bar,2025-12-26,debito,1,1,1643.94,0.012,2025-12-27,1624.21
bar,2025-12-26,credito_vista,1,1,1239.45,0.025,2026-01-25,1208.46
bar,2025-12-26,credito_4x,1,4,190.71,0.035,2026-01-25,184.04
bar,2025-12-26,credito_4x,2,4,190.71,0.035,2026-02-24,184.04
bar,2025-12-26,credito_4x,3,4,190.71,0.035,2026-03-26,184.04
bar,2025-12-26,credito_4x,4,4,190.71,0.035,2026-04-25,184.04
bar,2025-12-27,pix,1,1,1884.67,0.0,2025-12-27,1884.67
bar,2025-12-27,debito,1,1,1588.06,0.012,2025-12-28,1569.0
bar,2025-12-27,credito_vista,1,1,969.9,0.025,2026-01-26,945.65
bar,2025-12-27,credito_4x,1,4,174.43,0.035,2026-01-26,168.33
bar,2025-12-27,credito_4x,2,4,174.43,0.035,2026-02-25,168.33
bar,2025-12-27,credito_4x,3,4,174.43,0.035,2026-03-27,168.33
bar,2025-12-27,credito_4x,4,4,174.43,0.035,2026-04-26,168.33
bar,2025-12-28,pix,1,1,804.69,0.0,2025-12-28,804.69
bar,2025-12-28,debito,1,1,574.61,0.012,2025-12-29,567.72
bar,2025-12-28,credito_vista,1,1,851.26,0.025,2026-01-27,829.98
bar,2025-12-28,credito_4x,1,4,74.73,0.035,2026-01-27,72.12
bar,2025-12-28,credito_4x,2,4,74.73,0.035,2026-02-26,72.12
bar,2025-12-28,credito_4x,3,4,74.73,0.035,2026-03-28,72.12
bar,2025-12-28,credito_4x,4,4,74.73,0.035,2026-04-27,72.12
bar,2025-12-29,pix,1,1,876.03,0.0,2025-12-29,876.03
bar,2025-12-29,debito,1,1,719.71,0.012,2025-12-30,711.07
bar,2025-12-29,credito_vista,1,1,658.0,0.025,2026-01-28,641.55
bar,2025-12-29,credito_4x,1,4,69.25,0.035,2026-01-28,66.83
bar,2025-12-29,credito_4x,2,4,69.25,0.035,2026-02-27,66.83
bar,2025-12-29,credito_4x,3,4,69.25,0.035,2026-03-29,66.83
bar,2025-12-29,credito_4x,4,4,69.25,0.035,2026-04-28,66.83
bar,2025-12-30,pix,1,1,836.46,0.0,2025-12-30,836.46
bar,2025-12-30,debito,1,1,772.82,0.012,2025-12-31,763.55
bar,2025-12-30,credito_vista,1,1,909.99,0.025,2026-01-29,887.24
bar,2025-12-30,credito_4x,1,4,104.75,0.035,2026-01-29,101.09
bar,2025-12-30,credito_4x,2,4,104.75,0.035,2026-02-28,101.09
bar,2025-12-30,credito_4x,3,4,104.75,0.035,2026-03-30,101.09
bar,2025-12-30,credito_4x,4,4,104.75,0.035,2026-04-29,101.09
bar,2025-12-31,pix,1,1,1188.58,0.0,2025-12-31,1188.58
bar,2025-12-31,debito,1,1,973.19,0.012,2026-01-01,961.51
bar,2025-12-31,credito_vista,1,1,1021.56,0.025,2026-01-30,996.02
bar,2025-12-31,credito_4x,1,4,110.62,0.035,2026-01-30,106.75
bar,2025-12-31,credito_4x,2,4,110.62,0.035,2026-03-01,106.75
bar,2025-12-31,credito_4x,3,4,110.62,0.035,2026-03-31,106.75
bar,2025-12-31,credito_4x,4,4,110.62,0.035,2026-04-30,106.75
bar,2026-01-01,pix,1,1,1186.27,0.0,2026-01-01,1186.27
bar,2026-01-01,debito,1,1,1075.07,0.012,2026-01-02,1062.17
bar,2026-01-01,credito_vista,1,1,995.69,0.025,2026-01-31,970.8
bar,2026-01-01,credito_4x,1,4,92.66,0.035,2026-01-31,89.42
bar,2026-01-01,credito_4x,2,4,92.66,0.035,2026-03-02,89.42
bar,2026-01-01,credito_4x,3,4,92.66,0.035,2026-04-01,89.42
bar,2026-01-01,credito_4x,4,4,92.66,0.035,2026-05-01,89.42
bar,2026-01-02,pix,1,1,2265.94,0.0,2026-01-02,2265.94
bar,2026-01-02,debito,1,1,1895.21,0.012,2026-01-03,1872.47
bar,2026-01-02,credito_vista,1,1,1658.22,0.025,2026-02-01,1616.77
bar,2026-01-02,credito_4x,1,4,161.86,0.035,2026-02-01,156.2
bar,2026-01-02,credito_4x,2,4,161.86,0.035,2026-03-03,156.2
bar,2026-01-02,credito_4x,3,4,161.86,0.035,2026-04-02,156.2
bar,2026-01-02,credito_4x,4,4,161.86,0.035,2026-05-02,156.2
bar,2026-01-03,pix,1,1,3124.9,0.0,2026-01-03,3124.9
bar,2026-01-03,debito,1,1,2349.03,0.012,2026-01-04,2320.84
bar,2026-01-03,credito_vista,1,1,2620.0,0.025,2026-02-02,2554.5
bar,2026-01-03,credito_4x,1,4,201.36,0.035,2026-02-02,194.31
bar,2026-01-03,credito_4x,2,4,201.36,0.035,2026-03-04,194.31
bar,2026-01-03,credito_4x,3,4,201.36,0.035,2026-04-03,194.31
bar,2026-01-03,credito_4x,4,4,201.36,0.035,2026-05-03,194.31
bar,2026-01-04,pix,1,1,998.75,0.0,2026-01-04,998.75
bar,2026-01-04,debito,1,1,810.08,0.012,2026-01-05,800.36
bar,2026-01-04,credito_vista,1,1,674.85,0.025,2026-02-03,657.98
bar,2026-01-04,credito_4x,1,4,87.54,0.035,2026-02-03,84.47
bar,2026-01-04,credito_4x,2,4,87.54,0.035,2026-03-05,84.47
bar,2026-01-04,credito_4x,3,4,87.54,0.035,2026-04-04,84.47
bar,2026-01-04,credito_4x,4,4,87.54,0.035,2026-05-04,84.47
bar,2026-01-05,pix,1,1,1026.58,0.0,2026-01-05,1026.58
bar,2026-01-05,debito,1,1,778.37,0.012,2026-01-06,769.03
bar,2026-01-05,credito_vista,1,1,689.72,0.025,2026-02-04,672.47
bar,2026-01-05,credito_4x,1,4,76.26,0.035,2026-02-04,73.59
bar,2026-01-05,credito_4x,2,4,76.26,0.035,2026-03-06,73.59
bar,2026-01-05,credito_4x,3,4,76.26,0.035,2026-04-05,73.59
bar,2026-01-05,credito_4x,4,4,76.26,0.035,2026-05-05,73.59
bar,2026-01-06,pix,1,1,1395.68,0.0,2026-01-06,1395.68
bar,2026-01-06,debito,1,1,850.21,0.012,2026-01-07,840.01
bar,2026-01-06,credito_vista,1,1,787.97,0.025,2026-02-05,768.27
bar,2026-01-06,credito_4x,1,4,124.03,0.035,2026-02-05,119.69
bar,2026-01-06,credito_4x,2,4,124.03,0.035,2026-03-07,119.69
bar,2026-01-06,credito_4x,3,4,124.03,0.035,2026-04-06,119.69
bar,2026-01-06,credito_4x,4,4,124.03,0.035,2026-05-06,119.69
bar,2026-01-07,pix,1,1,1556.12,0.0,2026-01-07,1556.12
bar,2026-01-07,debito,1,1,1109.88,0.012,2026-01-08,1096.56
bar,2026-01-07,credito_vista,1,1,1151.12,0.025,2026-02-06,1122.34
bar,2026-01-07,credito_4x,1,4,140.74,0.035,2026-02-06,135.82
bar,2026-01-07,credito_4x,2,4,140.74,0.035,2026-03-08,135.82
bar,2026-01-07,credito_4x,3,4,140.74,0.035,2026-04-07,135.82
bar,2026-01-07,credito_4x,4,4,140.74,0.035,2026-05-07,135.82
bar,2026-01-08,pix,1,1,1207.83,0.0,2026-01-08,1207.83
bar,2026-01-08,debito,1,1,1403.1,0.012,2026-01-09,1386.26
bar,2026-01-08,credito_vista,1,1,1197.92,0.025,2026-02-07,1167.97
bar,2026-01-08,credito_4x,1,4,137.27,0.035,2026-02-07,132.47
bar,2026-01-08,credito_4x,2,4,137.27,0.035,2026-03-09,132.47
bar,2026-01-08,credito_4x,3,4,137.27,0.035,2026-04-08,132.47
bar,2026-01-08,credito_4x,4,4,137.27,0.035,2026-05-08,132.47
bar,2026-01-09,pix,1,1,2961.43,0.0,2026-01-09,2961.43
bar,2026-01-09,debito,1,1,2341.44,0.012,2026-01-10,2313.35
bar,2026-01-09,credito_vista,1,1,2054.83,0.025,2026-02-08,2003.46
bar,2026-01-09,credito_4x,1,4,154.03,0.035,2026-02-08,148.64
bar,2026-01-09,credito_4x,2,4,154.03,0.035,2026-03-10,148.64
bar,2026-01-09,credito_4x,3,4,154.03,0.035,2026-04-09,148.64
bar,2026-01-09,credito_4x,4,4,154.03,0.035,2026-05-09,148.64
bar,2026-01-10,pix,1,1,2773.36,0.0,2026-01-10,2773.36
bar,2026-01-10,debito,1,1,1843.81,0.012,2026-01-11,1821.68
bar,2026-01-10,credito_vista,1,1,2737.15,0.025,2026-02-09,2668.72
bar,2026-01-10,credito_4x,1,4,233.77,0.035,2026-02-09,225.59
bar,2026-01-10,credito_4x,2,4,233.77,0.035,2026-03-11,225.59
bar,2026-01-10,credito_4x,3,4,233.77,0.035,2026-04-10,225.59
bar,2026-01-10,credito_4x,4,4,233.77,0.035,2026-05-10,225.59
bar,2026-01-11,pix,1,1,1279.04,0.0,2026-01-11,1279.04
bar,2026-01-11,debito,1,1,848.14,0.012,2026-01-12,837.96
bar,2026-01-11,credito_vista,1,1,707.34,0.025,2026-02-10,689.65
bar,2026-01-11,credito_4x,1,4,114.98,0.035,2026-02-10,110.96
bar,2026-01-11,credito_4x,2,4,114.98,0.035,2026-03-12,110.96
bar,2026-01-11,credito_4x,3,4,114.98,0.035,2026-04-11,110.96
bar,2026-01-11,credito_4x,4,4,114.98,0.035,2026-05-11,110.96
bar,2026-01-12,pix,1,1,997.57,0.0,2026-01-12,997.57
bar,2026-01-12,debito,1,1,1074.15,0.012,2026-01-13,1061.26
bar,2026-01-12,credito_vista,1,1,663.42,0.025,2026-02-11,646.83
bar,2026-01-12,credito_4x,1,4,109.25,0.035,2026-02-11,105.42
bar,2026-01-12,credito_4x,2,4,109.25,0.035,2026-03-13,105.42
bar,2026-01-12,credito_4x,3,4,109.25,0.035,2026-04-12,105.42
bar,2026-01-12,credito_4x,4,4,109.25,0.035,2026-05-12,105.42
bar,2026-01-13,pix,1,1,1545.38,0.0,2026-01-13,1545.38
bar,2026-01-13,debito,1,1,1158.06,0.012,2026-01-14,1144.17
bar,2026-01-13,credito_vista,1,1,990.99,0.025,2026-02-12,966.22
bar,2026-01-13,credito_4x,1,4,136.06,0.035,2026-02-12,131.3
bar,2026-01-13,credito_4x,2,4,136.06,0.035,2026-03-14,131.3
bar,2026-01-13,credito_4x,3,4,136.06,0.035,2026-04-13,131.3
bar,2026-01-13,credito_4x,4,4,136.06,0.035,2026-05-13,131.3
bar,2026-01-14,pix,1,1,1224.68,0.0,2026-01-14,1224.68
bar,2026-01-14,debito,1,1,909.46,0.012,2026-01-15,898.55
bar,2026-01-14,credito_vista,1,1,878.78,0.025,2026-02-13,856.81
bar,2026-01-14,credito_4x,1,4,110.6,0.035,2026-02-13,106.72
bar,2026-01-14,credito_4x,2,4,110.6,0.035,2026-03-15,106.72
bar,2026-01-14,credito_4x,3,4,110.6,0.035,2026-04-14,106.72
bar,2026-01-14,credito_4x,4,4,110.6,0.035,2026-05-14,106.72
bar,2026-01-15,pix,1,1,1070.35,0.0,2026-01-15,1070.35
bar,2026-01-15,debito,1,1,718.24,0.012,2026-01-16,709.63
bar,2026-01-15,credito_vista,1,1,707.76,0.025,2026-02-14,690.07
bar,2026-01-15,credito_4x,1,4,73.51,0.035,2026-02-14,70.94
bar,2026-01-15,credito_4x,2,4,73.51,0.035,2026-03-16,70.94
bar,2026-01-15,credito_4x,3,4,73.51,0.035,2026-04-15,70.94
bar,2026-01-15,credito_4x,4,4,73.51,0.035,2026-05-15,70.94
bar,2026-01-16,pix,1,1,2625.58,0.0,2026-01-16,2625.58
bar,2026-01-16,debito,1,1,2478.24,0.012,2026-01-17,2448.5
bar,2026-01-16,credito_vista,1,1,1540.01,0.025,2026-02-15,1501.51
bar,2026-01-16,credito_4x,1,4,229.87,0.035,2026-02-15,221.83
bar,2026-01-16,credito_4x,2,4,229.87,0.035,2026-03-17,221.83
bar,2026-01-16,credito_4x,3,4,229.87,0.035,2026-04-16,221.83
bar,2026-01-16,credito_4x,4,4,229.87,0.035,2026-05-16,221.83
bar,2026-01-17,pix,1,1,2374.9,0.0,2026-01-17,2374.9
bar,2026-01-17,debito,1,1,1660.6,0.012,2026-01-18,1640.67
bar,2026-01-17,credito_vista,1,1,1296.89,0.025,2026-02-16,1264.47
bar,2026-01-17,credito_4x,1,4,235.08,0.035,2026-02-16,226.85
bar,2026-01-17,credito_4x,2,4,235.08,0.035,2026-03-18,226.85
bar,2026-01-17,credito_4x,3,4,235.08,0.035,2026-04-17,226.85
bar,2026-01-17,credito_4x,4,4,235.08,0.035,2026-05-17,226.85
bar,2026-01-18,pix,1,1,896.41,0.0,2026-01-18,896.41
bar,2026-01-18,debito,1,1,1092.87,0.012,2026-01-19,1079.75
bar,2026-01-18,credito_vista,1,1,740.59,0.025,2026-02-17,722.07
bar,2026-01-18,credito_4x,1,4,67.01,0.035,2026-02-17,64.66
bar,2026-01-18,credito_4x,2,4,67.01,0.035,2026-03-19,64.66
bar,2026-01-18,credito_4x,3,4,67.01,0.035,2026-04-18,64.66
bar,2026-01-18,credito_4x,4,4,67.01,0.035,2026-05-18,64.66
bar,2026-01-19,pix,1,1,1129.66,0.0,2026-01-19,1129.66
bar,2026-01-19,debito,1,1,983.32,0.012,2026-01-20,971.52
bar,2026-01-19,credito_vista,1,1,939.8,0.025,2026-02-18,916.3
bar,2026-01-19,credito_4x,1,4,120.28,0.035,2026-02-18,116.07
bar,2026-01-19,credito_4x,2,4,120.28,0.035,2026-03-20,116.07
bar,2026-01-19,credito_4x,3,4,120.28,0.035,2026-04-19,116.07
bar,2026-01-19,credito_4x,4,4,120.28,0.035,2026-05-19,116.07
bar,2026-01-20,pix,1,1,773.91,0.0,2026-01-20,773.91
bar,2026-01-20,debito,1,1,784.94,0.012,2026-01-21,775.52
bar,2026-01-20,credito_vista,1,1,566.3,0.025,2026-02-19,552.14
bar,2026-01-20,credito_4x,1,4,70.44,0.035,2026-02-19,67.98
bar,2026-01-20,credito_4x,2,4,70.44,0.035,2026-03-21,67.98
bar,2026-01-20,credito_4x,3,4,70.44,0.035,2026-04-20,67.98
bar,2026-01-20,credito_4x,4,4,70.44,0.035,2026-05-20,67.98
bar,2026-01-21,pix,1,1,1122.25,0.0,2026-01-21,1122.25
bar,2026-01-21,debito,1,1,708.36,0.012,2026-01-22,699.86
bar,2026-01-21,credito_vista,1,1,701.23,0.025,2026-02-20,683.7
bar,2026-01-21,credito_4x,1,4,97.08,0.035,2026-02-20,93.68
bar,2026-01-21,credito_4x,2,4,97.08,0.035,2026-03-22,93.68
bar,2026-01-21,credito_4x,3,4,97.08,0.035,2026-04-21,93.68
bar,2026-01-21,credito_4x,4,4,97.08,0.035,2026-05-21,93.68
bar,2026-01-22,pix,1,1,1056.99,0.0,2026-01-22,1056.99
bar,2026-01-22,debito,1,1,616.84,0.012,2026-01-23,609.43
bar,2026-01-22,credito_vista,1,1,989.91,0.025,2026-02-21,965.16
bar,2026-01-22,credito_4x,1,4,98.21,0.035,2026-02-21,94.77
bar,2026-01-22,credito_4x,2,4,98.21,0.035,2026-03-23,94.77
bar,2026-01-22,credito_4x,3,4,98.21,0.035,2026-04-22,94.77
bar,2026-01-22,credito_4x,4,4,98.21,0.035,2026-05-22,94.77
bar,2026-01-23,pix,1,1,1833.29,0.0,2026-01-23,1833.29
bar,2026-01-23,debito,1,1,1611.52,0.012,2026-01-24,1592.18
bar,2026-01-23,credito_vista,1,1,1299.06,0.025,2026-02-22,1266.58
bar,2026-01-23,credito_4x,1,4,167.77,0.035,2026-02-22,161.9
bar,2026-01-23,credito_4x,2,4,167.77,0.035,2026-03-24,161.9
bar,2026-01-23,credito_4x,3,4,167.77,0.035,2026-04-23,161.9
bar,2026-01-23,credito_4x,4,4,167.77,0.035,2026-05-23,161.9
bar,2026-01-24,pix,1,1,2498.66,0.0,2026-01-24,2498.66
bar,2026-01-24,debito,1,1,2334.51,0.012,2026-01-25,2306.5
bar,2026-01-24,credito_vista,1,1,1787.45,0.025,2026-02-23,1742.76
bar,2026-01-24,credito_4x,1,4,154.55,0.035,2026-02-23,149.14
bar,2026-01-24,credito_4x,2,4,154.55,0.035,2026-03-25,149.14
bar,2026-01-24,credito_4x,3,4,154.55,0.035,2026-04-24,149.14
bar,2026-01-24,credito_4x,4,4,154.55,0.035,2026-05-24,149.14
bar,2026-01-25,pix,1,1,991.76,0.0,2026-01-25,991.76
bar,2026-01-25,debito,1,1,881.4,0.012,2026-01-26,870.83
bar,2026-01-25,credito_vista,1,1,698.78,0.025,2026-02-24,681.31
bar,2026-01-25,credito_4x,1,4,78.89,0.035,2026-02-24,76.13
bar,2026-01-25,credito_4x,2,4,78.89,0.035,2026-03-26,76.13
bar,2026-01-25,credito_4x,3,4,78.89,0.035,2026-04-25,76.13
bar,2026-01-25,credito_4x,4,4,78.89,0.035,2026-05-25,76.13
bar,2026-01-26,pix,1,1,883.21,0.0,2026-01-26,883.21
bar,2026-01-26,debito,1,1,776.86,0.012,2026-01-27,767.54
bar,2026-01-26,credito_vista,1,1,809.81,0.025,2026-02-25,789.56
bar,2026-01-26,credito_4x,1,4,80.32,0.035,2026-02-25,77.51
bar,2026-01-26,credito_4x,2,4,80.32,0.035,2026-03-27,77.51
bar,2026-01-26,credito_4x,3,4,80.32,0.035,2026-04-26,77.51
bar,2026-01-26,credito_4x,4,4,80.32,0.035,2026-05-26,77.51
bar,2026-01-27,pix,1,1,826.97,0.0,2026-01-27,826.97
bar,2026-01-27,debito,1,1,633.56,0.012,2026-01-28,625.95
bar,2026-01-27,credito_vista,1,1,512.98,0.025,2026-02-26,500.15
bar,2026-01-27,credito_4x,1,4,73.02,0.035,2026-02-26,70.46
bar,2026-01-27,credito_4x,2,4,73.02,0.035,2026-03-28,70.46
bar,2026-01-27,credito_4x,3,4,73.02,0.035,2026-04-27,70.46
bar,2026-01-27,credito_4x,4,4,73.02,0.035,2026-05-27,70.46
bar,2026-01-28,pix,1,1,675.2,0.0,2026-01-28,675.2
bar,2026-01-28,debito,1,1,589.45,0.012,2026-01-29,582.38
bar,2026-01-28,credito_vista,1,1,565.47,0.025,2026-02-27,551.33
bar,2026-01-28,credito_4x,1,4,75.35,0.035,2026-02-27,72.71
bar,2026-01-28,credito_4x,2,4,75.35,0.035,2026-03-29,72.71
bar,2026-01-28,credito_4x,3,4,75.35,0.035,2026-04-28,72.71
bar,2026-01-28,credito_4x,4,4,75.35,0.035,2026-05-28,72.71
bar,2026-01-29,pix,1,1,1284.21,0.0,2026-01-29,1284.21
bar,2026-01-29,debito,1,1,1010.85,0.012,2026-01-30,998.72
bar,2026-01-29,credito_vista,1,1,1000.91,0.025,2026-02-28,975.88
bar,2026-01-29,credito_4x,1,4,95.83,0.035,2026-02-28,92.48
bar,2026-01-29,credito_4x,2,4,95.83,0.035,2026-03-30,92.48
bar,2026-01-29,credito_4x,3,4,95.83,0.035,2026-04-29,92.48
bar,2026-01-29,credito_4x,4,4,95.83,0.035,2026-05-29,92.48
bar,2026-01-30,pix,1,1,1652.21,0.0,2026-01-30,1652.21
bar,2026-01-30,debito,1,1,1765.19,0.012,2026-01-31,1744.01
bar,2026-01-30,credito_vista,1,1,1246.05,0.025,2026-03-01,1214.9
bar,2026-01-30,credito_4x,1,4,129.61,0.035,2026-03-01,125.07
bar,2026-01-30,credito_4x,2,4,129.61,0.035,2026-03-31,125.07
bar,2026-01-30,credito_4x,3,4,129.61,0.035,2026-04-30,125.07
bar,2026-01-30,credito_4x,4,4,129.61,0.035,2026-05-30,125.07
bar,2026-01-31,pix,1,1,2236.03,0.0,2026-01-31,2236.03
bar,2026-01-31,debito,1,1,1617.33,0.012,2026-02-01,1597.93
bar,2026-01-31,credito_vista,1,1,1791.14,0.025,2026-03-02,1746.36
bar,2026-01-31,credito_4x,1,4,235.02,0.035,2026-03-02,226.8
bar,2026-01-31,credito_4x,2,4,235.02,0.035,2026-04-01,226.8
bar,2026-01-31,credito_4x,3,4,235.02,0.035,2026-05-01,226.8
bar,2026-01-31,credito_4x,4,4,235.02,0.035,2026-05-31,226.8
bar,2026-02-01,pix,1,1,1166.68,0.0,2026-02-01,1166.68
bar,2026-02-01,debito,1,1,1151.66,0.012,2026-02-02,1137.84
bar,2026-02-01,credito_vista,1,1,897.99,0.025,2026-03-03,875.54
bar,2026-02-01,credito_4x,1,4,107.1,0.035,2026-03-03,103.35
bar,2026-02-01,credito_4x,2,4,107.1,0.035,2026-04-02,103.35
bar,2026-02-01,credito_4x,3,4,107.1,0.035,2026-05-02,103.35
bar,2026-02-01,credito_4x,4,4,107.1,0.035,2026-06-01,103.35
bar,2026-02-02,pix,1,1,1193.43,0.0,2026-02-02,1193.43
bar,2026-02-02,debito,1,1,878.74,0.012,2026-02-03,868.19
bar,2026-02-02,credito_vista,1,1,905.56,0.025,2026-03-04,882.92
bar,2026-02-02,credito_4x,1,4,97.95,0.035,2026-03-04,94.52
bar,2026-02-02,credito_4x,2,4,97.95,0.035,2026-04-03,94.52
bar,2026-02-02,credito_4x,3,4,97.95,0.035,2026-05-03,94.52
bar,2026-02-02,credito_4x,4,4,97.95,0.035,2026-06-02,94.52
bar,2026-02-03,pix,1,1,1402.21,0.0,2026-02-03,1402.21
bar,2026-02-03,debito,1,1,1167.11,0.012,2026-02-04,1153.1
bar,2026-02-03,credito_vista,1,1,897.27,0.025,2026-03-05,874.84
bar,2026-02-03,credito_4x,1,4,119.43,0.035,2026-03-05,115.25
bar,2026-02-03,credito_4x,2,4,119.43,0.035,2026-04-04,115.25
bar,2026-02-03,credito_4x,3,4,119.43,0.035,2026-05-04,115.25
bar,2026-02-03,credito_4x,4,4,119.43,0.035,2026-06-03,115.25
bar,2026-02-04,pix,1,1,1581.92,0.0,2026-02-04,1581.92
bar,2026-02-04,debito,1,1,1003.01,0.012,2026-02-05,990.98
bar,2026-02-04,credito_vista,1,1,1046.62,0.025,2026-03-06,1020.45
bar,2026-02-04,credito_4x,1,4,130.87,0.035,2026-03-06,126.29
bar,2026-02-04,credito_4x,2,4,130.87,0.035,2026-04-05,126.29
bar,2026-02-04,credito_4x,3,4,130.87,0.035,2026-05-05,126.29
bar,2026-02-04,credito_4x,4,4,130.87,0.035,2026-06-04,126.29
bar,2026-02-05,pix,1,1,1451.92,0.0,2026-02-05,1451.92
bar,2026-02-05,debito,1,1,1286.94,0.012,2026-02-06,1271.49
bar,2026-02-05,credito_vista,1,1,1595.84,0.025,2026-03-07,1555.95
bar,2026-02-05,credito_4x,1,4,129.19,0.035,2026-03-07,124.67
bar,2026-02-05,credito_4x,2,4,129.19,0.035,2026-04-06,124.67
bar,2026-02-05,credito_4x,3,4,129.19,0.035,2026-05-06,124.67
bar,2026-02-05,credito_4x,4,4,129.19,0.035,2026-06-05,124.67
bar,2026-02-06,pix,1,1,2145.05,0.0,2026-02-06,2145.05
bar,2026-02-06,debito,1,1,1498.78,0.012,2026-02-07,1480.79
bar,2026-02-06,credito_vista,1,1,1873.22,0.025,2026-03-08,1826.39
bar,2026-02-06,credito_4x,1,4,155.92,0.035,2026-03-08,150.47
bar,2026-02-06,credito_4x,2,4,155.92,0.035,2026-04-07,150.47
bar,2026-02-06,credito_4x,3,4,155.92,0.035,2026-05-07,150.47
bar,2026-02-06,credito_4x,4,4,155.92,0.035,2026-06-06,150.47
bar,2026-02-07,pix,1,1,2695.61,0.0,2026-02-07,2695.61
bar,2026-02-07,debito,1,1,2009.33,0.012,2026-02-08,1985.22
bar,2026-02-07,credito_vista,1,1,2161.23,0.025,2026-03-09,2107.2
bar,2026-02-07,credito_4x,1,4,128.51,0.035,2026-03-09,124.02
bar,2026-02-07,credito_4x,2,4,128.51,0.035,2026-04-08,124.02
bar,2026-02-07,credito_4x,3,4,128.51,0.035,2026-05-08,124.02
bar,2026-02-07,credito_4x,4,4,128.51,0.035,2026-06-07,124.02
bar,2026-02-08,pix,1,1,1181.71,0.0,2026-02-08,1181.71
bar,2026-02-08,debito,1,1,1006.91,0.012,2026-02-09,994.82
bar,2026-02-08,credito_vista,1,1,846.6,0.025,2026-03-10,825.44
bar,2026-02-08,credito_4x,1,4,96.1,0.035,2026-03-10,92.74
bar,2026-02-08,credito_4x,2,4,96.1,0.035,2026-04-09,92.74
bar,2026-02-08,credito_4x,3,4,96.1,0.035,2026-05-09,92.74
bar,2026-02-08,credito_4x,4,4,96.1,0.035,2026-06-08,92.74
bar,2026-02-09,pix,1,1,1129.13,0.0,2026-02-09,1129.13
bar,2026-02-09,debito,1,1,971.29,0.012,2026-02-10,959.64
bar,2026-02-09,credito_vista,1,1,1127.28,0.025,2026-03-11,1099.1
bar,2026-02-09,credito_4x,1,4,126.6,0.035,2026-03-11,122.17
bar,2026-02-09,credito_4x,2,4,126.6,0.035,2026-04-10,122.17
bar,2026-02-09,credito_4x,3,4,126.6,0.035,2026-05-10,122.17
bar,2026-02-09,credito_4x,4,4,126.6,0.035,2026-06-09,122.17
bar,2026-02-10,pix,1,1,1107.45,0.0,2026-02-10,1107.45
bar,2026-02-10,debito,1,1,877.35,0.012,2026-02-11,866.82
bar,2026-02-10,credito_vista,1,1,960.5,0.025,2026-03-12,936.49
bar,2026-02-10,credito_4x,1,4,102.48,0.035,2026-03-12,98.9
bar,2026-02-10,credito_4x,2,4,102.48,0.035,2026-04-11,98.9
bar,2026-02-10,credito_4x,3,4,102.48,0.035,2026-05-11,98.9
bar,2026-02-10,credito_4x,4,4,102.48,0.035,2026-06-10,98.9
bar,2026-02-11,pix,1,1,1164.17,0.0,2026-02-11,1164.17
bar,2026-02-11,debito,1,1,1056.93,0.012,2026-02-12,1044.24
bar,2026-02-11,credito_vista,1,1,1225.04,0.025,2026-03-13,1194.42
bar,2026-02-11,credito_4x,1,4,129.7,0.035,2026-03-13,125.16
bar,2026-02-11,credito_4x,2,4,129.7,0.035,2026-04-12,125.16
bar,2026-02-11,credito_4x,3,4,129.7,0.035,2026-05-12,125.16
bar,2026-02-11,credito_4x,4,4,129.7,0.035,2026-06-11,125.16
bar,2026-02-12,pix,1,1,1360.79,0.0,2026-02-12,1360.79
bar,2026-02-12,debito,1,1,957.28,0.012,2026-02-13,945.8
bar,2026-02-12,credito_vista,1,1,1127.71,0.025,2026-03-14,1099.51
bar,2026-02-12,credito_4x,1,4,126.04,0.035,2026-03-14,121.63
bar,2026-02-12,credito_4x,2,4,126.04,0.035,2026-04-13,121.63
bar,2026-02-12,credito_4x,3,4,126.04,0.035,2026-05-13,121.63
bar,2026-02-12,credito_4x,4,4,126.04,0.035,2026-06-12,121.63
bar,2026-02-13,pix,1,1,2033.01,0.0,2026-02-13,2033.01
bar,2026-02-13,debito,1,1,1901.88,0.012,2026-02-14,1879.06
bar,2026-02-13,credito_vista,1,1,1706.8,0.025,2026-03-15,1664.13
bar,2026-02-13,credito_4x,1,4,133.16,0.035,2026-03-15,128.5
bar,2026-02-13,credito_4x,2,4,133.16,0.035,2026-04-14,128.5
bar,2026-02-13,credito_4x,3,4,133.16,0.035,2026-05-14,128.5
bar,2026-02-13,credito_4x,4,4,133.16,0.035,2026-06-13,128.5
bar,2026-02-14,pix,1,1,2926.14,0.0,2026-02-14,2926.14
bar,2026-02-14,debito,1,1,2023.15,0.012,2026-02-15,1998.88
bar,2026-02-14,credito_vista,1,1,2082.53,0.025,2026-03-16,2030.47
bar,2026-02-14,credito_4x,1,4,193.42,0.035,2026-03-16,186.65
bar,2026-02-14,credito_4x,2,4,193.42,0.035,2026-04-15,186.65
bar,2026-02-14,credito_4x,3,4,193.42,0.035,2026-05-15,186.65
bar,2026-02-14,credito_4x,4,4,193.42,0.035,2026-06-14,186.65
bar,2026-02-15,pix,1,1,681.88,0.0,2026-02-15,681.88
bar,2026-02-15,debito,1,1,510.42,0.012,2026-02-16,504.29
bar,2026-02-15,credito_vista,1,1,642.53,0.025,2026-03-17,626.47
bar,2026-02-15,credito_4x,1,4,74.05,0.035,2026-03-17,71.46
bar,2026-02-15,credito_4x,2,4,74.05,0.035,2026-04-16,71.46
bar,2026-02-15,credito_4x,3,4,74.05,0.035,2026-05-16,71.46
bar,2026-02-15,credito_4x,4,4,74.05,0.035,2026-06-15,71.46
bar,2026-02-16,pix,1,1,901.81,0.0,2026-02-16,901.81
bar,2026-02-16,debito,1,1,691.43,0.012,2026-02-17,683.14
bar,2026-02-16,credito_vista,1,1,569.08,0.025,2026-03-18,554.85
bar,2026-02-16,credito_4x,1,4,72.13,0.035,2026-03-18,69.61
bar,2026-02-16,credito_4x,2,4,72.13,0.035,2026-04-17,69.61
bar,2026-02-16,credito_4x,3,4,72.13,0.035,2026-05-17,69.61
bar,2026-02-16,credito_4x,4,4,72.13,0.035,2026-06-16,69.61
bar,2026-02-17,pix,1,1,806.5,0.0,2026-02-17,806.5
bar,2026-02-17,debito,1,1,664.03,0.012,2026-02-18,656.06
bar,2026-02-17,credito_vista,1,1,718.82,0.025,2026-03-19,700.85
bar,2026-02-17,credito_4x,1,4,86.99,0.035,2026-03-19,83.95
bar,2026-02-17,credito_4x,2,4,86.99,0.035,2026-04-18,83.95
bar,2026-02-17,credito_4x,3,4,86.99,0.035,2026-05-18,83.95
bar,2026-02-17,credito_4x,4,4,86.99,0.035,2026-06-17,83.95
bar,2026-02-18,pix,1,1,888.56,0.0,2026-02-18,888.56
bar,2026-02-18,debito,1,1,685.34,0.012,2026-02-19,677.11
bar,2026-02-18,credito_vista,1,1,606.25,0.025,2026-03-20,591.1
bar,2026-02-18,credito_4x,1,4,56.33,0.035,2026-03-20,54.36
bar,2026-02-18,credito_4x,2,4,56.33,0.035,2026-04-19,54.36
bar,2026-02-18,credito_4x,3,4,56.33,0.035,2026-05-19,54.36
bar,2026-02-18,credito_4x,4,4,56.33,0.035,2026-06-18,54.36
bar,2026-02-19,pix,1,1,1129.13,0.0,2026-02-19,1129.13
bar,2026-02-19,debito,1,1,845.87,0.012,2026-02-20,835.72
bar,2026-02-19,credito_vista,1,1,1260.74,0.025,2026-03-21,1229.22
bar,2026-02-19,credito_4x,1,4,120.74,0.035,2026-03-21,116.51
bar,2026-02-19,credito_4x,2,4,120.74,0.035,2026-04-20,116.51
bar,2026-02-19,credito_4x,3,4,120.74,0.035,2026-05-20,116.51
bar,2026-02-19,credito_4x,4,4,120.74,0.035,2026-06-19,116.51
bar,2026-02-20,pix,1,1,2368.96,0.0,2026-02-20,2368.96
bar,2026-02-20,debito,1,1,1739.69,0.012,2026-02-21,1718.81
bar,2026-02-20,credito_vista,1,1,2319.66,0.025,2026-03-22,2261.67
bar,2026-02-20,credito_4x,1,4,151.67,0.035,2026-03-22,146.37
bar,2026-02-20,credito_4x,2,4,151.67,0.035,2026-04-21,146.37
bar,2026-02-20,credito_4x,3,4,151.67,0.035,2026-05-21,146.37
bar,2026-02-20,credito_4x,4,4,151.67,0.035,2026-06-20,146.37
bar,2026-02-21,pix,1,1,1892.57,0.0,2026-02-21,1892.57
bar,2026-02-21,debito,1,1,2589.22,0.012,2026-02-22,2558.15
bar,2026-02-21,credito_vista,1,1,1442.16,0.025,2026-03-23,1406.11
bar,2026-02-21,credito_4x,1,4,190.41,0.035,2026-03-23,183.75
bar,2026-02-21,credito_4x,2,4,190.41,0.035,2026-04-22,183.75
bar,2026-02-21,credito_4x,3,4,190.41,0.035,2026-05-22,183.75
bar,2026-02-21,credito_4x,4,4,190.41,0.035,2026-06-21,183.75
bar,2026-02-22,pix,1,1,993.19,0.0,2026-02-22,993.19
bar,2026-02-22,debito,1,1,936.25,0.012,2026-02-23,925.02
bar,2026-02-22,credito_vista,1,1,786.78,0.025,2026-03-24,767.11
bar,2026-02-22,credito_4x,1,4,108.12,0.035,2026-03-24,104.34
bar,2026-02-22,credito_4x,2,4,108.12,0.035,2026-04-23,104.34
bar,2026-02-22,credito_4x,3,4,108.12,0.035,2026-05-23,104.34
bar,2026-02-22,credito_4x,4,4,108.12,0.035,2026-06-22,104.34
bar,2026-02-23,pix,1,1,1378.7,0.0,2026-02-23,1378.7
bar,2026-02-23,debito,1,1,830.98,0.012,2026-02-24,821.01
bar,2026-02-23,credito_vista,1,1,845.87,0.025,2026-03-25,824.73
bar,2026-02-23,credito_4x,1,4,126.22,0.035,2026-03-25,121.8
bar,2026-02-23,credito_4x,2,4,126.22,0.035,2026-04-24,121.8
bar,2026-02-23,credito_4x,3,4,126.22,0.035,2026-05-24,121.8
bar,2026-02-23,credito_4x,4,4,126.22,0.035,2026-06-23,121.8
bar,2026-02-24,pix,1,1,1373.41,0.0,2026-02-24,1373.41
bar,2026-02-24,debito,1,1,1016.65,0.012,2026-02-25,1004.45
bar,2026-02-24,credito_vista,1,1,979.89,0.025,2026-03-26,955.39
bar,2026-02-24,credito_4x,1,4,141.29,0.035,2026-03-26,136.34
bar,2026-02-24,credito_4x,2,4,141.29,0.035,2026-04-25,136.34
bar,2026-02-24,credito_4x,3,4,141.29,0.035,2026-05-25,136.34
bar,2026-02-24,credito_4x,4,4,141.29,0.035,2026-06-24,136.34
bar,2026-02-25,pix,1,1,1006.76,0.0,2026-02-25,1006.76
bar,2026-02-25,debito,1,1,884.04,0.012,2026-02-26,873.43
bar,2026-02-25,credito_vista,1,1,948.08,0.025,2026-03-27,924.38
bar,2026-02-25,credito_4x,1,4,119.03,0.035,2026-03-27,114.86
bar,2026-02-25,credito_4x,2,4,119.03,0.035,2026-04-26,114.86
bar,2026-02-25,credito_4x,3,4,119.03,0.035,2026-05-26,114.86
bar,2026-02-25,credito_4x,4,4,119.03,0.035,2026-06-25,114.86
bar,2026-02-26,pix,1,1,1573.93,0.0,2026-02-26,1573.93
bar,2026-02-26,debito,1,1,1177.68,0.012,2026-02-27,1163.55
bar,2026-02-26,credito_vista,1,1,1198.63,0.025,2026-03-28,1168.66
bar,2026-02-26,credito_4x,1,4,139.27,0.035,2026-03-28,134.4
bar,2026-02-26,credito_4x,2,4,139.27,0.035,2026-04-27,134.4
bar,2026-02-26,credito_4x,3,4,139.27,0.035,2026-05-27,134.4
bar,2026-02-26,credito_4x,4,4,139.27,0.035,2026-06-26,134.4
bar,2026-02-27,pix,1,1,1776.43,0.0,2026-02-27,1776.43
bar,2026-02-27,debito,1,1,1473.86,0.012,2026-02-28,1456.17
bar,2026-02-27,credito_vista,1,1,1790.36,0.025,2026-03-29,1745.6
bar,2026-02-27,credito_4x,1,4,190.28,0.035,2026-03-29,183.62
bar,2026-02-27,credito_4x,2,4,190.28,0.035,2026-04-28,183.62
bar,2026-02-27,credito_4x,3,4,190.28,0.035,2026-05-28,183.62
bar,2026-02-27,credito_4x,4,4,190.28,0.035,2026-06-27,183.62
bar,2026-02-28,pix,1,1,2038.71,0.0,2026-02-28,2038.71
bar,2026-02-28,debito,1,1,1502.36,0.012,2026-03-01,1484.33
bar,2026-02-28,credito_vista,1,1,1466.56,0.025,2026-03-30,1429.9
bar,2026-02-28,credito_4x,1,4,129.45,0.035,2026-03-30,124.92
bar,2026-02-28,credito_4x,2,4,129.45,0.035,2026-04-29,124.92
bar,2026-02-28,credito_4x,3,4,129.45,0.035,2026-05-29,124.92
bar,2026-02-28,credito_4x,4,4,129.45,0.035,2026-06-28,124.92
bar,2026-03-01,pix,1,1,1062.51,0.0,2026-03-01,1062.51
bar,2026-03-01,debito,1,1,773.28,0.012,2026-03-02,764.0
bar,2026-03-01,credito_vista,1,1,823.63,0.025,2026-03-31,803.04
bar,2026-03-01,credito_4x,1,4,105.11,0.035,2026-03-31,101.43
bar,2026-03-01,credito_4x,2,4,105.11,0.035,2026-04-30,101.43
bar,2026-03-01,credito_4x,3,4,105.11,0.035,2026-05-30,101.43
bar,2026-03-01,credito_4x,4,4,105.11,0.035,2026-06-29,101.43
bar,2026-03-02,pix,1,1,987.37,0.0,2026-03-02,987.37
bar,2026-03-02,debito,1,1,742.21,0.012,2026-03-03,733.3
bar,2026-03-02,credito_vista,1,1,643.74,0.025,2026-04-01,627.65
bar,2026-03-02,credito_4x,1,4,64.73,0.035,2026-04-01,62.46
bar,2026-03-02,credito_4x,2,4,64.73,0.035,2026-05-01,62.46
bar,2026-03-02,credito_4x,3,4,64.73,0.035,2026-05-31,62.46
bar,2026-03-02,credito_4x,4,4,64.73,0.035,2026-06-30,62.46
bar,2026-03-03,pix,1,1,1159.01,0.0,2026-03-03,1159.01
bar,2026-03-03,debito,1,1,856.72,0.012,2026-03-04,846.44
bar,2026-03-03,credito_vista,1,1,732.11,0.025,2026-04-02,713.81
bar,2026-03-03,credito_4x,1,4,99.16,0.035,2026-04-02,95.69
bar,2026-03-03,credito_4x,2,4,99.16,0.035,2026-05-02,95.69
bar,2026-03-03,credito_4x,3,4,99.16,0.035,2026-06-01,95.69
bar,2026-03-03,credito_4x,4,4,99.16,0.035,2026-07-01,95.69
bar,2026-03-04,pix,1,1,1447.05,0.0,2026-03-04,1447.05
bar,2026-03-04,debito,1,1,960.74,0.012,2026-03-05,949.21
bar,2026-03-04,credito_vista,1,1,1012.06,0.025,2026-04-03,986.76
bar,2026-03-04,credito_4x,1,4,118.33,0.035,2026-04-03,114.19
bar,2026-03-04,credito_4x,2,4,118.33,0.035,2026-05-03,114.19
bar,2026-03-04,credito_4x,3,4,118.33,0.035,2026-06-02,114.19
bar,2026-03-04,credito_4x,4,4,118.33,0.035,2026-07-02,114.19
bar,2026-03-05,pix,1,1,2024.06,0.0,2026-03-05,2024.06
bar,2026-03-05,debito,1,1,1339.8,0.012,2026-03-06,1323.73
bar,2026-03-05,credito_vista,1,1,1150.17,0.025,2026-04-04,1121.41
bar,2026-03-05,credito_4x,1,4,160.4,0.035,2026-04-04,154.78
bar,2026-03-05,credito_4x,2,4,160.4,0.035,2026-05-04,154.78
bar,2026-03-05,credito_4x,3,4,160.4,0.035,2026-06-03,154.78
bar,2026-03-05,credito_4x,4,4,160.4,0.035,2026-07-03,154.78
bar,2026-03-06,pix,1,1,3009.34,0.0,2026-03-06,3009.34
bar,2026-03-06,debito,1,1,2328.87,0.012,2026-03-07,2300.92
bar,2026-03-06,credito_vista,1,1,2599.64,0.025,2026-04-05,2534.65
bar,2026-03-06,credito_4x,1,4,225.7,0.035,2026-04-05,217.8
bar,2026-03-06,credito_4x,2,4,225.7,0.035,2026-05-05,217.8
bar,2026-03-06,credito_4x,3,4,225.7,0.035,2026-06-04,217.8
bar,2026-03-06,credito_4x,4,4,225.7,0.035,2026-07-04,217.8
bar,2026-03-07,pix,1,1,2352.82,0.0,2026-03-07,2352.82
bar,2026-03-07,debito,1,1,1558.06,0.012,2026-03-08,1539.36
bar,2026-03-07,credito_vista,1,1,1540.4,0.025,2026-04-06,1501.89
bar,2026-03-07,credito_4x,1,4,174.65,0.035,2026-04-06,168.54
bar,2026-03-07,credito_4x,2,4,174.65,0.035,2026-05-06,168.54
bar,2026-03-07,credito_4x,3,4,174.65,0.035,2026-06-05,168.54
bar,2026-03-07,credito_4x,4,4,174.65,0.035,2026-07-05,168.54
bar,2026-03-08,pix,1,1,1258.03,0.0,2026-03-08,1258.03
bar,2026-03-08,debito,1,1,888.81,0.012,2026-03-09,878.15
bar,2026-03-08,credito_vista,1,1,1065.58,0.025,2026-04-07,1038.94
bar,2026-03-08,credito_4x,1,4,95.99,0.035,2026-04-07,92.63
bar,2026-03-08,credito_4x,2,4,95.99,0.035,2026-05-07,92.63
bar,2026-03-08,credito_4x,3,4,95.99,0.035,2026-06-06,92.63
bar,2026-03-08,credito_4x,4,4,95.99,0.035,2026-07-06,92.63
bar,2026-03-09,pix,1,1,1177.05,0.0,2026-03-09,1177.05
bar,2026-03-09,debito,1,1,675.97,0.012,2026-03-10,667.86
bar,2026-03-09,credito_vista,1,1,700.34,0.025,2026-04-08,682.83
bar,2026-03-09,credito_4x,1,4,78.6,0.035,2026-04-08,75.85
bar,2026-03-09,credito_4x,2,4,78.6,0.035,2026-05-08,75.85
bar,2026-03-09,credito_4x,3,4,78.6,0.035,2026-06-07,75.85
bar,2026-03-09,credito_4x,4,4,78.6,0.035,2026-07-07,75.85
bar,2026-03-10,pix,1,1,1210.25,0.0,2026-03-10,1210.25
bar,2026-03-10,debito,1,1,1099.97,0.012,2026-03-11,1086.77
bar,2026-03-10,credito_vista,1,1,1018.3,0.025,2026-04-09,992.84
bar,2026-03-10,credito_4x,1,4,143.43,0.035,2026-04-09,138.41
bar,2026-03-10,credito_4x,2,4,143.43,0.035,2026-05-09,138.41
bar,2026-03-10,credito_4x,3,4,143.43,0.035,2026-06-08,138.41
bar,2026-03-10,credito_4x,4,4,143.43,0.035,2026-07-08,138.41
bar,2026-03-11,pix,1,1,1210.06,0.0,2026-03-11,1210.06
bar,2026-03-11,debito,1,1,1023.97,0.012,2026-03-12,1011.69
bar,2026-03-11,credito_vista,1,1,992.58,0.025,2026-04-10,967.77
bar,2026-03-11,credito_4x,1,4,113.69,0.035,2026-04-10,109.71
bar,2026-03-11,credito_4x,2,4,113.69,0.035,2026-05-10,109.71
bar,2026-03-11,credito_4x,3,4,113.69,0.035,2026-06-09,109.71
bar,2026-03-11,credito_4x,4,4,113.69,0.035,2026-07-09,109.71
bar,2026-03-12,pix,1,1,1098.79,0.0,2026-03-12,1098.79
bar,2026-03-12,debito,1,1,800.51,0.012,2026-03-13,790.91
bar,2026-03-12,credito_vista,1,1,835.06,0.025,2026-04-11,814.18
bar,2026-03-12,credito_4x,1,4,77.88,0.035,2026-04-11,75.15
bar,2026-03-12,credito_4x,2,4,77.88,0.035,2026-05-11,75.15
bar,2026-03-12,credito_4x,3,4,77.88,0.035,2026-06-10,75.15
bar,2026-03-12,credito_4x,4,4,77.88,0.035,2026-07-10,75.15
bar,2026-03-13,pix,1,1,2578.65,0.0,2026-03-13,2578.65
bar,2026-03-13,debito,1,1,2082.13,0.012,2026-03-14,2057.14
bar,2026-03-13,credito_vista,1,1,1946.79,0.025,2026-04-12,1898.12
bar,2026-03-13,credito_4x,1,4,174.4,0.035,2026-04-12,168.29
bar,2026-03-13,credito_4x,2,4,174.4,0.035,2026-05-12,168.29
bar,2026-03-13,credito_4x,3,4,174.4,0.035,2026-06-11,168.29
bar,2026-03-13,credito_4x,4,4,174.4,0.035,2026-07-11,168.29
bar,2026-03-14,pix,1,1,1668.05,0.0,2026-03-14,1668.05
bar,2026-03-14,debito,1,1,1833.84,0.012,2026-03-15,1811.84
bar,2026-03-14,credito_vista,1,1,2097.7,0.025,2026-04-13,2045.25
bar,2026-03-14,credito_4x,1,4,209.23,0.035,2026-04-13,201.91
bar,2026-03-14,credito_4x,2,4,209.23,0.035,2026-05-13,201.91
bar,2026-03-14,credito_4x,3,4,209.23,0.035,2026-06-12,201.91
bar,2026-03-14,credito_4x,4,4,209.23,0.035,2026-07-12,201.91
bar,2026-03-15,pix,1,1,1032.51,0.0,2026-03-15,1032.51
bar,2026-03-15,debito,1,1,668.09,0.012,2026-03-16,660.07
bar,2026-03-15,credito_vista,1,1,652.53,0.025,2026-04-14,636.22
bar,2026-03-15,credito_4x,1,4,124.29,0.035,2026-04-14,119.94
bar,2026-03-15,credito_4x,2,4,124.29,0.035,2026-05-14,119.94
bar,2026-03-15,credito_4x,3,4,124.29,0.035,2026-06-13,119.94
bar,2026-03-15,credito_4x,4,4,124.29,0.035,2026-07-13,119.94
bar,2026-03-16,pix,1,1,786.72,0.0,2026-03-16,786.72
bar,2026-03-16,debito,1,1,768.62,0.012,2026-03-17,759.39
bar,2026-03-16,credito_vista,1,1,715.22,0.025,2026-04-15,697.34
bar,2026-03-16,credito_4x,1,4,82.95,0.035,2026-04-15,80.05
bar,2026-03-16,credito_4x,2,4,82.95,0.035,2026-05-15,80.05
bar,2026-03-16,credito_4x,3,4,82.95,0.035,2026-06-14,80.05
bar,2026-03-16,credito_4x,4,4,82.95,0.035,2026-07-14,80.05
bar,2026-03-17,pix,1,1,1174.45,0.0,2026-03-17,1174.45
bar,2026-03-17,debito,1,1,808.07,0.012,2026-03-18,798.38
bar,2026-03-17,credito_vista,1,1,795.05,0.025,2026-04-16,775.17
bar,2026-03-17,credito_4x,1,4,54.72,0.035,2026-04-16,52.81
bar,2026-03-17,credito_4x,2,4,54.72,0.035,2026-05-16,52.81
bar,2026-03-17,credito_4x,3,4,54.72,0.035,2026-06-15,52.81
bar,2026-03-17,credito_4x,4,4,54.72,0.035,2026-07-15,52.81
bar,2026-03-18,pix,1,1,1559.49,0.0,2026-03-18,1559.49
bar,2026-03-18,debito,1,1,1158.51,0.012,2026-03-19,1144.61
bar,2026-03-18,credito_vista,1,1,907.97,0.025,2026-04-17,885.28
bar,2026-03-18,credito_4x,1,4,95.71,0.035,2026-04-17,92.36
bar,2026-03-18,credito_4x,2,4,95.71,0.035,2026-05-17,92.36
bar,2026-03-18,credito_4x,3,4,95.71,0.035,2026-06-16,92.36
bar,2026-03-18,credito_4x,4,4,95.71,0.035,2026-07-16,92.36
bar,2026-03-19,pix,1,1,1636.6,0.0,2026-03-19,1636.6
bar,2026-03-19,debito,1,1,1063.12,0.012,2026-03-20,1050.37
bar,2026-03-19,credito_vista,1,1,991.8,0.025,2026-04-18,967.01
bar,2026-03-19,credito_4x,1,4,100.18,0.035,2026-04-18,96.67
bar,2026-03-19,credito_4x,2,4,100.18,0.035,2026-05-18,96.67
bar,2026-03-19,credito_4x,3,4,100.18,0.035,2026-06-17,96.67
bar,2026-03-19,credito_4x,4,4,100.18,0.035,2026-07-17,96.67
bar,2026-03-20,pix,1,1,2304.94,0.0,2026-03-20,2304.94
bar,2026-03-20,debito,1,1,1981.47,0.012,2026-03-21,1957.69
bar,2026-03-20,credito_vista,1,1,1557.0,0.025,2026-04-19,1518.07
bar,2026-03-20,credito_4x,1,4,226.11,0.035,2026-04-19,218.2
bar,2026-03-20,credito_4x,2,4,226.11,0.035,2026-05-19,218.2
bar,2026-03-20,credito_4x,3,4,226.11,0.035,2026-06-18,218.2
bar,2026-03-20,credito_4x,4,4,226.11,0.035,2026-07-18,218.2
bar,2026-03-21,pix,1,1,2641.95,0.0,2026-03-21,2641.95
bar,2026-03-21,debito,1,1,1794.14,0.012,2026-03-22,1772.61
bar,2026-03-21,credito_vista,1,1,2338.56,0.025,2026-04-20,2280.09
bar,2026-03-21,credito_4x,1,4,177.3,0.035,2026-04-20,171.09
bar,2026-03-21,credito_4x,2,4,177.3,0.035,2026-05-20,171.09
bar,2026-03-21,credito_4x,3,4,177.3,0.035,2026-06-19,171.09
bar,2026-03-21,credito_4x,4,4,177.3,0.035,2026-07-19,171.09
bar,2026-03-22,pix,1,1,1336.6,0.0,2026-03-22,1336.6
bar,2026-03-22,debito,1,1,1087.59,0.012,2026-03-23,1074.54
bar,2026-03-22,credito_vista,1,1,983.85,0.025,2026-04-21,959.25
bar,2026-03-22,credito_4x,1,4,78.48,0.035,2026-04-21,75.74
bar,2026-03-22,credito_4x,2,4,78.48,0.035,2026-05-21,75.74
bar,2026-03-22,credito_4x,3,4,78.48,0.035,2026-06-20,75.74
bar,2026-03-22,credito_4x,4,4,78.48,0.035,2026-07-20,75.74
bar,2026-03-23,pix,1,1,1193.66,0.0,2026-03-23,1193.66
bar,2026-03-23,debito,1,1,603.12,0.012,2026-03-24,595.88
bar,2026-03-23,credito_vista,1,1,877.16,0.025,2026-04-22,855.23
bar,2026-03-23,credito_4x,1,4,68.45,0.035,2026-04-22,66.05
bar,2026-03-23,credito_4x,2,4,68.45,0.035,2026-05-22,66.05
bar,2026-03-23,credito_4x,3,4,68.45,0.035,2026-06-21,66.05
bar,2026-03-23,credito_4x,4,4,68.45,0.035,2026-07-21,66.05
bar,2026-03-24,pix,1,1,807.94,0.0,2026-03-24,807.94
bar,2026-03-24,debito,1,1,852.76,0.012,2026-03-25,842.53
bar,2026-03-24,credito_vista,1,1,706.04,0.025,2026-04-23,688.39
bar,2026-03-24,credito_4x,1,4,56.47,0.035,2026-04-23,54.49
bar,2026-03-24,credito_4x,2,4,56.47,0.035,2026-05-23,54.49
bar,2026-03-24,credito_4x,3,4,56.47,0.035,2026-06-22,54.49
bar,2026-03-24,credito_4x,4,4,56.47,0.035,2026-07-22,54.49
bar,2026-03-25,pix,1,1,1208.61,0.0,2026-03-25,1208.61
bar,2026-03-25,debito,1,1,1231.77,0.012,2026-03-26,1216.99
bar,2026-03-25,credito_vista,1,1,944.04,0.025,2026-04-24,920.44
bar,2026-03-25,credito_4x,1,4,139.36,0.035,2026-04-24,134.48
bar,2026-03-25,credito_4x,2,4,139.36,0.035,2026-05-24,134.48
bar,2026-03-25,credito_4x,3,4,139.36,0.035,2026-06-23,134.48
bar,2026-03-25,credito_4x,4,4,139.36,0.035,2026-07-23,134.48
bar,2026-03-26,pix,1,1,1340.06,0.0,2026-03-26,1340.06
bar,2026-03-26,debito,1,1,921.49,0.012,2026-03-27,910.44
bar,2026-03-26,credito_vista,1,1,881.82,0.025,2026-04-25,859.78
bar,2026-03-26,credito_4x,1,4,116.58,0.035,2026-04-25,112.5
bar,2026-03-26,credito_4x,2,4,116.58,0.035,2026-05-25,112.5
bar,2026-03-26,credito_4x,3,4,116.58,0.035,2026-06-24,112.5
bar,2026-03-26,credito_4x,4,4,116.58,0.035,2026-07-24,112.5
bar,2026-03-27,pix,1,1,1935.41,0.0,2026-03-27,1935.41
bar,2026-03-27,debito,1,1,1778.15,0.012,2026-03-28,1756.81
bar,2026-03-27,credito_vista,1,1,2245.37,0.025,2026-04-26,2189.23
bar,2026-03-27,credito_4x,1,4,202.44,0.035,2026-04-26,195.35
bar,2026-03-27,credito_4x,2,4,202.44,0.035,2026-05-26,195.35
bar,2026-03-27,credito_4x,3,4,202.44,0.035,2026-06-25,195.35
bar,2026-03-27,credito_4x,4,4,202.44,0.035,2026-07-25,195.35
bar,2026-03-28,pix,1,1,2033.01,0.0,2026-03-28,2033.01
bar,2026-03-28,debito,1,1,2313.88,0.012,2026-03-29,2286.11
bar,2026-03-28,credito_vista,1,1,1823.88,0.025,2026-04-27,1778.28
bar,2026-03-28,credito_4x,1,4,149.41,0.035,2026-04-27,144.18
bar,2026-03-28,credito_4x,2,4,149.41,0.035,2026-05-27,144.18
bar,2026-03-28,credito_4x,3,4,149.41,0.035,2026-06-26,144.18
bar,2026-03-28,credito_4x,4,4,149.41,0.035,2026-07-26,144.18
bar,2026-03-29,pix,1,1,959.72,0.0,2026-03-29,959.72
bar,2026-03-29,debito,1,1,695.09,0.012,2026-03-30,686.75
bar,2026-03-29,credito_vista,1,1,853.15,0.025,2026-04-28,831.83
bar,2026-03-29,credito_4x,1,4,59.4,0.035,2026-04-28,57.32
bar,2026-03-29,credito_4x,2,4,59.4,0.035,2026-05-28,57.32
bar,2026-03-29,credito_4x,3,4,59.4,0.035,2026-06-27,57.32
bar,2026-03-29,credito_4x,4,4,59.4,0.035,2026-07-27,57.32
bar,2026-03-30,pix,1,1,1160.9,0.0,2026-03-30,1160.9
bar,2026-03-30,debito,1,1,715.26,0.012,2026-03-31,706.67
bar,2026-03-30,credito_vista,1,1,778.81,0.025,2026-04-29,759.34
bar,2026-03-30,credito_4x,1,4,73.17,0.035,2026-04-29,70.61
bar,2026-03-30,credito_4x,2,4,73.17,0.035,2026-05-29,70.61
bar,2026-03-30,credito_4x,3,4,73.17,0.035,2026-06-28,70.61
bar,2026-03-30,credito_4x,4,4,73.17,0.035,2026-07-28,70.61
bar,2026-03-31,pix,1,1,1315.6,0.0,2026-03-31,1315.6
bar,2026-03-31,debito,1,1,1023.67,0.012,2026-04-01,1011.39
bar,2026-03-31,credito_vista,1,1,974.76,0.025,2026-04-30,950.39
bar,2026-03-31,credito_4x,1,4,141.51,0.035,2026-04-30,136.56
bar,2026-03-31,credito_4x,2,4,141.51,0.035,2026-05-30,136.56
bar,2026-03-31,credito_4x,3,4,141.51,0.035,2026-06-29,136.56
bar,2026-03-31,credito_4x,4,4,141.51,0.035,2026-07-29,136.56
bar,2026-04-01,pix,1,1,1798.7,0.0,2026-04-01,1798.7
bar,2026-04-01,debito,1,1,1491.78,0.012,2026-04-02,1473.88
bar,2026-04-01,credito_vista,1,1,1723.04,0.025,2026-05-01,1679.96
bar,2026-04-01,credito_4x,1,4,110.09,0.035,2026-05-01,106.24
bar,2026-04-01,credito_4x,2,4,110.09,0.035,2026-05-31,106.24
bar,2026-04-01,credito_4x,3,4,110.09,0.035,2026-06-30,106.24
bar,2026-04-01,credito_4x,4,4,110.09,0.035,2026-07-30,106.24
bar,2026-04-02,pix,1,1,1655.17,0.0,2026-04-02,1655.17
bar,2026-04-02,debito,1,1,1180.72,0.012,2026-04-03,1166.56
bar,2026-04-02,credito_vista,1,1,1414.0,0.025,2026-05-02,1378.65
bar,2026-04-02,credito_4x,1,4,111.64,0.035,2026-05-02,107.73
bar,2026-04-02,credito_4x,2,4,111.64,0.035,2026-06-01,107.73
bar,2026-04-02,credito_4x,3,4,111.64,0.035,2026-07-01,107.73
bar,2026-04-02,credito_4x,4,4,111.64,0.035,2026-07-31,107.73
bar,2026-04-03,pix,1,1,2709.5,0.0,2026-04-03,2709.5
bar,2026-04-03,debito,1,1,1973.7,0.012,2026-04-04,1950.02
bar,2026-04-03,credito_vista,1,1,1761.36,0.025,2026-05-03,1717.32
bar,2026-04-03,credito_4x,1,4,205.25,0.035,2026-05-03,198.06
bar,2026-04-03,credito_4x,2,4,205.25,0.035,2026-06-02,198.06
bar,2026-04-03,credito_4x,3,4,205.25,0.035,2026-07-02,198.06
bar,2026-04-03,credito_4x,4,4,205.25,0.035,2026-08-01,198.06
bar,2026-04-04,pix,1,1,2886.69,0.0,2026-04-04,2886.69
bar,2026-04-04,debito,1,1,2363.79,0.012,2026-04-05,2335.42
bar,2026-04-04,credito_vista,1,1,2624.83,0.025,2026-05-04,2559.21
bar,2026-04-04,credito_4x,1,4,304.56,0.035,2026-05-04,293.9
bar,2026-04-04,credito_4x,2,4,304.56,0.035,2026-06-03,293.9
bar,2026-04-04,credito_4x,3,4,304.56,0.035,2026-07-03,293.9
bar,2026-04-04,credito_4x,4,4,304.56,0.035,2026-08-02,293.9
bar,2026-04-05,pix,1,1,976.97,0.0,2026-04-05,976.97
bar,2026-04-05,debito,1,1,838.34,0.012,2026-04-06,828.28
bar,2026-04-05,credito_vista,1,1,864.34,0.025,2026-05-05,842.73
bar,2026-04-05,credito_4x,1,4,77.85,0.035,2026-05-05,75.13
bar,2026-04-05,credito_4x,2,4,77.85,0.035,2026-06-04,75.13
bar,2026-04-05,credito_4x,3,4,77.85,0.035,2026-07-04,75.13
bar,2026-04-05,credito_4x,4,4,77.85,0.035,2026-08-03,75.13
bar,2026-04-06,pix,1,1,984.92,0.0,2026-04-06,984.92
bar,2026-04-06,debito,1,1,1240.41,0.012,2026-04-07,1225.52
bar,2026-04-06,credito_vista,1,1,981.44,0.025,2026-05-06,956.91
bar,2026-04-06,credito_4x,1,4,97.52,0.035,2026-05-06,94.11
bar,2026-04-06,credito_4x,2,4,97.52,0.035,2026-06-05,94.11
bar,2026-04-06,credito_4x,3,4,97.52,0.035,2026-07-05,94.11
bar,2026-04-06,credito_4x,4,4,97.52,0.035,2026-08-04,94.11
bar,2026-04-07,pix,1,1,1193.19,0.0,2026-04-07,1193.19
bar,2026-04-07,debito,1,1,955.3,0.012,2026-04-08,943.84
bar,2026-04-07,credito_vista,1,1,1164.86,0.025,2026-05-07,1135.73
bar,2026-04-07,credito_4x,1,4,85.72,0.035,2026-05-07,82.72
bar,2026-04-07,credito_4x,2,4,85.72,0.035,2026-06-06,82.72
bar,2026-04-07,credito_4x,3,4,85.72,0.035,2026-07-06,82.72
bar,2026-04-07,credito_4x,4,4,85.72,0.035,2026-08-05,82.72
bar,2026-04-08,pix,1,1,1479.89,0.0,2026-04-08,1479.89
bar,2026-04-08,debito,1,1,1223.29,0.012,2026-04-09,1208.61
bar,2026-04-08,credito_vista,1,1,1198.08,0.025,2026-05-08,1168.13
bar,2026-04-08,credito_4x,1,4,113.6,0.035,2026-05-08,109.63
bar,2026-04-08,credito_4x,2,4,113.6,0.035,2026-06-07,109.63
bar,2026-04-08,credito_4x,3,4,113.6,0.035,2026-07-07,109.63
bar,2026-04-08,credito_4x,4,4,113.6,0.035,2026-08-06,109.63
bar,2026-04-09,pix,1,1,1545.79,0.0,2026-04-09,1545.79
bar,2026-04-09,debito,1,1,1193.99,0.012,2026-04-10,1179.66
bar,2026-04-09,credito_vista,1,1,937.8,0.025,2026-05-09,914.35
bar,2026-04-09,credito_4x,1,4,97.58,0.035,2026-05-09,94.16
bar,2026-04-09,credito_4x,2,4,97.58,0.035,2026-06-08,94.16
bar,2026-04-09,credito_4x,3,4,97.58,0.035,2026-07-08,94.16
bar,2026-04-09,credito_4x,4,4,97.58,0.035,2026-08-07,94.16
bar,2026-04-10,pix,1,1,1908.55,0.0,2026-04-10,1908.55
bar,2026-04-10,debito,1,1,1500.79,0.012,2026-04-11,1482.78
bar,2026-04-10,credito_vista,1,1,1305.5,0.025,2026-05-10,1272.86
bar,2026-04-10,credito_4x,1,4,172.23,0.035,2026-05-10,166.2
bar,2026-04-10,credito_4x,2,4,172.23,0.035,2026-06-09,166.2
bar,2026-04-10,credito_4x,3,4,172.23,0.035,2026-07-09,166.2
bar,2026-04-10,credito_4x,4,4,172.23,0.035,2026-08-08,166.2
bar,2026-04-11,pix,1,1,1576.62,0.0,2026-04-11,1576.62
bar,2026-04-11,debito,1,1,1673.78,0.012,2026-04-12,1653.69
bar,2026-04-11,credito_vista,1,1,1166.77,0.025,2026-05-11,1137.6
bar,2026-04-11,credito_4x,1,4,121.77,0.035,2026-05-11,117.51
bar,2026-04-11,credito_4x,2,4,121.77,0.035,2026-06-10,117.51
bar,2026-04-11,credito_4x,3,4,121.77,0.035,2026-07-10,117.51
bar,2026-04-11,credito_4x,4,4,121.77,0.035,2026-08-09,117.51
bar,2026-04-12,pix,1,1,856.86,0.0,2026-04-12,856.86
bar,2026-04-12,debito,1,1,729.4,0.012,2026-04-13,720.65
bar,2026-04-12,credito_vista,1,1,685.23,0.025,2026-05-12,668.1
bar,2026-04-12,credito_4x,1,4,80.06,0.035,2026-05-12,77.26
bar,2026-04-12,credito_4x,2,4,80.06,0.035,2026-06-11,77.26
bar,2026-04-12,credito_4x,3,4,80.06,0.035,2026-07-11,77.26
bar,2026-04-12,credito_4x,4,4,80.06,0.035,2026-08-10,77.26
bar,2026-04-13,pix,1,1,990.98,0.0,2026-04-13,990.98
bar,2026-04-13,debito,1,1,807.6,0.012,2026-04-14,797.91
bar,2026-04-13,credito_vista,1,1,820.31,0.025,2026-05-13,799.81
bar,2026-04-13,credito_4x,1,4,70.04,0.035,2026-05-13,67.59
bar,2026-04-13,credito_4x,2,4,70.04,0.035,2026-06-12,67.59
bar,2026-04-13,credito_4x,3,4,70.04,0.035,2026-07-12,67.59
bar,2026-04-13,credito_4x,4,4,70.04,0.035,2026-08-11,67.59
bar,2026-04-14,pix,1,1,1087.96,0.0,2026-04-14,1087.96
bar,2026-04-14,debito,1,1,791.83,0.012,2026-04-15,782.33
bar,2026-04-14,credito_vista,1,1,793.59,0.025,2026-05-14,773.75
bar,2026-04-14,credito_4x,1,4,128.79,0.035,2026-05-14,124.28
bar,2026-04-14,credito_4x,2,4,128.79,0.035,2026-06-13,124.28
bar,2026-04-14,credito_4x,3,4,128.79,0.035,2026-07-13,124.28
bar,2026-04-14,credito_4x,4,4,128.79,0.035,2026-08-12,124.28
bar,2026-04-15,pix,1,1,1513.16,0.0,2026-04-15,1513.16
bar,2026-04-15,debito,1,1,1479.07,0.012,2026-04-16,1461.32
bar,2026-04-15,credito_vista,1,1,1329.64,0.025,2026-05-15,1296.4
bar,2026-04-15,credito_4x,1,4,138.93,0.035,2026-05-15,134.07
bar,2026-04-15,credito_4x,2,4,138.93,0.035,2026-06-14,134.07
bar,2026-04-15,credito_4x,3,4,138.93,0.035,2026-07-14,134.07
bar,2026-04-15,credito_4x,4,4,138.93,0.035,2026-08-13,134.07
bar,2026-04-16,pix,1,1,1824.12,0.0,2026-04-16,1824.12
bar,2026-04-16,debito,1,1,1478.42,0.012,2026-04-17,1460.68
bar,2026-04-16,credito_vista,1,1,1006.27,0.025,2026-05-16,981.12
bar,2026-04-16,credito_4x,1,4,153.78,0.035,2026-05-16,148.4
bar,2026-04-16,credito_4x,2,4,153.78,0.035,2026-06-15,148.4
bar,2026-04-16,credito_4x,3,4,153.78,0.035,2026-07-15,148.4
bar,2026-04-16,credito_4x,4,4,153.78,0.035,2026-08-14,148.4
bar,2026-04-17,pix,1,1,1834.38,0.0,2026-04-17,1834.38
bar,2026-04-17,debito,1,1,1428.54,0.012,2026-04-18,1411.4
bar,2026-04-17,credito_vista,1,1,1592.23,0.025,2026-05-17,1552.43
bar,2026-04-17,credito_4x,1,4,164.92,0.035,2026-05-17,159.15
bar,2026-04-17,credito_4x,2,4,164.92,0.035,2026-06-16,159.15
bar,2026-04-17,credito_4x,3,4,164.92,0.035,2026-07-16,159.15
bar,2026-04-17,credito_4x,4,4,164.92,0.035,2026-08-15,159.15
bar,2026-04-18,pix,1,1,2608.66,0.0,2026-04-18,2608.66
bar,2026-04-18,debito,1,1,1836.35,0.012,2026-04-19,1814.31
bar,2026-04-18,credito_vista,1,1,2216.71,0.025,2026-05-18,2161.29
bar,2026-04-18,credito_4x,1,4,204.84,0.035,2026-05-18,197.67
bar,2026-04-18,credito_4x,2,4,204.84,0.035,2026-06-17,197.67
bar,2026-04-18,credito_4x,3,4,204.84,0.035,2026-07-17,197.67
bar,2026-04-18,credito_4x,4,4,204.84,0.035,2026-08-16,197.67
bar,2026-04-19,pix,1,1,1105.65,0.0,2026-04-19,1105.65
bar,2026-04-19,debito,1,1,827.16,0.012,2026-04-20,817.23
bar,2026-04-19,credito_vista,1,1,581.2,0.025,2026-05-19,566.67
bar,2026-04-19,credito_4x,1,4,101.53,0.035,2026-05-19,97.98
bar,2026-04-19,credito_4x,2,4,101.53,0.035,2026-06-18,97.98
bar,2026-04-19,credito_4x,3,4,101.53,0.035,2026-07-18,97.98
bar,2026-04-19,credito_4x,4,4,101.53,0.035,2026-08-17,97.98
bar,2026-04-20,pix,1,1,1081.15,0.0,2026-04-20,1081.15
bar,2026-04-20,debito,1,1,724.77,0.012,2026-04-21,716.07
bar,2026-04-20,credito_vista,1,1,710.75,0.025,2026-05-20,692.98
bar,2026-04-20,credito_4x,1,4,115.0,0.035,2026-05-20,110.97
bar,2026-04-20,credito_4x,2,4,115.0,0.035,2026-06-19,110.97
bar,2026-04-20,credito_4x,3,4,115.0,0.035,2026-07-19,110.97
bar,2026-04-20,credito_4x,4,4,115.0,0.035,2026-08-18,110.97
bar,2026-04-21,pix,1,1,946.88,0.0,2026-04-21,946.88
bar,2026-04-21,debito,1,1,886.47,0.012,2026-04-22,875.83
bar,2026-04-21,credito_vista,1,1,1145.81,0.025,2026-05-21,1117.17
bar,2026-04-21,credito_4x,1,4,110.99,0.035,2026-05-21,107.11
bar,2026-04-21,credito_4x,2,4,110.99,0.035,2026-06-20,107.11
bar,2026-04-21,credito_4x,3,4,110.99,0.035,2026-07-20,107.11
bar,2026-04-21,credito_4x,4,4,110.99,0.035,2026-08-19,107.11
bar,2026-04-22,pix,1,1,1583.38,0.0,2026-04-22,1583.38
bar,2026-04-22,debito,1,1,1146.03,0.012,2026-04-23,1132.27
bar,2026-04-22,credito_vista,1,1,868.37,0.025,2026-05-22,846.66
bar,2026-04-22,credito_4x,1,4,131.56,0.035,2026-05-22,126.96
bar,2026-04-22,credito_4x,2,4,131.56,0.035,2026-06-21,126.96
bar,2026-04-22,credito_4x,3,4,131.56,0.035,2026-07-21,126.96
bar,2026-04-22,credito_4x,4,4,131.56,0.035,2026-08-20,126.96
bar,2026-04-23,pix,1,1,1331.24,0.0,2026-04-23,1331.24
bar,2026-04-23,debito,1,1,1065.96,0.012,2026-04-24,1053.16
bar,2026-04-23,credito_vista,1,1,1176.92,0.025,2026-05-23,1147.49
bar,2026-04-23,credito_4x,1,4,106.9,0.035,2026-05-23,103.15
bar,2026-04-23,credito_4x,2,4,106.9,0.035,2026-06-22,103.15
bar,2026-04-23,credito_4x,3,4,106.9,0.035,2026-07-22,103.15
bar,2026-04-23,credito_4x,4,4,106.9,0.035,2026-08-21,103.15
bar,2026-04-24,pix,1,1,2640.94,0.0,2026-04-24,2640.94
bar,2026-04-24,debito,1,1,1985.98,0.012,2026-04-25,1962.15
bar,2026-04-24,credito_vista,1,1,2004.82,0.025,2026-05-24,1954.7
bar,2026-04-24,credito_4x,1,4,207.05,0.035,2026-05-24,199.81
bar,2026-04-24,credito_4x,2,4,207.05,0.035,2026-06-23,199.81
bar,2026-04-24,credito_4x,3,4,207.05,0.035,2026-07-23,199.81
bar,2026-04-24,credito_4x,4,4,207.05,0.035,2026-08-22,199.81
bar,2026-04-25,pix,1,1,1656.33,0.0,2026-04-25,1656.33
bar,2026-04-25,debito,1,1,1659.55,0.012,2026-04-26,1639.64
bar,2026-04-25,credito_vista,1,1,1413.94,0.025,2026-05-25,1378.6
bar,2026-04-25,credito_4x,1,4,140.75,0.035,2026-05-25,135.83
bar,2026-04-25,credito_4x,2,4,140.75,0.035,2026-06-24,135.83
bar,2026-04-25,credito_4x,3,4,140.75,0.035,2026-07-24,135.83
bar,2026-04-25,credito_4x,4,4,140.75,0.035,2026-08-23,135.83
bar,2026-04-26,pix,1,1,1022.34,0.0,2026-04-26,1022.34
bar,2026-04-26,debito,1,1,760.74,0.012,2026-04-27,751.61
bar,2026-04-26,credito_vista,1,1,788.66,0.025,2026-05-26,768.94
bar,2026-04-26,credito_4x,1,4,56.05,0.035,2026-05-26,54.08
bar,2026-04-26,credito_4x,2,4,56.05,0.035,2026-06-25,54.08
bar,2026-04-26,credito_4x,3,4,56.05,0.035,2026-07-25,54.08
bar,2026-04-26,credito_4x,4,4,56.05,0.035,2026-08-24,54.08
bar,2026-04-27,pix,1,1,1214.73,0.0,2026-04-27,1214.73
bar,2026-04-27,debito,1,1,1162.47,0.012,2026-04-28,1148.52
bar,2026-04-27,credito_vista,1,1,1025.83,0.025,2026-05-27,1000.19
bar,2026-04-27,credito_4x,1,4,119.3,0.035,2026-05-27,115.13
bar,2026-04-27,credito_4x,2,4,119.3,0.035,2026-06-26,115.13
bar,2026-04-27,credito_4x,3,4,119.3,0.035,2026-07-26,115.13
bar,2026-04-27,credito_4x,4,4,119.3,0.035,2026-08-25,115.13
bar,2026-04-28,pix,1,1,1036.18,0.0,2026-04-28,1036.18
bar,2026-04-28,debito,1,1,818.54,0.012,2026-04-29,808.72
bar,2026-04-28,credito_vista,1,1,834.51,0.025,2026-05-28,813.65
bar,2026-04-28,credito_4x,1,4,100.34,0.035,2026-05-28,96.83
bar,2026-04-28,credito_4x,2,4,100.34,0.035,2026-06-27,96.83
bar,2026-04-28,credito_4x,3,4,100.34,0.035,2026-07-27,96.83
bar,2026-04-28,credito_4x,4,4,100.34,0.035,2026-08-26,96.83
bar,2026-04-29,pix,1,1,1504.74,0.0,2026-04-29,1504.74
bar,2026-04-29,debito,1,1,1023.59,0.012,2026-04-30,1011.31
bar,2026-04-29,credito_vista,1,1,1118.49,0.025,2026-05-29,1090.53
bar,2026-04-29,credito_4x,1,4,117.35,0.035,2026-05-29,113.24
bar,2026-04-29,credito_4x,2,4,117.35,0.035,2026-06-28,113.24
bar,2026-04-29,credito_4x,3,4,117.35,0.035,2026-07-28,113.24
bar,2026-04-29,credito_4x,4,4,117.35,0.035,2026-08-27,113.24
bar,2026-04-30,pix,1,1,1306.82,0.0,2026-04-30,1306.82
bar,2026-04-30,debito,1,1,1073.41,0.012,2026-05-01,1060.53
bar,2026-04-30,credito_vista,1,1,960.67,0.025,2026-05-30,936.65
bar,2026-04-30,credito_4x,1,4,123.98,0.035,2026-05-30,119.64
bar,2026-04-30,credito_4x,2,4,123.98,0.035,2026-06-29,119.64
bar,2026-04-30,credito_4x,3,4,123.98,0.035,2026-07-29,119.64
bar,2026-04-30,credito_4x,4,4,123.98,0.035,2026-08-28,119.64
bar,2026-05-01,pix,1,1,3149.65,0.0,2026-05-01,3149.65
bar,2026-05-01,debito,1,1,1862.21,0.012,2026-05-02,1839.86
bar,2026-05-01,credito_vista,1,1,1848.47,0.025,2026-05-31,1802.26
bar,2026-05-01,credito_4x,1,4,203.01,0.035,2026-05-31,195.91
bar,2026-05-01,credito_4x,2,4,203.01,0.035,2026-06-30,195.91
bar,2026-05-01,credito_4x,3,4,203.01,0.035,2026-07-30,195.91
bar,2026-05-01,credito_4x,4,4,203.01,0.035,2026-08-29,195.91
bar,2026-05-02,pix,1,1,2520.4,0.0,2026-05-02,2520.4
bar,2026-05-02,debito,1,1,2411.57,0.012,2026-05-03,2382.63
bar,2026-05-02,credito_vista,1,1,1988.19,0.025,2026-06-01,1938.48
bar,2026-05-02,credito_4x,1,4,199.4,0.035,2026-06-01,192.42
bar,2026-05-02,credito_4x,2,4,199.4,0.035,2026-07-01,192.42
bar,2026-05-02,credito_4x,3,4,199.4,0.035,2026-07-31,192.42
bar,2026-05-02,credito_4x,4,4,199.4,0.035,2026-08-30,192.42
bar,2026-05-03,pix,1,1,1015.53,0.0,2026-05-03,1015.53
bar,2026-05-03,debito,1,1,1035.38,0.012,2026-05-04,1022.95
bar,2026-05-03,credito_vista,1,1,916.6,0.025,2026-06-02,893.69
bar,2026-05-03,credito_4x,1,4,87.35,0.035,2026-06-02,84.29
bar,2026-05-03,credito_4x,2,4,87.35,0.035,2026-07-02,84.29
bar,2026-05-03,credito_4x,3,4,87.35,0.035,2026-08-01,84.29
bar,2026-05-03,credito_4x,4,4,87.35,0.035,2026-08-31,84.29
bar,2026-05-04,pix,1,1,1064.96,0.0,2026-05-04,1064.96
bar,2026-05-04,debito,1,1,830.04,0.012,2026-05-05,820.08
bar,2026-05-04,credito_vista,1,1,800.49,0.025,2026-06-03,780.48
bar,2026-05-04,credito_4x,1,4,77.23,0.035,2026-06-03,74.53
bar,2026-05-04,credito_4x,2,4,77.23,0.035,2026-07-03,74.53
bar,2026-05-04,credito_4x,3,4,77.23,0.035,2026-08-02,74.53
bar,2026-05-04,credito_4x,4,4,77.23,0.035,2026-09-01,74.53
bar,2026-05-05,pix,1,1,1297.94,0.0,2026-05-05,1297.94
bar,2026-05-05,debito,1,1,1167.8,0.012,2026-05-06,1153.78
bar,2026-05-05,credito_vista,1,1,993.08,0.025,2026-06-04,968.26
bar,2026-05-05,credito_4x,1,4,104.93,0.035,2026-06-04,101.26
bar,2026-05-05,credito_4x,2,4,104.93,0.035,2026-07-04,101.26
bar,2026-05-05,credito_4x,3,4,104.93,0.035,2026-08-03,101.26
bar,2026-05-05,credito_4x,4,4,104.93,0.035,2026-09-02,101.26
bar,2026-05-06,pix,1,1,1166.6,0.0,2026-05-06,1166.6
bar,2026-05-06,debito,1,1,838.22,0.012,2026-05-07,828.16
bar,2026-05-06,credito_vista,1,1,988.39,0.025,2026-06-05,963.68
bar,2026-05-06,credito_4x,1,4,151.66,0.035,2026-06-05,146.35
bar,2026-05-06,credito_4x,2,4,151.66,0.035,2026-07-05,146.35
bar,2026-05-06,credito_4x,3,4,151.66,0.035,2026-08-04,146.35
bar,2026-05-06,credito_4x,4,4,151.66,0.035,2026-09-03,146.35
bar,2026-05-07,pix,1,1,1760.91,0.0,2026-05-07,1760.91
bar,2026-05-07,debito,1,1,1624.7,0.012,2026-05-08,1605.21
bar,2026-05-07,credito_vista,1,1,1052.0,0.025,2026-06-06,1025.7
bar,2026-05-07,credito_4x,1,4,158.16,0.035,2026-06-06,152.62
bar,2026-05-07,credito_4x,2,4,158.16,0.035,2026-07-06,152.62
bar,2026-05-07,credito_4x,3,4,158.16,0.035,2026-08-05,152.62
bar,2026-05-07,credito_4x,4,4,158.16,0.035,2026-09-04,152.62
bar,2026-05-08,pix,1,1,2732.23,0.0,2026-05-08,2732.23
bar,2026-05-08,debito,1,1,2067.35,0.012,2026-05-09,2042.54
bar,2026-05-08,credito_vista,1,1,2434.48,0.025,2026-06-07,2373.62
bar,2026-05-08,credito_4x,1,4,235.78,0.035,2026-06-07,227.53
bar,2026-05-08,credito_4x,2,4,235.78,0.035,2026-07-07,227.53
bar,2026-05-08,credito_4x,3,4,235.78,0.035,2026-08-06,227.53
bar,2026-05-08,credito_4x,4,4,235.78,0.035,2026-09-05,227.53
bar,2026-05-09,pix,1,1,2278.49,0.0,2026-05-09,2278.49
bar,2026-05-09,debito,1,1,2610.38,0.012,2026-05-10,2579.06
bar,2026-05-09,credito_vista,1,1,2279.37,0.025,2026-06-08,2222.39
bar,2026-05-09,credito_4x,1,4,253.38,0.035,2026-06-08,244.51
bar,2026-05-09,credito_4x,2,4,253.38,0.035,2026-07-08,244.51
bar,2026-05-09,credito_4x,3,4,253.38,0.035,2026-08-07,244.51
bar,2026-05-09,credito_4x,4,4,253.38,0.035,2026-09-06,244.51
bar,2026-05-10,pix,1,1,927.79,0.0,2026-05-10,927.79
bar,2026-05-10,debito,1,1,911.66,0.012,2026-05-11,900.72
bar,2026-05-10,credito_vista,1,1,1004.78,0.025,2026-06-09,979.66
bar,2026-05-10,credito_4x,1,4,100.28,0.035,2026-06-09,96.77
bar,2026-05-10,credito_4x,2,4,100.28,0.035,2026-07-09,96.77
bar,2026-05-10,credito_4x,3,4,100.28,0.035,2026-08-08,96.77
bar,2026-05-10,credito_4x,4,4,100.28,0.035,2026-09-07,96.77
bar,2026-05-11,pix,1,1,939.05,0.0,2026-05-11,939.05
bar,2026-05-11,debito,1,1,984.98,0.012,2026-05-12,973.16
bar,2026-05-11,credito_vista,1,1,907.49,0.025,2026-06-10,884.81
bar,2026-05-11,credito_4x,1,4,114.76,0.035,2026-06-10,110.75
bar,2026-05-11,credito_4x,2,4,114.76,0.035,2026-07-10,110.75
bar,2026-05-11,credito_4x,3,4,114.76,0.035,2026-08-09,110.75
bar,2026-05-11,credito_4x,4,4,114.76,0.035,2026-09-08,110.75
bar,2026-05-12,pix,1,1,1143.48,0.0,2026-05-12,1143.48
bar,2026-05-12,debito,1,1,793.76,0.012,2026-05-13,784.23
bar,2026-05-12,credito_vista,1,1,846.59,0.025,2026-06-11,825.42
bar,2026-05-12,credito_4x,1,4,90.55,0.035,2026-06-11,87.39
bar,2026-05-12,credito_4x,2,4,90.55,0.035,2026-07-11,87.39
bar,2026-05-12,credito_4x,3,4,90.55,0.035,2026-08-10,87.39
bar,2026-05-12,credito_4x,4,4,90.55,0.035,2026-09-09,87.39
bar,2026-05-13,pix,1,1,1377.26,0.0,2026-05-13,1377.26
bar,2026-05-13,debito,1,1,1273.34,0.012,2026-05-14,1258.06
bar,2026-05-13,credito_vista,1,1,935.48,0.025,2026-06-12,912.1
bar,2026-05-13,credito_4x,1,4,168.61,0.035,2026-06-12,162.71
bar,2026-05-13,credito_4x,2,4,168.61,0.035,2026-07-12,162.71
bar,2026-05-13,credito_4x,3,4,168.61,0.035,2026-08-11,162.71
bar,2026-05-13,credito_4x,4,4,168.61,0.035,2026-09-10,162.71
bar,2026-05-14,pix,1,1,998.11,0.0,2026-05-14,998.11
bar,2026-05-14,debito,1,1,873.92,0.012,2026-05-15,863.43
bar,2026-05-14,credito_vista,1,1,797.95,0.025,2026-06-13,778.0
bar,2026-05-14,credito_4x,1,4,89.16,0.035,2026-06-13,86.04
bar,2026-05-14,credito_4x,2,4,89.16,0.035,2026-07-13,86.04
bar,2026-05-14,credito_4x,3,4,89.16,0.035,2026-08-12,86.04
bar,2026-05-14,credito_4x,4,4,89.16,0.035,2026-09-11,86.04
bar,2026-05-15,pix,1,1,2374.15,0.0,2026-05-15,2374.15
bar,2026-05-15,debito,1,1,1164.1,0.012,2026-05-16,1150.13
bar,2026-05-15,credito_vista,1,1,1864.89,0.025,2026-06-14,1818.26
bar,2026-05-15,credito_4x,1,4,160.36,0.035,2026-06-14,154.75
bar,2026-05-15,credito_4x,2,4,160.36,0.035,2026-07-14,154.75
bar,2026-05-15,credito_4x,3,4,160.36,0.035,2026-08-13,154.75
bar,2026-05-15,credito_4x,4,4,160.36,0.035,2026-09-12,154.75
bar,2026-05-16,pix,1,1,1611.33,0.0,2026-05-16,1611.33
bar,2026-05-16,debito,1,1,1400.93,0.012,2026-05-17,1384.12
bar,2026-05-16,credito_vista,1,1,1441.3,0.025,2026-06-15,1405.27
bar,2026-05-16,credito_4x,1,4,117.29,0.035,2026-06-15,113.18
bar,2026-05-16,credito_4x,2,4,117.29,0.035,2026-07-15,113.18
bar,2026-05-16,credito_4x,3,4,117.29,0.035,2026-08-14,113.18
bar,2026-05-16,credito_4x,4,4,117.29,0.035,2026-09-13,113.18
bar,2026-05-17,pix,1,1,791.19,0.0,2026-05-17,791.19
bar,2026-05-17,debito,1,1,658.14,0.012,2026-05-18,650.24
bar,2026-05-17,credito_vista,1,1,655.2,0.025,2026-06-16,638.82
bar,2026-05-17,credito_4x,1,4,68.95,0.035,2026-06-16,66.54
bar,2026-05-17,credito_4x,2,4,68.95,0.035,2026-07-16,66.54
bar,2026-05-17,credito_4x,3,4,68.95,0.035,2026-08-15,66.54
bar,2026-05-17,credito_4x,4,4,68.95,0.035,2026-09-14,66.54
bar,2026-05-18,pix,1,1,1342.21,0.0,2026-05-18,1342.21
bar,2026-05-18,debito,1,1,812.36,0.012,2026-05-19,802.61
bar,2026-05-18,credito_vista,1,1,938.2,0.025,2026-06-17,914.75
bar,2026-05-18,credito_4x,1,4,150.19,0.035,2026-06-17,144.94
bar,2026-05-18,credito_4x,2,4,150.19,0.035,2026-07-17,144.94
bar,2026-05-18,credito_4x,3,4,150.19,0.035,2026-08-16,144.94
bar,2026-05-18,credito_4x,4,4,150.19,0.035,2026-09-15,144.94
bar,2026-05-19,pix,1,1,1171.07,0.0,2026-05-19,1171.07
bar,2026-05-19,debito,1,1,1050.2,0.012,2026-05-20,1037.59
bar,2026-05-19,credito_vista,1,1,1047.4,0.025,2026-06-18,1021.22
bar,2026-05-19,credito_4x,1,4,113.75,0.035,2026-06-18,109.77
bar,2026-05-19,credito_4x,2,4,113.75,0.035,2026-07-18,109.77
bar,2026-05-19,credito_4x,3,4,113.75,0.035,2026-08-17,109.77
bar,2026-05-19,credito_4x,4,4,113.75,0.035,2026-09-16,109.77
bar,2026-05-20,pix,1,1,1271.89,0.0,2026-05-20,1271.89
bar,2026-05-20,debito,1,1,838.86,0.012,2026-05-21,828.8
bar,2026-05-20,credito_vista,1,1,837.09,0.025,2026-06-19,816.16
bar,2026-05-20,credito_4x,1,4,92.18,0.035,2026-06-19,88.95
bar,2026-05-20,credito_4x,2,4,92.18,0.035,2026-07-19,88.95
bar,2026-05-20,credito_4x,3,4,92.18,0.035,2026-08-18,88.95
bar,2026-05-20,credito_4x,4,4,92.18,0.035,2026-09-17,88.95
bar,2026-05-21,pix,1,1,1158.58,0.0,2026-05-21,1158.58
bar,2026-05-21,debito,1,1,766.68,0.012,2026-05-22,757.48
bar,2026-05-21,credito_vista,1,1,991.35,0.025,2026-06-20,966.57
bar,2026-05-21,credito_4x,1,4,74.9,0.035,2026-06-20,72.28
bar,2026-05-21,credito_4x,2,4,74.9,0.035,2026-07-20,72.28
bar,2026-05-21,credito_4x,3,4,74.9,0.035,2026-08-19,72.28
bar,2026-05-21,credito_4x,4,4,74.9,0.035,2026-09-18,72.28
bar,2026-05-22,pix,1,1,1380.26,0.0,2026-05-22,1380.26
bar,2026-05-22,debito,1,1,807.12,0.012,2026-05-23,797.43
bar,2026-05-22,credito_vista,1,1,937.53,0.025,2026-06-21,914.09
bar,2026-05-22,credito_4x,1,4,97.88,0.035,2026-06-21,94.46
bar,2026-05-22,credito_4x,2,4,97.88,0.035,2026-07-21,94.46
bar,2026-05-22,credito_4x,3,4,97.88,0.035,2026-08-20,94.46
bar,2026-05-22,credito_4x,4,4,97.88,0.035,2026-09-19,94.46
bar,2026-05-23,pix,1,1,2288.8,0.0,2026-05-23,2288.8
bar,2026-05-23,debito,1,1,1789.6,0.012,2026-05-24,1768.13
bar,2026-05-23,credito_vista,1,1,1759.0,0.025,2026-06-22,1715.02
bar,2026-05-23,credito_4x,1,4,143.8,0.035,2026-06-22,138.77
bar,2026-05-23,credito_4x,2,4,143.8,0.035,2026-07-22,138.77
bar,2026-05-23,credito_4x,3,4,143.8,0.035,2026-08-21,138.77
bar,2026-05-23,credito_4x,4,4,143.8,0.035,2026-09-20,138.77
bar,2026-05-24,pix,1,1,1397.99,0.0,2026-05-24,1397.99
bar,2026-05-24,debito,1,1,1191.39,0.012,2026-05-25,1177.1
bar,2026-05-24,credito_vista,1,1,1094.99,0.025,2026-06-23,1067.62
bar,2026-05-24,credito_4x,1,4,118.94,0.035,2026-06-23,114.78
bar,2026-05-24,credito_4x,2,4,118.94,0.035,2026-07-23,114.78
bar,2026-05-24,credito_4x,3,4,118.94,0.035,2026-08-22,114.78
bar,2026-05-24,credito_4x,4,4,118.94,0.035,2026-09-21,114.78
bar,2026-05-25,pix,1,1,990.46,0.0,2026-05-25,990.46
bar,2026-05-25,debito,1,1,807.38,0.012,2026-05-26,797.69
bar,2026-05-25,credito_vista,1,1,814.1,0.025,2026-06-24,793.75
bar,2026-05-25,credito_4x,1,4,77.92,0.035,2026-06-24,75.2
bar,2026-05-25,credito_4x,2,4,77.92,0.035,2026-07-24,75.2
bar,2026-05-25,credito_4x,3,4,77.92,0.035,2026-08-23,75.2
bar,2026-05-25,credito_4x,4,4,77.92,0.035,2026-09-22,75.2
bar,2026-05-26,pix,1,1,842.89,0.0,2026-05-26,842.89
bar,2026-05-26,debito,1,1,739.43,0.012,2026-05-27,730.56
bar,2026-05-26,credito_vista,1,1,814.29,0.025,2026-06-25,793.94
bar,2026-05-26,credito_4x,1,4,73.73,0.035,2026-06-25,71.15
bar,2026-05-26,credito_4x,2,4,73.73,0.035,2026-07-25,71.15
bar,2026-05-26,credito_4x,3,4,73.73,0.035,2026-08-24,71.15
bar,2026-05-26,credito_4x,4,4,73.73,0.035,2026-09-23,71.15
bar,2026-05-27,pix,1,1,1253.85,0.0,2026-05-27,1253.85
bar,2026-05-27,debito,1,1,1052.43,0.012,2026-05-28,1039.8
bar,2026-05-27,credito_vista,1,1,842.66,0.025,2026-06-26,821.59
bar,2026-05-27,credito_4x,1,4,102.57,0.035,2026-06-26,98.98
bar,2026-05-27,credito_4x,2,4,102.57,0.035,2026-07-26,98.98
bar,2026-05-27,credito_4x,3,4,102.57,0.035,2026-08-25,98.98
bar,2026-05-27,credito_4x,4,4,102.57,0.035,2026-09-24,98.98
bar,2026-05-28,pix,1,1,871.26,0.0,2026-05-28,871.26
bar,2026-05-28,debito,1,1,881.83,0.012,2026-05-29,871.25
bar,2026-05-28,credito_vista,1,1,811.95,0.025,2026-06-27,791.65
bar,2026-05-28,credito_4x,1,4,70.09,0.035,2026-06-27,67.64
bar,2026-05-28,credito_4x,2,4,70.09,0.035,2026-07-27,67.64
bar,2026-05-28,credito_4x,3,4,70.09,0.035,2026-08-26,67.64
bar,2026-05-28,credito_4x,4,4,70.09,0.035,2026-09-25,67.64
bar,2026-05-29,pix,1,1,1753.88,0.0,2026-05-29,1753.88
bar,2026-05-29,debito,1,1,1576.43,0.012,2026-05-30,1557.52
bar,2026-05-29,credito_vista,1,1,1410.34,0.025,2026-06-28,1375.09
bar,2026-05-29,credito_4x,1,4,168.11,0.035,2026-06-28,162.23
bar,2026-05-29,credito_4x,2,4,168.11,0.035,2026-07-28,162.23
bar,2026-05-29,credito_4x,3,4,168.11,0.035,2026-08-27,162.23
bar,2026-05-29,credito_4x,4,4,168.11,0.035,2026-09-26,162.23
bar,2026-05-30,pix,1,1,1934.51,0.0,2026-05-30,1934.51
bar,2026-05-30,debito,1,1,2221.77,0.012,2026-05-31,2195.11
bar,2026-05-30,credito_vista,1,1,1520.79,0.025,2026-06-29,1482.77
bar,2026-05-30,credito_4x,1,4,165.62,0.035,2026-06-29,159.82
bar,2026-05-30,credito_4x,2,4,165.62,0.035,2026-07-29,159.82
bar,2026-05-30,credito_4x,3,4,165.62,0.035,2026-08-28,159.82
bar,2026-05-30,credito_4x,4,4,165.62,0.035,2026-09-27,159.82
bar,2026-05-31,pix,1,1,785.87,0.0,2026-05-31,785.87
bar,2026-05-31,debito,1,1,741.8,0.012,2026-06-01,732.9
bar,2026-05-31,credito_vista,1,1,825.06,0.025,2026-06-30,804.44
bar,2026-05-31,credito_4x,1,4,85.58,0.035,2026-06-30,82.58
bar,2026-05-31,credito_4x,2,4,85.58,0.035,2026-07-30,82.58
bar,2026-05-31,credito_4x,3,4,85.58,0.035,2026-08-29,82.58
bar,2026-05-31,credito_4x,4,4,85.58,0.035,2026-09-28,82.58
bar,2026-06-01,pix,1,1,1151.58,0.0,2026-06-01,1151.58
bar,2026-06-01,debito,1,1,1059.63,0.012,2026-06-02,1046.91
bar,2026-06-01,credito_vista,1,1,1037.32,0.025,2026-07-01,1011.39
bar,2026-06-01,credito_4x,1,4,120.24,0.035,2026-07-01,116.03
bar,2026-06-01,credito_4x,2,4,120.24,0.035,2026-07-31,116.03
bar,2026-06-01,credito_4x,3,4,120.24,0.035,2026-08-30,116.03
bar,2026-06-01,credito_4x,4,4,120.24,0.035,2026-09-29,116.03
bar,2026-06-02,pix,1,1,1058.99,0.0,2026-06-02,1058.99
bar,2026-06-02,debito,1,1,1215.63,0.012,2026-06-03,1201.04
bar,2026-06-02,credito_vista,1,1,1085.68,0.025,2026-07-02,1058.54
bar,2026-06-02,credito_4x,1,4,98.26,0.035,2026-07-02,94.82
bar,2026-06-02,credito_4x,2,4,98.26,0.035,2026-08-01,94.82
bar,2026-06-02,credito_4x,3,4,98.26,0.035,2026-08-31,94.82
bar,2026-06-02,credito_4x,4,4,98.26,0.035,2026-09-30,94.82
bar,2026-06-03,pix,1,1,1498.3,0.0,2026-06-03,1498.3
bar,2026-06-03,debito,1,1,1356.84,0.012,2026-06-04,1340.56
bar,2026-06-03,credito_vista,1,1,997.26,0.025,2026-07-03,972.33
bar,2026-06-03,credito_4x,1,4,148.4,0.035,2026-07-03,143.21
bar,2026-06-03,credito_4x,2,4,148.4,0.035,2026-08-02,143.21
bar,2026-06-03,credito_4x,3,4,148.4,0.035,2026-09-01,143.21
bar,2026-06-03,credito_4x,4,4,148.4,0.035,2026-10-01,143.21
bar,2026-06-04,pix,1,1,1546.18,0.0,2026-06-04,1546.18
bar,2026-06-04,debito,1,1,819.79,0.012,2026-06-05,809.96
bar,2026-06-04,credito_vista,1,1,1130.91,0.025,2026-07-04,1102.63
bar,2026-06-04,credito_4x,1,4,137.32,0.035,2026-07-04,132.51
bar,2026-06-04,credito_4x,2,4,137.32,0.035,2026-08-03,132.51
bar,2026-06-04,credito_4x,3,4,137.32,0.035,2026-09-02,132.51
bar,2026-06-04,credito_4x,4,4,137.32,0.035,2026-10-02,132.51
bar,2026-06-05,pix,1,1,2411.41,0.0,2026-06-05,2411.41
bar,2026-06-05,debito,1,1,2159.06,0.012,2026-06-06,2133.15
bar,2026-06-05,credito_vista,1,1,1874.55,0.025,2026-07-05,1827.68
bar,2026-06-05,credito_4x,1,4,340.44,0.035,2026-07-05,328.52
bar,2026-06-05,credito_4x,2,4,340.44,0.035,2026-08-04,328.52
bar,2026-06-05,credito_4x,3,4,340.44,0.035,2026-09-03,328.52
bar,2026-06-05,credito_4x,4,4,340.44,0.035,2026-10-03,328.52
bar,2026-06-06,pix,1,1,3125.92,0.0,2026-06-06,3125.92
bar,2026-06-06,debito,1,1,2420.31,0.012,2026-06-07,2391.26
bar,2026-06-06,credito_vista,1,1,2808.4,0.025,2026-07-06,2738.19
bar,2026-06-06,credito_4x,1,4,270.8,0.035,2026-07-06,261.32
bar,2026-06-06,credito_4x,2,4,270.8,0.035,2026-08-05,261.32
bar,2026-06-06,credito_4x,3,4,270.8,0.035,2026-09-04,261.32
bar,2026-06-06,credito_4x,4,4,270.8,0.035,2026-10-04,261.32
bar,2026-06-07,pix,1,1,959.17,0.0,2026-06-07,959.17
bar,2026-06-07,debito,1,1,778.94,0.012,2026-06-08,769.59
bar,2026-06-07,credito_vista,1,1,824.64,0.025,2026-07-07,804.03
bar,2026-06-07,credito_4x,1,4,67.46,0.035,2026-07-07,65.1
bar,2026-06-07,credito_4x,2,4,67.46,0.035,2026-08-06,65.1
bar,2026-06-07,credito_4x,3,4,67.46,0.035,2026-09-05,65.1
bar,2026-06-07,credito_4x,4,4,67.46,0.035,2026-10-05,65.1
bar,2026-06-08,pix,1,1,958.57,0.0,2026-06-08,958.57
bar,2026-06-08,debito,1,1,759.53,0.012,2026-06-09,750.41
bar,2026-06-08,credito_vista,1,1,840.49,0.025,2026-07-08,819.47
bar,2026-06-08,credito_4x,1,4,78.04,0.035,2026-07-08,75.31
bar,2026-06-08,credito_4x,2,4,78.04,0.035,2026-08-07,75.31
bar,2026-06-08,credito_4x,3,4,78.04,0.035,2026-09-06,75.31
bar,2026-06-08,credito_4x,4,4,78.04,0.035,2026-10-06,75.31
bar,2026-06-09,pix,1,1,1264.28,0.0,2026-06-09,1264.28
bar,2026-06-09,debito,1,1,1208.63,0.012,2026-06-10,1194.13
bar,2026-06-09,credito_vista,1,1,1142.29,0.025,2026-07-09,1113.74
bar,2026-06-09,credito_4x,1,4,159.94,0.035,2026-07-09,154.35
bar,2026-06-09,credito_4x,2,4,159.94,0.035,2026-08-08,154.35
bar,2026-06-09,credito_4x,3,4,159.94,0.035,2026-09-07,154.35
bar,2026-06-09,credito_4x,4,4,159.94,0.035,2026-10-07,154.35
bar,2026-06-10,pix,1,1,1212.18,0.0,2026-06-10,1212.18
bar,2026-06-10,debito,1,1,913.66,0.012,2026-06-11,902.69
bar,2026-06-10,credito_vista,1,1,1080.02,0.025,2026-07-10,1053.02
bar,2026-06-10,credito_4x,1,4,173.07,0.035,2026-07-10,167.01
bar,2026-06-10,credito_4x,2,4,173.07,0.035,2026-08-09,167.01
bar,2026-06-10,credito_4x,3,4,173.07,0.035,2026-09-08,167.01
bar,2026-06-10,credito_4x,4,4,173.07,0.035,2026-10-08,167.01
bar,2026-06-11,pix,1,1,1798.49,0.0,2026-06-11,1798.49
bar,2026-06-11,debito,1,1,1503.74,0.012,2026-06-12,1485.69
bar,2026-06-11,credito_vista,1,1,1045.1,0.025,2026-07-11,1018.97
bar,2026-06-11,credito_4x,1,4,145.99,0.035,2026-07-11,140.88
bar,2026-06-11,credito_4x,2,4,145.99,0.035,2026-08-10,140.88
bar,2026-06-11,credito_4x,3,4,145.99,0.035,2026-09-09,140.88
bar,2026-06-11,credito_4x,4,4,145.99,0.035,2026-10-09,140.88
bar,2026-06-12,pix,1,1,2262.22,0.0,2026-06-12,2262.22
bar,2026-06-12,debito,1,1,1672.85,0.012,2026-06-13,1652.77
bar,2026-06-12,credito_vista,1,1,1180.89,0.025,2026-07-12,1151.37
bar,2026-06-12,credito_4x,1,4,170.72,0.035,2026-07-12,164.74
bar,2026-06-12,credito_4x,2,4,170.72,0.035,2026-08-11,164.74
bar,2026-06-12,credito_4x,3,4,170.72,0.035,2026-09-10,164.74
bar,2026-06-12,credito_4x,4,4,170.72,0.035,2026-10-10,164.74
bar,2026-06-13,pix,1,1,3400.81,0.0,2026-06-13,3400.81
bar,2026-06-13,debito,1,1,1641.8,0.012,2026-06-14,1622.1
bar,2026-06-13,credito_vista,1,1,2384.49,0.025,2026-07-13,2324.87
bar,2026-06-13,credito_4x,1,4,228.43,0.035,2026-07-13,220.44
bar,2026-06-13,credito_4x,2,4,228.43,0.035,2026-08-12,220.44
bar,2026-06-13,credito_4x,3,4,228.43,0.035,2026-09-11,220.44
bar,2026-06-13,credito_4x,4,4,228.43,0.035,2026-10-11,220.44
bar,2026-06-14,pix,1,1,1112.65,0.0,2026-06-14,1112.65
bar,2026-06-14,debito,1,1,777.68,0.012,2026-06-15,768.35
bar,2026-06-14,credito_vista,1,1,811.34,0.025,2026-07-14,791.06
bar,2026-06-14,credito_4x,1,4,87.39,0.035,2026-07-14,84.34
bar,2026-06-14,credito_4x,2,4,87.39,0.035,2026-08-13,84.34
bar,2026-06-14,credito_4x,3,4,87.39,0.035,2026-09-12,84.34
bar,2026-06-14,credito_4x,4,4,87.39,0.035,2026-10-12,84.34
bar,2026-06-15,pix,1,1,954.69,0.0,2026-06-15,954.69
bar,2026-06-15,debito,1,1,1079.85,0.012,2026-06-16,1066.89
bar,2026-06-15,credito_vista,1,1,711.54,0.025,2026-07-15,693.76
bar,2026-06-15,credito_4x,1,4,89.69,0.035,2026-07-15,86.55
bar,2026-06-15,credito_4x,2,4,89.69,0.035,2026-08-14,86.55
bar,2026-06-15,credito_4x,3,4,89.69,0.035,2026-09-13,86.55
bar,2026-06-15,credito_4x,4,4,89.69,0.035,2026-10-13,86.55
bar,2026-06-16,pix,1,1,1223.32,0.0,2026-06-16,1223.32
bar,2026-06-16,debito,1,1,1032.96,0.012,2026-06-17,1020.56
bar,2026-06-16,credito_vista,1,1,1210.52,0.025,2026-07-16,1180.26
bar,2026-06-16,credito_4x,1,4,120.81,0.035,2026-07-16,116.59
bar,2026-06-16,credito_4x,2,4,120.81,0.035,2026-08-15,116.59
bar,2026-06-16,credito_4x,3,4,120.81,0.035,2026-09-14,116.59
bar,2026-06-16,credito_4x,4,4,120.81,0.035,2026-10-14,116.59
bar,2026-06-17,pix,1,1,1038.23,0.0,2026-06-17,1038.23
bar,2026-06-17,debito,1,1,1102.09,0.012,2026-06-18,1088.86
bar,2026-06-17,credito_vista,1,1,935.49,0.025,2026-07-17,912.1
bar,2026-06-17,credito_4x,1,4,87.38,0.035,2026-07-17,84.32
bar,2026-06-17,credito_4x,2,4,87.38,0.035,2026-08-16,84.32
bar,2026-06-17,credito_4x,3,4,87.38,0.035,2026-09-15,84.32
bar,2026-06-17,credito_4x,4,4,87.38,0.035,2026-10-15,84.32
bar,2026-06-18,pix,1,1,1478.25,0.0,2026-06-18,1478.25
bar,2026-06-18,debito,1,1,863.24,0.012,2026-06-19,852.88
bar,2026-06-18,credito_vista,1,1,823.3,0.025,2026-07-18,802.72
bar,2026-06-18,credito_4x,1,4,77.0,0.035,2026-07-18,74.3
bar,2026-06-18,credito_4x,2,4,77.0,0.035,2026-08-17,74.3
bar,2026-06-18,credito_4x,3,4,77.0,0.035,2026-09-16,74.3
bar,2026-06-18,credito_4x,4,4,77.0,0.035,2026-10-16,74.3
bar,2026-06-19,pix,1,1,1598.21,0.0,2026-06-19,1598.21
bar,2026-06-19,debito,1,1,2007.33,0.012,2026-06-20,1983.24
bar,2026-06-19,credito_vista,1,1,1629.28,0.025,2026-07-19,1588.55
bar,2026-06-19,credito_4x,1,4,128.88,0.035,2026-07-19,124.37
bar,2026-06-19,credito_4x,2,4,128.88,0.035,2026-08-18,124.37
bar,2026-06-19,credito_4x,3,4,128.88,0.035,2026-09-17,124.37
bar,2026-06-19,credito_4x,4,4,128.88,0.035,2026-10-17,124.37
bar,2026-06-20,pix,1,1,2458.37,0.0,2026-06-20,2458.37
bar,2026-06-20,debito,1,1,2296.15,0.012,2026-06-21,2268.59
bar,2026-06-20,credito_vista,1,1,1695.28,0.025,2026-07-20,1652.89
bar,2026-06-20,credito_4x,1,4,201.7,0.035,2026-07-20,194.64
bar,2026-06-20,credito_4x,2,4,201.7,0.035,2026-08-19,194.64
bar,2026-06-20,credito_4x,3,4,201.7,0.035,2026-09-18,194.64
bar,2026-06-20,credito_4x,4,4,201.7,0.035,2026-10-18,194.64
bar,2026-06-21,pix,1,1,966.92,0.0,2026-06-21,966.92
bar,2026-06-21,debito,1,1,603.34,0.012,2026-06-22,596.1
bar,2026-06-21,credito_vista,1,1,465.64,0.025,2026-07-21,454.0
bar,2026-06-21,credito_4x,1,4,59.1,0.035,2026-07-21,57.03
bar,2026-06-21,credito_4x,2,4,59.1,0.035,2026-08-20,57.03
bar,2026-06-21,credito_4x,3,4,59.1,0.035,2026-09-19,57.03
bar,2026-06-21,credito_4x,4,4,59.1,0.035,2026-10-19,57.03
bar,2026-06-22,pix,1,1,989.19,0.0,2026-06-22,989.19
bar,2026-06-22,debito,1,1,1094.31,0.012,2026-06-23,1081.18
bar,2026-06-22,credito_vista,1,1,817.39,0.025,2026-07-22,796.96
bar,2026-06-22,credito_4x,1,4,87.32,0.035,2026-07-22,84.26
bar,2026-06-22,credito_4x,2,4,87.32,0.035,2026-08-21,84.26
bar,2026-06-22,credito_4x,3,4,87.32,0.035,2026-09-20,84.26
bar,2026-06-22,credito_4x,4,4,87.32,0.035,2026-10-20,84.26
bar,2026-06-23,pix,1,1,1304.91,0.0,2026-06-23,1304.91
bar,2026-06-23,debito,1,1,701.64,0.012,2026-06-24,693.22
bar,2026-06-23,credito_vista,1,1,630.99,0.025,2026-07-23,615.22
bar,2026-06-23,credito_4x,1,4,70.19,0.035,2026-07-23,67.73
bar,2026-06-23,credito_4x,2,4,70.19,0.035,2026-08-22,67.73
bar,2026-06-23,credito_4x,3,4,70.19,0.035,2026-09-21,67.73
bar,2026-06-23,credito_4x,4,4,70.19,0.035,2026-10-21,67.73
bar,2026-06-24,pix,1,1,1566.61,0.0,2026-06-24,1566.61
bar,2026-06-24,debito,1,1,1233.76,0.012,2026-06-25,1218.96
bar,2026-06-24,credito_vista,1,1,986.2,0.025,2026-07-24,961.55
bar,2026-06-24,credito_4x,1,4,106.61,0.035,2026-07-24,102.87
bar,2026-06-24,credito_4x,2,4,106.61,0.035,2026-08-23,102.87
bar,2026-06-24,credito_4x,3,4,106.61,0.035,2026-09-22,102.87
bar,2026-06-24,credito_4x,4,4,106.61,0.035,2026-10-22,102.87
bar,2026-06-25,pix,1,1,803.47,0.0,2026-06-25,803.47
bar,2026-06-25,debito,1,1,645.52,0.012,2026-06-26,637.77
bar,2026-06-25,credito_vista,1,1,566.73,0.025,2026-07-25,552.57
bar,2026-06-25,credito_4x,1,4,74.65,0.035,2026-07-25,72.04
bar,2026-06-25,credito_4x,2,4,74.65,0.035,2026-08-24,72.04
bar,2026-06-25,credito_4x,3,4,74.65,0.035,2026-09-23,72.04
bar,2026-06-25,credito_4x,4,4,74.65,0.035,2026-10-23,72.04
bar,2026-06-26,pix,1,1,1504.72,0.0,2026-06-26,1504.72
bar,2026-06-26,debito,1,1,1263.81,0.012,2026-06-27,1248.65
bar,2026-06-26,credito_vista,1,1,1441.9,0.025,2026-07-26,1405.85
bar,2026-06-26,credito_4x,1,4,161.44,0.035,2026-07-26,155.79
bar,2026-06-26,credito_4x,2,4,161.44,0.035,2026-08-25,155.79
bar,2026-06-26,credito_4x,3,4,161.44,0.035,2026-09-24,155.79
bar,2026-06-26,credito_4x,4,4,161.44,0.035,2026-10-24,155.79
bar,2026-06-27,pix,1,1,1145.81,0.0,2026-06-27,1145.81
bar,2026-06-27,debito,1,1,1241.18,0.012,2026-06-28,1226.29
bar,2026-06-27,credito_vista,1,1,1528.8,0.025,2026-07-27,1490.58
bar,2026-06-27,credito_4x,1,4,154.39,0.035,2026-07-27,148.98
bar,2026-06-27,credito_4x,2,4,154.39,0.035,2026-08-26,148.98
bar,2026-06-27,credito_4x,3,4,154.39,0.035,2026-09-25,148.98
bar,2026-06-27,credito_4x,4,4,154.39,0.035,2026-10-25,148.98
bar,2026-06-28,pix,1,1,744.82,0.0,2026-06-28,744.82
bar,2026-06-28,debito,1,1,586.38,0.012,2026-06-29,579.35
bar,2026-06-28,credito_vista,1,1,638.1,0.025,2026-07-28,622.15
bar,2026-06-28,credito_4x,1,4,88.5,0.035,2026-07-28,85.4
bar,2026-06-28,credito_4x,2,4,88.5,0.035,2026-08-27,85.4
bar,2026-06-28,credito_4x,3,4,88.5,0.035,2026-09-26,85.4
bar,2026-06-28,credito_4x,4,4,88.5,0.035,2026-10-26,85.4
bar,2026-06-29,pix,1,1,800.09,0.0,2026-06-29,800.09
bar,2026-06-29,debito,1,1,855.53,0.012,2026-06-30,845.26
bar,2026-06-29,credito_vista,1,1,727.88,0.025,2026-07-29,709.68
bar,2026-06-29,credito_4x,1,4,90.97,0.035,2026-07-29,87.78
bar,2026-06-29,credito_4x,2,4,90.97,0.035,2026-08-28,87.78
bar,2026-06-29,credito_4x,3,4,90.97,0.035,2026-09-27,87.78
bar,2026-06-29,credito_4x,4,4,90.97,0.035,2026-10-27,87.78
bar,2026-06-30,pix,1,1,732.43,0.0,2026-06-30,732.43
bar,2026-06-30,debito,1,1,848.24,0.012,2026-07-01,838.06
bar,2026-06-30,credito_vista,1,1,824.44,0.025,2026-07-30,803.83
bar,2026-06-30,credito_4x,1,4,88.4,0.035,2026-07-30,85.31
bar,2026-06-30,credito_4x,2,4,88.4,0.035,2026-08-29,85.31
bar,2026-06-30,credito_4x,3,4,88.4,0.035,2026-09-28,85.31
bar,2026-06-30,credito_4x,4,4,88.4,0.035,2026-10-28,85.31
bar,2026-07-01,pix,1,1,1449.35,0.0,2026-07-01,1449.35
bar,2026-07-01,debito,1,1,917.36,0.012,2026-07-02,906.35
bar,2026-07-01,credito_vista,1,1,931.59,0.025,2026-07-31,908.3
bar,2026-07-01,credito_4x,1,4,118.76,0.035,2026-07-31,114.6
bar,2026-07-01,credito_4x,2,4,118.76,0.035,2026-08-30,114.6
bar,2026-07-01,credito_4x,3,4,118.76,0.035,2026-09-29,114.6
bar,2026-07-01,credito_4x,4,4,118.76,0.035,2026-10-29,114.6
bar,2026-07-02,pix,1,1,1336.0,0.0,2026-07-02,1336.0
bar,2026-07-02,debito,1,1,1012.02,0.012,2026-07-03,999.88
bar,2026-07-02,credito_vista,1,1,952.03,0.025,2026-08-01,928.23
bar,2026-07-02,credito_4x,1,4,147.39,0.035,2026-08-01,142.23
bar,2026-07-02,credito_4x,2,4,147.39,0.035,2026-08-31,142.23
bar,2026-07-02,credito_4x,3,4,147.39,0.035,2026-09-30,142.23
bar,2026-07-02,credito_4x,4,4,147.39,0.035,2026-10-30,142.23
bar,2026-07-03,pix,1,1,1982.26,0.0,2026-07-03,1982.26
bar,2026-07-03,debito,1,1,1903.4,0.012,2026-07-04,1880.56
bar,2026-07-03,credito_vista,1,1,1501.49,0.025,2026-08-02,1463.95
bar,2026-07-03,credito_4x,1,4,218.31,0.035,2026-08-02,210.67
bar,2026-07-03,credito_4x,2,4,218.31,0.035,2026-09-01,210.67
bar,2026-07-03,credito_4x,3,4,218.31,0.035,2026-10-01,210.67
bar,2026-07-03,credito_4x,4,4,218.31,0.035,2026-10-31,210.67
bar,2026-07-04,pix,1,1,1935.46,0.0,2026-07-04,1935.46
bar,2026-07-04,debito,1,1,1712.06,0.012,2026-07-05,1691.52
bar,2026-07-04,credito_vista,1,1,1328.81,0.025,2026-08-03,1295.59
bar,2026-07-04,credito_4x,1,4,176.63,0.035,2026-08-03,170.45
bar,2026-07-04,credito_4x,2,4,176.63,0.035,2026-09-02,170.45
bar,2026-07-04,credito_4x,3,4,176.63,0.035,2026-10-02,170.45
bar,2026-07-04,credito_4x,4,4,176.63,0.035,2026-11-01,170.45
bar,2026-07-05,pix,1,1,1079.03,0.0,2026-07-05,1079.03
bar,2026-07-05,debito,1,1,910.37,0.012,2026-07-06,899.44
bar,2026-07-05,credito_vista,1,1,852.57,0.025,2026-08-04,831.25
bar,2026-07-05,credito_4x,1,4,98.58,0.035,2026-08-04,95.13
bar,2026-07-05,credito_4x,2,4,98.58,0.035,2026-09-03,95.13
bar,2026-07-05,credito_4x,3,4,98.58,0.035,2026-10-03,95.13
bar,2026-07-05,credito_4x,4,4,98.58,0.035,2026-11-02,95.13
bar,2026-07-06,pix,1,1,1161.91,0.0,2026-07-06,1161.91
bar,2026-07-06,debito,1,1,796.01,0.012,2026-07-07,786.46
bar,2026-07-06,credito_vista,1,1,802.82,0.025,2026-08-05,782.75
bar,2026-07-06,credito_4x,1,4,113.11,0.035,2026-08-05,109.15
bar,2026-07-06,credito_4x,2,4,113.11,0.035,2026-09-04,109.15
bar,2026-07-06,credito_4x,3,4,113.11,0.035,2026-10-04,109.15
bar,2026-07-06,credito_4x,4,4,113.11,0.035,2026-11-03,109.15
bar,2026-07-07,pix,1,1,1309.93,0.0,2026-07-07,1309.93
bar,2026-07-07,debito,1,1,784.48,0.012,2026-07-08,775.07
bar,2026-07-07,credito_vista,1,1,752.05,0.025,2026-08-06,733.25
bar,2026-07-07,credito_4x,1,4,115.5,0.035,2026-08-06,111.46
bar,2026-07-07,credito_4x,2,4,115.5,0.035,2026-09-05,111.46
bar,2026-07-07,credito_4x,3,4,115.5,0.035,2026-10-05,111.46
bar,2026-07-07,credito_4x,4,4,115.5,0.035,2026-11-04,111.46
bar,2026-07-08,pix,1,1,1343.07,0.0,2026-07-08,1343.07
bar,2026-07-08,debito,1,1,941.16,0.012,2026-07-09,929.87
bar,2026-07-08,credito_vista,1,1,1005.85,0.025,2026-08-07,980.7
bar,2026-07-08,credito_4x,1,4,136.57,0.035,2026-08-07,131.79
bar,2026-07-08,credito_4x,2,4,136.57,0.035,2026-09-06,131.79
bar,2026-07-08,credito_4x,3,4,136.57,0.035,2026-10-06,131.79
bar,2026-07-08,credito_4x,4,4,136.57,0.035,2026-11-05,131.79
bar,2026-07-09,pix,1,1,1401.01,0.0,2026-07-09,1401.01
bar,2026-07-09,debito,1,1,1211.53,0.012,2026-07-10,1196.99
bar,2026-07-09,credito_vista,1,1,1076.17,0.025,2026-08-08,1049.26
bar,2026-07-09,credito_4x,1,4,109.96,0.035,2026-08-08,106.11
bar,2026-07-09,credito_4x,2,4,109.96,0.035,2026-09-07,106.11
bar,2026-07-09,credito_4x,3,4,109.96,0.035,2026-10-07,106.11
bar,2026-07-09,credito_4x,4,4,109.96,0.035,2026-11-06,106.11
bar,2026-07-10,pix,1,1,2926.17,0.0,2026-07-10,2926.17
bar,2026-07-10,debito,1,1,1846.14,0.012,2026-07-11,1823.99
bar,2026-07-10,credito_vista,1,1,1927.06,0.025,2026-08-09,1878.89
bar,2026-07-10,credito_4x,1,4,291.61,0.035,2026-08-09,281.4
bar,2026-07-10,credito_4x,2,4,291.61,0.035,2026-09-08,281.4
bar,2026-07-10,credito_4x,3,4,291.61,0.035,2026-10-08,281.4
bar,2026-07-10,credito_4x,4,4,291.61,0.035,2026-11-07,281.4
bar,2026-07-11,pix,1,1,1848.71,0.0,2026-07-11,1848.71
bar,2026-07-11,debito,1,1,1823.19,0.012,2026-07-12,1801.31
bar,2026-07-11,credito_vista,1,1,1593.01,0.025,2026-08-10,1553.18
bar,2026-07-11,credito_4x,1,4,173.59,0.035,2026-08-10,167.52
bar,2026-07-11,credito_4x,2,4,173.59,0.035,2026-09-09,167.52
bar,2026-07-11,credito_4x,3,4,173.59,0.035,2026-10-09,167.52
bar,2026-07-11,credito_4x,4,4,173.59,0.035,2026-11-08,167.52
bar,2026-07-12,pix,1,1,963.25,0.0,2026-07-12,963.25
bar,2026-07-12,debito,1,1,823.51,0.012,2026-07-13,813.62
bar,2026-07-12,credito_vista,1,1,566.49,0.025,2026-08-11,552.33
bar,2026-07-12,credito_4x,1,4,40.97,0.035,2026-08-11,39.53
bar,2026-07-12,credito_4x,2,4,40.97,0.035,2026-09-10,39.53
bar,2026-07-12,credito_4x,3,4,40.97,0.035,2026-10-10,39.53
bar,2026-07-12,credito_4x,4,4,40.97,0.035,2026-11-09,39.53
bar,2026-07-13,pix,1,1,814.91,0.0,2026-07-13,814.91
bar,2026-07-13,debito,1,1,522.05,0.012,2026-07-14,515.79
bar,2026-07-13,credito_vista,1,1,712.97,0.025,2026-08-12,695.14
bar,2026-07-13,credito_4x,1,4,71.95,0.035,2026-08-12,69.43
bar,2026-07-13,credito_4x,2,4,71.95,0.035,2026-09-11,69.43
bar,2026-07-13,credito_4x,3,4,71.95,0.035,2026-10-11,69.43
bar,2026-07-13,credito_4x,4,4,71.95,0.035,2026-11-10,69.43
bar,2026-07-14,pix,1,1,787.3,0.0,2026-07-14,787.3
bar,2026-07-14,debito,1,1,702.57,0.012,2026-07-15,694.13
bar,2026-07-14,credito_vista,1,1,615.97,0.025,2026-08-13,600.57
bar,2026-07-14,credito_4x,1,4,69.51,0.035,2026-08-13,67.08
bar,2026-07-14,credito_4x,2,4,69.51,0.035,2026-09-12,67.08
bar,2026-07-14,credito_4x,3,4,69.51,0.035,2026-10-12,67.08
bar,2026-07-14,credito_4x,4,4,69.51,0.035,2026-11-11,67.08
bar,2026-07-15,pix,1,1,737.09,0.0,2026-07-15,737.09
bar,2026-07-15,debito,1,1,920.55,0.012,2026-07-16,909.51
bar,2026-07-15,credito_vista,1,1,613.8,0.025,2026-08-14,598.45
bar,2026-07-15,credito_4x,1,4,81.39,0.035,2026-08-14,78.54
bar,2026-07-15,credito_4x,2,4,81.39,0.035,2026-09-13,78.54
bar,2026-07-15,credito_4x,3,4,81.39,0.035,2026-10-13,78.54
bar,2026-07-15,credito_4x,4,4,81.39,0.035,2026-11-12,78.54
bar,2026-07-16,pix,1,1,1048.66,0.0,2026-07-16,1048.66
bar,2026-07-16,debito,1,1,948.73,0.012,2026-07-17,937.34
bar,2026-07-16,credito_vista,1,1,763.58,0.025,2026-08-15,744.49
bar,2026-07-16,credito_4x,1,4,82.11,0.035,2026-08-15,79.23
bar,2026-07-16,credito_4x,2,4,82.11,0.035,2026-09-14,79.23
bar,2026-07-16,credito_4x,3,4,82.11,0.035,2026-10-14,79.23
bar,2026-07-16,credito_4x,4,4,82.11,0.035,2026-11-13,79.23
bar,2026-07-17,pix,1,1,2002.99,0.0,2026-07-17,2002.99
bar,2026-07-17,debito,1,1,1408.5,0.012,2026-07-18,1391.6
bar,2026-07-17,credito_vista,1,1,1313.87,0.025,2026-08-16,1281.02
bar,2026-07-17,credito_4x,1,4,162.89,0.035,2026-08-16,157.19
bar,2026-07-17,credito_4x,2,4,162.89,0.035,2026-09-15,157.19
bar,2026-07-17,credito_4x,3,4,162.89,0.035,2026-10-15,157.19
bar,2026-07-17,credito_4x,4,4,162.89,0.035,2026-11-14,157.19
bar,2026-07-18,pix,1,1,1747.29,0.0,2026-07-18,1747.29
bar,2026-07-18,debito,1,1,1724.49,0.012,2026-07-19,1703.79
bar,2026-07-18,credito_vista,1,1,1641.93,0.025,2026-08-17,1600.88
bar,2026-07-18,credito_4x,1,4,294.14,0.035,2026-08-17,283.84
bar,2026-07-18,credito_4x,2,4,294.14,0.035,2026-09-16,283.84
bar,2026-07-18,credito_4x,3,4,294.14,0.035,2026-10-16,283.84
bar,2026-07-18,credito_4x,4,4,294.14,0.035,2026-11-15,283.84
bar,2026-07-19,pix,1,1,965.95,0.0,2026-07-19,965.95
bar,2026-07-19,debito,1,1,723.25,0.012,2026-07-20,714.57
bar,2026-07-19,credito_vista,1,1,714.25,0.025,2026-08-18,696.39
bar,2026-07-19,credito_4x,1,4,58.56,0.035,2026-08-18,56.51
bar,2026-07-19,credito_4x,2,4,58.56,0.035,2026-09-17,56.51
bar,2026-07-19,credito_4x,3,4,58.56,0.035,2026-10-17,56.51
bar,2026-07-19,credito_4x,4,4,58.56,0.035,2026-11-16,56.51
bar,2026-07-20,pix,1,1,826.83,0.0,2026-07-20,826.83
bar,2026-07-20,debito,1,1,739.55,0.012,2026-07-21,730.68
bar,2026-07-20,credito_vista,1,1,540.6,0.025,2026-08-19,527.08
bar,2026-07-20,credito_4x,1,4,51.86,0.035,2026-08-19,50.04
bar,2026-07-20,credito_4x,2,4,51.86,0.035,2026-09-18,50.04
bar,2026-07-20,credito_4x,3,4,51.86,0.035,2026-10-18,50.04
bar,2026-07-20,credito_4x,4,4,51.86,0.035,2026-11-17,50.04
bar,2026-07-21,pix,1,1,1109.05,0.0,2026-07-21,1109.05
bar,2026-07-21,debito,1,1,726.32,0.012,2026-07-22,717.61
bar,2026-07-21,credito_vista,1,1,876.08,0.025,2026-08-20,854.18
bar,2026-07-21,credito_4x,1,4,116.16,0.035,2026-08-20,112.09
bar,2026-07-21,credito_4x,2,4,116.16,0.035,2026-09-19,112.09
bar,2026-07-21,credito_4x,3,4,116.16,0.035,2026-10-19,112.09
bar,2026-07-21,credito_4x,4,4,116.16,0.035,2026-11-18,112.09
bar,2026-07-22,pix,1,1,1095.03,0.0,2026-07-22,1095.03
bar,2026-07-22,debito,1,1,898.37,0.012,2026-07-23,887.59
bar,2026-07-22,credito_vista,1,1,1090.55,0.025,2026-08-21,1063.29
bar,2026-07-22,credito_4x,1,4,108.8,0.035,2026-08-21,104.99
bar,2026-07-22,credito_4x,2,4,108.8,0.035,2026-09-20,104.99
bar,2026-07-22,credito_4x,3,4,108.8,0.035,2026-10-20,104.99
bar,2026-07-22,credito_4x,4,4,108.8,0.035,2026-11-19,104.99
bar,2026-07-23,pix,1,1,1282.17,0.0,2026-07-23,1282.17
bar,2026-07-23,debito,1,1,912.36,0.012,2026-07-24,901.41
bar,2026-07-23,credito_vista,1,1,854.46,0.025,2026-08-22,833.1
bar,2026-07-23,credito_4x,1,4,100.71,0.035,2026-08-22,97.18
bar,2026-07-23,credito_4x,2,4,100.71,0.035,2026-09-21,97.18
bar,2026-07-23,credito_4x,3,4,100.71,0.035,2026-10-21,97.18
bar,2026-07-23,credito_4x,4,4,100.71,0.035,2026-11-20,97.18
bar,2026-07-24,pix,1,1,1860.97,0.0,2026-07-24,1860.97
bar,2026-07-24,debito,1,1,1398.88,0.012,2026-07-25,1382.09
bar,2026-07-24,credito_vista,1,1,1051.05,0.025,2026-08-23,1024.78
bar,2026-07-24,credito_4x,1,4,138.21,0.035,2026-08-23,133.38
bar,2026-07-24,credito_4x,2,4,138.21,0.035,2026-09-22,133.38
bar,2026-07-24,credito_4x,3,4,138.21,0.035,2026-10-22,133.38
bar,2026-07-24,credito_4x,4,4,138.21,0.035,2026-11-21,133.38
bar,2026-07-25,pix,1,1,1907.51,0.0,2026-07-25,1907.51
bar,2026-07-25,debito,1,1,1523.02,0.012,2026-07-26,1504.74
bar,2026-07-25,credito_vista,1,1,1623.97,0.025,2026-08-24,1583.37
bar,2026-07-25,credito_4x,1,4,183.56,0.035,2026-08-24,177.13
bar,2026-07-25,credito_4x,2,4,183.56,0.035,2026-09-23,177.13
bar,2026-07-25,credito_4x,3,4,183.56,0.035,2026-10-23,177.13
bar,2026-07-25,credito_4x,4,4,183.56,0.035,2026-11-22,177.13
bar,2026-07-26,pix,1,1,762.22,0.0,2026-07-26,762.22
bar,2026-07-26,debito,1,1,707.64,0.012,2026-07-27,699.15
bar,2026-07-26,credito_vista,1,1,606.39,0.025,2026-08-25,591.23
bar,2026-07-26,credito_4x,1,4,81.79,0.035,2026-08-25,78.92
bar,2026-07-26,credito_4x,2,4,81.79,0.035,2026-09-24,78.92
bar,2026-07-26,credito_4x,3,4,81.79,0.035,2026-10-24,78.92
bar,2026-07-26,credito_4x,4,4,81.79,0.035,2026-11-23,78.92
bar,2026-07-27,pix,1,1,633.04,0.0,2026-07-27,633.04
bar,2026-07-27,debito,1,1,546.49,0.012,2026-07-28,539.93
bar,2026-07-27,credito_vista,1,1,484.96,0.025,2026-08-26,472.84
bar,2026-07-27,credito_4x,1,4,40.81,0.035,2026-08-26,39.38
bar,2026-07-27,credito_4x,2,4,40.81,0.035,2026-09-25,39.38
bar,2026-07-27,credito_4x,3,4,40.81,0.035,2026-10-25,39.38
bar,2026-07-27,credito_4x,4,4,40.81,0.035,2026-11-24,39.38
bar,2026-07-28,pix,1,1,896.37,0.0,2026-07-28,896.37
bar,2026-07-28,debito,1,1,609.04,0.012,2026-07-29,601.73
bar,2026-07-28,credito_vista,1,1,706.79,0.025,2026-08-27,689.12
bar,2026-07-28,credito_4x,1,4,65.32,0.035,2026-08-27,63.04
bar,2026-07-28,credito_4x,2,4,65.32,0.035,2026-09-26,63.04
bar,2026-07-28,credito_4x,3,4,65.32,0.035,2026-10-26,63.04
bar,2026-07-28,credito_4x,4,4,65.32,0.035,2026-11-25,63.04
bar,2026-07-29,pix,1,1,1107.73,0.0,2026-07-29,1107.73
bar,2026-07-29,debito,1,1,767.42,0.012,2026-07-30,758.21
bar,2026-07-29,credito_vista,1,1,712.2,0.025,2026-08-28,694.39
bar,2026-07-29,credito_4x,1,4,88.24,0.035,2026-08-28,85.16
bar,2026-07-29,credito_4x,2,4,88.24,0.035,2026-09-27,85.16
bar,2026-07-29,credito_4x,3,4,88.24,0.035,2026-10-27,85.16
bar,2026-07-29,credito_4x,4,4,88.24,0.035,2026-11-26,85.16
bar,2026-07-30,pix,1,1,1127.53,0.0,2026-07-30,1127.53
bar,2026-07-30,debito,1,1,671.99,0.012,2026-07-31,663.92
bar,2026-07-30,credito_vista,1,1,533.87,0.025,2026-08-29,520.53
bar,2026-07-30,credito_4x,1,4,99.73,0.035,2026-08-29,96.24
bar,2026-07-30,credito_4x,2,4,99.73,0.035,2026-09-28,96.24
bar,2026-07-30,credito_4x,3,4,99.73,0.035,2026-10-28,96.24
bar,2026-07-30,credito_4x,4,4,99.73,0.035,2026-11-27,96.24
bar,2026-07-31,pix,1,1,1588.68,0.0,2026-07-31,1588.68
bar,2026-07-31,debito,1,1,1125.65,0.012,2026-08-01,1112.14
bar,2026-07-31,credito_vista,1,1,1468.57,0.025,2026-08-30,1431.86
bar,2026-07-31,credito_4x,1,4,192.52,0.035,2026-08-30,185.78
bar,2026-07-31,credito_4x,2,4,192.52,0.035,2026-09-29,185.78
bar,2026-07-31,credito_4x,3,4,192.52,0.035,2026-10-29,185.78
bar,2026-07-31,credito_4x,4,4,192.52,0.035,2026-11-28,185.78
bar,2026-08-01,pix,1,1,1508.91,0.0,2026-08-01,1508.91
bar,2026-08-01,debito,1,1,1416.33,0.012,2026-08-02,1399.34
bar,2026-08-01,credito_vista,1,1,1430.91,0.025,2026-08-31,1395.14
bar,2026-08-01,credito_4x,1,4,179.01,0.035,2026-08-31,172.75
bar,2026-08-01,credito_4x,2,4,179.01,0.035,2026-09-30,172.75
bar,2026-08-01,credito_4x,3,4,179.01,0.035,2026-10-30,172.75
bar,2026-08-01,credito_4x,4,4,179.01,0.035,2026-11-29,172.75
bar,2026-08-02,pix,1,1,1209.63,0.0,2026-08-02,1209.63
bar,2026-08-02,debito,1,1,966.96,0.012,2026-08-03,955.36
bar,2026-08-02,credito_vista,1,1,770.31,0.025,2026-09-01,751.05
bar,2026-08-02,credito_4x,1,4,114.24,0.035,2026-09-01,110.25
bar,2026-08-02,credito_4x,2,4,114.24,0.035,2026-10-01,110.25
bar,2026-08-02,credito_4x,3,4,114.24,0.035,2026-10-31,110.25
bar,2026-08-02,credito_4x,4,4,114.24,0.035,2026-11-30,110.25
bar,2026-08-03,pix,1,1,1329.29,0.0,2026-08-03,1329.29
bar,2026-08-03,debito,1,1,1156.33,0.012,2026-08-04,1142.46
bar,2026-08-03,credito_vista,1,1,796.41,0.025,2026-09-02,776.5
bar,2026-08-03,credito_4x,1,4,103.35,0.035,2026-09-02,99.73
bar,2026-08-03,credito_4x,2,4,103.35,0.035,2026-10-02,99.73
bar,2026-08-03,credito_4x,3,4,103.35,0.035,2026-11-01,99.73
bar,2026-08-03,credito_4x,4,4,103.35,0.035,2026-12-01,99.73
bar,2026-08-04,pix,1,1,1136.32,0.0,2026-08-04,1136.32
bar,2026-08-04,debito,1,1,839.26,0.012,2026-08-05,829.18
bar,2026-08-04,credito_vista,1,1,890.9,0.025,2026-09-03,868.62
bar,2026-08-04,credito_4x,1,4,84.74,0.035,2026-09-03,81.78
bar,2026-08-04,credito_4x,2,4,84.74,0.035,2026-10-03,81.78
bar,2026-08-04,credito_4x,3,4,84.74,0.035,2026-11-02,81.78
bar,2026-08-04,credito_4x,4,4,84.74,0.035,2026-12-02,81.78
bar,2026-08-05,pix,1,1,1210.58,0.0,2026-08-05,1210.58
bar,2026-08-05,debito,1,1,1306.56,0.012,2026-08-06,1290.89
bar,2026-08-05,credito_vista,1,1,1030.09,0.025,2026-09-04,1004.33
bar,2026-08-05,credito_4x,1,4,107.6,0.035,2026-09-04,103.84
bar,2026-08-05,credito_4x,2,4,107.6,0.035,2026-10-04,103.84
bar,2026-08-05,credito_4x,3,4,107.6,0.035,2026-11-03,103.84
bar,2026-08-05,credito_4x,4,4,107.6,0.035,2026-12-03,103.84
bar,2026-08-06,pix,1,1,1038.2,0.0,2026-08-06,1038.2
bar,2026-08-06,debito,1,1,801.06,0.012,2026-08-07,791.45
bar,2026-08-06,credito_vista,1,1,509.42,0.025,2026-09-05,496.69
bar,2026-08-06,credito_4x,1,4,85.1,0.035,2026-09-05,82.13
bar,2026-08-06,credito_4x,2,4,85.1,0.035,2026-10-05,82.13
bar,2026-08-06,credito_4x,3,4,85.1,0.035,2026-11-04,82.13
bar,2026-08-06,credito_4x,4,4,85.1,0.035,2026-12-04,82.13
bar,2026-08-07,pix,1,1,1977.32,0.0,2026-08-07,1977.32
bar,2026-08-07,debito,1,1,1492.51,0.012,2026-08-08,1474.6
bar,2026-08-07,credito_vista,1,1,1375.93,0.025,2026-09-06,1341.54
bar,2026-08-07,credito_4x,1,4,115.51,0.035,2026-09-06,111.47
bar,2026-08-07,credito_4x,2,4,115.51,0.035,2026-10-06,111.47
bar,2026-08-07,credito_4x,3,4,115.51,0.035,2026-11-05,111.47
bar,2026-08-07,credito_4x,4,4,115.51,0.035,2026-12-05,111.47
bar,2026-08-08,pix,1,1,2692.81,0.0,2026-08-08,2692.81
bar,2026-08-08,debito,1,1,1677.83,0.012,2026-08-09,1657.7
bar,2026-08-08,credito_vista,1,1,1687.9,0.025,2026-09-07,1645.7
bar,2026-08-08,credito_4x,1,4,177.12,0.035,2026-09-07,170.92
bar,2026-08-08,credito_4x,2,4,177.12,0.035,2026-10-07,170.92
bar,2026-08-08,credito_4x,3,4,177.12,0.035,2026-11-06,170.92
bar,2026-08-08,credito_4x,4,4,177.12,0.035,2026-12-06,170.92
bar,2026-08-09,pix,1,1,806.65,0.0,2026-08-09,806.65
bar,2026-08-09,debito,1,1,810.04,0.012,2026-08-10,800.32
bar,2026-08-09,credito_vista,1,1,686.42,0.025,2026-09-08,669.26
bar,2026-08-09,credito_4x,1,4,73.33,0.035,2026-09-08,70.77
bar,2026-08-09,credito_4x,2,4,73.33,0.035,2026-10-08,70.77
bar,2026-08-09,credito_4x,3,4,73.33,0.035,2026-11-07,70.77
bar,2026-08-09,credito_4x,4,4,73.33,0.035,2026-12-07,70.77
bar,2026-08-10,pix,1,1,1103.42,0.0,2026-08-10,1103.42
bar,2026-08-10,debito,1,1,860.29,0.012,2026-08-11,849.96
bar,2026-08-10,credito_vista,1,1,1023.2,0.025,2026-09-09,997.62
bar,2026-08-10,credito_4x,1,4,108.84,0.035,2026-09-09,105.03
bar,2026-08-10,credito_4x,2,4,108.84,0.035,2026-10-09,105.03
bar,2026-08-10,credito_4x,3,4,108.84,0.035,2026-11-08,105.03
bar,2026-08-10,credito_4x,4,4,108.84,0.035,2026-12-08,105.03
bar,2026-08-11,pix,1,1,1413.46,0.0,2026-08-11,1413.46
bar,2026-08-11,debito,1,1,885.79,0.012,2026-08-12,875.16
bar,2026-08-11,credito_vista,1,1,1093.95,0.025,2026-09-10,1066.6
bar,2026-08-11,credito_4x,1,4,128.95,0.035,2026-09-10,124.44
bar,2026-08-11,credito_4x,2,4,128.95,0.035,2026-10-10,124.44
bar,2026-08-11,credito_4x,3,4,128.95,0.035,2026-11-09,124.44
bar,2026-08-11,credito_4x,4,4,128.95,0.035,2026-12-09,124.44
bar,2026-08-12,pix,1,1,880.19,0.0,2026-08-12,880.19
bar,2026-08-12,debito,1,1,662.15,0.012,2026-08-13,654.21
bar,2026-08-12,credito_vista,1,1,845.22,0.025,2026-09-11,824.09
bar,2026-08-12,credito_4x,1,4,104.26,0.035,2026-09-11,100.61
bar,2026-08-12,credito_4x,2,4,104.26,0.035,2026-10-11,100.61
bar,2026-08-12,credito_4x,3,4,104.26,0.035,2026-11-10,100.61
bar,2026-08-12,credito_4x,4,4,104.26,0.035,2026-12-10,100.61
bar,2026-08-13,pix,1,1,1110.07,0.0,2026-08-13,1110.07
bar,2026-08-13,debito,1,1,900.4,0.012,2026-08-14,889.59
bar,2026-08-13,credito_vista,1,1,932.75,0.025,2026-09-12,909.43
bar,2026-08-13,credito_4x,1,4,95.47,0.035,2026-09-12,92.13
bar,2026-08-13,credito_4x,2,4,95.47,0.035,2026-10-12,92.13
bar,2026-08-13,credito_4x,3,4,95.47,0.035,2026-11-11,92.13
bar,2026-08-13,credito_4x,4,4,95.47,0.035,2026-12-11,92.13
bar,2026-08-14,pix,1,1,1884.23,0.0,2026-08-14,1884.23
bar,2026-08-14,debito,1,1,1640.26,0.012,2026-08-15,1620.58
bar,2026-08-14,credito_vista,1,1,1826.87,0.025,2026-09-13,1781.2
bar,2026-08-14,credito_4x,1,4,163.1,0.035,2026-09-13,157.39
bar,2026-08-14,credito_4x,2,4,163.1,0.035,2026-10-13,157.39
bar,2026-08-14,credito_4x,3,4,163.1,0.035,2026-11-12,157.39
bar,2026-08-14,credito_4x,4,4,163.1,0.035,2026-12-12,157.39
bar,2026-08-15,pix,1,1,2817.0,0.0,2026-08-15,2817.0
bar,2026-08-15,debito,1,1,2208.37,0.012,2026-08-16,2181.87
bar,2026-08-15,credito_vista,1,1,2014.4,0.025,2026-09-14,1964.04
bar,2026-08-15,credito_4x,1,4,224.56,0.035,2026-09-14,216.71
bar,2026-08-15,credito_4x,2,4,224.56,0.035,2026-10-14,216.71
bar,2026-08-15,credito_4x,3,4,224.56,0.035,2026-11-13,216.71
bar,2026-08-15,credito_4x,4,4,224.56,0.035,2026-12-13,216.71
bar,2026-08-16,pix,1,1,712.58,0.0,2026-08-16,712.58
bar,2026-08-16,debito,1,1,700.26,0.012,2026-08-17,691.86
bar,2026-08-16,credito_vista,1,1,534.53,0.025,2026-09-15,521.16
bar,2026-08-16,credito_4x,1,4,83.68,0.035,2026-09-15,80.75
bar,2026-08-16,credito_4x,2,4,83.68,0.035,2026-10-15,80.75
bar,2026-08-16,credito_4x,3,4,83.68,0.035,2026-11-14,80.75
bar,2026-08-16,credito_4x,4,4,83.68,0.035,2026-12-14,80.75
bar,2026-08-17,pix,1,1,1073.0,0.0,2026-08-17,1073.0
bar,2026-08-17,debito,1,1,748.8,0.012,2026-08-18,739.81
bar,2026-08-17,credito_vista,1,1,822.49,0.025,2026-09-16,801.93
bar,2026-08-17,credito_4x,1,4,63.0,0.035,2026-09-16,60.8
bar,2026-08-17,credito_4x,2,4,63.0,0.035,2026-10-16,60.8
bar,2026-08-17,credito_4x,3,4,63.0,0.035,2026-11-15,60.8
bar,2026-08-17,credito_4x,4,4,63.0,0.035,2026-12-15,60.8
bar,2026-08-18,pix,1,1,1367.46,0.0,2026-08-18,1367.46
bar,2026-08-18,debito,1,1,1054.75,0.012,2026-08-19,1042.09
bar,2026-08-18,credito_vista,1,1,1092.86,0.025,2026-09-17,1065.54
bar,2026-08-18,credito_4x,1,4,72.58,0.035,2026-09-17,70.04
bar,2026-08-18,credito_4x,2,4,72.58,0.035,2026-10-17,70.04
bar,2026-08-18,credito_4x,3,4,72.58,0.035,2026-11-16,70.04
bar,2026-08-18,credito_4x,4,4,72.58,0.035,2026-12-16,70.04
bar,2026-08-19,pix,1,1,886.86,0.0,2026-08-19,886.86
bar,2026-08-19,debito,1,1,611.27,0.012,2026-08-20,603.93
bar,2026-08-19,credito_vista,1,1,623.59,0.025,2026-09-18,608.0
bar,2026-08-19,credito_4x,1,4,106.05,0.035,2026-09-18,102.34
bar,2026-08-19,credito_4x,2,4,106.05,0.035,2026-10-18,102.34
bar,2026-08-19,credito_4x,3,4,106.05,0.035,2026-11-17,102.34
bar,2026-08-19,credito_4x,4,4,106.05,0.035,2026-12-17,102.34
bar,2026-08-20,pix,1,1,1028.2,0.0,2026-08-20,1028.2
bar,2026-08-20,debito,1,1,835.62,0.012,2026-08-21,825.59
bar,2026-08-20,credito_vista,1,1,768.0,0.025,2026-09-19,748.8
bar,2026-08-20,credito_4x,1,4,105.35,0.035,2026-09-19,101.66
bar,2026-08-20,credito_4x,2,4,105.35,0.035,2026-10-19,101.66
bar,2026-08-20,credito_4x,3,4,105.35,0.035,2026-11-18,101.66
bar,2026-08-20,credito_4x,4,4,105.35,0.035,2026-12-18,101.66
bar,2026-08-21,pix,1,1,1917.26,0.0,2026-08-21,1917.26
bar,2026-08-21,debito,1,1,1493.29,0.012,2026-08-22,1475.37
bar,2026-08-21,credito_vista,1,1,1363.58,0.025,2026-09-20,1329.49
bar,2026-08-21,credito_4x,1,4,155.89,0.035,2026-09-20,150.44
bar,2026-08-21,credito_4x,2,4,155.89,0.035,2026-10-20,150.44
bar,2026-08-21,credito_4x,3,4,155.89,0.035,2026-11-19,150.44
bar,2026-08-21,credito_4x,4,4,155.89,0.035,2026-12-19,150.44
bar,2026-08-22,pix,1,1,2060.57,0.0,2026-08-22,2060.57
bar,2026-08-22,debito,1,1,1447.7,0.012,2026-08-23,1430.33
bar,2026-08-22,credito_vista,1,1,1706.25,0.025,2026-09-21,1663.59
bar,2026-08-22,credito_4x,1,4,161.08,0.035,2026-09-21,155.44
bar,2026-08-22,credito_4x,2,4,161.08,0.035,2026-10-21,155.44
bar,2026-08-22,credito_4x,3,4,161.08,0.035,2026-11-20,155.44
bar,2026-08-22,credito_4x,4,4,161.08,0.035,2026-12-20,155.44
bar,2026-08-23,pix,1,1,1121.74,0.0,2026-08-23,1121.74
bar,2026-08-23,debito,1,1,795.21,0.012,2026-08-24,785.67
bar,2026-08-23,credito_vista,1,1,856.64,0.025,2026-09-22,835.23
bar,2026-08-23,credito_4x,1,4,85.8,0.035,2026-09-22,82.79
bar,2026-08-23,credito_4x,2,4,85.8,0.035,2026-10-22,82.79
bar,2026-08-23,credito_4x,3,4,85.8,0.035,2026-11-21,82.79
bar,2026-08-23,credito_4x,4,4,85.8,0.035,2026-12-21,82.79
bar,2026-08-24,pix,1,1,921.84,0.0,2026-08-24,921.84
bar,2026-08-24,debito,1,1,785.81,0.012,2026-08-25,776.38
bar,2026-08-24,credito_vista,1,1,683.11,0.025,2026-09-23,666.03
bar,2026-08-24,credito_4x,1,4,121.47,0.035,2026-09-23,117.22
bar,2026-08-24,credito_4x,2,4,121.47,0.035,2026-10-23,117.22
bar,2026-08-24,credito_4x,3,4,121.47,0.035,2026-11-22,117.22
bar,2026-08-24,credito_4x,4,4,121.47,0.035,2026-12-22,117.22
bar,2026-08-25,pix,1,1,720.58,0.0,2026-08-25,720.58
bar,2026-08-25,debito,1,1,603.13,0.012,2026-08-26,595.89
bar,2026-08-25,credito_vista,1,1,461.96,0.025,2026-09-24,450.41
bar,2026-08-25,credito_4x,1,4,44.25,0.035,2026-09-24,42.7
bar,2026-08-25,credito_4x,2,4,44.25,0.035,2026-10-24,42.7
bar,2026-08-25,credito_4x,3,4,44.25,0.035,2026-11-23,42.7
bar,2026-08-25,credito_4x,4,4,44.25,0.035,2026-12-23,42.7
bar,2026-08-26,pix,1,1,1181.49,0.0,2026-08-26,1181.49
bar,2026-08-26,debito,1,1,833.39,0.012,2026-08-27,823.39
bar,2026-08-26,credito_vista,1,1,928.17,0.025,2026-09-25,904.96
bar,2026-08-26,credito_4x,1,4,80.09,0.035,2026-09-25,77.29
bar,2026-08-26,credito_4x,2,4,80.09,0.035,2026-10-25,77.29
bar,2026-08-26,credito_4x,3,4,80.09,0.035,2026-11-24,77.29
bar,2026-08-26,credito_4x,4,4,80.09,0.035,2026-12-24,77.29
bar,2026-08-27,pix,1,1,1054.04,0.0,2026-08-27,1054.04
bar,2026-08-27,debito,1,1,964.66,0.012,2026-08-28,953.08
bar,2026-08-27,credito_vista,1,1,739.25,0.025,2026-09-26,720.77
bar,2026-08-27,credito_4x,1,4,83.03,0.035,2026-09-26,80.12
bar,2026-08-27,credito_4x,2,4,83.03,0.035,2026-10-26,80.12
bar,2026-08-27,credito_4x,3,4,83.03,0.035,2026-11-25,80.12
bar,2026-08-27,credito_4x,4,4,83.03,0.035,2026-12-25,80.12
bar,2026-08-28,pix,1,1,1852.49,0.0,2026-08-28,1852.49
bar,2026-08-28,debito,1,1,1673.58,0.012,2026-08-29,1653.5
bar,2026-08-28,credito_vista,1,1,1768.85,0.025,2026-09-27,1724.63
bar,2026-08-28,credito_4x,1,4,212.9,0.035,2026-09-27,205.44
bar,2026-08-28,credito_4x,2,4,212.9,0.035,2026-10-27,205.44
bar,2026-08-28,credito_4x,3,4,212.9,0.035,2026-11-26,205.44
bar,2026-08-28,credito_4x,4,4,212.9,0.035,2026-12-26,205.44
bar,2026-08-29,pix,1,1,2048.41,0.0,2026-08-29,2048.41
bar,2026-08-29,debito,1,1,1217.58,0.012,2026-08-30,1202.96
bar,2026-08-29,credito_vista,1,1,1391.28,0.025,2026-09-28,1356.5
bar,2026-08-29,credito_4x,1,4,124.26,0.035,2026-09-28,119.91
bar,2026-08-29,credito_4x,2,4,124.26,0.035,2026-10-28,119.91
bar,2026-08-29,credito_4x,3,4,124.26,0.035,2026-11-27,119.91
bar,2026-08-29,credito_4x,4,4,124.26,0.035,2026-12-27,119.91
bar,2026-08-30,pix,1,1,843.48,0.0,2026-08-30,843.48
bar,2026-08-30,debito,1,1,537.32,0.012,2026-08-31,530.87
bar,2026-08-30,credito_vista,1,1,533.4,0.025,2026-09-29,520.07
bar,2026-08-30,credito_4x,1,4,83.98,0.035,2026-09-29,81.04
bar,2026-08-30,credito_4x,2,4,83.98,0.035,2026-10-29,81.04
bar,2026-08-30,credito_4x,3,4,83.98,0.035,2026-11-28,81.04
bar,2026-08-30,credito_4x,4,4,83.98,0.035,2026-12-28,81.04
bar,2026-08-31,pix,1,1,814.61,0.0,2026-08-31,814.61
bar,2026-08-31,debito,1,1,859.63,0.012,2026-09-01,849.31
bar,2026-08-31,credito_vista,1,1,725.25,0.025,2026-09-30,707.12
bar,2026-08-31,credito_4x,1,4,72.08,0.035,2026-09-30,69.56
bar,2026-08-31,credito_4x,2,4,72.08,0.035,2026-10-30,69.56
bar,2026-08-31,credito_4x,3,4,72.08,0.035,2026-11-29,69.56
bar,2026-08-31,credito_4x,4,4,72.08,0.035,2026-12-29,69.56
bar,2026-09-01,pix,1,1,1325.23,0.0,2026-09-01,1325.23
bar,2026-09-01,debito,1,1,947.73,0.012,2026-09-02,936.35
bar,2026-09-01,credito_vista,1,1,996.8,0.025,2026-10-01,971.88
bar,2026-09-01,credito_4x,1,4,89.0,0.035,2026-10-01,85.89
bar,2026-09-01,credito_4x,2,4,89.0,0.035,2026-10-31,85.89
bar,2026-09-01,credito_4x,3,4,89.0,0.035,2026-11-30,85.89
bar,2026-09-01,credito_4x,4,4,89.0,0.035,2026-12-30,85.89
bar,2026-09-02,pix,1,1,1628.83,0.0,2026-09-02,1628.83
bar,2026-09-02,debito,1,1,955.78,0.012,2026-09-03,944.31
bar,2026-09-02,credito_vista,1,1,937.77,0.025,2026-10-02,914.33
bar,2026-09-02,credito_4x,1,4,102.56,0.035,2026-10-02,98.97
bar,2026-09-02,credito_4x,2,4,102.56,0.035,2026-11-01,98.97
bar,2026-09-02,credito_4x,3,4,102.56,0.035,2026-12-01,98.97
bar,2026-09-02,credito_4x,4,4,102.56,0.035,2026-12-31,98.97
bar,2026-09-03,pix,1,1,965.44,0.0,2026-09-03,965.44
bar,2026-09-03,debito,1,1,894.14,0.012,2026-09-04,883.41
bar,2026-09-03,credito_vista,1,1,793.4,0.025,2026-10-03,773.56
bar,2026-09-03,credito_4x,1,4,105.58,0.035,2026-10-03,101.88
bar,2026-09-03,credito_4x,2,4,105.58,0.035,2026-11-02,101.88
bar,2026-09-03,credito_4x,3,4,105.58,0.035,2026-12-02,101.88
bar,2026-09-03,credito_4x,4,4,105.58,0.035,2027-01-01,101.88
bar,2026-09-04,pix,1,1,2558.68,0.0,2026-09-04,2558.68
bar,2026-09-04,debito,1,1,1453.28,0.012,2026-09-05,1435.84
bar,2026-09-04,credito_vista,1,1,2029.19,0.025,2026-10-04,1978.46
bar,2026-09-04,credito_4x,1,4,186.05,0.035,2026-10-04,179.54
bar,2026-09-04,credito_4x,2,4,186.05,0.035,2026-11-03,179.54
bar,2026-09-04,credito_4x,3,4,186.05,0.035,2026-12-03,179.54
bar,2026-09-04,credito_4x,4,4,186.05,0.035,2027-01-02,179.54
bar,2026-09-05,pix,1,1,2446.15,0.0,2026-09-05,2446.15
bar,2026-09-05,debito,1,1,1471.32,0.012,2026-09-06,1453.67
bar,2026-09-05,credito_vista,1,1,1145.26,0.025,2026-10-05,1116.62
bar,2026-09-05,credito_4x,1,4,196.81,0.035,2026-10-05,189.92
bar,2026-09-05,credito_4x,2,4,196.81,0.035,2026-11-04,189.92
bar,2026-09-05,credito_4x,3,4,196.81,0.035,2026-12-04,189.92
bar,2026-09-05,credito_4x,4,4,196.81,0.035,2027-01-03,189.92
bar,2026-09-06,pix,1,1,1176.58,0.0,2026-09-06,1176.58
bar,2026-09-06,debito,1,1,777.73,0.012,2026-09-07,768.4
bar,2026-09-06,credito_vista,1,1,727.15,0.025,2026-10-06,708.97
bar,2026-09-06,credito_4x,1,4,113.27,0.035,2026-10-06,109.31
bar,2026-09-06,credito_4x,2,4,113.27,0.035,2026-11-05,109.31
bar,2026-09-06,credito_4x,3,4,113.27,0.035,2026-12-05,109.31
bar,2026-09-06,credito_4x,4,4,113.27,0.035,2027-01-04,109.31
bar,2026-09-07,pix,1,1,824.42,0.0,2026-09-07,824.42
bar,2026-09-07,debito,1,1,621.57,0.012,2026-09-08,614.11
bar,2026-09-07,credito_vista,1,1,642.69,0.025,2026-10-07,626.63
bar,2026-09-07,credito_4x,1,4,72.79,0.035,2026-10-07,70.25
bar,2026-09-07,credito_4x,2,4,72.79,0.035,2026-11-06,70.25
bar,2026-09-07,credito_4x,3,4,72.79,0.035,2026-12-06,70.25
bar,2026-09-07,credito_4x,4,4,72.79,0.035,2027-01-05,70.25
bar,2026-09-08,pix,1,1,1026.66,0.0,2026-09-08,1026.66
bar,2026-09-08,debito,1,1,1064.62,0.012,2026-09-09,1051.85
bar,2026-09-08,credito_vista,1,1,963.42,0.025,2026-10-08,939.33
bar,2026-09-08,credito_4x,1,4,100.71,0.035,2026-10-08,97.19
bar,2026-09-08,credito_4x,2,4,100.71,0.035,2026-11-07,97.19
bar,2026-09-08,credito_4x,3,4,100.71,0.035,2026-12-07,97.19
bar,2026-09-08,credito_4x,4,4,100.71,0.035,2027-01-06,97.19
bar,2026-09-09,pix,1,1,1129.5,0.0,2026-09-09,1129.5
bar,2026-09-09,debito,1,1,1082.32,0.012,2026-09-10,1069.33
bar,2026-09-09,credito_vista,1,1,676.17,0.025,2026-10-09,659.27
bar,2026-09-09,credito_4x,1,4,84.69,0.035,2026-10-09,81.72
bar,2026-09-09,credito_4x,2,4,84.69,0.035,2026-11-08,81.72
bar,2026-09-09,credito_4x,3,4,84.69,0.035,2026-12-08,81.72
bar,2026-09-09,credito_4x,4,4,84.69,0.035,2027-01-07,81.72
bar,2026-09-10,pix,1,1,1077.64,0.0,2026-09-10,1077.64
bar,2026-09-10,debito,1,1,1011.46,0.012,2026-09-11,999.32
bar,2026-09-10,credito_vista,1,1,774.06,0.025,2026-10-10,754.71
bar,2026-09-10,credito_4x,1,4,112.17,0.035,2026-10-10,108.25
bar,2026-09-10,credito_4x,2,4,112.17,0.035,2026-11-09,108.25
bar,2026-09-10,credito_4x,3,4,112.17,0.035,2026-12-09,108.25
bar,2026-09-10,credito_4x,4,4,112.17,0.035,2027-01-08,108.25
bar,2026-09-11,pix,1,1,2167.73,0.0,2026-09-11,2167.73
bar,2026-09-11,debito,1,1,1626.89,0.012,2026-09-12,1607.37
bar,2026-09-11,credito_vista,1,1,1779.85,0.025,2026-10-11,1735.35
bar,2026-09-11,credito_4x,1,4,180.54,0.035,2026-10-11,174.22
bar,2026-09-11,credito_4x,2,4,180.54,0.035,2026-11-10,174.22
bar,2026-09-11,credito_4x,3,4,180.54,0.035,2026-12-10,174.22
bar,2026-09-11,credito_4x,4,4,180.54,0.035,2027-01-09,174.22
bar,2026-09-12,pix,1,1,2356.1,0.0,2026-09-12,2356.1
bar,2026-09-12,debito,1,1,2004.32,0.012,2026-09-13,1980.27
bar,2026-09-12,credito_vista,1,1,1401.29,0.025,2026-10-12,1366.25
bar,2026-09-12,credito_4x,1,4,184.75,0.035,2026-10-12,178.28
bar,2026-09-12,credito_4x,2,4,184.75,0.035,2026-11-11,178.28
bar,2026-09-12,credito_4x,3,4,184.75,0.035,2026-12-11,178.28
bar,2026-09-12,credito_4x,4,4,184.75,0.035,2027-01-10,178.28
bar,2026-09-13,pix,1,1,821.46,0.0,2026-09-13,821.46
bar,2026-09-13,debito,1,1,747.05,0.012,2026-09-14,738.09
bar,2026-09-13,credito_vista,1,1,683.48,0.025,2026-10-13,666.39
bar,2026-09-13,credito_4x,1,4,59.7,0.035,2026-10-13,57.61
bar,2026-09-13,credito_4x,2,4,59.7,0.035,2026-11-12,57.61
bar,2026-09-13,credito_4x,3,4,59.7,0.035,2026-12-12,57.61
bar,2026-09-13,credito_4x,4,4,59.7,0.035,2027-01-11,57.61
bar,2026-09-14,pix,1,1,1131.18,0.0,2026-09-14,1131.18
bar,2026-09-14,debito,1,1,1010.07,0.012,2026-09-15,997.95
bar,2026-09-14,credito_vista,1,1,852.82,0.025,2026-10-14,831.5
bar,2026-09-14,credito_4x,1,4,86.32,0.035,2026-10-14,83.3
bar,2026-09-14,credito_4x,2,4,86.32,0.035,2026-11-13,83.3
bar,2026-09-14,credito_4x,3,4,86.32,0.035,2026-12-13,83.3
bar,2026-09-14,credito_4x,4,4,86.32,0.035,2027-01-12,83.3
vestuario,2025-01-03,pix,1,1,517.3,0.0,2025-01-03,517.3
vestuario,2025-01-03,debito,1,1,1348.21,0.012,2025-01-04,1332.04
vestuario,2025-01-03,credito_vista,1,1,861.14,0.025,2025-02-02,839.61
vestuario,2025-01-03,credito_4x,1,4,557.41,0.035,2025-02-02,537.9
vestuario,2025-01-03,credito_4x,2,4,557.41,0.035,2025-03-04,537.9
vestuario,2025-01-03,credito_4x,3,4,557.41,0.035,2025-04-03,537.9
vestuario,2025-01-03,credito_4x,4,4,557.41,0.035,2025-05-03,537.9
vestuario,2025-01-04,pix,1,1,850.27,0.0,2025-01-04,850.27
vestuario,2025-01-04,debito,1,1,1122.84,0.012,2025-01-05,1109.36
vestuario,2025-01-04,credito_vista,1,1,1792.32,0.025,2025-02-03,1747.51
vestuario,2025-01-04,credito_4x,1,4,790.35,0.035,2025-02-03,762.69
vestuario,2025-01-04,credito_4x,2,4,790.35,0.035,2025-03-05,762.69
vestuario,2025-01-04,credito_4x,3,4,790.35,0.035,2025-04-04,762.69
vestuario,2025-01-04,credito_4x,4,4,790.35,0.035,2025-05-04,762.69
vestuario,2025-01-05,pix,1,1,224.88,0.0,2025-01-05,224.88
vestuario,2025-01-05,debito,1,1,410.27,0.012,2025-01-06,405.35
vestuario,2025-01-05,credito_vista,1,1,367.89,0.025,2025-02-04,358.69
vestuario,2025-01-05,credito_4x,1,4,256.75,0.035,2025-02-04,247.76
vestuario,2025-01-05,credito_4x,2,4,256.75,0.035,2025-03-06,247.76
vestuario,2025-01-05,credito_4x,3,4,256.75,0.035,2025-04-05,247.76
vestuario,2025-01-05,credito_4x,4,4,256.75,0.035,2025-05-05,247.76
vestuario,2025-01-06,pix,1,1,335.24,0.0,2025-01-06,335.24
vestuario,2025-01-06,debito,1,1,316.81,0.012,2025-01-07,313.0
vestuario,2025-01-06,credito_vista,1,1,694.04,0.025,2025-02-05,676.69
vestuario,2025-01-06,credito_4x,1,4,288.44,0.035,2025-02-05,278.34
vestuario,2025-01-06,credito_4x,2,4,288.44,0.035,2025-03-07,278.34
vestuario,2025-01-06,credito_4x,3,4,288.44,0.035,2025-04-06,278.34
vestuario,2025-01-06,credito_4x,4,4,288.44,0.035,2025-05-06,278.34
vestuario,2025-01-07,pix,1,1,419.41,0.0,2025-01-07,419.41
vestuario,2025-01-07,debito,1,1,485.52,0.012,2025-01-08,479.69
vestuario,2025-01-07,credito_vista,1,1,763.77,0.025,2025-02-06,744.67
vestuario,2025-01-07,credito_4x,1,4,298.88,0.035,2025-02-06,288.42
vestuario,2025-01-07,credito_4x,2,4,298.88,0.035,2025-03-08,288.42
vestuario,2025-01-07,credito_4x,3,4,298.88,0.035,2025-04-07,288.42
vestuario,2025-01-07,credito_4x,4,4,298.88,0.035,2025-05-07,288.42
vestuario,2025-01-08,pix,1,1,176.68,0.0,2025-01-08,176.68
vestuario,2025-01-08,debito,1,1,380.42,0.012,2025-01-09,375.85
vestuario,2025-01-08,credito_vista,1,1,385.97,0.025,2025-02-07,376.32
vestuario,2025-01-08,credito_4x,1,4,249.92,0.035,2025-02-07,241.18
vestuario,2025-01-08,credito_4x,2,4,249.92,0.035,2025-03-09,241.18
vestuario,2025-01-08,credito_4x,3,4,249.92,0.035,2025-04-08,241.18
vestuario,2025-01-08,credito_4x,4,4,249.92,0.035,2025-05-08,241.18
vestuario,2025-01-09,pix,1,1,488.34,0.0,2025-01-09,488.34
vestuario,2025-01-09,debito,1,1,1084.73,0.012,2025-01-10,1071.71
vestuario,2025-01-09,credito_vista,1,1,1026.03,0.025,2025-02-08,1000.38
vestuario,2025-01-09,credito_4x,1,4,532.77,0.035,2025-02-08,514.12
vestuario,2025-01-09,credito_4x,2,4,532.77,0.035,2025-03-10,514.12
vestuario,2025-01-09,credito_4x,3,4,532.77,0.035,2025-04-09,514.12
vestuario,2025-01-09,credito_4x,4,4,532.77,0.035,2025-05-09,514.12
vestuario,2025-01-10,pix,1,1,583.33,0.0,2025-01-10,583.33
vestuario,2025-01-10,debito,1,1,721.91,0.012,2025-01-11,713.25
vestuario,2025-01-10,credito_vista,1,1,645.79,0.025,2025-02-09,629.64
vestuario,2025-01-10,credito_4x,1,4,439.22,0.035,2025-02-09,423.84
vestuario,2025-01-10,credito_4x,2,4,439.22,0.035,2025-03-11,423.84
vestuario,2025-01-10,credito_4x,3,4,439.22,0.035,2025-04-10,423.84
vestuario,2025-01-10,credito_4x,4,4,439.22,0.035,2025-05-10,423.84
vestuario,2025-01-11,pix,1,1,782.87,0.0,2025-01-11,782.87
vestuario,2025-01-11,debito,1,1,913.25,0.012,2025-01-12,902.29
vestuario,2025-01-11,credito_vista,1,1,1314.57,0.025,2025-02-10,1281.7
vestuario,2025-01-11,credito_4x,1,4,719.5,0.035,2025-02-10,694.32
vestuario,2025-01-11,credito_4x,2,4,719.5,0.035,2025-03-12,694.32
vestuario,2025-01-11,credito_4x,3,4,719.5,0.035,2025-04-11,694.32
vestuario,2025-01-11,credito_4x,4,4,719.5,0.035,2025-05-11,694.32
vestuario,2025-01-12,pix,1,1,234.44,0.0,2025-01-12,234.44
vestuario,2025-01-12,debito,1,1,326.28,0.012,2025-01-13,322.36
vestuario,2025-01-12,credito_vista,1,1,395.69,0.025,2025-02-11,385.79
vestuario,2025-01-12,credito_4x,1,4,196.69,0.035,2025-02-11,189.8
vestuario,2025-01-12,credito_4x,2,4,196.69,0.035,2025-03-13,189.8
vestuario,2025-01-12,credito_4x,3,4,196.69,0.035,2025-04-12,189.8
vestuario,2025-01-12,credito_4x,4,4,196.69,0.035,2025-05-12,189.8
vestuario,2025-01-13,pix,1,1,427.98,0.0,2025-01-13,427.98
vestuario,2025-01-13,debito,1,1,582.4,0.012,2025-01-14,575.41
vestuario,2025-01-13,credito_vista,1,1,707.58,0.025,2025-02-12,689.89
vestuario,2025-01-13,credito_4x,1,4,382.89,0.035,2025-02-12,369.49
vestuario,2025-01-13,credito_4x,2,4,382.89,0.035,2025-03-14,369.49
vestuario,2025-01-13,credito_4x,3,4,382.89,0.035,2025-04-13,369.49
vestuario,2025-01-13,credito_4x,4,4,382.89,0.035,2025-05-13,369.49
vestuario,2025-01-14,pix,1,1,204.91,0.0,2025-01-14,204.91
vestuario,2025-01-14,debito,1,1,458.79,0.012,2025-01-15,453.28
vestuario,2025-01-14,credito_vista,1,1,412.83,0.025,2025-02-13,402.51
vestuario,2025-01-14,credito_4x,1,4,291.96,0.035,2025-02-13,281.74
vestuario,2025-01-14,credito_4x,2,4,291.96,0.035,2025-03-15,281.74
vestuario,2025-01-14,credito_4x,3,4,291.96,0.035,2025-04-14,281.74
vestuario,2025-01-14,credito_4x,4,4,291.96,0.035,2025-05-14,281.74
vestuario,2025-01-15,pix,1,1,303.31,0.0,2025-01-15,303.31
vestuario,2025-01-15,debito,1,1,733.32,0.012,2025-01-16,724.53
vestuario,2025-01-15,credito_vista,1,1,606.99,0.025,2025-02-14,591.81
vestuario,2025-01-15,credito_4x,1,4,386.83,0.035,2025-02-14,373.29
vestuario,2025-01-15,credito_4x,2,4,386.83,0.035,2025-03-16,373.29
vestuario,2025-01-15,credito_4x,3,4,386.83,0.035,2025-04-15,373.29
vestuario,2025-01-15,credito_4x,4,4,386.83,0.035,2025-05-15,373.29
vestuario,2025-01-16,pix,1,1,746.87,0.0,2025-01-16,746.87
vestuario,2025-01-16,debito,1,1,774.96,0.012,2025-01-17,765.66
vestuario,2025-01-16,credito_vista,1,1,981.52,0.025,2025-02-15,956.98
vestuario,2025-01-16,credito_4x,1,4,605.65,0.035,2025-02-15,584.46
vestuario,2025-01-16,credito_4x,2,4,605.65,0.035,2025-03-17,584.46
vestuario,2025-01-16,credito_4x,3,4,605.65,0.035,2025-04-16,584.46
vestuario,2025-01-16,credito_4x,4,4,605.65,0.035,2025-05-16,584.46
vestuario,2025-01-17,pix,1,1,707.41,0.0,2025-01-17,707.41
vestuario,2025-01-17,debito,1,1,1074.58,0.012,2025-01-18,1061.68
vestuario,2025-01-17,credito_vista,1,1,1406.93,0.025,2025-02-16,1371.76
vestuario,2025-01-17,credito_4x,1,4,693.17,0.035,2025-02-16,668.91
vestuario,2025-01-17,credito_4x,2,4,693.17,0.035,2025-03-18,668.91
vestuario,2025-01-17,credito_4x,3,4,693.17,0.035,2025-04-17,668.91
vestuario,2025-01-17,credito_4x,4,4,693.17,0.035,2025-05-17,668.91
vestuario,2025-01-18,pix,1,1,922.91,0.0,2025-01-18,922.91
vestuario,2025-01-18,debito,1,1,1308.73,0.012,2025-01-19,1293.02
vestuario,2025-01-18,credito_vista,1,1,1410.7,0.025,2025-02-17,1375.44
vestuario,2025-01-18,credito_4x,1,4,848.35,0.035,2025-02-17,818.66
vestuario,2025-01-18,credito_4x,2,4,848.35,0.035,2025-03-19,818.66
vestuario,2025-01-18,credito_4x,3,4,848.35,0.035,2025-04-18,818.66
vestuario,2025-01-18,credito_4x,4,4,848.35,0.035,2025-05-18,818.66
vestuario,2025-01-19,pix,1,1,256.89,0.0,2025-01-19,256.89
vestuario,2025-01-19,debito,1,1,319.87,0.012,2025-01-20,316.03
vestuario,2025-01-19,credito_vista,1,1,391.83,0.025,2025-02-18,382.03
vestuario,2025-01-19,credito_4x,1,4,195.07,0.035,2025-02-18,188.24
vestuario,2025-01-19,credito_4x,2,4,195.07,0.035,2025-03-20,188.24
vestuario,2025-01-19,credito_4x,3,4,195.07,0.035,2025-04-19,188.24
vestuario,2025-01-19,credito_4x,4,4,195.07,0.035,2025-05-19,188.24
vestuario,2025-01-20,pix,1,1,373.36,0.0,2025-01-20,373.36
vestuario,2025-01-20,debito,1,1,399.28,0.012,2025-01-21,394.49
vestuario,2025-01-20,credito_vista,1,1,435.82,0.025,2025-02-19,424.93
vestuario,2025-01-20,credito_4x,1,4,262.25,0.035,2025-02-19,253.07
vestuario,2025-01-20,credito_4x,2,4,262.25,0.035,2025-03-21,253.07
vestuario,2025-01-20,credito_4x,3,4,262.25,0.035,2025-04-20,253.07
vestuario,2025-01-20,credito_4x,4,4,262.25,0.035,2025-05-20,253.07
vestuario,2025-01-21,pix,1,1,324.99,0.0,2025-01-21,324.99
vestuario,2025-01-21,debito,1,1,462.35,0.012,2025-01-22,456.8
vestuario,2025-01-21,credito_vista,1,1,874.8,0.025,2025-02-20,852.93
vestuario,2025-01-21,credito_4x,1,4,477.31,0.035,2025-02-20,460.6
vestuario,2025-01-21,credito_4x,2,4,477.31,0.035,2025-03-22,460.6
vestuario,2025-01-21,credito_4x,3,4,477.31,0.035,2025-04-21,460.6
vestuario,2025-01-21,credito_4x,4,4,477.31,0.035,2025-05-21,460.6
vestuario,2025-01-22,pix,1,1,438.03,0.0,2025-01-22,438.03
vestuario,2025-01-22,debito,1,1,782.2,0.012,2025-01-23,772.81
vestuario,2025-01-22,credito_vista,1,1,580.77,0.025,2025-02-21,566.25
vestuario,2025-01-22,credito_4x,1,4,338.79,0.035,2025-02-21,326.94
vestuario,2025-01-22,credito_4x,2,4,338.79,0.035,2025-03-23,326.94
vestuario,2025-01-22,credito_4x,3,4,338.79,0.035,2025-04-22,326.94
vestuario,2025-01-22,credito_4x,4,4,338.79,0.035,2025-05-22,326.94
vestuario,2025-01-23,pix,1,1,594.96,0.0,2025-01-23,594.96
vestuario,2025-01-23,debito,1,1,696.04,0.012,2025-01-24,687.68
vestuario,2025-01-23,credito_vista,1,1,773.64,0.025,2025-02-22,754.3
vestuario,2025-01-23,credito_4x,1,4,505.57,0.035,2025-02-22,487.87
vestuario,2025-01-23,credito_4x,2,4,505.57,0.035,2025-03-24,487.87
vestuario,2025-01-23,credito_4x,3,4,505.57,0.035,2025-04-23,487.87
vestuario,2025-01-23,credito_4x,4,4,505.57,0.035,2025-05-23,487.87
vestuario,2025-01-24,pix,1,1,517.76,0.0,2025-01-24,517.76
vestuario,2025-01-24,debito,1,1,604.49,0.012,2025-01-25,597.24
vestuario,2025-01-24,credito_vista,1,1,691.23,0.025,2025-02-23,673.95
vestuario,2025-01-24,credito_4x,1,4,487.45,0.035,2025-02-23,470.39
vestuario,2025-01-24,credito_4x,2,4,487.45,0.035,2025-03-25,470.39
vestuario,2025-01-24,credito_4x,3,4,487.45,0.035,2025-04-24,470.39
vestuario,2025-01-24,credito_4x,4,4,487.45,0.035,2025-05-24,470.39
vestuario,2025-01-25,pix,1,1,557.4,0.0,2025-01-25,557.4
vestuario,2025-01-25,debito,1,1,709.04,0.012,2025-01-26,700.53
vestuario,2025-01-25,credito_vista,1,1,1064.25,0.025,2025-02-24,1037.64
vestuario,2025-01-25,credito_4x,1,4,568.46,0.035,2025-02-24,548.56
vestuario,2025-01-25,credito_4x,2,4,568.46,0.035,2025-03-26,548.56
vestuario,2025-01-25,credito_4x,3,4,568.46,0.035,2025-04-25,548.56
vestuario,2025-01-25,credito_4x,4,4,568.46,0.035,2025-05-25,548.56
vestuario,2025-01-26,pix,1,1,164.18,0.0,2025-01-26,164.18
vestuario,2025-01-26,debito,1,1,171.94,0.012,2025-01-27,169.88
vestuario,2025-01-26,credito_vista,1,1,317.98,0.025,2025-02-25,310.03
vestuario,2025-01-26,credito_4x,1,4,185.67,0.035,2025-02-25,179.17
vestuario,2025-01-26,credito_4x,2,4,185.67,0.035,2025-03-27,179.17
vestuario,2025-01-26,credito_4x,3,4,185.67,0.035,2025-04-26,179.17
vestuario,2025-01-26,credito_4x,4,4,185.67,0.035,2025-05-26,179.17
vestuario,2025-01-27,pix,1,1,307.47,0.0,2025-01-27,307.47
vestuario,2025-01-27,debito,1,1,512.64,0.012,2025-01-28,506.49
vestuario,2025-01-27,credito_vista,1,1,462.37,0.025,2025-02-26,450.81
vestuario,2025-01-27,credito_4x,1,4,311.86,0.035,2025-02-26,300.94
vestuario,2025-01-27,credito_4x,2,4,311.86,0.035,2025-03-28,300.94
vestuario,2025-01-27,credito_4x,3,4,311.86,0.035,2025-04-27,300.94
vestuario,2025-01-27,credito_4x,4,4,311.86,0.035,2025-05-27,300.94
vestuario,2025-01-28,pix,1,1,345.36,0.0,2025-01-28,345.36
vestuario,2025-01-28,debito,1,1,447.18,0.012,2025-01-29,441.82
vestuario,2025-01-28,credito_vista,1,1,723.19,0.025,2025-02-27,705.11
vestuario,2025-01-28,credito_4x,1,4,328.73,0.035,2025-02-27,317.23
vestuario,2025-01-28,credito_4x,2,4,328.73,0.035,2025-03-29,317.23
vestuario,2025-01-28,credito_4x,3,4,328.73,0.035,2025-04-28,317.23
vestuario,2025-01-28,credito_4x,4,4,328.73,0.035,2025-05-28,317.23
vestuario,2025-01-29,pix,1,1,322.15,0.0,2025-01-29,322.15
vestuario,2025-01-29,debito,1,1,465.02,0.012,2025-01-30,459.44
vestuario,2025-01-29,credito_vista,1,1,551.36,0.025,2025-02-28,537.58
vestuario,2025-01-29,credito_4x,1,4,255.92,0.035,2025-02-28,246.96
vestuario,2025-01-29,credito_4x,2,4,255.92,0.035,2025-03-30,246.96
vestuario,2025-01-29,credito_4x,3,4,255.92,0.035,2025-04-29,246.96
vestuario,2025-01-29,credito_4x,4,4,255.92,0.035,2025-05-29,246.96
vestuario,2025-01-30,pix,1,1,262.1,0.0,2025-01-30,262.1
vestuario,2025-01-30,debito,1,1,337.26,0.012,2025-01-31,333.21
vestuario,2025-01-30,credito_vista,1,1,367.44,0.025,2025-03-01,358.25
vestuario,2025-01-30,credito_4x,1,4,288.77,0.035,2025-03-01,278.66
vestuario,2025-01-30,credito_4x,2,4,288.77,0.035,2025-03-31,278.66
vestuario,2025-01-30,credito_4x,3,4,288.77,0.035,2025-04-30,278.66
vestuario,2025-01-30,credito_4x,4,4,288.77,0.035,2025-05-30,278.66
vestuario,2025-01-31,pix,1,1,892.78,0.0,2025-01-31,892.78
vestuario,2025-01-31,debito,1,1,801.34,0.012,2025-02-01,791.73
vestuario,2025-01-31,credito_vista,1,1,982.43,0.025,2025-03-02,957.87
vestuario,2025-01-31,credito_4x,1,4,559.07,0.035,2025-03-02,539.5
vestuario,2025-01-31,credito_4x,2,4,559.07,0.035,2025-04-01,539.5
vestuario,2025-01-31,credito_4x,3,4,559.07,0.035,2025-05-01,539.5
vestuario,2025-01-31,credito_4x,4,4,559.07,0.035,2025-05-31,539.5
vestuario,2025-02-01,pix,1,1,1294.89,0.0,2025-02-01,1294.89
vestuario,2025-02-01,debito,1,1,1518.38,0.012,2025-02-02,1500.16
vestuario,2025-02-01,credito_vista,1,1,1796.29,0.025,2025-03-03,1751.38
vestuario,2025-02-01,credito_4x,1,4,1537.87,0.035,2025-03-03,1484.04
vestuario,2025-02-01,credito_4x,2,4,1537.87,0.035,2025-04-02,1484.04
vestuario,2025-02-01,credito_4x,3,4,1537.87,0.035,2025-05-02,1484.04
vestuario,2025-02-01,credito_4x,4,4,1537.87,0.035,2025-06-01,1484.04
vestuario,2025-02-02,pix,1,1,205.48,0.0,2025-02-02,205.48
vestuario,2025-02-02,debito,1,1,454.1,0.012,2025-02-03,448.65
vestuario,2025-02-02,credito_vista,1,1,392.76,0.025,2025-03-04,382.94
vestuario,2025-02-02,credito_4x,1,4,274.64,0.035,2025-03-04,265.02
vestuario,2025-02-02,credito_4x,2,4,274.64,0.035,2025-04-03,265.02
vestuario,2025-02-02,credito_4x,3,4,274.64,0.035,2025-05-03,265.02
vestuario,2025-02-02,credito_4x,4,4,274.64,0.035,2025-06-02,265.02
vestuario,2025-02-03,pix,1,1,323.22,0.0,2025-02-03,323.22
vestuario,2025-02-03,debito,1,1,366.48,0.012,2025-02-04,362.08
vestuario,2025-02-03,credito_vista,1,1,665.5,0.025,2025-03-05,648.86
vestuario,2025-02-03,credito_4x,1,4,278.79,0.035,2025-03-05,269.03
vestuario,2025-02-03,credito_4x,2,4,278.79,0.035,2025-04-04,269.03
vestuario,2025-02-03,credito_4x,3,4,278.79,0.035,2025-05-04,269.03
vestuario,2025-02-03,credito_4x,4,4,278.79,0.035,2025-06-03,269.03
vestuario,2025-02-04,pix,1,1,296.06,0.0,2025-02-04,296.06
vestuario,2025-02-04,debito,1,1,685.76,0.012,2025-02-05,677.53
vestuario,2025-02-04,credito_vista,1,1,681.89,0.025,2025-03-06,664.84
vestuario,2025-02-04,credito_4x,1,4,353.44,0.035,2025-03-06,341.07
vestuario,2025-02-04,credito_4x,2,4,353.44,0.035,2025-04-05,341.07
vestuario,2025-02-04,credito_4x,3,4,353.44,0.035,2025-05-05,341.07
vestuario,2025-02-04,credito_4x,4,4,353.44,0.035,2025-06-04,341.07
vestuario,2025-02-05,pix,1,1,677.37,0.0,2025-02-05,677.37
vestuario,2025-02-05,debito,1,1,622.95,0.012,2025-02-06,615.47
vestuario,2025-02-05,credito_vista,1,1,693.17,0.025,2025-03-07,675.84
vestuario,2025-02-05,credito_4x,1,4,594.55,0.035,2025-03-07,573.74
vestuario,2025-02-05,credito_4x,2,4,594.55,0.035,2025-04-06,573.74
vestuario,2025-02-05,credito_4x,3,4,594.55,0.035,2025-05-06,573.74
vestuario,2025-02-05,credito_4x,4,4,594.55,0.035,2025-06-05,573.74
vestuario,2025-02-06,pix,1,1,1138.8,0.0,2025-02-06,1138.8
vestuario,2025-02-06,debito,1,1,1037.07,0.012,2025-02-07,1024.62
vestuario,2025-02-06,credito_vista,1,1,754.78,0.025,2025-03-08,735.91
vestuario,2025-02-06,credito_4x,1,4,683.37,0.035,2025-03-08,659.45
vestuario,2025-02-06,credito_4x,2,4,683.37,0.035,2025-04-07,659.45
vestuario,2025-02-06,credito_4x,3,4,683.37,0.035,2025-05-07,659.45
vestuario,2025-02-06,credito_4x,4,4,683.37,0.035,2025-06-06,659.45
vestuario,2025-02-07,pix,1,1,597.99,0.0,2025-02-07,597.99
vestuario,2025-02-07,debito,1,1,848.52,0.012,2025-02-08,838.34
vestuario,2025-02-07,credito_vista,1,1,691.46,0.025,2025-03-09,674.17
vestuario,2025-02-07,credito_4x,1,4,428.7,0.035,2025-03-09,413.69
vestuario,2025-02-07,credito_4x,2,4,428.7,0.035,2025-04-08,413.69
vestuario,2025-02-07,credito_4x,3,4,428.7,0.035,2025-05-08,413.69
vestuario,2025-02-07,credito_4x,4,4,428.7,0.035,2025-06-07,413.69
vestuario,2025-02-08,pix,1,1,854.41,0.0,2025-02-08,854.41
vestuario,2025-02-08,debito,1,1,1308.8,0.012,2025-02-09,1293.09
vestuario,2025-02-08,credito_vista,1,1,1545.79,0.025,2025-03-10,1507.15
vestuario,2025-02-08,credito_4x,1,4,778.6,0.035,2025-03-10,751.35
vestuario,2025-02-08,credito_4x,2,4,778.6,0.035,2025-04-09,751.35
vestuario,2025-02-08,credito_4x,3,4,778.6,0.035,2025-05-09,751.35
vestuario,2025-02-08,credito_4x,4,4,778.6,0.035,2025-06-08,751.35
vestuario,2025-02-09,pix,1,1,322.82,0.0,2025-02-09,322.82
vestuario,2025-02-09,debito,1,1,341.94,0.012,2025-02-10,337.83
vestuario,2025-02-09,credito_vista,1,1,550.82,0.025,2025-03-11,537.05
vestuario,2025-02-09,credito_4x,1,4,211.26,0.035,2025-03-11,203.87
vestuario,2025-02-09,credito_4x,2,4,211.26,0.035,2025-04-10,203.87
vestuario,2025-02-09,credito_4x,3,4,211.26,0.035,2025-05-10,203.87
vestuario,2025-02-09,credito_4x,4,4,211.26,0.035,2025-06-09,203.87
vestuario,2025-02-10,pix,1,1,634.37,0.0,2025-02-10,634.37
vestuario,2025-02-10,debito,1,1,688.38,0.012,2025-02-11,680.12
vestuario,2025-02-10,credito_vista,1,1,896.73,0.025,2025-03-12,874.32
vestuario,2025-02-10,credito_4x,1,4,491.38,0.035,2025-03-12,474.18
vestuario,2025-02-10,credito_4x,2,4,491.38,0.035,2025-04-11,474.18
vestuario,2025-02-10,credito_4x,3,4,491.38,0.035,2025-05-11,474.18
vestuario,2025-02-10,credito_4x,4,4,491.38,0.035,2025-06-10,474.18
vestuario,2025-02-11,pix,1,1,333.95,0.0,2025-02-11,333.95
vestuario,2025-02-11,debito,1,1,651.74,0.012,2025-02-12,643.92
vestuario,2025-02-11,credito_vista,1,1,592.51,0.025,2025-03-13,577.69
vestuario,2025-02-11,credito_4x,1,4,338.01,0.035,2025-03-13,326.18
vestuario,2025-02-11,credito_4x,2,4,338.01,0.035,2025-04-12,326.18
vestuario,2025-02-11,credito_4x,3,4,338.01,0.035,2025-05-12,326.18
vestuario,2025-02-11,credito_4x,4,4,338.01,0.035,2025-06-11,326.18
vestuario,2025-02-12,pix,1,1,283.18,0.0,2025-02-12,283.18
vestuario,2025-02-12,debito,1,1,545.24,0.012,2025-02-13,538.7
vestuario,2025-02-12,credito_vista,1,1,469.12,0.025,2025-03-14,457.39
vestuario,2025-02-12,credito_4x,1,4,226.67,0.035,2025-03-14,218.74
vestuario,2025-02-12,credito_4x,2,4,226.67,0.035,2025-04-13,218.74
vestuario,2025-02-12,credito_4x,3,4,226.67,0.035,2025-05-13,218.74
vestuario,2025-02-12,credito_4x,4,4,226.67,0.035,2025-06-12,218.74
vestuario,2025-02-13,pix,1,1,382.78,0.0,2025-02-13,382.78
vestuario,2025-02-13,debito,1,1,821.37,0.012,2025-02-14,811.51
vestuario,2025-02-13,credito_vista,1,1,919.09,0.025,2025-03-15,896.12
vestuario,2025-02-13,credito_4x,1,4,531.41,0.035,2025-03-15,512.81
vestuario,2025-02-13,credito_4x,2,4,531.41,0.035,2025-04-14,512.81
vestuario,2025-02-13,credito_4x,3,4,531.41,0.035,2025-05-14,512.81
vestuario,2025-02-13,credito_4x,4,4,531.41,0.035,2025-06-13,512.81
vestuario,2025-02-14,pix,1,1,686.58,0.0,2025-02-14,686.58
vestuario,2025-02-14,debito,1,1,1181.04,0.012,2025-02-15,1166.87
vestuario,2025-02-14,credito_vista,1,1,1255.03,0.025,2025-03-16,1223.66
vestuario,2025-02-14,credito_4x,1,4,619.86,0.035,2025-03-16,598.16
vestuario,2025-02-14,credito_4x,2,4,619.86,0.035,2025-04-15,598.16
vestuario,2025-02-14,credito_4x,3,4,619.86,0.035,2025-05-15,598.16
vestuario,2025-02-14,credito_4x,4,4,619.86,0.035,2025-06-14,598.16
vestuario,2025-02-15,pix,1,1,955.31,0.0,2025-02-15,955.31
vestuario,2025-02-15,debito,1,1,841.04,0.012,2025-02-16,830.95
vestuario,2025-02-15,credito_vista,1,1,1322.15,0.025,2025-03-17,1289.1
vestuario,2025-02-15,credito_4x,1,4,691.79,0.035,2025-03-17,667.58
vestuario,2025-02-15,credito_4x,2,4,691.79,0.035,2025-04-16,667.58
vestuario,2025-02-15,credito_4x,3,4,691.79,0.035,2025-05-16,667.58
vestuario,2025-02-15,credito_4x,4,4,691.79,0.035,2025-06-15,667.58
vestuario,2025-02-16,pix,1,1,218.48,0.0,2025-02-16,218.48
vestuario,2025-02-16,debito,1,1,348.4,0.012,2025-02-17,344.22
vestuario,2025-02-16,credito_vista,1,1,536.03,0.025,2025-03-18,522.63
vestuario,2025-02-16,credito_4x,1,4,183.86,0.035,2025-03-18,177.43
vestuario,2025-02-16,credito_4x,2,4,183.86,0.035,2025-04-17,177.43
vestuario,2025-02-16,credito_4x,3,4,183.86,0.035,2025-05-17,177.43
vestuario,2025-02-16,credito_4x,4,4,183.86,0.035,2025-06-16,177.43
vestuario,2025-02-17,pix,1,1,315.07,0.0,2025-02-17,315.07
vestuario,2025-02-17,debito,1,1,439.62,0.012,2025-02-18,434.35
vestuario,2025-02-17,credito_vista,1,1,545.29,0.025,2025-03-19,531.66
vestuario,2025-02-17,credito_4x,1,4,347.61,0.035,2025-03-19,335.45
vestuario,2025-02-17,credito_4x,2,4,347.61,0.035,2025-04-18,335.45
vestuario,2025-02-17,credito_4x,3,4,347.61,0.035,2025-05-18,335.45
vestuario,2025-02-17,credito_4x,4,4,347.61,0.035,2025-06-17,335.45
vestuario,2025-02-18,pix,1,1,205.7,0.0,2025-02-18,205.7
vestuario,2025-02-18,debito,1,1,369.54,0.012,2025-02-19,365.11
vestuario,2025-02-18,credito_vista,1,1,619.49,0.025,2025-03-20,604.01
vestuario,2025-02-18,credito_4x,1,4,351.5,0.035,2025-03-20,339.2
vestuario,2025-02-18,credito_4x,2,4,351.5,0.035,2025-04-19,339.2
vestuario,2025-02-18,credito_4x,3,4,351.5,0.035,2025-05-19,339.2
vestuario,2025-02-18,credito_4x,4,4,351.5,0.035,2025-06-18,339.2
vestuario,2025-02-19,pix,1,1,588.29,0.0,2025-02-19,588.29
vestuario,2025-02-19,debito,1,1,669.23,0.012,2025-02-20,661.19
vestuario,2025-02-19,credito_vista,1,1,924.8,0.025,2025-03-21,901.68
vestuario,2025-02-19,credito_4x,1,4,492.36,0.035,2025-03-21,475.12
vestuario,2025-02-19,credito_4x,2,4,492.36,0.035,2025-04-20,475.12
vestuario,2025-02-19,credito_4x,3,4,492.36,0.035,2025-05-20,475.12
vestuario,2025-02-19,credito_4x,4,4,492.36,0.035,2025-06-19,475.12
vestuario,2025-02-20,pix,1,1,535.21,0.0,2025-02-20,535.21
vestuario,2025-02-20,debito,1,1,997.69,0.012,2025-02-21,985.72
vestuario,2025-02-20,credito_vista,1,1,743.16,0.025,2025-03-22,724.59
vestuario,2025-02-20,credito_4x,1,4,453.09,0.035,2025-03-22,437.23
vestuario,2025-02-20,credito_4x,2,4,453.09,0.035,2025-04-21,437.23
vestuario,2025-02-20,credito_4x,3,4,453.09,0.035,2025-05-21,437.23
vestuario,2025-02-20,credito_4x,4,4,453.09,0.035,2025-06-20,437.23
vestuario,2025-02-21,pix,1,1,645.78,0.0,2025-02-21,645.78
vestuario,2025-02-21,debito,1,1,683.33,0.012,2025-02-22,675.13
vestuario,2025-02-21,credito_vista,1,1,1313.87,0.025,2025-03-23,1281.03
vestuario,2025-02-21,credito_4x,1,4,592.68,0.035,2025-03-23,571.94
vestuario,2025-02-21,credito_4x,2,4,592.68,0.035,2025-04-22,571.94
vestuario,2025-02-21,credito_4x,3,4,592.68,0.035,2025-05-22,571.94
vestuario,2025-02-21,credito_4x,4,4,592.68,0.035,2025-06-21,571.94
vestuario,2025-02-22,pix,1,1,1141.55,0.0,2025-02-22,1141.55
vestuario,2025-02-22,debito,1,1,852.18,0.012,2025-02-23,841.95
vestuario,2025-02-22,credito_vista,1,1,1962.64,0.025,2025-03-24,1913.58
vestuario,2025-02-22,credito_4x,1,4,1020.0,0.035,2025-03-24,984.3
vestuario,2025-02-22,credito_4x,2,4,1020.0,0.035,2025-04-23,984.3
vestuario,2025-02-22,credito_4x,3,4,1020.0,0.035,2025-05-23,984.3
vestuario,2025-02-22,credito_4x,4,4,1020.0,0.035,2025-06-22,984.3
vestuario,2025-02-23,pix,1,1,145.37,0.0,2025-02-23,145.37
vestuario,2025-02-23,debito,1,1,268.56,0.012,2025-02-24,265.34
vestuario,2025-02-23,credito_vista,1,1,267.61,0.025,2025-03-25,260.92
vestuario,2025-02-23,credito_4x,1,4,156.1,0.035,2025-03-25,150.63
vestuario,2025-02-23,credito_4x,2,4,156.1,0.035,2025-04-24,150.63
vestuario,2025-02-23,credito_4x,3,4,156.1,0.035,2025-05-24,150.63
vestuario,2025-02-23,credito_4x,4,4,156.1,0.035,2025-06-23,150.63
vestuario,2025-02-24,pix,1,1,349.07,0.0,2025-02-24,349.07
vestuario,2025-02-24,debito,1,1,556.4,0.012,2025-02-25,549.72
vestuario,2025-02-24,credito_vista,1,1,656.25,0.025,2025-03-26,639.84
vestuario,2025-02-24,credito_4x,1,4,274.26,0.035,2025-03-26,264.66
vestuario,2025-02-24,credito_4x,2,4,274.26,0.035,2025-04-25,264.66
vestuario,2025-02-24,credito_4x,3,4,274.26,0.035,2025-05-25,264.66
vestuario,2025-02-24,credito_4x,4,4,274.26,0.035,2025-06-24,264.66
vestuario,2025-02-25,pix,1,1,280.68,0.0,2025-02-25,280.68
vestuario,2025-02-25,debito,1,1,616.36,0.012,2025-02-26,608.96
vestuario,2025-02-25,credito_vista,1,1,522.36,0.025,2025-03-27,509.3
vestuario,2025-02-25,credito_4x,1,4,327.89,0.035,2025-03-27,316.42
vestuario,2025-02-25,credito_4x,2,4,327.89,0.035,2025-04-26,316.42
vestuario,2025-02-25,credito_4x,3,4,327.89,0.035,2025-05-26,316.42
vestuario,2025-02-25,credito_4x,4,4,327.89,0.035,2025-06-25,316.42
vestuario,2025-02-26,pix,1,1,235.41,0.0,2025-02-26,235.41
vestuario,2025-02-26,debito,1,1,323.3,0.012,2025-02-27,319.42
vestuario,2025-02-26,credito_vista,1,1,619.97,0.025,2025-03-28,604.47
vestuario,2025-02-26,credito_4x,1,4,317.82,0.035,2025-03-28,306.7
vestuario,2025-02-26,credito_4x,2,4,317.82,0.035,2025-04-27,306.7
vestuario,2025-02-26,credito_4x,3,4,317.82,0.035,2025-05-27,306.7
vestuario,2025-02-26,credito_4x,4,4,317.82,0.035,2025-06-26,306.7
vestuario,2025-02-27,pix,1,1,533.78,0.0,2025-02-27,533.78
vestuario,2025-02-27,debito,1,1,536.2,0.012,2025-02-28,529.76
vestuario,2025-02-27,credito_vista,1,1,803.42,0.025,2025-03-29,783.33
vestuario,2025-02-27,credito_4x,1,4,443.41,0.035,2025-03-29,427.89
vestuario,2025-02-27,credito_4x,2,4,443.41,0.035,2025-04-28,427.89
vestuario,2025-02-27,credito_4x,3,4,443.41,0.035,2025-05-28,427.89
vestuario,2025-02-27,credito_4x,4,4,443.41,0.035,2025-06-27,427.89
vestuario,2025-02-28,pix,1,1,402.26,0.0,2025-02-28,402.26
vestuario,2025-02-28,debito,1,1,619.04,0.012,2025-03-01,611.61
vestuario,2025-02-28,credito_vista,1,1,658.8,0.025,2025-03-30,642.33
vestuario,2025-02-28,credito_4x,1,4,475.66,0.035,2025-03-30,459.01
vestuario,2025-02-28,credito_4x,2,4,475.66,0.035,2025-04-29,459.01
vestuario,2025-02-28,credito_4x,3,4,475.66,0.035,2025-05-29,459.01
vestuario,2025-02-28,credito_4x,4,4,475.66,0.035,2025-06-28,459.01
vestuario,2025-03-01,pix,1,1,776.54,0.0,2025-03-01,776.54
vestuario,2025-03-01,debito,1,1,1073.11,0.012,2025-03-02,1060.24
vestuario,2025-03-01,credito_vista,1,1,1112.02,0.025,2025-03-31,1084.22
vestuario,2025-03-01,credito_4x,1,4,661.93,0.035,2025-03-31,638.76
vestuario,2025-03-01,credito_4x,2,4,661.93,0.035,2025-04-30,638.76
vestuario,2025-03-01,credito_4x,3,4,661.93,0.035,2025-05-30,638.76
vestuario,2025-03-01,credito_4x,4,4,661.93,0.035,2025-06-29,638.76
vestuario,2025-03-02,pix,1,1,134.7,0.0,2025-03-02,134.7
vestuario,2025-03-02,debito,1,1,357.85,0.012,2025-03-03,353.56
vestuario,2025-03-02,credito_vista,1,1,593.48,0.025,2025-04-01,578.65
vestuario,2025-03-02,credito_4x,1,4,240.85,0.035,2025-04-01,232.42
vestuario,2025-03-02,credito_4x,2,4,240.85,0.035,2025-05-01,232.42
vestuario,2025-03-02,credito_4x,3,4,240.85,0.035,2025-05-31,232.42
vestuario,2025-03-02,credito_4x,4,4,240.85,0.035,2025-06-30,232.42
vestuario,2025-03-03,pix,1,1,586.2,0.0,2025-03-03,586.2
vestuario,2025-03-03,debito,1,1,617.39,0.012,2025-03-04,609.99
vestuario,2025-03-03,credito_vista,1,1,995.77,0.025,2025-04-02,970.88
vestuario,2025-03-03,credito_4x,1,4,382.51,0.035,2025-04-02,369.12
vestuario,2025-03-03,credito_4x,2,4,382.51,0.035,2025-05-02,369.12
vestuario,2025-03-03,credito_4x,3,4,382.51,0.035,2025-06-01,369.12
vestuario,2025-03-03,credito_4x,4,4,382.51,0.035,2025-07-01,369.12
vestuario,2025-03-04,pix,1,1,678.23,0.0,2025-03-04,678.23
vestuario,2025-03-04,debito,1,1,751.99,0.012,2025-03-05,742.97
vestuario,2025-03-04,credito_vista,1,1,1091.99,0.025,2025-04-03,1064.69
vestuario,2025-03-04,credito_4x,1,4,521.64,0.035,2025-04-03,503.38
vestuario,2025-03-04,credito_4x,2,4,521.64,0.035,2025-05-03,503.38
vestuario,2025-03-04,credito_4x,3,4,521.64,0.035,2025-06-02,503.38
vestuario,2025-03-04,credito_4x,4,4,521.64,0.035,2025-07-02,503.38
vestuario,2025-03-05,pix,1,1,547.38,0.0,2025-03-05,547.38
vestuario,2025-03-05,debito,1,1,700.79,0.012,2025-03-06,692.38
vestuario,2025-03-05,credito_vista,1,1,1046.35,0.025,2025-04-04,1020.19
vestuario,2025-03-05,credito_4x,1,4,526.73,0.035,2025-04-04,508.29
vestuario,2025-03-05,credito_4x,2,4,526.73,0.035,2025-05-04,508.29
vestuario,2025-03-05,credito_4x,3,4,526.73,0.035,2025-06-03,508.29
vestuario,2025-03-05,credito_4x,4,4,526.73,0.035,2025-07-03,508.29
vestuario,2025-03-06,pix,1,1,634.06,0.0,2025-03-06,634.06
vestuario,2025-03-06,debito,1,1,896.58,0.012,2025-03-07,885.82
vestuario,2025-03-06,credito_vista,1,1,1071.83,0.025,2025-04-05,1045.03
vestuario,2025-03-06,credito_4x,1,4,589.88,0.035,2025-04-05,569.23
vestuario,2025-03-06,credito_4x,2,4,589.88,0.035,2025-05-05,569.23
vestuario,2025-03-06,credito_4x,3,4,589.88,0.035,2025-06-04,569.23
vestuario,2025-03-06,credito_4x,4,4,589.88,0.035,2025-07-04,569.23
vestuario,2025-03-07,pix,1,1,907.41,0.0,2025-03-07,907.41
vestuario,2025-03-07,debito,1,1,880.6,0.012,2025-03-08,870.03
vestuario,2025-03-07,credito_vista,1,1,1383.15,0.025,2025-04-06,1348.57
vestuario,2025-03-07,credito_4x,1,4,655.12,0.035,2025-04-06,632.19
vestuario,2025-03-07,credito_4x,2,4,655.12,0.035,2025-05-06,632.19
vestuario,2025-03-07,credito_4x,3,4,655.12,0.035,2025-06-05,632.19
vestuario,2025-03-07,credito_4x,4,4,655.12,0.035,2025-07-05,632.19
vestuario,2025-03-08,pix,1,1,1155.75,0.0,2025-03-08,1155.75
vestuario,2025-03-08,debito,1,1,1826.73,0.012,2025-03-09,1804.81
vestuario,2025-03-08,credito_vista,1,1,904.57,0.025,2025-04-07,881.96
vestuario,2025-03-08,credito_4x,1,4,758.42,0.035,2025-04-07,731.88
vestuario,2025-03-08,credito_4x,2,4,758.42,0.035,2025-05-07,731.88
vestuario,2025-03-08,credito_4x,3,4,758.42,0.035,2025-06-06,731.88
vestuario,2025-03-08,credito_4x,4,4,758.42,0.035,2025-07-06,731.88
vestuario,2025-03-09,pix,1,1,218.92,0.0,2025-03-09,218.92
vestuario,2025-03-09,debito,1,1,329.4,0.012,2025-03-10,325.45
vestuario,2025-03-09,credito_vista,1,1,400.09,0.025,2025-04-08,390.08
vestuario,2025-03-09,credito_4x,1,4,190.88,0.035,2025-04-08,184.2
vestuario,2025-03-09,credito_4x,2,4,190.88,0.035,2025-05-08,184.2
vestuario,2025-03-09,credito_4x,3,4,190.88,0.035,2025-06-07,184.2
vestuario,2025-03-09,credito_4x,4,4,190.88,0.035,2025-07-07,184.2
vestuario,2025-03-10,pix,1,1,683.51,0.0,2025-03-10,683.51
vestuario,2025-03-10,debito,1,1,597.22,0.012,2025-03-11,590.05
vestuario,2025-03-10,credito_vista,1,1,829.44,0.025,2025-04-09,808.7
vestuario,2025-03-10,credito_4x,1,4,433.77,0.035,2025-04-09,418.59
vestuario,2025-03-10,credito_4x,2,4,433.77,0.035,2025-05-09,418.59
vestuario,2025-03-10,credito_4x,3,4,433.77,0.035,2025-06-08,418.59
vestuario,2025-03-10,credito_4x,4,4,433.77,0.035,2025-07-08,418.59
vestuario,2025-03-11,pix,1,1,254.74,0.0,2025-03-11,254.74
vestuario,2025-03-11,debito,1,1,474.99,0.012,2025-03-12,469.29
vestuario,2025-03-11,credito_vista,1,1,710.21,0.025,2025-04-10,692.46
vestuario,2025-03-11,credito_4x,1,4,394.81,0.035,2025-04-10,380.99
vestuario,2025-03-11,credito_4x,2,4,394.81,0.035,2025-05-10,380.99
vestuario,2025-03-11,credito_4x,3,4,394.81,0.035,2025-06-09,380.99
vestuario,2025-03-11,credito_4x,4,4,394.81,0.035,2025-07-09,380.99
vestuario,2025-03-12,pix,1,1,627.81,0.0,2025-03-12,627.81
vestuario,2025-03-12,debito,1,1,716.46,0.012,2025-03-13,707.86
vestuario,2025-03-12,credito_vista,1,1,1036.49,0.025,2025-04-11,1010.58
vestuario,2025-03-12,credito_4x,1,4,588.68,0.035,2025-04-11,568.08
vestuario,2025-03-12,credito_4x,2,4,588.68,0.035,2025-05-11,568.08
vestuario,2025-03-12,credito_4x,3,4,588.68,0.035,2025-06-10,568.08
vestuario,2025-03-12,credito_4x,4,4,588.68,0.035,2025-07-10,568.08
vestuario,2025-03-13,pix,1,1,690.6,0.0,2025-03-13,690.6
vestuario,2025-03-13,debito,1,1,883.88,0.012,2025-03-14,873.27
vestuario,2025-03-13,credito_vista,1,1,991.26,0.025,2025-04-12,966.48
vestuario,2025-03-13,credito_4x,1,4,601.53,0.035,2025-04-12,580.47
vestuario,2025-03-13,credito_4x,2,4,601.53,0.035,2025-05-12,580.47
vestuario,2025-03-13,credito_4x,3,4,601.53,0.035,2025-06-11,580.47
vestuario,2025-03-13,credito_4x,4,4,601.53,0.035,2025-07-11,580.47
vestuario,2025-03-14,pix,1,1,557.76,0.0,2025-03-14,557.76
vestuario,2025-03-14,debito,1,1,1021.81,0.012,2025-03-15,1009.55
vestuario,2025-03-14,credito_vista,1,1,1318.41,0.025,2025-04-13,1285.45
vestuario,2025-03-14,credito_4x,1,4,588.28,0.035,2025-04-13,567.69
vestuario,2025-03-14,credito_4x,2,4,588.28,0.035,2025-05-13,567.69
vestuario,2025-03-14,credito_4x,3,4,588.28,0.035,2025-06-12,567.69
vestuario,2025-03-14,credito_4x,4,4,588.28,0.035,2025-07-12,567.69
vestuario,2025-03-15,pix,1,1,683.81,0.0,2025-03-15,683.81
vestuario,2025-03-15,debito,1,1,1111.51,0.012,2025-03-16,1098.18
vestuario,2025-03-15,credito_vista,1,1,1030.29,0.025,2025-04-14,1004.53
vestuario,2025-03-15,credito_4x,1,4,959.11,0.035,2025-04-14,925.54
vestuario,2025-03-15,credito_4x,2,4,959.11,0.035,2025-05-14,925.54
vestuario,2025-03-15,credito_4x,3,4,959.11,0.035,2025-06-13,925.54
vestuario,2025-03-15,credito_4x,4,4,959.11,0.035,2025-07-13,925.54
vestuario,2025-03-16,pix,1,1,163.28,0.0,2025-03-16,163.28
vestuario,2025-03-16,debito,1,1,286.76,0.012,2025-03-17,283.32
vestuario,2025-03-16,credito_vista,1,1,389.79,0.025,2025-04-15,380.04
vestuario,2025-03-16,credito_4x,1,4,214.38,0.035,2025-04-15,206.87
vestuario,2025-03-16,credito_4x,2,4,214.38,0.035,2025-05-15,206.87
vestuario,2025-03-16,credito_4x,3,4,214.38,0.035,2025-06-14,206.87
vestuario,2025-03-16,credito_4x,4,4,214.38,0.035,2025-07-14,206.87
vestuario,2025-03-17,pix,1,1,306.09,0.0,2025-03-17,306.09
vestuario,2025-03-17,debito,1,1,322.99,0.012,2025-03-18,319.11
vestuario,2025-03-17,credito_vista,1,1,470.54,0.025,2025-04-16,458.78
vestuario,2025-03-17,credito_4x,1,4,281.28,0.035,2025-04-16,271.44
vestuario,2025-03-17,credito_4x,2,4,281.28,0.035,2025-05-16,271.44
vestuario,2025-03-17,credito_4x,3,4,281.28,0.035,2025-06-15,271.44
vestuario,2025-03-17,credito_4x,4,4,281.28,0.035,2025-07-15,271.44
vestuario,2025-03-18,pix,1,1,370.22,0.0,2025-03-18,370.22
vestuario,2025-03-18,debito,1,1,446.21,0.012,2025-03-19,440.86
vestuario,2025-03-18,credito_vista,1,1,631.0,0.025,2025-04-17,615.22
vestuario,2025-03-18,credito_4x,1,4,417.6,0.035,2025-04-17,402.98
vestuario,2025-03-18,credito_4x,2,4,417.6,0.035,2025-05-17,402.98
vestuario,2025-03-18,credito_4x,3,4,417.6,0.035,2025-06-16,402.98
vestuario,2025-03-18,credito_4x,4,4,417.6,0.035,2025-07-16,402.98
vestuario,2025-03-19,pix,1,1,435.73,0.0,2025-03-19,435.73
vestuario,2025-03-19,debito,1,1,650.67,0.012,2025-03-20,642.86
vestuario,2025-03-19,credito_vista,1,1,904.81,0.025,2025-04-18,882.19
vestuario,2025-03-19,credito_4x,1,4,388.58,0.035,2025-04-18,374.98
vestuario,2025-03-19,credito_4x,2,4,388.58,0.035,2025-05-18,374.98
vestuario,2025-03-19,credito_4x,3,4,388.58,0.035,2025-06-17,374.98
vestuario,2025-03-19,credito_4x,4,4,388.58,0.035,2025-07-17,374.98
vestuario,2025-03-20,pix,1,1,462.15,0.0,2025-03-20,462.15
vestuario,2025-03-20,debito,1,1,595.39,0.012,2025-03-21,588.25
vestuario,2025-03-20,credito_vista,1,1,1078.9,0.025,2025-04-19,1051.92
vestuario,2025-03-20,credito_4x,1,4,478.5,0.035,2025-04-19,461.75
vestuario,2025-03-20,credito_4x,2,4,478.5,0.035,2025-05-19,461.75
vestuario,2025-03-20,credito_4x,3,4,478.5,0.035,2025-06-18,461.75
vestuario,2025-03-20,credito_4x,4,4,478.5,0.035,2025-07-18,461.75
vestuario,2025-03-21,pix,1,1,522.23,0.0,2025-03-21,522.23
vestuario,2025-03-21,debito,1,1,726.9,0.012,2025-03-22,718.18
vestuario,2025-03-21,credito_vista,1,1,1319.56,0.025,2025-04-20,1286.57
vestuario,2025-03-21,credito_4x,1,4,634.78,0.035,2025-04-20,612.56
vestuario,2025-03-21,credito_4x,2,4,634.78,0.035,2025-05-20,612.56
vestuario,2025-03-21,credito_4x,3,4,634.78,0.035,2025-06-19,612.56
vestuario,2025-03-21,credito_4x,4,4,634.78,0.035,2025-07-19,612.56
vestuario,2025-03-22,pix,1,1,1159.61,0.0,2025-03-22,1159.61
vestuario,2025-03-22,debito,1,1,1439.77,0.012,2025-03-23,1422.49
vestuario,2025-03-22,credito_vista,1,1,1408.09,0.025,2025-04-21,1372.89
vestuario,2025-03-22,credito_4x,1,4,855.14,0.035,2025-04-21,825.21
vestuario,2025-03-22,credito_4x,2,4,855.14,0.035,2025-05-21,825.21
vestuario,2025-03-22,credito_4x,3,4,855.14,0.035,2025-06-20,825.21
vestuario,2025-03-22,credito_4x,4,4,855.14,0.035,2025-07-20,825.21
vestuario,2025-03-23,pix,1,1,147.44,0.0,2025-03-23,147.44
vestuario,2025-03-23,debito,1,1,348.76,0.012,2025-03-24,344.58
vestuario,2025-03-23,credito_vista,1,1,275.25,0.025,2025-04-22,268.36
vestuario,2025-03-23,credito_4x,1,4,175.47,0.035,2025-04-22,169.33
vestuario,2025-03-23,credito_4x,2,4,175.47,0.035,2025-05-22,169.33
vestuario,2025-03-23,credito_4x,3,4,175.47,0.035,2025-06-21,169.33
vestuario,2025-03-23,credito_4x,4,4,175.47,0.035,2025-07-21,169.33
vestuario,2025-03-24,pix,1,1,225.51,0.0,2025-03-24,225.51
vestuario,2025-03-24,debito,1,1,361.74,0.012,2025-03-25,357.4
vestuario,2025-03-24,credito_vista,1,1,687.34,0.025,2025-04-23,670.16
vestuario,2025-03-24,credito_4x,1,4,338.04,0.035,2025-04-23,326.21
vestuario,2025-03-24,credito_4x,2,4,338.04,0.035,2025-05-23,326.21
vestuario,2025-03-24,credito_4x,3,4,338.04,0.035,2025-06-22,326.21
vestuario,2025-03-24,credito_4x,4,4,338.04,0.035,2025-07-22,326.21
vestuario,2025-03-25,pix,1,1,513.46,0.0,2025-03-25,513.46
vestuario,2025-03-25,debito,1,1,655.68,0.012,2025-03-26,647.81
vestuario,2025-03-25,credito_vista,1,1,640.05,0.025,2025-04-24,624.04
vestuario,2025-03-25,credito_4x,1,4,436.39,0.035,2025-04-24,421.11
vestuario,2025-03-25,credito_4x,2,4,436.39,0.035,2025-05-24,421.11
vestuario,2025-03-25,credito_4x,3,4,436.39,0.035,2025-06-23,421.11
vestuario,2025-03-25,credito_4x,4,4,436.39,0.035,2025-07-23,421.11
vestuario,2025-03-26,pix,1,1,374.75,0.0,2025-03-26,374.75
vestuario,2025-03-26,debito,1,1,612.63,0.012,2025-03-27,605.28
vestuario,2025-03-26,credito_vista,1,1,796.97,0.025,2025-04-25,777.04
vestuario,2025-03-26,credito_4x,1,4,388.58,0.035,2025-04-25,374.98
vestuario,2025-03-26,credito_4x,2,4,388.58,0.035,2025-05-25,374.98
vestuario,2025-03-26,credito_4x,3,4,388.58,0.035,2025-06-24,374.98
vestuario,2025-03-26,credito_4x,4,4,388.58,0.035,2025-07-24,374.98
vestuario,2025-03-27,pix,1,1,408.75,0.0,2025-03-27,408.75
vestuario,2025-03-27,debito,1,1,529.6,0.012,2025-03-28,523.25
vestuario,2025-03-27,credito_vista,1,1,671.66,0.025,2025-04-26,654.87
vestuario,2025-03-27,credito_4x,1,4,322.57,0.035,2025-04-26,311.28
vestuario,2025-03-27,credito_4x,2,4,322.57,0.035,2025-05-26,311.28
vestuario,2025-03-27,credito_4x,3,4,322.57,0.035,2025-06-25,311.28
vestuario,2025-03-27,credito_4x,4,4,322.57,0.035,2025-07-25,311.28
vestuario,2025-03-28,pix,1,1,440.48,0.0,2025-03-28,440.48
vestuario,2025-03-28,debito,1,1,578.82,0.012,2025-03-29,571.87
vestuario,2025-03-28,credito_vista,1,1,1082.98,0.025,2025-04-27,1055.9
vestuario,2025-03-28,credito_4x,1,4,404.32,0.035,2025-04-27,390.17
vestuario,2025-03-28,credito_4x,2,4,404.32,0.035,2025-05-27,390.17
vestuario,2025-03-28,credito_4x,3,4,404.32,0.035,2025-06-26,390.17
vestuario,2025-03-28,credito_4x,4,4,404.32,0.035,2025-07-26,390.17
vestuario,2025-03-29,pix,1,1,392.02,0.0,2025-03-29,392.02
vestuario,2025-03-29,debito,1,1,837.01,0.012,2025-03-30,826.97
vestuario,2025-03-29,credito_vista,1,1,1065.21,0.025,2025-04-28,1038.58
vestuario,2025-03-29,credito_4x,1,4,668.06,0.035,2025-04-28,644.67
vestuario,2025-03-29,credito_4x,2,4,668.06,0.035,2025-05-28,644.67
vestuario,2025-03-29,credito_4x,3,4,668.06,0.035,2025-06-27,644.67
vestuario,2025-03-29,credito_4x,4,4,668.06,0.035,2025-07-27,644.67
vestuario,2025-03-30,pix,1,1,170.16,0.0,2025-03-30,170.16
vestuario,2025-03-30,debito,1,1,231.17,0.012,2025-03-31,228.39
vestuario,2025-03-30,credito_vista,1,1,336.31,0.025,2025-04-29,327.9
vestuario,2025-03-30,credito_4x,1,4,175.49,0.035,2025-04-29,169.35
vestuario,2025-03-30,credito_4x,2,4,175.49,0.035,2025-05-29,169.35
vestuario,2025-03-30,credito_4x,3,4,175.49,0.035,2025-06-28,169.35
vestuario,2025-03-30,credito_4x,4,4,175.49,0.035,2025-07-28,169.35
vestuario,2025-03-31,pix,1,1,508.54,0.0,2025-03-31,508.54
vestuario,2025-03-31,debito,1,1,558.3,0.012,2025-04-01,551.6
vestuario,2025-03-31,credito_vista,1,1,692.12,0.025,2025-04-30,674.81
vestuario,2025-03-31,credito_4x,1,4,262.02,0.035,2025-04-30,252.85
vestuario,2025-03-31,credito_4x,2,4,262.02,0.035,2025-05-30,252.85
vestuario,2025-03-31,credito_4x,3,4,262.02,0.035,2025-06-29,252.85
vestuario,2025-03-31,credito_4x,4,4,262.02,0.035,2025-07-29,252.85
vestuario,2025-04-01,pix,1,1,1024.46,0.0,2025-04-01,1024.46
vestuario,2025-04-01,debito,1,1,1015.9,0.012,2025-04-02,1003.71
vestuario,2025-04-01,credito_vista,1,1,1319.03,0.025,2025-05-01,1286.06
vestuario,2025-04-01,credito_4x,1,4,674.61,0.035,2025-05-01,651.0
vestuario,2025-04-01,credito_4x,2,4,674.61,0.035,2025-05-31,651.0
vestuario,2025-04-01,credito_4x,3,4,674.61,0.035,2025-06-30,651.0
vestuario,2025-04-01,credito_4x,4,4,674.61,0.035,2025-07-30,651.0
vestuario,2025-04-02,pix,1,1,371.68,0.0,2025-04-02,371.68
vestuario,2025-04-02,debito,1,1,1007.64,0.012,2025-04-03,995.55
vestuario,2025-04-02,credito_vista,1,1,810.78,0.025,2025-05-02,790.51
vestuario,2025-04-02,credito_4x,1,4,525.25,0.035,2025-05-02,506.86
vestuario,2025-04-02,credito_4x,2,4,525.25,0.035,2025-06-01,506.86
vestuario,2025-04-02,credito_4x,3,4,525.25,0.035,2025-07-01,506.86
vestuario,2025-04-02,credito_4x,4,4,525.25,0.035,2025-07-31,506.86
vestuario,2025-04-03,pix,1,1,592.53,0.0,2025-04-03,592.53
vestuario,2025-04-03,debito,1,1,783.98,0.012,2025-04-04,774.57
vestuario,2025-04-03,credito_vista,1,1,1215.62,0.025,2025-05-03,1185.23
vestuario,2025-04-03,credito_4x,1,4,663.38,0.035,2025-05-03,640.16
vestuario,2025-04-03,credito_4x,2,4,663.38,0.035,2025-06-02,640.16
vestuario,2025-04-03,credito_4x,3,4,663.38,0.035,2025-07-02,640.16
vestuario,2025-04-03,credito_4x,4,4,663.38,0.035,2025-08-01,640.16
vestuario,2025-04-04,pix,1,1,557.97,0.0,2025-04-04,557.97
vestuario,2025-04-04,debito,1,1,581.21,0.012,2025-04-05,574.24
vestuario,2025-04-04,credito_vista,1,1,837.35,0.025,2025-05-04,816.41
vestuario,2025-04-04,credito_4x,1,4,370.01,0.035,2025-05-04,357.06
vestuario,2025-04-04,credito_4x,2,4,370.01,0.035,2025-06-03,357.06
vestuario,2025-04-04,credito_4x,3,4,370.01,0.035,2025-07-03,357.06
vestuario,2025-04-04,credito_4x,4,4,370.01,0.035,2025-08-02,357.06
vestuario,2025-04-05,pix,1,1,876.49,0.0,2025-04-05,876.49
vestuario,2025-04-05,debito,1,1,1131.54,0.012,2025-04-06,1117.96
vestuario,2025-04-05,credito_vista,1,1,1355.25,0.025,2025-05-05,1321.37
vestuario,2025-04-05,credito_4x,1,4,796.08,0.035,2025-05-05,768.22
vestuario,2025-04-05,credito_4x,2,4,796.08,0.035,2025-06-04,768.22
vestuario,2025-04-05,credito_4x,3,4,796.08,0.035,2025-07-04,768.22
vestuario,2025-04-05,credito_4x,4,4,796.08,0.035,2025-08-03,768.22
vestuario,2025-04-06,pix,1,1,248.84,0.0,2025-04-06,248.84
vestuario,2025-04-06,debito,1,1,541.69,0.012,2025-04-07,535.19
vestuario,2025-04-06,credito_vista,1,1,510.9,0.025,2025-05-06,498.12
vestuario,2025-04-06,credito_4x,1,4,329.49,0.035,2025-05-06,317.96
vestuario,2025-04-06,credito_4x,2,4,329.49,0.035,2025-06-05,317.96
vestuario,2025-04-06,credito_4x,3,4,329.49,0.035,2025-07-05,317.96
vestuario,2025-04-06,credito_4x,4,4,329.49,0.035,2025-08-04,317.96
vestuario,2025-04-07,pix,1,1,483.11,0.0,2025-04-07,483.11
vestuario,2025-04-07,debito,1,1,766.87,0.012,2025-04-08,757.66
vestuario,2025-04-07,credito_vista,1,1,836.15,0.025,2025-05-07,815.25
vestuario,2025-04-07,credito_4x,1,4,476.25,0.035,2025-05-07,459.58
vestuario,2025-04-07,credito_4x,2,4,476.25,0.035,2025-06-06,459.58
vestuario,2025-04-07,credito_4x,3,4,476.25,0.035,2025-07-06,459.58
vestuario,2025-04-07,credito_4x,4,4,476.25,0.035,2025-08-05,459.58
vestuario,2025-04-08,pix,1,1,15.78,0.0,2025-04-08,15.78
vestuario,2025-04-08,debito,1,1,22.1,0.012,2025-04-09,21.83
vestuario,2025-04-08,credito_vista,1,1,26.56,0.025,2025-05-08,25.89
vestuario,2025-04-08,credito_4x,1,4,17.4,0.035,2025-05-08,16.79
vestuario,2025-04-08,credito_4x,2,4,17.4,0.035,2025-06-07,16.79
vestuario,2025-04-08,credito_4x,3,4,17.4,0.035,2025-07-07,16.79
vestuario,2025-04-08,credito_4x,4,4,17.4,0.035,2025-08-06,16.79
vestuario,2025-04-09,pix,1,1,725.37,0.0,2025-04-09,725.37
vestuario,2025-04-09,debito,1,1,998.29,0.012,2025-04-10,986.31
vestuario,2025-04-09,credito_vista,1,1,783.7,0.025,2025-05-09,764.11
vestuario,2025-04-09,credito_4x,1,4,557.81,0.035,2025-05-09,538.29
vestuario,2025-04-09,credito_4x,2,4,557.81,0.035,2025-06-08,538.29
vestuario,2025-04-09,credito_4x,3,4,557.81,0.035,2025-07-08,538.29
vestuario,2025-04-09,credito_4x,4,4,557.81,0.035,2025-08-07,538.29
vestuario,2025-04-10,pix,1,1,748.96,0.0,2025-04-10,748.96
vestuario,2025-04-10,debito,1,1,1477.58,0.012,2025-04-11,1459.85
vestuario,2025-04-10,credito_vista,1,1,1333.64,0.025,2025-05-10,1300.3
vestuario,2025-04-10,credito_4x,1,4,740.29,0.035,2025-05-10,714.38
vestuario,2025-04-10,credito_4x,2,4,740.29,0.035,2025-06-09,714.38
vestuario,2025-04-10,credito_4x,3,4,740.29,0.035,2025-07-09,714.38
vestuario,2025-04-10,credito_4x,4,4,740.29,0.035,2025-08-08,714.38
vestuario,2025-04-11,pix,1,1,269.46,0.0,2025-04-11,269.46
vestuario,2025-04-11,debito,1,1,449.7,0.012,2025-04-12,444.3
vestuario,2025-04-11,credito_vista,1,1,493.82,0.025,2025-05-11,481.48
vestuario,2025-04-11,credito_4x,1,4,350.84,0.035,2025-05-11,338.56
vestuario,2025-04-11,credito_4x,2,4,350.84,0.035,2025-06-10,338.56
vestuario,2025-04-11,credito_4x,3,4,350.84,0.035,2025-07-10,338.56
vestuario,2025-04-11,credito_4x,4,4,350.84,0.035,2025-08-09,338.56
vestuario,2025-04-12,pix,1,1,1522.86,0.0,2025-04-12,1522.86
vestuario,2025-04-12,debito,1,1,1321.9,0.012,2025-04-13,1306.03
vestuario,2025-04-12,credito_vista,1,1,1815.37,0.025,2025-05-12,1769.99
vestuario,2025-04-12,credito_4x,1,4,909.85,0.035,2025-05-12,878.0
vestuario,2025-04-12,credito_4x,2,4,909.85,0.035,2025-06-11,878.0
vestuario,2025-04-12,credito_4x,3,4,909.85,0.035,2025-07-11,878.0
vestuario,2025-04-12,credito_4x,4,4,909.85,0.035,2025-08-10,878.0
vestuario,2025-04-13,pix,1,1,66.13,0.0,2025-04-13,66.13
vestuario,2025-04-13,debito,1,1,108.32,0.012,2025-04-14,107.02
vestuario,2025-04-13,credito_vista,1,1,180.53,0.025,2025-05-13,176.01
vestuario,2025-04-13,credito_4x,1,4,81.92,0.035,2025-05-13,79.06
vestuario,2025-04-13,credito_4x,2,4,81.92,0.035,2025-06-12,79.06
vestuario,2025-04-13,credito_4x,3,4,81.92,0.035,2025-07-12,79.06
vestuario,2025-04-13,credito_4x,4,4,81.92,0.035,2025-08-11,79.06
vestuario,2025-04-14,pix,1,1,661.47,0.0,2025-04-14,661.47
vestuario,2025-04-14,debito,1,1,757.86,0.012,2025-04-15,748.76
vestuario,2025-04-14,credito_vista,1,1,743.42,0.025,2025-05-14,724.84
vestuario,2025-04-14,credito_4x,1,4,397.52,0.035,2025-05-14,383.61
vestuario,2025-04-14,credito_4x,2,4,397.52,0.035,2025-06-13,383.61
vestuario,2025-04-14,credito_4x,3,4,397.52,0.035,2025-07-13,383.61
vestuario,2025-04-14,credito_4x,4,4,397.52,0.035,2025-08-12,383.61
vestuario,2025-04-15,pix,1,1,360.73,0.0,2025-04-15,360.73
vestuario,2025-04-15,debito,1,1,357.9,0.012,2025-04-16,353.61
vestuario,2025-04-15,credito_vista,1,1,704.2,0.025,2025-05-15,686.59
vestuario,2025-04-15,credito_4x,1,4,469.12,0.035,2025-05-15,452.7
vestuario,2025-04-15,credito_4x,2,4,469.12,0.035,2025-06-14,452.7
vestuario,2025-04-15,credito_4x,3,4,469.12,0.035,2025-07-14,452.7
vestuario,2025-04-15,credito_4x,4,4,469.12,0.035,2025-08-13,452.7
vestuario,2025-04-16,pix,1,1,275.33,0.0,2025-04-16,275.33
vestuario,2025-04-16,debito,1,1,433.06,0.012,2025-04-17,427.87
vestuario,2025-04-16,credito_vista,1,1,352.74,0.025,2025-05-16,343.92
vestuario,2025-04-16,credito_4x,1,4,157.38,0.035,2025-05-16,151.87
vestuario,2025-04-16,credito_4x,2,4,157.38,0.035,2025-06-15,151.87
vestuario,2025-04-16,credito_4x,3,4,157.38,0.035,2025-07-15,151.87
vestuario,2025-04-16,credito_4x,4,4,157.38,0.035,2025-08-14,151.87
vestuario,2025-04-17,pix,1,1,548.03,0.0,2025-04-17,548.03
vestuario,2025-04-17,debito,1,1,970.84,0.012,2025-04-18,959.19
vestuario,2025-04-17,credito_vista,1,1,1084.18,0.025,2025-05-17,1057.08
vestuario,2025-04-17,credito_4x,1,4,417.02,0.035,2025-05-17,402.42
vestuario,2025-04-17,credito_4x,2,4,417.02,0.035,2025-06-16,402.42
vestuario,2025-04-17,credito_4x,3,4,417.02,0.035,2025-07-16,402.42
vestuario,2025-04-17,credito_4x,4,4,417.02,0.035,2025-08-15,402.42
vestuario,2025-04-18,pix,1,1,656.59,0.0,2025-04-18,656.59
vestuario,2025-04-18,debito,1,1,948.55,0.012,2025-04-19,937.17
vestuario,2025-04-18,credito_vista,1,1,1296.28,0.025,2025-05-18,1263.87
vestuario,2025-04-18,credito_4x,1,4,736.93,0.035,2025-05-18,711.14
vestuario,2025-04-18,credito_4x,2,4,736.93,0.035,2025-06-17,711.14
vestuario,2025-04-18,credito_4x,3,4,736.93,0.035,2025-07-17,711.14
vestuario,2025-04-18,credito_4x,4,4,736.93,0.035,2025-08-16,711.14
vestuario,2025-04-19,pix,1,1,802.19,0.0,2025-04-19,802.19
vestuario,2025-04-19,debito,1,1,1367.51,0.012,2025-04-20,1351.1
vestuario,2025-04-19,credito_vista,1,1,1381.16,0.025,2025-05-19,1346.63
vestuario,2025-04-19,credito_4x,1,4,792.66,0.035,2025-05-19,764.92
vestuario,2025-04-19,credito_4x,2,4,792.66,0.035,2025-06-18,764.92
vestuario,2025-04-19,credito_4x,3,4,792.66,0.035,2025-07-18,764.92
vestuario,2025-04-19,credito_4x,4,4,792.66,0.035,2025-08-17,764.92
vestuario,2025-04-20,pix,1,1,215.22,0.0,2025-04-20,215.22
vestuario,2025-04-20,debito,1,1,373.01,0.012,2025-04-21,368.53
vestuario,2025-04-20,credito_vista,1,1,460.06,0.025,2025-05-20,448.56
vestuario,2025-04-20,credito_4x,1,4,231.8,0.035,2025-05-20,223.69
vestuario,2025-04-20,credito_4x,2,4,231.8,0.035,2025-06-19,223.69
vestuario,2025-04-20,credito_4x,3,4,231.8,0.035,2025-07-19,223.69
vestuario,2025-04-20,credito_4x,4,4,231.8,0.035,2025-08-18,223.69
vestuario,2025-04-21,pix,1,1,359.55,0.0,2025-04-21,359.55
vestuario,2025-04-21,debito,1,1,398.86,0.012,2025-04-22,394.08
vestuario,2025-04-21,credito_vista,1,1,617.11,0.025,2025-05-21,601.68
vestuario,2025-04-21,credito_4x,1,4,363.55,0.035,2025-05-21,350.83
vestuario,2025-04-21,credito_4x,2,4,363.55,0.035,2025-06-20,350.83
vestuario,2025-04-21,credito_4x,3,4,363.55,0.035,2025-07-20,350.83
vestuario,2025-04-21,credito_4x,4,4,363.55,0.035,2025-08-19,350.83
vestuario,2025-04-22,pix,1,1,352.28,0.0,2025-04-22,352.28
vestuario,2025-04-22,debito,1,1,298.25,0.012,2025-04-23,294.67
vestuario,2025-04-22,credito_vista,1,1,441.34,0.025,2025-05-22,430.3
vestuario,2025-04-22,credito_4x,1,4,215.06,0.035,2025-05-22,207.53
vestuario,2025-04-22,credito_4x,2,4,215.06,0.035,2025-06-21,207.53
vestuario,2025-04-22,credito_4x,3,4,215.06,0.035,2025-07-21,207.53
vestuario,2025-04-22,credito_4x,4,4,215.06,0.035,2025-08-20,207.53
vestuario,2025-04-23,pix,1,1,336.95,0.0,2025-04-23,336.95
vestuario,2025-04-23,debito,1,1,910.18,0.012,2025-04-24,899.25
vestuario,2025-04-23,credito_vista,1,1,868.78,0.025,2025-05-23,847.06
vestuario,2025-04-23,credito_4x,1,4,479.24,0.035,2025-05-23,462.47
vestuario,2025-04-23,credito_4x,2,4,479.24,0.035,2025-06-22,462.47
vestuario,2025-04-23,credito_4x,3,4,479.24,0.035,2025-07-22,462.47
vestuario,2025-04-23,credito_4x,4,4,479.24,0.035,2025-08-21,462.47
vestuario,2025-04-24,pix,1,1,1057.62,0.0,2025-04-24,1057.62
vestuario,2025-04-24,debito,1,1,933.17,0.012,2025-04-25,921.97
vestuario,2025-04-24,credito_vista,1,1,988.25,0.025,2025-05-24,963.54
vestuario,2025-04-24,credito_4x,1,4,601.65,0.035,2025-05-24,580.59
vestuario,2025-04-24,credito_4x,2,4,601.65,0.035,2025-06-23,580.59
vestuario,2025-04-24,credito_4x,3,4,601.65,0.035,2025-07-23,580.59
vestuario,2025-04-24,credito_4x,4,4,601.65,0.035,2025-08-22,580.59
vestuario,2025-04-25,pix,1,1,402.35,0.0,2025-04-25,402.35
vestuario,2025-04-25,debito,1,1,965.61,0.012,2025-04-26,954.02
vestuario,2025-04-25,credito_vista,1,1,1337.65,0.025,2025-05-25,1304.2
vestuario,2025-04-25,credito_4x,1,4,517.83,0.035,2025-05-25,499.7
vestuario,2025-04-25,credito_4x,2,4,517.83,0.035,2025-06-24,499.7
vestuario,2025-04-25,credito_4x,3,4,517.83,0.035,2025-07-24,499.7
vestuario,2025-04-25,credito_4x,4,4,517.83,0.035,2025-08-23,499.7
vestuario,2025-04-26,pix,1,1,345.83,0.0,2025-04-26,345.83
vestuario,2025-04-26,debito,1,1,494.29,0.012,2025-04-27,488.36
vestuario,2025-04-26,credito_vista,1,1,675.72,0.025,2025-05-26,658.82
vestuario,2025-04-26,credito_4x,1,4,338.56,0.035,2025-05-26,326.71
vestuario,2025-04-26,credito_4x,2,4,338.56,0.035,2025-06-25,326.71
vestuario,2025-04-26,credito_4x,3,4,338.56,0.035,2025-07-25,326.71
vestuario,2025-04-26,credito_4x,4,4,338.56,0.035,2025-08-24,326.71
vestuario,2025-04-27,pix,1,1,86.88,0.0,2025-04-27,86.88
vestuario,2025-04-27,debito,1,1,170.47,0.012,2025-04-28,168.42
vestuario,2025-04-27,credito_vista,1,1,236.03,0.025,2025-05-27,230.13
vestuario,2025-04-27,credito_4x,1,4,115.75,0.035,2025-05-27,111.69
vestuario,2025-04-27,credito_4x,2,4,115.75,0.035,2025-06-26,111.69
vestuario,2025-04-27,credito_4x,3,4,115.75,0.035,2025-07-26,111.69
vestuario,2025-04-27,credito_4x,4,4,115.75,0.035,2025-08-25,111.69
vestuario,2025-04-28,pix,1,1,262.8,0.0,2025-04-28,262.8
vestuario,2025-04-28,debito,1,1,423.78,0.012,2025-04-29,418.69
vestuario,2025-04-28,credito_vista,1,1,312.76,0.025,2025-05-28,304.94
vestuario,2025-04-28,credito_4x,1,4,268.95,0.035,2025-05-28,259.54
vestuario,2025-04-28,credito_4x,2,4,268.95,0.035,2025-06-27,259.54
vestuario,2025-04-28,credito_4x,3,4,268.95,0.035,2025-07-27,259.54
vestuario,2025-04-28,credito_4x,4,4,268.95,0.035,2025-08-26,259.54
vestuario,2025-04-29,pix,1,1,301.75,0.0,2025-04-29,301.75
vestuario,2025-04-29,debito,1,1,340.62,0.012,2025-04-30,336.54
vestuario,2025-04-29,credito_vista,1,1,265.06,0.025,2025-05-29,258.44
vestuario,2025-04-29,credito_4x,1,4,212.98,0.035,2025-05-29,205.52
vestuario,2025-04-29,credito_4x,2,4,212.98,0.035,2025-06-28,205.52
vestuario,2025-04-29,credito_4x,3,4,212.98,0.035,2025-07-28,205.52
vestuario,2025-04-29,credito_4x,4,4,212.98,0.035,2025-08-27,205.52
vestuario,2025-04-30,pix,1,1,372.88,0.0,2025-04-30,372.88
vestuario,2025-04-30,debito,1,1,586.83,0.012,2025-05-01,579.78
vestuario,2025-04-30,credito_vista,1,1,686.07,0.025,2025-05-30,668.91
vestuario,2025-04-30,credito_4x,1,4,312.36,0.035,2025-05-30,301.43
vestuario,2025-04-30,credito_4x,2,4,312.36,0.035,2025-06-29,301.43
vestuario,2025-04-30,credito_4x,3,4,312.36,0.035,2025-07-29,301.43
vestuario,2025-04-30,credito_4x,4,4,312.36,0.035,2025-08-28,301.43
vestuario,2025-05-01,pix,1,1,619.1,0.0,2025-05-01,619.1
vestuario,2025-05-01,debito,1,1,996.83,0.012,2025-05-02,984.86
vestuario,2025-05-01,credito_vista,1,1,892.68,0.025,2025-05-31,870.36
vestuario,2025-05-01,credito_4x,1,4,617.95,0.035,2025-05-31,596.32
vestuario,2025-05-01,credito_4x,2,4,617.95,0.035,2025-06-30,596.32
vestuario,2025-05-01,credito_4x,3,4,617.95,0.035,2025-07-30,596.32
vestuario,2025-05-01,credito_4x,4,4,617.95,0.035,2025-08-29,596.32
vestuario,2025-05-02,pix,1,1,654.14,0.0,2025-05-02,654.14
vestuario,2025-05-02,debito,1,1,682.0,0.012,2025-05-03,673.81
vestuario,2025-05-02,credito_vista,1,1,902.54,0.025,2025-06-01,879.98
vestuario,2025-05-02,credito_4x,1,4,382.54,0.035,2025-06-01,369.15
vestuario,2025-05-02,credito_4x,2,4,382.54,0.035,2025-07-01,369.15
vestuario,2025-05-02,credito_4x,3,4,382.54,0.035,2025-07-31,369.15
vestuario,2025-05-02,credito_4x,4,4,382.54,0.035,2025-08-30,369.15
vestuario,2025-05-03,pix,1,1,1298.81,0.0,2025-05-03,1298.81
vestuario,2025-05-03,debito,1,1,1390.59,0.012,2025-05-04,1373.91
vestuario,2025-05-03,credito_vista,1,1,1863.31,0.025,2025-06-02,1816.73
vestuario,2025-05-03,credito_4x,1,4,1007.75,0.035,2025-06-02,972.48
vestuario,2025-05-03,credito_4x,2,4,1007.75,0.035,2025-07-02,972.48
vestuario,2025-05-03,credito_4x,3,4,1007.75,0.035,2025-08-01,972.48
vestuario,2025-05-03,credito_4x,4,4,1007.75,0.035,2025-08-31,972.48
vestuario,2025-05-04,pix,1,1,387.97,0.0,2025-05-04,387.97
vestuario,2025-05-04,debito,1,1,447.21,0.012,2025-05-05,441.84
vestuario,2025-05-04,credito_vista,1,1,517.07,0.025,2025-06-03,504.15
vestuario,2025-05-04,credito_4x,1,4,245.37,0.035,2025-06-03,236.78
vestuario,2025-05-04,credito_4x,2,4,245.37,0.035,2025-07-03,236.78
vestuario,2025-05-04,credito_4x,3,4,245.37,0.035,2025-08-02,236.78
vestuario,2025-05-04,credito_4x,4,4,245.37,0.035,2025-09-01,236.78
vestuario,2025-05-05,pix,1,1,287.82,0.0,2025-05-05,287.82
vestuario,2025-05-05,debito,1,1,589.62,0.012,2025-05-06,582.55
vestuario,2025-05-05,credito_vista,1,1,744.34,0.025,2025-06-04,725.74
vestuario,2025-05-05,credito_4x,1,4,399.92,0.035,2025-06-04,385.92
vestuario,2025-05-05,credito_4x,2,4,399.92,0.035,2025-07-04,385.92
vestuario,2025-05-05,credito_4x,3,4,399.92,0.035,2025-08-03,385.92
vestuario,2025-05-05,credito_4x,4,4,399.92,0.035,2025-09-02,385.92
vestuario,2025-05-06,pix,1,1,421.79,0.0,2025-05-06,421.79
vestuario,2025-05-06,debito,1,1,639.74,0.012,2025-05-07,632.07
vestuario,2025-05-06,credito_vista,1,1,898.54,0.025,2025-06-05,876.08
vestuario,2025-05-06,credito_4x,1,4,445.82,0.035,2025-06-05,430.22
vestuario,2025-05-06,credito_4x,2,4,445.82,0.035,2025-07-05,430.22
vestuario,2025-05-06,credito_4x,3,4,445.82,0.035,2025-08-04,430.22
vestuario,2025-05-06,credito_4x,4,4,445.82,0.035,2025-09-03,430.22
vestuario,2025-05-07,pix,1,1,456.24,0.0,2025-05-07,456.24
vestuario,2025-05-07,debito,1,1,329.72,0.012,2025-05-08,325.76
vestuario,2025-05-07,credito_vista,1,1,488.18,0.025,2025-06-06,475.98
vestuario,2025-05-07,credito_4x,1,4,269.44,0.035,2025-06-06,260.01
vestuario,2025-05-07,credito_4x,2,4,269.44,0.035,2025-07-06,260.01
vestuario,2025-05-07,credito_4x,3,4,269.44,0.035,2025-08-05,260.01
vestuario,2025-05-07,credito_4x,4,4,269.44,0.035,2025-09-04,260.01
vestuario,2025-05-08,pix,1,1,632.3,0.0,2025-05-08,632.3
vestuario,2025-05-08,debito,1,1,653.75,0.012,2025-05-09,645.9
vestuario,2025-05-08,credito_vista,1,1,968.98,0.025,2025-06-07,944.76
vestuario,2025-05-08,credito_4x,1,4,496.33,0.035,2025-06-07,478.96
vestuario,2025-05-08,credito_4x,2,4,496.33,0.035,2025-07-07,478.96
vestuario,2025-05-08,credito_4x,3,4,496.33,0.035,2025-08-06,478.96
vestuario,2025-05-08,credito_4x,4,4,496.33,0.035,2025-09-05,478.96
vestuario,2025-05-09,pix,1,1,758.85,0.0,2025-05-09,758.85
vestuario,2025-05-09,debito,1,1,942.04,0.012,2025-05-10,930.73
vestuario,2025-05-09,credito_vista,1,1,1305.72,0.025,2025-06-08,1273.07
vestuario,2025-05-09,credito_4x,1,4,622.53,0.035,2025-06-08,600.74
vestuario,2025-05-09,credito_4x,2,4,622.53,0.035,2025-07-08,600.74
vestuario,2025-05-09,credito_4x,3,4,622.53,0.035,2025-08-07,600.74
vestuario,2025-05-09,credito_4x,4,4,622.53,0.035,2025-09-06,600.74
vestuario,2025-05-10,pix,1,1,692.24,0.0,2025-05-10,692.24
vestuario,2025-05-10,debito,1,1,1375.0,0.012,2025-05-11,1358.5
vestuario,2025-05-10,credito_vista,1,1,1712.73,0.025,2025-06-09,1669.92
vestuario,2025-05-10,credito_4x,1,4,951.49,0.035,2025-06-09,918.19
vestuario,2025-05-10,credito_4x,2,4,951.49,0.035,2025-07-09,918.19
vestuario,2025-05-10,credito_4x,3,4,951.49,0.035,2025-08-08,918.19
vestuario,2025-05-10,credito_4x,4,4,951.49,0.035,2025-09-07,918.19
vestuario,2025-05-11,pix,1,1,241.77,0.0,2025-05-11,241.77
vestuario,2025-05-11,debito,1,1,454.18,0.012,2025-05-12,448.73
vestuario,2025-05-11,credito_vista,1,1,390.62,0.025,2025-06-10,380.85
vestuario,2025-05-11,credito_4x,1,4,200.35,0.035,2025-06-10,193.33
vestuario,2025-05-11,credito_4x,2,4,200.35,0.035,2025-07-10,193.33
vestuario,2025-05-11,credito_4x,3,4,200.35,0.035,2025-08-09,193.33
vestuario,2025-05-11,credito_4x,4,4,200.35,0.035,2025-09-08,193.33
vestuario,2025-05-12,pix,1,1,538.35,0.0,2025-05-12,538.35
vestuario,2025-05-12,debito,1,1,537.14,0.012,2025-05-13,530.7
vestuario,2025-05-12,credito_vista,1,1,681.53,0.025,2025-06-11,664.49
vestuario,2025-05-12,credito_4x,1,4,376.57,0.035,2025-06-11,363.39
vestuario,2025-05-12,credito_4x,2,4,376.57,0.035,2025-07-11,363.39
vestuario,2025-05-12,credito_4x,3,4,376.57,0.035,2025-08-10,363.39
vestuario,2025-05-12,credito_4x,4,4,376.57,0.035,2025-09-09,363.39
vestuario,2025-05-13,pix,1,1,412.2,0.0,2025-05-13,412.2
vestuario,2025-05-13,debito,1,1,608.83,0.012,2025-05-14,601.52
vestuario,2025-05-13,credito_vista,1,1,751.5,0.025,2025-06-12,732.72
vestuario,2025-05-13,credito_4x,1,4,331.33,0.035,2025-06-12,319.73
vestuario,2025-05-13,credito_4x,2,4,331.33,0.035,2025-07-12,319.73
vestuario,2025-05-13,credito_4x,3,4,331.33,0.035,2025-08-11,319.73
vestuario,2025-05-13,credito_4x,4,4,331.33,0.035,2025-09-10,319.73
vestuario,2025-05-14,pix,1,1,373.12,0.0,2025-05-14,373.12
vestuario,2025-05-14,debito,1,1,553.67,0.012,2025-05-15,547.03
vestuario,2025-05-14,credito_vista,1,1,1032.59,0.025,2025-06-13,1006.77
vestuario,2025-05-14,credito_4x,1,4,435.22,0.035,2025-06-13,419.99
vestuario,2025-05-14,credito_4x,2,4,435.22,0.035,2025-07-13,419.99
vestuario,2025-05-14,credito_4x,3,4,435.22,0.035,2025-08-12,419.99
vestuario,2025-05-14,credito_4x,4,4,435.22,0.035,2025-09-11,419.99
vestuario,2025-05-15,pix,1,1,727.1,0.0,2025-05-15,727.1
vestuario,2025-05-15,debito,1,1,966.26,0.012,2025-05-16,954.66
vestuario,2025-05-15,credito_vista,1,1,1038.15,0.025,2025-06-14,1012.2
vestuario,2025-05-15,credito_4x,1,4,496.74,0.035,2025-06-14,479.35
vestuario,2025-05-15,credito_4x,2,4,496.74,0.035,2025-07-14,479.35
vestuario,2025-05-15,credito_4x,3,4,496.74,0.035,2025-08-13,479.35
vestuario,2025-05-15,credito_4x,4,4,496.74,0.035,2025-09-12,479.35
vestuario,2025-05-16,pix,1,1,726.02,0.0,2025-05-16,726.02
vestuario,2025-05-16,debito,1,1,854.44,0.012,2025-05-17,844.19
vestuario,2025-05-16,credito_vista,1,1,840.4,0.025,2025-06-15,819.39
vestuario,2025-05-16,credito_4x,1,4,529.74,0.035,2025-06-15,511.2
vestuario,2025-05-16,credito_4x,2,4,529.74,0.035,2025-07-15,511.2
vestuario,2025-05-16,credito_4x,3,4,529.74,0.035,2025-08-14,511.2
vestuario,2025-05-16,credito_4x,4,4,529.74,0.035,2025-09-13,511.2
vestuario,2025-05-17,pix,1,1,619.36,0.0,2025-05-17,619.36
vestuario,2025-05-17,debito,1,1,1159.72,0.012,2025-05-18,1145.81
vestuario,2025-05-17,credito_vista,1,1,1567.0,0.025,2025-06-16,1527.82
vestuario,2025-05-17,credito_4x,1,4,816.45,0.035,2025-06-16,787.88
vestuario,2025-05-17,credito_4x,2,4,816.45,0.035,2025-07-16,787.88
vestuario,2025-05-17,credito_4x,3,4,816.45,0.035,2025-08-15,787.88
vestuario,2025-05-17,credito_4x,4,4,816.45,0.035,2025-09-14,787.88
vestuario,2025-05-18,pix,1,1,190.92,0.0,2025-05-18,190.92
vestuario,2025-05-18,debito,1,1,283.96,0.012,2025-05-19,280.56
vestuario,2025-05-18,credito_vista,1,1,374.4,0.025,2025-06-17,365.04
vestuario,2025-05-18,credito_4x,1,4,204.21,0.035,2025-06-17,197.07
vestuario,2025-05-18,credito_4x,2,4,204.21,0.035,2025-07-17,197.07
vestuario,2025-05-18,credito_4x,3,4,204.21,0.035,2025-08-16,197.07
vestuario,2025-05-18,credito_4x,4,4,204.21,0.035,2025-09-15,197.07
vestuario,2025-05-19,pix,1,1,408.06,0.0,2025-05-19,408.06
vestuario,2025-05-19,debito,1,1,388.2,0.012,2025-05-20,383.54
vestuario,2025-05-19,credito_vista,1,1,670.9,0.025,2025-06-18,654.13
vestuario,2025-05-19,credito_4x,1,4,295.14,0.035,2025-06-18,284.81
vestuario,2025-05-19,credito_4x,2,4,295.14,0.035,2025-07-18,284.81
vestuario,2025-05-19,credito_4x,3,4,295.14,0.035,2025-08-17,284.81
vestuario,2025-05-19,credito_4x,4,4,295.14,0.035,2025-09-16,284.81
vestuario,2025-05-20,pix,1,1,484.65,0.0,2025-05-20,484.65
vestuario,2025-05-20,debito,1,1,594.78,0.012,2025-05-21,587.64
vestuario,2025-05-20,credito_vista,1,1,560.62,0.025,2025-06-19,546.6
vestuario,2025-05-20,credito_4x,1,4,503.81,0.035,2025-06-19,486.18
vestuario,2025-05-20,credito_4x,2,4,503.81,0.035,2025-07-19,486.18
vestuario,2025-05-20,credito_4x,3,4,503.81,0.035,2025-08-18,486.18
vestuario,2025-05-20,credito_4x,4,4,503.81,0.035,2025-09-17,486.18
vestuario,2025-05-21,pix,1,1,445.95,0.0,2025-05-21,445.95
vestuario,2025-05-21,debito,1,1,507.34,0.012,2025-05-22,501.26
vestuario,2025-05-21,credito_vista,1,1,631.05,0.025,2025-06-20,615.28
vestuario,2025-05-21,credito_4x,1,4,365.27,0.035,2025-06-20,352.48
vestuario,2025-05-21,credito_4x,2,4,365.27,0.035,2025-07-20,352.48
vestuario,2025-05-21,credito_4x,3,4,365.27,0.035,2025-08-19,352.48
vestuario,2025-05-21,credito_4x,4,4,365.27,0.035,2025-09-18,352.48
vestuario,2025-05-22,pix,1,1,500.59,0.0,2025-05-22,500.59
vestuario,2025-05-22,debito,1,1,646.66,0.012,2025-05-23,638.9
vestuario,2025-05-22,credito_vista,1,1,755.92,0.025,2025-06-21,737.02
vestuario,2025-05-22,credito_4x,1,4,569.16,0.035,2025-06-21,549.24
vestuario,2025-05-22,credito_4x,2,4,569.16,0.035,2025-07-21,549.24
vestuario,2025-05-22,credito_4x,3,4,569.16,0.035,2025-08-20,549.24
vestuario,2025-05-22,credito_4x,4,4,569.16,0.035,2025-09-19,549.24
vestuario,2025-05-23,pix,1,1,512.37,0.0,2025-05-23,512.37
vestuario,2025-05-23,debito,1,1,857.52,0.012,2025-05-24,847.23
vestuario,2025-05-23,credito_vista,1,1,1078.6,0.025,2025-06-22,1051.64
vestuario,2025-05-23,credito_4x,1,4,550.16,0.035,2025-06-22,530.9
vestuario,2025-05-23,credito_4x,2,4,550.16,0.035,2025-07-22,530.9
vestuario,2025-05-23,credito_4x,3,4,550.16,0.035,2025-08-21,530.9
vestuario,2025-05-23,credito_4x,4,4,550.16,0.035,2025-09-20,530.9
vestuario,2025-05-24,pix,1,1,863.13,0.0,2025-05-24,863.13
vestuario,2025-05-24,debito,1,1,1126.77,0.012,2025-05-25,1113.25
vestuario,2025-05-24,credito_vista,1,1,1130.59,0.025,2025-06-23,1102.33
vestuario,2025-05-24,credito_4x,1,4,656.2,0.035,2025-06-23,633.23
vestuario,2025-05-24,credito_4x,2,4,656.2,0.035,2025-07-23,633.23
vestuario,2025-05-24,credito_4x,3,4,656.2,0.035,2025-08-22,633.23
vestuario,2025-05-24,credito_4x,4,4,656.2,0.035,2025-09-21,633.23
vestuario,2025-05-25,pix,1,1,208.37,0.0,2025-05-25,208.37
vestuario,2025-05-25,debito,1,1,203.94,0.012,2025-05-26,201.49
vestuario,2025-05-25,credito_vista,1,1,275.82,0.025,2025-06-24,268.92
vestuario,2025-05-25,credito_4x,1,4,157.14,0.035,2025-06-24,151.64
vestuario,2025-05-25,credito_4x,2,4,157.14,0.035,2025-07-24,151.64
vestuario,2025-05-25,credito_4x,3,4,157.14,0.035,2025-08-23,151.64
vestuario,2025-05-25,credito_4x,4,4,157.14,0.035,2025-09-22,151.64
vestuario,2025-05-26,pix,1,1,375.32,0.0,2025-05-26,375.32
vestuario,2025-05-26,debito,1,1,454.09,0.012,2025-05-27,448.64
vestuario,2025-05-26,credito_vista,1,1,387.37,0.025,2025-06-25,377.69
vestuario,2025-05-26,credito_4x,1,4,255.68,0.035,2025-06-25,246.73
vestuario,2025-05-26,credito_4x,2,4,255.68,0.035,2025-07-25,246.73
vestuario,2025-05-26,credito_4x,3,4,255.68,0.035,2025-08-24,246.73
vestuario,2025-05-26,credito_4x,4,4,255.68,0.035,2025-09-23,246.73
vestuario,2025-05-27,pix,1,1,242.05,0.0,2025-05-27,242.05
vestuario,2025-05-27,debito,1,1,300.94,0.012,2025-05-28,297.33
vestuario,2025-05-27,credito_vista,1,1,392.47,0.025,2025-06-26,382.66
vestuario,2025-05-27,credito_4x,1,4,193.11,0.035,2025-06-26,186.35
vestuario,2025-05-27,credito_4x,2,4,193.11,0.035,2025-07-26,186.35
vestuario,2025-05-27,credito_4x,3,4,193.11,0.035,2025-08-25,186.35
vestuario,2025-05-27,credito_4x,4,4,193.11,0.035,2025-09-24,186.35
vestuario,2025-05-28,pix,1,1,396.36,0.0,2025-05-28,396.36
vestuario,2025-05-28,debito,1,1,518.94,0.012,2025-05-29,512.71
vestuario,2025-05-28,credito_vista,1,1,713.54,0.025,2025-06-27,695.7
vestuario,2025-05-28,credito_4x,1,4,360.69,0.035,2025-06-27,348.07
vestuario,2025-05-28,credito_4x,2,4,360.69,0.035,2025-07-27,348.07
vestuario,2025-05-28,credito_4x,3,4,360.69,0.035,2025-08-26,348.07
vestuario,2025-05-28,credito_4x,4,4,360.69,0.035,2025-09-25,348.07
vestuario,2025-05-29,pix,1,1,581.73,0.0,2025-05-29,581.73
vestuario,2025-05-29,debito,1,1,583.6,0.012,2025-05-30,576.6
vestuario,2025-05-29,credito_vista,1,1,688.3,0.025,2025-06-28,671.09
vestuario,2025-05-29,credito_4x,1,4,363.09,0.035,2025-06-28,350.38
vestuario,2025-05-29,credito_4x,2,4,363.09,0.035,2025-07-28,350.38
vestuario,2025-05-29,credito_4x,3,4,363.09,0.035,2025-08-27,350.38
vestuario,2025-05-29,credito_4x,4,4,363.09,0.035,2025-09-26,350.38
vestuario,2025-05-30,pix,1,1,502.41,0.0,2025-05-30,502.41
vestuario,2025-05-30,debito,1,1,590.62,0.012,2025-05-31,583.53
vestuario,2025-05-30,credito_vista,1,1,1060.25,0.025,2025-06-29,1033.75
vestuario,2025-05-30,credito_4x,1,4,581.07,0.035,2025-06-29,560.73
vestuario,2025-05-30,credito_4x,2,4,581.07,0.035,2025-07-29,560.73
vestuario,2025-05-30,credito_4x,3,4,581.07,0.035,2025-08-28,560.73
vestuario,2025-05-30,credito_4x,4,4,581.07,0.035,2025-09-27,560.73
vestuario,2025-05-31,pix,1,1,403.51,0.0,2025-05-31,403.51
vestuario,2025-05-31,debito,1,1,781.7,0.012,2025-06-01,772.32
vestuario,2025-05-31,credito_vista,1,1,1168.98,0.025,2025-06-30,1139.75
vestuario,2025-05-31,credito_4x,1,4,521.15,0.035,2025-06-30,502.91
vestuario,2025-05-31,credito_4x,2,4,521.15,0.035,2025-07-30,502.91
vestuario,2025-05-31,credito_4x,3,4,521.15,0.035,2025-08-29,502.91
vestuario,2025-05-31,credito_4x,4,4,521.15,0.035,2025-09-28,502.91
vestuario,2025-06-01,pix,1,1,495.22,0.0,2025-06-01,495.22
vestuario,2025-06-01,debito,1,1,412.64,0.012,2025-06-02,407.69
vestuario,2025-06-01,credito_vista,1,1,515.4,0.025,2025-07-01,502.52
vestuario,2025-06-01,credito_4x,1,4,364.35,0.035,2025-07-01,351.6
vestuario,2025-06-01,credito_4x,2,4,364.35,0.035,2025-07-31,351.6
vestuario,2025-06-01,credito_4x,3,4,364.35,0.035,2025-08-30,351.6
vestuario,2025-06-01,credito_4x,4,4,364.35,0.035,2025-09-29,351.6
vestuario,2025-06-02,pix,1,1,446.83,0.0,2025-06-02,446.83
vestuario,2025-06-02,debito,1,1,412.69,0.012,2025-06-03,407.74
vestuario,2025-06-02,credito_vista,1,1,705.99,0.025,2025-07-02,688.34
vestuario,2025-06-02,credito_4x,1,4,436.1,0.035,2025-07-02,420.84
vestuario,2025-06-02,credito_4x,2,4,436.1,0.035,2025-08-01,420.84
vestuario,2025-06-02,credito_4x,3,4,436.1,0.035,2025-08-31,420.84
vestuario,2025-06-02,credito_4x,4,4,436.1,0.035,2025-09-30,420.84
vestuario,2025-06-03,pix,1,1,414.21,0.0,2025-06-03,414.21
vestuario,2025-06-03,debito,1,1,597.83,0.012,2025-06-04,590.66
vestuario,2025-06-03,credito_vista,1,1,596.75,0.025,2025-07-03,581.83
vestuario,2025-06-03,credito_4x,1,4,371.91,0.035,2025-07-03,358.89
vestuario,2025-06-03,credito_4x,2,4,371.91,0.035,2025-08-02,358.89
vestuario,2025-06-03,credito_4x,3,4,371.91,0.035,2025-09-01,358.89
vestuario,2025-06-03,credito_4x,4,4,371.91,0.035,2025-10-01,358.89
vestuario,2025-06-04,pix,1,1,447.81,0.0,2025-06-04,447.81
vestuario,2025-06-04,debito,1,1,491.54,0.012,2025-06-05,485.64
vestuario,2025-06-04,credito_vista,1,1,811.71,0.025,2025-07-04,791.41
vestuario,2025-06-04,credito_4x,1,4,354.83,0.035,2025-07-04,342.41
vestuario,2025-06-04,credito_4x,2,4,354.83,0.035,2025-08-03,342.41
vestuario,2025-06-04,credito_4x,3,4,354.83,0.035,2025-09-02,342.41
vestuario,2025-06-04,credito_4x,4,4,354.83,0.035,2025-10-02,342.41
vestuario,2025-06-05,pix,1,1,394.01,0.0,2025-06-05,394.01
vestuario,2025-06-05,debito,1,1,559.24,0.012,2025-06-06,552.53
vestuario,2025-06-05,credito_vista,1,1,672.08,0.025,2025-07-05,655.28
vestuario,2025-06-05,credito_4x,1,4,290.28,0.035,2025-07-05,280.12
vestuario,2025-06-05,credito_4x,2,4,290.28,0.035,2025-08-04,280.12
vestuario,2025-06-05,credito_4x,3,4,290.28,0.035,2025-09-03,280.12
vestuario,2025-06-05,credito_4x,4,4,290.28,0.035,2025-10-03,280.12
vestuario,2025-06-06,pix,1,1,901.52,0.0,2025-06-06,901.52
vestuario,2025-06-06,debito,1,1,1002.66,0.012,2025-06-07,990.63
vestuario,2025-06-06,credito_vista,1,1,1750.71,0.025,2025-07-06,1706.94
vestuario,2025-06-06,credito_4x,1,4,892.1,0.035,2025-07-06,860.87
vestuario,2025-06-06,credito_4x,2,4,892.1,0.035,2025-08-05,860.87
vestuario,2025-06-06,credito_4x,3,4,892.1,0.035,2025-09-04,860.87
vestuario,2025-06-06,credito_4x,4,4,892.1,0.035,2025-10-04,860.87
vestuario,2025-06-07,pix,1,1,1104.58,0.0,2025-06-07,1104.58
vestuario,2025-06-07,debito,1,1,1651.86,0.012,2025-06-08,1632.04
vestuario,2025-06-07,credito_vista,1,1,2168.83,0.025,2025-07-07,2114.6
vestuario,2025-06-07,credito_4x,1,4,1110.69,0.035,2025-07-07,1071.82
vestuario,2025-06-07,credito_4x,2,4,1110.69,0.035,2025-08-06,1071.82
vestuario,2025-06-07,credito_4x,3,4,1110.69,0.035,2025-09-05,1071.82
vestuario,2025-06-07,credito_4x,4,4,1110.69,0.035,2025-10-05,1071.82
vestuario,2025-06-08,pix,1,1,269.67,0.0,2025-06-08,269.67
vestuario,2025-06-08,debito,1,1,415.35,0.012,2025-06-09,410.37
vestuario,2025-06-08,credito_vista,1,1,473.08,0.025,2025-07-08,461.25
vestuario,2025-06-08,credito_4x,1,4,282.97,0.035,2025-07-08,273.06
vestuario,2025-06-08,credito_4x,2,4,282.97,0.035,2025-08-07,273.06
vestuario,2025-06-08,credito_4x,3,4,282.97,0.035,2025-09-06,273.06
vestuario,2025-06-08,credito_4x,4,4,282.97,0.035,2025-10-06,273.06
vestuario,2025-06-09,pix,1,1,368.8,0.0,2025-06-09,368.8
vestuario,2025-06-09,debito,1,1,686.69,0.012,2025-06-10,678.45
vestuario,2025-06-09,credito_vista,1,1,528.46,0.025,2025-07-09,515.25
vestuario,2025-06-09,credito_4x,1,4,325.19,0.035,2025-07-09,313.81
vestuario,2025-06-09,credito_4x,2,4,325.19,0.035,2025-08-08,313.81
vestuario,2025-06-09,credito_4x,3,4,325.19,0.035,2025-09-07,313.81
vestuario,2025-06-09,credito_4x,4,4,325.19,0.035,2025-10-07,313.81
vestuario,2025-06-10,pix,1,1,588.97,0.0,2025-06-10,588.97
vestuario,2025-06-10,debito,1,1,990.27,0.012,2025-06-11,978.38
vestuario,2025-06-10,credito_vista,1,1,975.81,0.025,2025-07-10,951.41
vestuario,2025-06-10,credito_4x,1,4,694.92,0.035,2025-07-10,670.6
vestuario,2025-06-10,credito_4x,2,4,694.92,0.035,2025-08-09,670.6
vestuario,2025-06-10,credito_4x,3,4,694.92,0.035,2025-09-08,670.6
vestuario,2025-06-10,credito_4x,4,4,694.92,0.035,2025-10-08,670.6
vestuario,2025-06-11,pix,1,1,331.04,0.0,2025-06-11,331.04
vestuario,2025-06-11,debito,1,1,549.06,0.012,2025-06-12,542.47
vestuario,2025-06-11,credito_vista,1,1,618.9,0.025,2025-07-11,603.43
vestuario,2025-06-11,credito_4x,1,4,414.15,0.035,2025-07-11,399.65
vestuario,2025-06-11,credito_4x,2,4,414.15,0.035,2025-08-10,399.65
vestuario,2025-06-11,credito_4x,3,4,414.15,0.035,2025-09-09,399.65
vestuario,2025-06-11,credito_4x,4,4,414.15,0.035,2025-10-09,399.65
vestuario,2025-06-12,pix,1,1,477.7,0.0,2025-06-12,477.7
vestuario,2025-06-12,debito,1,1,467.54,0.012,2025-06-13,461.93
vestuario,2025-06-12,credito_vista,1,1,731.49,0.025,2025-07-12,713.2
vestuario,2025-06-12,credito_4x,1,4,473.94,0.035,2025-07-12,457.35
vestuario,2025-06-12,credito_4x,2,4,473.94,0.035,2025-08-11,457.35
vestuario,2025-06-12,credito_4x,3,4,473.94,0.035,2025-09-10,457.35
vestuario,2025-06-12,credito_4x,4,4,473.94,0.035,2025-10-10,457.35
vestuario,2025-06-13,pix,1,1,1041.32,0.0,2025-06-13,1041.32
vestuario,2025-06-13,debito,1,1,1239.38,0.012,2025-06-14,1224.51
vestuario,2025-06-13,credito_vista,1,1,856.96,0.025,2025-07-13,835.53
vestuario,2025-06-13,credito_4x,1,4,713.75,0.035,2025-07-13,688.77
vestuario,2025-06-13,credito_4x,2,4,713.75,0.035,2025-08-12,688.77
vestuario,2025-06-13,credito_4x,3,4,713.75,0.035,2025-09-11,688.77
vestuario,2025-06-13,credito_4x,4,4,713.75,0.035,2025-10-11,688.77
vestuario,2025-06-14,pix,1,1,1112.06,0.0,2025-06-14,1112.06
vestuario,2025-06-14,debito,1,1,1088.7,0.012,2025-06-15,1075.64
vestuario,2025-06-14,credito_vista,1,1,1180.01,0.025,2025-07-14,1150.51
vestuario,2025-06-14,credito_4x,1,4,891.07,0.035,2025-07-14,859.88
vestuario,2025-06-14,credito_4x,2,4,891.07,0.035,2025-08-13,859.88
vestuario,2025-06-14,credito_4x,3,4,891.07,0.035,2025-09-12,859.88
vestuario,2025-06-14,credito_4x,4,4,891.07,0.035,2025-10-12,859.88
vestuario,2025-06-15,pix,1,1,471.46,0.0,2025-06-15,471.46
vestuario,2025-06-15,debito,1,1,495.96,0.012,2025-06-16,490.0
vestuario,2025-06-15,credito_vista,1,1,493.1,0.025,2025-07-15,480.77
vestuario,2025-06-15,credito_4x,1,4,267.38,0.035,2025-07-15,258.02
vestuario,2025-06-15,credito_4x,2,4,267.38,0.035,2025-08-14,258.02
vestuario,2025-06-15,credito_4x,3,4,267.38,0.035,2025-09-13,258.02
vestuario,2025-06-15,credito_4x,4,4,267.38,0.035,2025-10-13,258.02
vestuario,2025-06-16,pix,1,1,454.55,0.0,2025-06-16,454.55
vestuario,2025-06-16,debito,1,1,519.72,0.012,2025-06-17,513.48
vestuario,2025-06-16,credito_vista,1,1,709.43,0.025,2025-07-16,691.7
vestuario,2025-06-16,credito_4x,1,4,377.46,0.035,2025-07-16,364.25
vestuario,2025-06-16,credito_4x,2,4,377.46,0.035,2025-08-15,364.25
vestuario,2025-06-16,credito_4x,3,4,377.46,0.035,2025-09-14,364.25
vestuario,2025-06-16,credito_4x,4,4,377.46,0.035,2025-10-14,364.25
vestuario,2025-06-17,pix,1,1,338.37,0.0,2025-06-17,338.37
vestuario,2025-06-17,debito,1,1,408.32,0.012,2025-06-18,403.42
vestuario,2025-06-17,credito_vista,1,1,651.79,0.025,2025-07-17,635.5
vestuario,2025-06-17,credito_4x,1,4,383.79,0.035,2025-07-17,370.36
vestuario,2025-06-17,credito_4x,2,4,383.79,0.035,2025-08-16,370.36
vestuario,2025-06-17,credito_4x,3,4,383.79,0.035,2025-09-15,370.36
vestuario,2025-06-17,credito_4x,4,4,383.79,0.035,2025-10-15,370.36
vestuario,2025-06-18,pix,1,1,405.2,0.0,2025-06-18,405.2
vestuario,2025-06-18,debito,1,1,473.34,0.012,2025-06-19,467.66
vestuario,2025-06-18,credito_vista,1,1,817.7,0.025,2025-07-18,797.26
vestuario,2025-06-18,credito_4x,1,4,311.67,0.035,2025-07-18,300.76
vestuario,2025-06-18,credito_4x,2,4,311.67,0.035,2025-08-17,300.76
vestuario,2025-06-18,credito_4x,3,4,311.67,0.035,2025-09-16,300.76
vestuario,2025-06-18,credito_4x,4,4,311.67,0.035,2025-10-16,300.76
vestuario,2025-06-19,pix,1,1,161.63,0.0,2025-06-19,161.63
vestuario,2025-06-19,debito,1,1,504.96,0.012,2025-06-20,498.9
vestuario,2025-06-19,credito_vista,1,1,524.32,0.025,2025-07-19,511.21
vestuario,2025-06-19,credito_4x,1,4,262.58,0.035,2025-07-19,253.39
vestuario,2025-06-19,credito_4x,2,4,262.58,0.035,2025-08-18,253.39
vestuario,2025-06-19,credito_4x,3,4,262.58,0.035,2025-09-17,253.39
vestuario,2025-06-19,credito_4x,4,4,262.58,0.035,2025-10-17,253.39
vestuario,2025-06-20,pix,1,1,686.49,0.0,2025-06-20,686.49
vestuario,2025-06-20,debito,1,1,821.9,0.012,2025-06-21,812.03
vestuario,2025-06-20,credito_vista,1,1,816.95,0.025,2025-07-20,796.53
vestuario,2025-06-20,credito_4x,1,4,480.91,0.035,2025-07-20,464.08
vestuario,2025-06-20,credito_4x,2,4,480.91,0.035,2025-08-19,464.08
vestuario,2025-06-20,credito_4x,3,4,480.91,0.035,2025-09-18,464.08
vestuario,2025-06-20,credito_4x,4,4,480.91,0.035,2025-10-18,464.08
vestuario,2025-06-21,pix,1,1,745.84,0.0,2025-06-21,745.84
vestuario,2025-06-21,debito,1,1,1285.29,0.012,2025-06-22,1269.87
vestuario,2025-06-21,credito_vista,1,1,1513.37,0.025,2025-07-21,1475.54
vestuario,2025-06-21,credito_4x,1,4,1000.98,0.035,2025-07-21,965.94
vestuario,2025-06-21,credito_4x,2,4,1000.98,0.035,2025-08-20,965.94
vestuario,2025-06-21,credito_4x,3,4,1000.98,0.035,2025-09-19,965.94
vestuario,2025-06-21,credito_4x,4,4,1000.98,0.035,2025-10-19,965.94
vestuario,2025-06-22,pix,1,1,242.79,0.0,2025-06-22,242.79
vestuario,2025-06-22,debito,1,1,341.09,0.012,2025-06-23,336.99
vestuario,2025-06-22,credito_vista,1,1,413.86,0.025,2025-07-22,403.51
vestuario,2025-06-22,credito_4x,1,4,229.99,0.035,2025-07-22,221.94
vestuario,2025-06-22,credito_4x,2,4,229.99,0.035,2025-08-21,221.94
vestuario,2025-06-22,credito_4x,3,4,229.99,0.035,2025-09-20,221.94
vestuario,2025-06-22,credito_4x,4,4,229.99,0.035,2025-10-20,221.94
vestuario,2025-06-23,pix,1,1,344.49,0.0,2025-06-23,344.49
vestuario,2025-06-23,debito,1,1,449.24,0.012,2025-06-24,443.85
vestuario,2025-06-23,credito_vista,1,1,729.97,0.025,2025-07-23,711.72
vestuario,2025-06-23,credito_4x,1,4,374.87,0.035,2025-07-23,361.75
vestuario,2025-06-23,credito_4x,2,4,374.87,0.035,2025-08-22,361.75
vestuario,2025-06-23,credito_4x,3,4,374.87,0.035,2025-09-21,361.75
vestuario,2025-06-23,credito_4x,4,4,374.87,0.035,2025-10-21,361.75
vestuario,2025-06-24,pix,1,1,311.85,0.0,2025-06-24,311.85
vestuario,2025-06-24,debito,1,1,329.15,0.012,2025-06-25,325.2
vestuario,2025-06-24,credito_vista,1,1,592.81,0.025,2025-07-24,577.99
vestuario,2025-06-24,credito_4x,1,4,315.47,0.035,2025-07-24,304.43
vestuario,2025-06-24,credito_4x,2,4,315.47,0.035,2025-08-23,304.43
vestuario,2025-06-24,credito_4x,3,4,315.47,0.035,2025-09-22,304.43
vestuario,2025-06-24,credito_4x,4,4,315.47,0.035,2025-10-22,304.43
vestuario,2025-06-25,pix,1,1,473.41,0.0,2025-06-25,473.41
vestuario,2025-06-25,debito,1,1,513.14,0.012,2025-06-26,506.99
vestuario,2025-06-25,credito_vista,1,1,777.97,0.025,2025-07-25,758.52
vestuario,2025-06-25,credito_4x,1,4,286.35,0.035,2025-07-25,276.32
vestuario,2025-06-25,credito_4x,2,4,286.35,0.035,2025-08-24,276.32
vestuario,2025-06-25,credito_4x,3,4,286.35,0.035,2025-09-23,276.32
vestuario,2025-06-25,credito_4x,4,4,286.35,0.035,2025-10-23,276.32
vestuario,2025-06-26,pix,1,1,639.44,0.0,2025-06-26,639.44
vestuario,2025-06-26,debito,1,1,688.31,0.012,2025-06-27,680.05
vestuario,2025-06-26,credito_vista,1,1,817.42,0.025,2025-07-26,796.98
vestuario,2025-06-26,credito_4x,1,4,404.29,0.035,2025-07-26,390.14
vestuario,2025-06-26,credito_4x,2,4,404.29,0.035,2025-08-25,390.14
vestuario,2025-06-26,credito_4x,3,4,404.29,0.035,2025-09-24,390.14
vestuario,2025-06-26,credito_4x,4,4,404.29,0.035,2025-10-24,390.14
vestuario,2025-06-27,pix,1,1,461.72,0.0,2025-06-27,461.72
vestuario,2025-06-27,debito,1,1,626.78,0.012,2025-06-28,619.26
vestuario,2025-06-27,credito_vista,1,1,1140.55,0.025,2025-07-27,1112.04
vestuario,2025-06-27,credito_4x,1,4,452.33,0.035,2025-07-27,436.5
vestuario,2025-06-27,credito_4x,2,4,452.33,0.035,2025-08-26,436.5
vestuario,2025-06-27,credito_4x,3,4,452.33,0.035,2025-09-25,436.5
vestuario,2025-06-27,credito_4x,4,4,452.33,0.035,2025-10-25,436.5
vestuario,2025-06-28,pix,1,1,679.29,0.0,2025-06-28,679.29
vestuario,2025-06-28,debito,1,1,969.25,0.012,2025-06-29,957.62
vestuario,2025-06-28,credito_vista,1,1,1169.52,0.025,2025-07-28,1140.28
vestuario,2025-06-28,credito_4x,1,4,569.05,0.035,2025-07-28,549.13
vestuario,2025-06-28,credito_4x,2,4,569.05,0.035,2025-08-27,549.13
vestuario,2025-06-28,credito_4x,3,4,569.05,0.035,2025-09-26,549.13
vestuario,2025-06-28,credito_4x,4,4,569.05,0.035,2025-10-26,549.13
vestuario,2025-06-29,pix,1,1,201.82,0.0,2025-06-29,201.82
vestuario,2025-06-29,debito,1,1,215.64,0.012,2025-06-30,213.06
vestuario,2025-06-29,credito_vista,1,1,218.49,0.025,2025-07-29,213.03
vestuario,2025-06-29,credito_4x,1,4,125.69,0.035,2025-07-29,121.29
vestuario,2025-06-29,credito_4x,2,4,125.69,0.035,2025-08-28,121.29
vestuario,2025-06-29,credito_4x,3,4,125.69,0.035,2025-09-27,121.29
vestuario,2025-06-29,credito_4x,4,4,125.69,0.035,2025-10-27,121.29
vestuario,2025-06-30,pix,1,1,252.89,0.0,2025-06-30,252.89
vestuario,2025-06-30,debito,1,1,535.34,0.012,2025-07-01,528.92
vestuario,2025-06-30,credito_vista,1,1,686.7,0.025,2025-07-30,669.53
vestuario,2025-06-30,credito_4x,1,4,361.38,0.035,2025-07-30,348.74
vestuario,2025-06-30,credito_4x,2,4,361.38,0.035,2025-08-29,348.74
vestuario,2025-06-30,credito_4x,3,4,361.38,0.035,2025-09-28,348.74
vestuario,2025-06-30,credito_4x,4,4,361.38,0.035,2025-10-28,348.74
vestuario,2025-07-01,pix,1,1,165.89,0.0,2025-07-01,165.89
vestuario,2025-07-01,debito,1,1,199.87,0.012,2025-07-02,197.48
vestuario,2025-07-01,credito_vista,1,1,253.57,0.025,2025-07-31,247.23
vestuario,2025-07-01,credito_4x,1,4,136.44,0.035,2025-07-31,131.66
vestuario,2025-07-01,credito_4x,2,4,136.44,0.035,2025-08-30,131.66
vestuario,2025-07-01,credito_4x,3,4,136.44,0.035,2025-09-29,131.66
vestuario,2025-07-01,credito_4x,4,4,136.44,0.035,2025-10-29,131.66
vestuario,2025-07-02,pix,1,1,760.91,0.0,2025-07-02,760.91
vestuario,2025-07-02,debito,1,1,583.5,0.012,2025-07-03,576.5
vestuario,2025-07-02,credito_vista,1,1,962.54,0.025,2025-08-01,938.47
vestuario,2025-07-02,credito_4x,1,4,497.52,0.035,2025-08-01,480.11
vestuario,2025-07-02,credito_4x,2,4,497.52,0.035,2025-08-31,480.11
vestuario,2025-07-02,credito_4x,3,4,497.52,0.035,2025-09-30,480.11
vestuario,2025-07-02,credito_4x,4,4,497.52,0.035,2025-10-30,480.11
vestuario,2025-07-03,pix,1,1,1335.18,0.0,2025-07-03,1335.18
vestuario,2025-07-03,debito,1,1,1501.69,0.012,2025-07-04,1483.67
vestuario,2025-07-03,credito_vista,1,1,1364.98,0.025,2025-08-02,1330.86
vestuario,2025-07-03,credito_4x,1,4,671.38,0.035,2025-08-02,647.88
vestuario,2025-07-03,credito_4x,2,4,671.38,0.035,2025-09-01,647.88
vestuario,2025-07-03,credito_4x,3,4,671.38,0.035,2025-10-01,647.88
vestuario,2025-07-03,credito_4x,4,4,671.38,0.035,2025-10-31,647.88
vestuario,2025-07-04,pix,1,1,365.39,0.0,2025-07-04,365.39
vestuario,2025-07-04,debito,1,1,795.81,0.012,2025-07-05,786.26
vestuario,2025-07-04,credito_vista,1,1,614.69,0.025,2025-08-03,599.32
vestuario,2025-07-04,credito_4x,1,4,437.1,0.035,2025-08-03,421.8
vestuario,2025-07-04,credito_4x,2,4,437.1,0.035,2025-09-02,421.8
vestuario,2025-07-04,credito_4x,3,4,437.1,0.035,2025-10-02,421.8
vestuario,2025-07-04,credito_4x,4,4,437.1,0.035,2025-11-01,421.8
vestuario,2025-07-05,pix,1,1,1058.57,0.0,2025-07-05,1058.57
vestuario,2025-07-05,debito,1,1,972.88,0.012,2025-07-06,961.2
vestuario,2025-07-05,credito_vista,1,1,1515.64,0.025,2025-08-04,1477.75
vestuario,2025-07-05,credito_4x,1,4,776.54,0.035,2025-08-04,749.36
vestuario,2025-07-05,credito_4x,2,4,776.54,0.035,2025-09-03,749.36
vestuario,2025-07-05,credito_4x,3,4,776.54,0.035,2025-10-03,749.36
vestuario,2025-07-05,credito_4x,4,4,776.54,0.035,2025-11-02,749.36
vestuario,2025-07-06,pix,1,1,206.95,0.0,2025-07-06,206.95
vestuario,2025-07-06,debito,1,1,284.47,0.012,2025-07-07,281.06
vestuario,2025-07-06,credito_vista,1,1,464.1,0.025,2025-08-05,452.5
vestuario,2025-07-06,credito_4x,1,4,253.85,0.035,2025-08-05,244.96
vestuario,2025-07-06,credito_4x,2,4,253.85,0.035,2025-09-04,244.96
vestuario,2025-07-06,credito_4x,3,4,253.85,0.035,2025-10-04,244.96
vestuario,2025-07-06,credito_4x,4,4,253.85,0.035,2025-11-03,244.96
vestuario,2025-07-07,pix,1,1,417.26,0.0,2025-07-07,417.26
vestuario,2025-07-07,debito,1,1,660.75,0.012,2025-07-08,652.82
vestuario,2025-07-07,credito_vista,1,1,758.97,0.025,2025-08-06,740.0
vestuario,2025-07-07,credito_4x,1,4,328.22,0.035,2025-08-06,316.73
vestuario,2025-07-07,credito_4x,2,4,328.22,0.035,2025-09-05,316.73
vestuario,2025-07-07,credito_4x,3,4,328.22,0.035,2025-10-05,316.73
vestuario,2025-07-07,credito_4x,4,4,328.22,0.035,2025-11-04,316.73
vestuario,2025-07-08,pix,1,1,601.05,0.0,2025-07-08,601.05
vestuario,2025-07-08,debito,1,1,606.12,0.012,2025-07-09,598.84
vestuario,2025-07-08,credito_vista,1,1,1008.64,0.025,2025-08-07,983.43
vestuario,2025-07-08,credito_4x,1,4,588.84,0.035,2025-08-07,568.23
vestuario,2025-07-08,credito_4x,2,4,588.84,0.035,2025-09-06,568.23
vestuario,2025-07-08,credito_4x,3,4,588.84,0.035,2025-10-06,568.23
vestuario,2025-07-08,credito_4x,4,4,588.84,0.035,2025-11-05,568.23
vestuario,2025-07-09,pix,1,1,639.99,0.0,2025-07-09,639.99
vestuario,2025-07-09,debito,1,1,801.92,0.012,2025-07-10,792.29
vestuario,2025-07-09,credito_vista,1,1,1090.31,0.025,2025-08-08,1063.06
vestuario,2025-07-09,credito_4x,1,4,453.72,0.035,2025-08-08,437.84
vestuario,2025-07-09,credito_4x,2,4,453.72,0.035,2025-09-07,437.84
vestuario,2025-07-09,credito_4x,3,4,453.72,0.035,2025-10-07,437.84
vestuario,2025-07-09,credito_4x,4,4,453.72,0.035,2025-11-06,437.84
vestuario,2025-07-10,pix,1,1,812.69,0.0,2025-07-10,812.69
vestuario,2025-07-10,debito,1,1,1116.35,0.012,2025-07-11,1102.96
vestuario,2025-07-10,credito_vista,1,1,731.36,0.025,2025-08-09,713.08
vestuario,2025-07-10,credito_4x,1,4,464.34,0.035,2025-08-09,448.08
vestuario,2025-07-10,credito_4x,2,4,464.34,0.035,2025-09-08,448.08
vestuario,2025-07-10,credito_4x,3,4,464.34,0.035,2025-10-08,448.08
vestuario,2025-07-10,credito_4x,4,4,464.34,0.035,2025-11-07,448.08
vestuario,2025-07-11,pix,1,1,678.11,0.0,2025-07-11,678.11
vestuario,2025-07-11,debito,1,1,856.85,0.012,2025-07-12,846.57
vestuario,2025-07-11,credito_vista,1,1,1088.81,0.025,2025-08-10,1061.59
vestuario,2025-07-11,credito_4x,1,4,649.13,0.035,2025-08-10,626.41
vestuario,2025-07-11,credito_4x,2,4,649.13,0.035,2025-09-09,626.41
vestuario,2025-07-11,credito_4x,3,4,649.13,0.035,2025-10-09,626.41
vestuario,2025-07-11,credito_4x,4,4,649.13,0.035,2025-11-08,626.41
vestuario,2025-07-12,pix,1,1,934.32,0.0,2025-07-12,934.32
vestuario,2025-07-12,debito,1,1,884.21,0.012,2025-07-13,873.6
vestuario,2025-07-12,credito_vista,1,1,1565.81,0.025,2025-08-11,1526.67
vestuario,2025-07-12,credito_4x,1,4,638.43,0.035,2025-08-11,616.09
vestuario,2025-07-12,credito_4x,2,4,638.43,0.035,2025-09-10,616.09
vestuario,2025-07-12,credito_4x,3,4,638.43,0.035,2025-10-10,616.09
vestuario,2025-07-12,credito_4x,4,4,638.43,0.035,2025-11-09,616.09
vestuario,2025-07-13,pix,1,1,564.09,0.0,2025-07-13,564.09
vestuario,2025-07-13,debito,1,1,623.39,0.012,2025-07-14,615.91
vestuario,2025-07-13,credito_vista,1,1,538.47,0.025,2025-08-12,525.01
vestuario,2025-07-13,credito_4x,1,4,274.86,0.035,2025-08-12,265.24
vestuario,2025-07-13,credito_4x,2,4,274.86,0.035,2025-09-11,265.24
vestuario,2025-07-13,credito_4x,3,4,274.86,0.035,2025-10-11,265.24
vestuario,2025-07-13,credito_4x,4,4,274.86,0.035,2025-11-10,265.24
vestuario,2025-07-14,pix,1,1,384.88,0.0,2025-07-14,384.88
vestuario,2025-07-14,debito,1,1,534.41,0.012,2025-07-15,528.0
vestuario,2025-07-14,credito_vista,1,1,840.05,0.025,2025-08-13,819.04
vestuario,2025-07-14,credito_4x,1,4,322.92,0.035,2025-08-13,311.62
vestuario,2025-07-14,credito_4x,2,4,322.92,0.035,2025-09-12,311.62
vestuario,2025-07-14,credito_4x,3,4,322.92,0.035,2025-10-12,311.62
vestuario,2025-07-14,credito_4x,4,4,322.92,0.035,2025-11-11,311.62
vestuario,2025-07-15,pix,1,1,311.87,0.0,2025-07-15,311.87
vestuario,2025-07-15,debito,1,1,702.98,0.012,2025-07-16,694.54
vestuario,2025-07-15,credito_vista,1,1,673.85,0.025,2025-08-14,657.0
vestuario,2025-07-15,credito_4x,1,4,395.09,0.035,2025-08-14,381.26
vestuario,2025-07-15,credito_4x,2,4,395.09,0.035,2025-09-13,381.26
vestuario,2025-07-15,credito_4x,3,4,395.09,0.035,2025-10-13,381.26
vestuario,2025-07-15,credito_4x,4,4,395.09,0.035,2025-11-12,381.26
vestuario,2025-07-16,pix,1,1,274.84,0.0,2025-07-16,274.84
vestuario,2025-07-16,debito,1,1,387.87,0.012,2025-07-17,383.22
vestuario,2025-07-16,credito_vista,1,1,485.75,0.025,2025-08-15,473.6
vestuario,2025-07-16,credito_4x,1,4,229.89,0.035,2025-08-15,221.84
vestuario,2025-07-16,credito_4x,2,4,229.89,0.035,2025-09-14,221.84
vestuario,2025-07-16,credito_4x,3,4,229.89,0.035,2025-10-14,221.84
vestuario,2025-07-16,credito_4x,4,4,229.89,0.035,2025-11-13,221.84
vestuario,2025-07-17,pix,1,1,438.77,0.0,2025-07-17,438.77
vestuario,2025-07-17,debito,1,1,605.99,0.012,2025-07-18,598.72
vestuario,2025-07-17,credito_vista,1,1,732.1,0.025,2025-08-16,713.8
vestuario,2025-07-17,credito_4x,1,4,365.96,0.035,2025-08-16,353.15
vestuario,2025-07-17,credito_4x,2,4,365.96,0.035,2025-09-15,353.15
vestuario,2025-07-17,credito_4x,3,4,365.96,0.035,2025-10-15,353.15
vestuario,2025-07-17,credito_4x,4,4,365.96,0.035,2025-11-14,353.15
vestuario,2025-07-18,pix,1,1,617.89,0.0,2025-07-18,617.89
vestuario,2025-07-18,debito,1,1,1311.61,0.012,2025-07-19,1295.87
vestuario,2025-07-18,credito_vista,1,1,1155.6,0.025,2025-08-17,1126.71
vestuario,2025-07-18,credito_4x,1,4,610.44,0.035,2025-08-17,589.08
vestuario,2025-07-18,credito_4x,2,4,610.44,0.035,2025-09-16,589.08
vestuario,2025-07-18,credito_4x,3,4,610.44,0.035,2025-10-16,589.08
vestuario,2025-07-18,credito_4x,4,4,610.44,0.035,2025-11-15,589.08
vestuario,2025-07-19,pix,1,1,776.75,0.0,2025-07-19,776.75
vestuario,2025-07-19,debito,1,1,624.95,0.012,2025-07-20,617.45
vestuario,2025-07-19,credito_vista,1,1,1059.38,0.025,2025-08-18,1032.9
vestuario,2025-07-19,credito_4x,1,4,422.59,0.035,2025-08-18,407.8
vestuario,2025-07-19,credito_4x,2,4,422.59,0.035,2025-09-17,407.8
vestuario,2025-07-19,credito_4x,3,4,422.59,0.035,2025-10-17,407.8
vestuario,2025-07-19,credito_4x,4,4,422.59,0.035,2025-11-16,407.8
vestuario,2025-07-20,pix,1,1,150.23,0.0,2025-07-20,150.23
vestuario,2025-07-20,debito,1,1,193.88,0.012,2025-07-21,191.55
vestuario,2025-07-20,credito_vista,1,1,145.82,0.025,2025-08-19,142.18
vestuario,2025-07-20,credito_4x,1,4,94.46,0.035,2025-08-19,91.16
vestuario,2025-07-20,credito_4x,2,4,94.46,0.035,2025-09-18,91.16
vestuario,2025-07-20,credito_4x,3,4,94.46,0.035,2025-10-18,91.16
vestuario,2025-07-20,credito_4x,4,4,94.46,0.035,2025-11-17,91.16
vestuario,2025-07-21,pix,1,1,313.56,0.0,2025-07-21,313.56
vestuario,2025-07-21,debito,1,1,452.41,0.012,2025-07-22,446.98
vestuario,2025-07-21,credito_vista,1,1,626.56,0.025,2025-08-20,610.9
vestuario,2025-07-21,credito_4x,1,4,390.59,0.035,2025-08-20,376.92
vestuario,2025-07-21,credito_4x,2,4,390.59,0.035,2025-09-19,376.92
vestuario,2025-07-21,credito_4x,3,4,390.59,0.035,2025-10-19,376.92
vestuario,2025-07-21,credito_4x,4,4,390.59,0.035,2025-11-18,376.92
vestuario,2025-07-22,pix,1,1,560.53,0.0,2025-07-22,560.53
vestuario,2025-07-22,debito,1,1,746.17,0.012,2025-07-23,737.22
vestuario,2025-07-22,credito_vista,1,1,804.14,0.025,2025-08-21,784.03
vestuario,2025-07-22,credito_4x,1,4,485.76,0.035,2025-08-21,468.76
vestuario,2025-07-22,credito_4x,2,4,485.76,0.035,2025-09-20,468.76
vestuario,2025-07-22,credito_4x,3,4,485.76,0.035,2025-10-20,468.76
vestuario,2025-07-22,credito_4x,4,4,485.76,0.035,2025-11-19,468.76
vestuario,2025-07-23,pix,1,1,334.76,0.0,2025-07-23,334.76
vestuario,2025-07-23,debito,1,1,646.42,0.012,2025-07-24,638.66
vestuario,2025-07-23,credito_vista,1,1,761.31,0.025,2025-08-22,742.28
vestuario,2025-07-23,credito_4x,1,4,395.78,0.035,2025-08-22,381.93
vestuario,2025-07-23,credito_4x,2,4,395.78,0.035,2025-09-21,381.93
vestuario,2025-07-23,credito_4x,3,4,395.78,0.035,2025-10-21,381.93
vestuario,2025-07-23,credito_4x,4,4,395.78,0.035,2025-11-20,381.93
vestuario,2025-07-24,pix,1,1,490.01,0.0,2025-07-24,490.01
vestuario,2025-07-24,debito,1,1,426.99,0.012,2025-07-25,421.86
vestuario,2025-07-24,credito_vista,1,1,663.69,0.025,2025-08-23,647.1
vestuario,2025-07-24,credito_4x,1,4,451.65,0.035,2025-08-23,435.84
vestuario,2025-07-24,credito_4x,2,4,451.65,0.035,2025-09-22,435.84
vestuario,2025-07-24,credito_4x,3,4,451.65,0.035,2025-10-22,435.84
vestuario,2025-07-24,credito_4x,4,4,451.65,0.035,2025-11-21,435.84
vestuario,2025-07-25,pix,1,1,295.51,0.0,2025-07-25,295.51
vestuario,2025-07-25,debito,1,1,306.03,0.012,2025-07-26,302.36
vestuario,2025-07-25,credito_vista,1,1,502.98,0.025,2025-08-24,490.41
vestuario,2025-07-25,credito_4x,1,4,255.31,0.035,2025-08-24,246.38
vestuario,2025-07-25,credito_4x,2,4,255.31,0.035,2025-09-23,246.38
vestuario,2025-07-25,credito_4x,3,4,255.31,0.035,2025-10-23,246.38
vestuario,2025-07-25,credito_4x,4,4,255.31,0.035,2025-11-22,246.38
vestuario,2025-07-26,pix,1,1,882.34,0.0,2025-07-26,882.34
vestuario,2025-07-26,debito,1,1,766.29,0.012,2025-07-27,757.09
vestuario,2025-07-26,credito_vista,1,1,966.45,0.025,2025-08-25,942.29
vestuario,2025-07-26,credito_4x,1,4,663.05,0.035,2025-08-25,639.85
vestuario,2025-07-26,credito_4x,2,4,663.05,0.035,2025-09-24,639.85
vestuario,2025-07-26,credito_4x,3,4,663.05,0.035,2025-10-24,639.85
vestuario,2025-07-26,credito_4x,4,4,663.05,0.035,2025-11-23,639.85
vestuario,2025-07-27,pix,1,1,169.73,0.0,2025-07-27,169.73
vestuario,2025-07-27,debito,1,1,235.69,0.012,2025-07-28,232.86
vestuario,2025-07-27,credito_vista,1,1,436.76,0.025,2025-08-26,425.84
vestuario,2025-07-27,credito_4x,1,4,174.97,0.035,2025-08-26,168.85
vestuario,2025-07-27,credito_4x,2,4,174.97,0.035,2025-09-25,168.85
vestuario,2025-07-27,credito_4x,3,4,174.97,0.035,2025-10-25,168.85
vestuario,2025-07-27,credito_4x,4,4,174.97,0.035,2025-11-24,168.85
vestuario,2025-07-28,pix,1,1,200.73,0.0,2025-07-28,200.73
vestuario,2025-07-28,debito,1,1,219.11,0.012,2025-07-29,216.48
vestuario,2025-07-28,credito_vista,1,1,345.89,0.025,2025-08-27,337.25
vestuario,2025-07-28,credito_4x,1,4,172.04,0.035,2025-08-27,166.02
vestuario,2025-07-28,credito_4x,2,4,172.04,0.035,2025-09-26,166.02
vestuario,2025-07-28,credito_4x,3,4,172.04,0.035,2025-10-26,166.02
vestuario,2025-07-28,credito_4x,4,4,172.04,0.035,2025-11-25,166.02
vestuario,2025-07-29,pix,1,1,360.24,0.0,2025-07-29,360.24
vestuario,2025-07-29,debito,1,1,522.28,0.012,2025-07-30,516.01
vestuario,2025-07-29,credito_vista,1,1,908.45,0.025,2025-08-28,885.74
vestuario,2025-07-29,credito_4x,1,4,345.28,0.035,2025-08-28,333.2
vestuario,2025-07-29,credito_4x,2,4,345.28,0.035,2025-09-27,333.2
vestuario,2025-07-29,credito_4x,3,4,345.28,0.035,2025-10-27,333.2
vestuario,2025-07-29,credito_4x,4,4,345.28,0.035,2025-11-26,333.2
vestuario,2025-07-30,pix,1,1,489.59,0.0,2025-07-30,489.59
vestuario,2025-07-30,debito,1,1,604.84,0.012,2025-07-31,597.58
vestuario,2025-07-30,credito_vista,1,1,733.64,0.025,2025-08-29,715.3
vestuario,2025-07-30,credito_4x,1,4,327.47,0.035,2025-08-29,316.01
vestuario,2025-07-30,credito_4x,2,4,327.47,0.035,2025-09-28,316.01
vestuario,2025-07-30,credito_4x,3,4,327.47,0.035,2025-10-28,316.01
vestuario,2025-07-30,credito_4x,4,4,327.47,0.035,2025-11-27,316.01
vestuario,2025-07-31,pix,1,1,572.24,0.0,2025-07-31,572.24
vestuario,2025-07-31,debito,1,1,367.31,0.012,2025-08-01,362.9
vestuario,2025-07-31,credito_vista,1,1,681.87,0.025,2025-08-30,664.83
vestuario,2025-07-31,credito_4x,1,4,525.69,0.035,2025-08-30,507.29
vestuario,2025-07-31,credito_4x,2,4,525.69,0.035,2025-09-29,507.29
vestuario,2025-07-31,credito_4x,3,4,525.69,0.035,2025-10-29,507.29
vestuario,2025-07-31,credito_4x,4,4,525.69,0.035,2025-11-28,507.29
vestuario,2025-08-01,pix,1,1,864.94,0.0,2025-08-01,864.94
vestuario,2025-08-01,debito,1,1,1298.57,0.012,2025-08-02,1282.98
vestuario,2025-08-01,credito_vista,1,1,1173.89,0.025,2025-08-31,1144.54
vestuario,2025-08-01,credito_4x,1,4,616.81,0.035,2025-08-31,595.22
vestuario,2025-08-01,credito_4x,2,4,616.81,0.035,2025-09-30,595.22
vestuario,2025-08-01,credito_4x,3,4,616.81,0.035,2025-10-30,595.22
vestuario,2025-08-01,credito_4x,4,4,616.81,0.035,2025-11-29,595.22
vestuario,2025-08-02,pix,1,1,882.27,0.0,2025-08-02,882.27
vestuario,2025-08-02,debito,1,1,2028.5,0.012,2025-08-03,2004.16
vestuario,2025-08-02,credito_vista,1,1,1842.11,0.025,2025-09-01,1796.06
vestuario,2025-08-02,credito_4x,1,4,771.52,0.035,2025-09-01,744.52
vestuario,2025-08-02,credito_4x,2,4,771.52,0.035,2025-10-01,744.52
vestuario,2025-08-02,credito_4x,3,4,771.52,0.035,2025-10-31,744.52
vestuario,2025-08-02,credito_4x,4,4,771.52,0.035,2025-11-30,744.52
vestuario,2025-08-03,pix,1,1,403.68,0.0,2025-08-03,403.68
vestuario,2025-08-03,debito,1,1,404.24,0.012,2025-08-04,399.39
vestuario,2025-08-03,credito_vista,1,1,325.09,0.025,2025-09-02,316.96
vestuario,2025-08-03,credito_4x,1,4,253.4,0.035,2025-09-02,244.53
vestuario,2025-08-03,credito_4x,2,4,253.4,0.035,2025-10-02,244.53
vestuario,2025-08-03,credito_4x,3,4,253.4,0.035,2025-11-01,244.53
vestuario,2025-08-03,credito_4x,4,4,253.4,0.035,2025-12-01,244.53
vestuario,2025-08-04,pix,1,1,573.58,0.0,2025-08-04,573.58
vestuario,2025-08-04,debito,1,1,688.24,0.012,2025-08-05,679.98
vestuario,2025-08-04,credito_vista,1,1,866.2,0.025,2025-09-03,844.54
vestuario,2025-08-04,credito_4x,1,4,486.71,0.035,2025-09-03,469.67
vestuario,2025-08-04,credito_4x,2,4,486.71,0.035,2025-10-03,469.67
vestuario,2025-08-04,credito_4x,3,4,486.71,0.035,2025-11-02,469.67
vestuario,2025-08-04,credito_4x,4,4,486.71,0.035,2025-12-02,469.67
vestuario,2025-08-05,pix,1,1,184.01,0.0,2025-08-05,184.01
vestuario,2025-08-05,debito,1,1,337.88,0.012,2025-08-06,333.82
vestuario,2025-08-05,credito_vista,1,1,483.42,0.025,2025-09-04,471.34
vestuario,2025-08-05,credito_4x,1,4,293.38,0.035,2025-09-04,283.11
vestuario,2025-08-05,credito_4x,2,4,293.38,0.035,2025-10-04,283.11
vestuario,2025-08-05,credito_4x,3,4,293.38,0.035,2025-11-03,283.11
vestuario,2025-08-05,credito_4x,4,4,293.38,0.035,2025-12-03,283.11
vestuario,2025-08-06,pix,1,1,281.27,0.0,2025-08-06,281.27
vestuario,2025-08-06,debito,1,1,470.49,0.012,2025-08-07,464.84
vestuario,2025-08-06,credito_vista,1,1,614.75,0.025,2025-09-05,599.38
vestuario,2025-08-06,credito_4x,1,4,301.82,0.035,2025-09-05,291.25
vestuario,2025-08-06,credito_4x,2,4,301.82,0.035,2025-10-05,291.25
vestuario,2025-08-06,credito_4x,3,4,301.82,0.035,2025-11-04,291.25
vestuario,2025-08-06,credito_4x,4,4,301.82,0.035,2025-12-04,291.25
vestuario,2025-08-07,pix,1,1,448.68,0.0,2025-08-07,448.68
vestuario,2025-08-07,debito,1,1,608.9,0.012,2025-08-08,601.59
vestuario,2025-08-07,credito_vista,1,1,699.52,0.025,2025-09-06,682.03
vestuario,2025-08-07,credito_4x,1,4,454.64,0.035,2025-09-06,438.72
vestuario,2025-08-07,credito_4x,2,4,454.64,0.035,2025-10-06,438.72
vestuario,2025-08-07,credito_4x,3,4,454.64,0.035,2025-11-05,438.72
vestuario,2025-08-07,credito_4x,4,4,454.64,0.035,2025-12-05,438.72
vestuario,2025-08-08,pix,1,1,614.44,0.0,2025-08-08,614.44
vestuario,2025-08-08,debito,1,1,879.7,0.012,2025-08-09,869.14
vestuario,2025-08-08,credito_vista,1,1,1079.94,0.025,2025-09-07,1052.94
vestuario,2025-08-08,credito_4x,1,4,598.93,0.035,2025-09-07,577.96
vestuario,2025-08-08,credito_4x,2,4,598.93,0.035,2025-10-07,577.96
vestuario,2025-08-08,credito_4x,3,4,598.93,0.035,2025-11-06,577.96
vestuario,2025-08-08,credito_4x,4,4,598.93,0.035,2025-12-06,577.96
vestuario,2025-08-09,pix,1,1,720.27,0.0,2025-08-09,720.27
vestuario,2025-08-09,debito,1,1,1085.87,0.012,2025-08-10,1072.84
vestuario,2025-08-09,credito_vista,1,1,1988.54,0.025,2025-09-08,1938.83
vestuario,2025-08-09,credito_4x,1,4,900.86,0.035,2025-09-08,869.33
vestuario,2025-08-09,credito_4x,2,4,900.86,0.035,2025-10-08,869.33
vestuario,2025-08-09,credito_4x,3,4,900.86,0.035,2025-11-07,869.33
vestuario,2025-08-09,credito_4x,4,4,900.86,0.035,2025-12-07,869.33
vestuario,2025-08-10,pix,1,1,204.31,0.0,2025-08-10,204.31
vestuario,2025-08-10,debito,1,1,282.51,0.012,2025-08-11,279.12
vestuario,2025-08-10,credito_vista,1,1,463.56,0.025,2025-09-09,451.97
vestuario,2025-08-10,credito_4x,1,4,275.52,0.035,2025-09-09,265.87
vestuario,2025-08-10,credito_4x,2,4,275.52,0.035,2025-10-09,265.87
vestuario,2025-08-10,credito_4x,3,4,275.52,0.035,2025-11-08,265.87
vestuario,2025-08-10,credito_4x,4,4,275.52,0.035,2025-12-08,265.87
vestuario,2025-08-11,pix,1,1,583.66,0.0,2025-08-11,583.66
vestuario,2025-08-11,debito,1,1,601.69,0.012,2025-08-12,594.47
vestuario,2025-08-11,credito_vista,1,1,935.1,0.025,2025-09-10,911.73
vestuario,2025-08-11,credito_4x,1,4,368.07,0.035,2025-09-10,355.19
vestuario,2025-08-11,credito_4x,2,4,368.07,0.035,2025-10-10,355.19
vestuario,2025-08-11,credito_4x,3,4,368.07,0.035,2025-11-09,355.19
vestuario,2025-08-11,credito_4x,4,4,368.07,0.035,2025-12-09,355.19
vestuario,2025-08-12,pix,1,1,301.27,0.0,2025-08-12,301.27
vestuario,2025-08-12,debito,1,1,776.77,0.012,2025-08-13,767.44
vestuario,2025-08-12,credito_vista,1,1,726.3,0.025,2025-09-11,708.15
vestuario,2025-08-12,credito_4x,1,4,507.84,0.035,2025-09-11,490.07
vestuario,2025-08-12,credito_4x,2,4,507.84,0.035,2025-10-11,490.07
vestuario,2025-08-12,credito_4x,3,4,507.84,0.035,2025-11-10,490.07
vestuario,2025-08-12,credito_4x,4,4,507.84,0.035,2025-12-10,490.07
vestuario,2025-08-13,pix,1,1,328.87,0.0,2025-08-13,328.87
vestuario,2025-08-13,debito,1,1,680.12,0.012,2025-08-14,671.96
vestuario,2025-08-13,credito_vista,1,1,663.27,0.025,2025-09-12,646.69
vestuario,2025-08-13,credito_4x,1,4,236.45,0.035,2025-09-12,228.17
vestuario,2025-08-13,credito_4x,2,4,236.45,0.035,2025-10-12,228.17
vestuario,2025-08-13,credito_4x,3,4,236.45,0.035,2025-11-11,228.17
vestuario,2025-08-13,credito_4x,4,4,236.45,0.035,2025-12-11,228.17
vestuario,2025-08-14,pix,1,1,354.83,0.0,2025-08-14,354.83
vestuario,2025-08-14,debito,1,1,629.86,0.012,2025-08-15,622.3
vestuario,2025-08-14,credito_vista,1,1,1222.25,0.025,2025-09-13,1191.69
vestuario,2025-08-14,credito_4x,1,4,394.81,0.035,2025-09-13,380.99
vestuario,2025-08-14,credito_4x,2,4,394.81,0.035,2025-10-13,380.99
vestuario,2025-08-14,credito_4x,3,4,394.81,0.035,2025-11-12,380.99
vestuario,2025-08-14,credito_4x,4,4,394.81,0.035,2025-12-12,380.99
vestuario,2025-08-15,pix,1,1,373.3,0.0,2025-08-15,373.3
vestuario,2025-08-15,debito,1,1,533.63,0.012,2025-08-16,527.22
vestuario,2025-08-15,credito_vista,1,1,808.7,0.025,2025-09-14,788.49
vestuario,2025-08-15,credito_4x,1,4,448.42,0.035,2025-09-14,432.72
vestuario,2025-08-15,credito_4x,2,4,448.42,0.035,2025-10-14,432.72
vestuario,2025-08-15,credito_4x,3,4,448.42,0.035,2025-11-13,432.72
vestuario,2025-08-15,credito_4x,4,4,448.42,0.035,2025-12-13,432.72
vestuario,2025-08-16,pix,1,1,823.98,0.0,2025-08-16,823.98
vestuario,2025-08-16,debito,1,1,1055.92,0.012,2025-08-17,1043.25
vestuario,2025-08-16,credito_vista,1,1,945.15,0.025,2025-09-15,921.52
vestuario,2025-08-16,credito_4x,1,4,671.25,0.035,2025-09-15,647.76
vestuario,2025-08-16,credito_4x,2,4,671.25,0.035,2025-10-15,647.76
vestuario,2025-08-16,credito_4x,3,4,671.25,0.035,2025-11-14,647.76
vestuario,2025-08-16,credito_4x,4,4,671.25,0.035,2025-12-14,647.76
vestuario,2025-08-17,pix,1,1,288.36,0.0,2025-08-17,288.36
vestuario,2025-08-17,debito,1,1,411.41,0.012,2025-08-18,406.48
vestuario,2025-08-17,credito_vista,1,1,390.29,0.025,2025-09-16,380.53
vestuario,2025-08-17,credito_4x,1,4,159.98,0.035,2025-09-16,154.38
vestuario,2025-08-17,credito_4x,2,4,159.98,0.035,2025-10-16,154.38
vestuario,2025-08-17,credito_4x,3,4,159.98,0.035,2025-11-15,154.38
vestuario,2025-08-17,credito_4x,4,4,159.98,0.035,2025-12-15,154.38
vestuario,2025-08-18,pix,1,1,112.79,0.0,2025-08-18,112.79
vestuario,2025-08-18,debito,1,1,139.49,0.012,2025-08-19,137.81
vestuario,2025-08-18,credito_vista,1,1,132.67,0.025,2025-09-17,129.35
vestuario,2025-08-18,credito_4x,1,4,83.22,0.035,2025-09-17,80.31
vestuario,2025-08-18,credito_4x,2,4,83.22,0.035,2025-10-17,80.31
vestuario,2025-08-18,credito_4x,3,4,83.22,0.035,2025-11-16,80.31
vestuario,2025-08-18,credito_4x,4,4,83.22,0.035,2025-12-16,80.31
vestuario,2025-08-19,pix,1,1,436.67,0.0,2025-08-19,436.67
vestuario,2025-08-19,debito,1,1,864.5,0.012,2025-08-20,854.12
vestuario,2025-08-19,credito_vista,1,1,1233.79,0.025,2025-09-18,1202.95
vestuario,2025-08-19,credito_4x,1,4,532.44,0.035,2025-09-18,513.8
vestuario,2025-08-19,credito_4x,2,4,532.44,0.035,2025-10-18,513.8
vestuario,2025-08-19,credito_4x,3,4,532.44,0.035,2025-11-17,513.8
vestuario,2025-08-19,credito_4x,4,4,532.44,0.035,2025-12-17,513.8
vestuario,2025-08-20,pix,1,1,532.25,0.0,2025-08-20,532.25
vestuario,2025-08-20,debito,1,1,619.76,0.012,2025-08-21,612.32
vestuario,2025-08-20,credito_vista,1,1,696.43,0.025,2025-09-19,679.02
vestuario,2025-08-20,credito_4x,1,4,444.67,0.035,2025-09-19,429.11
vestuario,2025-08-20,credito_4x,2,4,444.67,0.035,2025-10-19,429.11
vestuario,2025-08-20,credito_4x,3,4,444.67,0.035,2025-11-18,429.11
vestuario,2025-08-20,credito_4x,4,4,444.67,0.035,2025-12-18,429.11
vestuario,2025-08-21,pix,1,1,430.41,0.0,2025-08-21,430.41
vestuario,2025-08-21,debito,1,1,477.71,0.012,2025-08-22,471.98
vestuario,2025-08-21,credito_vista,1,1,716.71,0.025,2025-09-20,698.79
vestuario,2025-08-21,credito_4x,1,4,371.82,0.035,2025-09-20,358.8
vestuario,2025-08-21,credito_4x,2,4,371.82,0.035,2025-10-20,358.8
vestuario,2025-08-21,credito_4x,3,4,371.82,0.035,2025-11-19,358.8
vestuario,2025-08-21,credito_4x,4,4,371.82,0.035,2025-12-19,358.8
vestuario,2025-08-22,pix,1,1,762.31,0.0,2025-08-22,762.31
vestuario,2025-08-22,debito,1,1,1015.6,0.012,2025-08-23,1003.41
vestuario,2025-08-22,credito_vista,1,1,1502.88,0.025,2025-09-21,1465.31
vestuario,2025-08-22,credito_4x,1,4,708.95,0.035,2025-09-21,684.14
vestuario,2025-08-22,credito_4x,2,4,708.95,0.035,2025-10-21,684.14
vestuario,2025-08-22,credito_4x,3,4,708.95,0.035,2025-11-20,684.14
vestuario,2025-08-22,credito_4x,4,4,708.95,0.035,2025-12-20,684.14
vestuario,2025-08-23,pix,1,1,979.11,0.0,2025-08-23,979.11
vestuario,2025-08-23,debito,1,1,947.5,0.012,2025-08-24,936.13
vestuario,2025-08-23,credito_vista,1,1,1132.92,0.025,2025-09-22,1104.6
vestuario,2025-08-23,credito_4x,1,4,556.71,0.035,2025-09-22,537.22
vestuario,2025-08-23,credito_4x,2,4,556.71,0.035,2025-10-22,537.22
vestuario,2025-08-23,credito_4x,3,4,556.71,0.035,2025-11-21,537.22
vestuario,2025-08-23,credito_4x,4,4,556.71,0.035,2025-12-21,537.22
vestuario,2025-08-24,pix,1,1,237.48,0.0,2025-08-24,237.48
vestuario,2025-08-24,debito,1,1,247.17,0.012,2025-08-25,244.2
vestuario,2025-08-24,credito_vista,1,1,389.55,0.025,2025-09-23,379.81
vestuario,2025-08-24,credito_4x,1,4,195.42,0.035,2025-09-23,188.58
vestuario,2025-08-24,credito_4x,2,4,195.42,0.035,2025-10-23,188.58
vestuario,2025-08-24,credito_4x,3,4,195.42,0.035,2025-11-22,188.58
vestuario,2025-08-24,credito_4x,4,4,195.42,0.035,2025-12-22,188.58
vestuario,2025-08-25,pix,1,1,169.54,0.0,2025-08-25,169.54
vestuario,2025-08-25,debito,1,1,280.88,0.012,2025-08-26,277.51
vestuario,2025-08-25,credito_vista,1,1,544.51,0.025,2025-09-24,530.9
vestuario,2025-08-25,credito_4x,1,4,274.53,0.035,2025-09-24,264.92
vestuario,2025-08-25,credito_4x,2,4,274.53,0.035,2025-10-24,264.92
vestuario,2025-08-25,credito_4x,3,4,274.53,0.035,2025-11-23,264.92
vestuario,2025-08-25,credito_4x,4,4,274.53,0.035,2025-12-23,264.92
vestuario,2025-08-26,pix,1,1,382.08,0.0,2025-08-26,382.08
vestuario,2025-08-26,debito,1,1,471.33,0.012,2025-08-27,465.68
vestuario,2025-08-26,credito_vista,1,1,718.55,0.025,2025-09-25,700.58
vestuario,2025-08-26,credito_4x,1,4,455.58,0.035,2025-09-25,439.64
vestuario,2025-08-26,credito_4x,2,4,455.58,0.035,2025-10-25,439.64
vestuario,2025-08-26,credito_4x,3,4,455.58,0.035,2025-11-24,439.64
vestuario,2025-08-26,credito_4x,4,4,455.58,0.035,2025-12-24,439.64
vestuario,2025-08-27,pix,1,1,385.94,0.0,2025-08-27,385.94
vestuario,2025-08-27,debito,1,1,447.44,0.012,2025-08-28,442.07
vestuario,2025-08-27,credito_vista,1,1,563.88,0.025,2025-09-26,549.78
vestuario,2025-08-27,credito_4x,1,4,294.13,0.035,2025-09-26,283.84
vestuario,2025-08-27,credito_4x,2,4,294.13,0.035,2025-10-26,283.84
vestuario,2025-08-27,credito_4x,3,4,294.13,0.035,2025-11-25,283.84
vestuario,2025-08-27,credito_4x,4,4,294.13,0.035,2025-12-25,283.84
vestuario,2025-08-28,pix,1,1,260.33,0.0,2025-08-28,260.33
vestuario,2025-08-28,debito,1,1,408.85,0.012,2025-08-29,403.94
vestuario,2025-08-28,credito_vista,1,1,890.05,0.025,2025-09-27,867.79
vestuario,2025-08-28,credito_4x,1,4,365.75,0.035,2025-09-27,352.95
vestuario,2025-08-28,credito_4x,2,4,365.75,0.035,2025-10-27,352.95
vestuario,2025-08-28,credito_4x,3,4,365.75,0.035,2025-11-26,352.95
vestuario,2025-08-28,credito_4x,4,4,365.75,0.035,2025-12-26,352.95
vestuario,2025-08-29,pix,1,1,340.6,0.0,2025-08-29,340.6
vestuario,2025-08-29,debito,1,1,869.16,0.012,2025-08-30,858.73
vestuario,2025-08-29,credito_vista,1,1,825.51,0.025,2025-09-28,804.88
vestuario,2025-08-29,credito_4x,1,4,600.94,0.035,2025-09-28,579.91
vestuario,2025-08-29,credito_4x,2,4,600.94,0.035,2025-10-28,579.91
vestuario,2025-08-29,credito_4x,3,4,600.94,0.035,2025-11-27,579.91
vestuario,2025-08-29,credito_4x,4,4,600.94,0.035,2025-12-27,579.91
vestuario,2025-08-30,pix,1,1,735.39,0.0,2025-08-30,735.39
vestuario,2025-08-30,debito,1,1,933.17,0.012,2025-08-31,921.97
vestuario,2025-08-30,credito_vista,1,1,1046.54,0.025,2025-09-29,1020.37
vestuario,2025-08-30,credito_4x,1,4,641.09,0.035,2025-09-29,618.65
vestuario,2025-08-30,credito_4x,2,4,641.09,0.035,2025-10-29,618.65
vestuario,2025-08-30,credito_4x,3,4,641.09,0.035,2025-11-28,618.65
vestuario,2025-08-30,credito_4x,4,4,641.09,0.035,2025-12-28,618.65
vestuario,2025-08-31,pix,1,1,227.98,0.0,2025-08-31,227.98
vestuario,2025-08-31,debito,1,1,191.01,0.012,2025-09-01,188.72
vestuario,2025-08-31,credito_vista,1,1,314.2,0.025,2025-09-30,306.35
vestuario,2025-08-31,credito_4x,1,4,141.51,0.035,2025-09-30,136.55
vestuario,2025-08-31,credito_4x,2,4,141.51,0.035,2025-10-30,136.55
vestuario,2025-08-31,credito_4x,3,4,141.51,0.035,2025-11-29,136.55
vestuario,2025-08-31,credito_4x,4,4,141.51,0.035,2025-12-29,136.55
vestuario,2025-09-01,pix,1,1,387.03,0.0,2025-09-01,387.03
vestuario,2025-09-01,debito,1,1,917.84,0.012,2025-09-02,906.82
vestuario,2025-09-01,credito_vista,1,1,978.79,0.025,2025-10-01,954.32
vestuario,2025-09-01,credito_4x,1,4,475.1,0.035,2025-10-01,458.47
vestuario,2025-09-01,credito_4x,2,4,475.1,0.035,2025-10-31,458.47
vestuario,2025-09-01,credito_4x,3,4,475.1,0.035,2025-11-30,458.47
vestuario,2025-09-01,credito_4x,4,4,475.1,0.035,2025-12-30,458.47
vestuario,2025-09-02,pix,1,1,531.83,0.0,2025-09-02,531.83
vestuario,2025-09-02,debito,1,1,1200.67,0.012,2025-09-03,1186.26
vestuario,2025-09-02,credito_vista,1,1,1705.46,0.025,2025-10-02,1662.82
vestuario,2025-09-02,credito_4x,1,4,531.98,0.035,2025-10-02,513.36
vestuario,2025-09-02,credito_4x,2,4,531.98,0.035,2025-11-01,513.36
vestuario,2025-09-02,credito_4x,3,4,531.98,0.035,2025-12-01,513.36
vestuario,2025-09-02,credito_4x,4,4,531.98,0.035,2025-12-31,513.36
vestuario,2025-09-03,pix,1,1,400.4,0.0,2025-09-03,400.4
vestuario,2025-09-03,debito,1,1,740.27,0.012,2025-09-04,731.39
vestuario,2025-09-03,credito_vista,1,1,1025.15,0.025,2025-10-03,999.52
vestuario,2025-09-03,credito_4x,1,4,469.55,0.035,2025-10-03,453.12
vestuario,2025-09-03,credito_4x,2,4,469.55,0.035,2025-11-02,453.12
vestuario,2025-09-03,credito_4x,3,4,469.55,0.035,2025-12-02,453.12
vestuario,2025-09-03,credito_4x,4,4,469.55,0.035,2026-01-01,453.12
vestuario,2025-09-04,pix,1,1,1138.53,0.0,2025-09-04,1138.53
vestuario,2025-09-04,debito,1,1,706.87,0.012,2025-09-05,698.39
vestuario,2025-09-04,credito_vista,1,1,754.65,0.025,2025-10-04,735.79
vestuario,2025-09-04,credito_4x,1,4,426.6,0.035,2025-10-04,411.67
vestuario,2025-09-04,credito_4x,2,4,426.6,0.035,2025-11-03,411.67
vestuario,2025-09-04,credito_4x,3,4,426.6,0.035,2025-12-03,411.67
vestuario,2025-09-04,credito_4x,4,4,426.6,0.035,2026-01-02,411.67
vestuario,2025-09-05,pix,1,1,978.14,0.0,2025-09-05,978.14
vestuario,2025-09-05,debito,1,1,889.43,0.012,2025-09-06,878.75
vestuario,2025-09-05,credito_vista,1,1,1420.42,0.025,2025-10-05,1384.91
vestuario,2025-09-05,credito_4x,1,4,484.43,0.035,2025-10-05,467.47
vestuario,2025-09-05,credito_4x,2,4,484.43,0.035,2025-11-04,467.47
vestuario,2025-09-05,credito_4x,3,4,484.43,0.035,2025-12-04,467.47
vestuario,2025-09-05,credito_4x,4,4,484.43,0.035,2026-01-03,467.47
vestuario,2025-09-06,pix,1,1,1422.23,0.0,2025-09-06,1422.23
vestuario,2025-09-06,debito,1,1,1322.32,0.012,2025-09-07,1306.46
vestuario,2025-09-06,credito_vista,1,1,2187.56,0.025,2025-10-06,2132.87
vestuario,2025-09-06,credito_4x,1,4,929.18,0.035,2025-10-06,896.66
vestuario,2025-09-06,credito_4x,2,4,929.18,0.035,2025-11-05,896.66
vestuario,2025-09-06,credito_4x,3,4,929.18,0.035,2025-12-05,896.66
vestuario,2025-09-06,credito_4x,4,4,929.18,0.035,2026-01-04,896.66
vestuario,2025-09-07,pix,1,1,181.96,0.0,2025-09-07,181.96
vestuario,2025-09-07,debito,1,1,224.9,0.012,2025-09-08,222.2
vestuario,2025-09-07,credito_vista,1,1,397.1,0.025,2025-10-07,387.17
vestuario,2025-09-07,credito_4x,1,4,208.7,0.035,2025-10-07,201.39
vestuario,2025-09-07,credito_4x,2,4,208.7,0.035,2025-11-06,201.39
vestuario,2025-09-07,credito_4x,3,4,208.7,0.035,2025-12-06,201.39
vestuario,2025-09-07,credito_4x,4,4,208.7,0.035,2026-01-05,201.39
vestuario,2025-09-08,pix,1,1,353.31,0.0,2025-09-08,353.31
vestuario,2025-09-08,debito,1,1,432.73,0.012,2025-09-09,427.54
vestuario,2025-09-08,credito_vista,1,1,921.03,0.025,2025-10-08,898.0
vestuario,2025-09-08,credito_4x,1,4,360.57,0.035,2025-10-08,347.95
vestuario,2025-09-08,credito_4x,2,4,360.57,0.035,2025-11-07,347.95
vestuario,2025-09-08,credito_4x,3,4,360.57,0.035,2025-12-07,347.95
vestuario,2025-09-08,credito_4x,4,4,360.57,0.035,2026-01-06,347.95
vestuario,2025-09-09,pix,1,1,280.93,0.0,2025-09-09,280.93
vestuario,2025-09-09,debito,1,1,336.79,0.012,2025-09-10,332.75
vestuario,2025-09-09,credito_vista,1,1,565.26,0.025,2025-10-09,551.13
vestuario,2025-09-09,credito_4x,1,4,293.81,0.035,2025-10-09,283.53
vestuario,2025-09-09,credito_4x,2,4,293.81,0.035,2025-11-08,283.53
vestuario,2025-09-09,credito_4x,3,4,293.81,0.035,2025-12-08,283.53
vestuario,2025-09-09,credito_4x,4,4,293.81,0.035,2026-01-07,283.53
vestuario,2025-09-10,pix,1,1,447.04,0.0,2025-09-10,447.04
vestuario,2025-09-10,debito,1,1,545.04,0.012,2025-09-11,538.5
vestuario,2025-09-10,credito_vista,1,1,646.35,0.025,2025-10-10,630.19
vestuario,2025-09-10,credito_4x,1,4,287.84,0.035,2025-10-10,277.76
vestuario,2025-09-10,credito_4x,2,4,287.84,0.035,2025-11-09,277.76
vestuario,2025-09-10,credito_4x,3,4,287.84,0.035,2025-12-09,277.76
vestuario,2025-09-10,credito_4x,4,4,287.84,0.035,2026-01-08,277.76
vestuario,2025-09-11,pix,1,1,355.33,0.0,2025-09-11,355.33
vestuario,2025-09-11,debito,1,1,593.75,0.012,2025-09-12,586.62
vestuario,2025-09-11,credito_vista,1,1,621.87,0.025,2025-10-11,606.33
vestuario,2025-09-11,credito_4x,1,4,393.94,0.035,2025-10-11,380.16
vestuario,2025-09-11,credito_4x,2,4,393.94,0.035,2025-11-10,380.16
vestuario,2025-09-11,credito_4x,3,4,393.94,0.035,2025-12-10,380.16
vestuario,2025-09-11,credito_4x,4,4,393.94,0.035,2026-01-09,380.16
vestuario,2025-09-12,pix,1,1,466.67,0.0,2025-09-12,466.67
vestuario,2025-09-12,debito,1,1,575.78,0.012,2025-09-13,568.87
vestuario,2025-09-12,credito_vista,1,1,1119.93,0.025,2025-10-12,1091.94
vestuario,2025-09-12,credito_4x,1,4,511.47,0.035,2025-10-12,493.57
vestuario,2025-09-12,credito_4x,2,4,511.47,0.035,2025-11-11,493.57
vestuario,2025-09-12,credito_4x,3,4,511.47,0.035,2025-12-11,493.57
vestuario,2025-09-12,credito_4x,4,4,511.47,0.035,2026-01-10,493.57
vestuario,2025-09-13,pix,1,1,776.99,0.0,2025-09-13,776.99
vestuario,2025-09-13,debito,1,1,2169.18,0.012,2025-09-14,2143.15
vestuario,2025-09-13,credito_vista,1,1,1754.98,0.025,2025-10-13,1711.1
vestuario,2025-09-13,credito_4x,1,4,797.35,0.035,2025-10-13,769.45
vestuario,2025-09-13,credito_4x,2,4,797.35,0.035,2025-11-12,769.45
vestuario,2025-09-13,credito_4x,3,4,797.35,0.035,2025-12-12,769.45
vestuario,2025-09-13,credito_4x,4,4,797.35,0.035,2026-01-11,769.45
vestuario,2025-09-14,pix,1,1,204.93,0.0,2025-09-14,204.93
vestuario,2025-09-14,debito,1,1,315.52,0.012,2025-09-15,311.73
vestuario,2025-09-14,credito_vista,1,1,450.39,0.025,2025-10-14,439.13
vestuario,2025-09-14,credito_4x,1,4,203.68,0.035,2025-10-14,196.55
vestuario,2025-09-14,credito_4x,2,4,203.68,0.035,2025-11-13,196.55
vestuario,2025-09-14,credito_4x,3,4,203.68,0.035,2025-12-13,196.55
vestuario,2025-09-14,credito_4x,4,4,203.68,0.035,2026-01-12,196.55
vestuario,2025-09-15,pix,1,1,275.67,0.0,2025-09-15,275.67
vestuario,2025-09-15,debito,1,1,420.99,0.012,2025-09-16,415.94
vestuario,2025-09-15,credito_vista,1,1,530.77,0.025,2025-10-15,517.5
vestuario,2025-09-15,credito_4x,1,4,260.5,0.035,2025-10-15,251.39
vestuario,2025-09-15,credito_4x,2,4,260.5,0.035,2025-11-14,251.39
vestuario,2025-09-15,credito_4x,3,4,260.5,0.035,2025-12-14,251.39
vestuario,2025-09-15,credito_4x,4,4,260.5,0.035,2026-01-13,251.39
vestuario,2025-09-16,pix,1,1,420.99,0.0,2025-09-16,420.99
vestuario,2025-09-16,debito,1,1,451.86,0.012,2025-09-17,446.44
vestuario,2025-09-16,credito_vista,1,1,541.17,0.025,2025-10-16,527.64
vestuario,2025-09-16,credito_4x,1,4,279.79,0.035,2025-10-16,270.0
vestuario,2025-09-16,credito_4x,2,4,279.79,0.035,2025-11-15,270.0
vestuario,2025-09-16,credito_4x,3,4,279.79,0.035,2025-12-15,270.0
vestuario,2025-09-16,credito_4x,4,4,279.79,0.035,2026-01-14,270.0
vestuario,2025-09-17,pix,1,1,671.33,0.0,2025-09-17,671.33
vestuario,2025-09-17,debito,1,1,751.16,0.012,2025-09-18,742.14
vestuario,2025-09-17,credito_vista,1,1,734.21,0.025,2025-10-17,715.86
vestuario,2025-09-17,credito_4x,1,4,500.63,0.035,2025-10-17,483.1
vestuario,2025-09-17,credito_4x,2,4,500.63,0.035,2025-11-16,483.1
vestuario,2025-09-17,credito_4x,3,4,500.63,0.035,2025-12-16,483.1
vestuario,2025-09-17,credito_4x,4,4,500.63,0.035,2026-01-15,483.1
vestuario,2025-09-18,pix,1,1,658.26,0.0,2025-09-18,658.26
vestuario,2025-09-18,debito,1,1,1044.22,0.012,2025-09-19,1031.69
vestuario,2025-09-18,credito_vista,1,1,810.05,0.025,2025-10-18,789.8
vestuario,2025-09-18,credito_4x,1,4,478.7,0.035,2025-10-18,461.95
vestuario,2025-09-18,credito_4x,2,4,478.7,0.035,2025-11-17,461.95
vestuario,2025-09-18,credito_4x,3,4,478.7,0.035,2025-12-17,461.95
vestuario,2025-09-18,credito_4x,4,4,478.7,0.035,2026-01-16,461.95
vestuario,2025-09-19,pix,1,1,604.33,0.0,2025-09-19,604.33
vestuario,2025-09-19,debito,1,1,944.8,0.012,2025-09-20,933.46
vestuario,2025-09-19,credito_vista,1,1,807.98,0.025,2025-10-19,787.78
vestuario,2025-09-19,credito_4x,1,4,481.65,0.035,2025-10-19,464.79
vestuario,2025-09-19,credito_4x,2,4,481.65,0.035,2025-11-18,464.79
vestuario,2025-09-19,credito_4x,3,4,481.65,0.035,2025-12-18,464.79
vestuario,2025-09-19,credito_4x,4,4,481.65,0.035,2026-01-17,464.79
vestuario,2025-09-20,pix,1,1,794.4,0.0,2025-09-20,794.4
vestuario,2025-09-20,debito,1,1,701.96,0.012,2025-09-21,693.53
vestuario,2025-09-20,credito_vista,1,1,945.03,0.025,2025-10-20,921.4
vestuario,2025-09-20,credito_4x,1,4,670.57,0.035,2025-10-20,647.1
vestuario,2025-09-20,credito_4x,2,4,670.57,0.035,2025-11-19,647.1
vestuario,2025-09-20,credito_4x,3,4,670.57,0.035,2025-12-19,647.1
vestuario,2025-09-20,credito_4x,4,4,670.57,0.035,2026-01-18,647.1
vestuario,2025-09-21,pix,1,1,285.11,0.0,2025-09-21,285.11
vestuario,2025-09-21,debito,1,1,302.51,0.012,2025-09-22,298.88
vestuario,2025-09-21,credito_vista,1,1,461.31,0.025,2025-10-21,449.78
vestuario,2025-09-21,credito_4x,1,4,235.65,0.035,2025-10-21,227.4
vestuario,2025-09-21,credito_4x,2,4,235.65,0.035,2025-11-20,227.4
vestuario,2025-09-21,credito_4x,3,4,235.65,0.035,2025-12-20,227.4
vestuario,2025-09-21,credito_4x,4,4,235.65,0.035,2026-01-19,227.4
vestuario,2025-09-22,pix,1,1,295.08,0.0,2025-09-22,295.08
vestuario,2025-09-22,debito,1,1,391.53,0.012,2025-09-23,386.84
vestuario,2025-09-22,credito_vista,1,1,563.08,0.025,2025-10-22,549.0
vestuario,2025-09-22,credito_4x,1,4,242.06,0.035,2025-10-22,233.59
vestuario,2025-09-22,credito_4x,2,4,242.06,0.035,2025-11-21,233.59
vestuario,2025-09-22,credito_4x,3,4,242.06,0.035,2025-12-21,233.59
vestuario,2025-09-22,credito_4x,4,4,242.06,0.035,2026-01-20,233.59
vestuario,2025-09-23,pix,1,1,475.43,0.0,2025-09-23,475.43
vestuario,2025-09-23,debito,1,1,621.61,0.012,2025-09-24,614.15
vestuario,2025-09-23,credito_vista,1,1,769.22,0.025,2025-10-23,749.99
vestuario,2025-09-23,credito_4x,1,4,352.37,0.035,2025-10-23,340.04
vestuario,2025-09-23,credito_4x,2,4,352.37,0.035,2025-11-22,340.04
vestuario,2025-09-23,credito_4x,3,4,352.37,0.035,2025-12-22,340.04
vestuario,2025-09-23,credito_4x,4,4,352.37,0.035,2026-01-21,340.04
vestuario,2025-09-24,pix,1,1,837.78,0.0,2025-09-24,837.78
vestuario,2025-09-24,debito,1,1,756.94,0.012,2025-09-25,747.86
vestuario,2025-09-24,credito_vista,1,1,965.56,0.025,2025-10-24,941.42
vestuario,2025-09-24,credito_4x,1,4,557.38,0.035,2025-10-24,537.88
vestuario,2025-09-24,credito_4x,2,4,557.38,0.035,2025-11-23,537.88
vestuario,2025-09-24,credito_4x,3,4,557.38,0.035,2025-12-23,537.88
vestuario,2025-09-24,credito_4x,4,4,557.38,0.035,2026-01-22,537.88
vestuario,2025-09-25,pix,1,1,462.99,0.0,2025-09-25,462.99
vestuario,2025-09-25,debito,1,1,586.49,0.012,2025-09-26,579.45
vestuario,2025-09-25,credito_vista,1,1,514.4,0.025,2025-10-25,501.54
vestuario,2025-09-25,credito_4x,1,4,369.3,0.035,2025-10-25,356.38
vestuario,2025-09-25,credito_4x,2,4,369.3,0.035,2025-11-24,356.38
vestuario,2025-09-25,credito_4x,3,4,369.3,0.035,2025-12-24,356.38
vestuario,2025-09-25,credito_4x,4,4,369.3,0.035,2026-01-23,356.38
vestuario,2025-09-26,pix,1,1,352.05,0.0,2025-09-26,352.05
vestuario,2025-09-26,debito,1,1,628.17,0.012,2025-09-27,620.63
vestuario,2025-09-26,credito_vista,1,1,559.15,0.025,2025-10-26,545.17
vestuario,2025-09-26,credito_4x,1,4,339.18,0.035,2025-10-26,327.31
vestuario,2025-09-26,credito_4x,2,4,339.18,0.035,2025-11-25,327.31
vestuario,2025-09-26,credito_4x,3,4,339.18,0.035,2025-12-25,327.31
vestuario,2025-09-26,credito_4x,4,4,339.18,0.035,2026-01-24,327.31
vestuario,2025-09-27,pix,1,1,1023.09,0.0,2025-09-27,1023.09
vestuario,2025-09-27,debito,1,1,982.67,0.012,2025-09-28,970.88
vestuario,2025-09-27,credito_vista,1,1,803.72,0.025,2025-10-27,783.62
vestuario,2025-09-27,credito_4x,1,4,566.85,0.035,2025-10-27,547.01
vestuario,2025-09-27,credito_4x,2,4,566.85,0.035,2025-11-26,547.01
vestuario,2025-09-27,credito_4x,3,4,566.85,0.035,2025-12-26,547.01
vestuario,2025-09-27,credito_4x,4,4,566.85,0.035,2026-01-25,547.01
vestuario,2025-09-28,pix,1,1,170.76,0.0,2025-09-28,170.76
vestuario,2025-09-28,debito,1,1,200.54,0.012,2025-09-29,198.14
vestuario,2025-09-28,credito_vista,1,1,301.42,0.025,2025-10-28,293.88
vestuario,2025-09-28,credito_4x,1,4,125.42,0.035,2025-10-28,121.03
vestuario,2025-09-28,credito_4x,2,4,125.42,0.035,2025-11-27,121.03
vestuario,2025-09-28,credito_4x,3,4,125.42,0.035,2025-12-27,121.03
vestuario,2025-09-28,credito_4x,4,4,125.42,0.035,2026-01-26,121.03
vestuario,2025-09-29,pix,1,1,178.63,0.0,2025-09-29,178.63
vestuario,2025-09-29,debito,1,1,280.12,0.012,2025-09-30,276.75
vestuario,2025-09-29,credito_vista,1,1,330.41,0.025,2025-10-29,322.15
vestuario,2025-09-29,credito_4x,1,4,206.38,0.035,2025-10-29,199.16
vestuario,2025-09-29,credito_4x,2,4,206.38,0.035,2025-11-28,199.16
vestuario,2025-09-29,credito_4x,3,4,206.38,0.035,2025-12-28,199.16
vestuario,2025-09-29,credito_4x,4,4,206.38,0.035,2026-01-27,199.16
vestuario,2025-09-30,pix,1,1,340.95,0.0,2025-09-30,340.95
vestuario,2025-09-30,debito,1,1,434.75,0.012,2025-10-01,429.53
vestuario,2025-09-30,credito_vista,1,1,718.89,0.025,2025-10-30,700.91
vestuario,2025-09-30,credito_4x,1,4,340.54,0.035,2025-10-30,328.62
vestuario,2025-09-30,credito_4x,2,4,340.54,0.035,2025-11-29,328.62
vestuario,2025-09-30,credito_4x,3,4,340.54,0.035,2025-12-29,328.62
vestuario,2025-09-30,credito_4x,4,4,340.54,0.035,2026-01-28,328.62
vestuario,2025-10-01,pix,1,1,517.37,0.0,2025-10-01,517.37
vestuario,2025-10-01,debito,1,1,758.81,0.012,2025-10-02,749.7
vestuario,2025-10-01,credito_vista,1,1,1140.58,0.025,2025-10-31,1112.06
vestuario,2025-10-01,credito_4x,1,4,570.69,0.035,2025-10-31,550.71
vestuario,2025-10-01,credito_4x,2,4,570.69,0.035,2025-11-30,550.71
vestuario,2025-10-01,credito_4x,3,4,570.69,0.035,2025-12-30,550.71
vestuario,2025-10-01,credito_4x,4,4,570.69,0.035,2026-01-29,550.71
vestuario,2025-10-02,pix,1,1,537.56,0.0,2025-10-02,537.56
vestuario,2025-10-02,debito,1,1,534.68,0.012,2025-10-03,528.27
vestuario,2025-10-02,credito_vista,1,1,808.14,0.025,2025-11-01,787.94
vestuario,2025-10-02,credito_4x,1,4,506.22,0.035,2025-11-01,488.5
vestuario,2025-10-02,credito_4x,2,4,506.22,0.035,2025-12-01,488.5
vestuario,2025-10-02,credito_4x,3,4,506.22,0.035,2025-12-31,488.5
vestuario,2025-10-02,credito_4x,4,4,506.22,0.035,2026-01-30,488.5
vestuario,2025-10-03,pix,1,1,751.97,0.0,2025-10-03,751.97
vestuario,2025-10-03,debito,1,1,599.17,0.012,2025-10-04,591.98
vestuario,2025-10-03,credito_vista,1,1,984.08,0.025,2025-11-02,959.47
vestuario,2025-10-03,credito_4x,1,4,569.72,0.035,2025-11-02,549.78
vestuario,2025-10-03,credito_4x,2,4,569.72,0.035,2025-12-02,549.78
vestuario,2025-10-03,credito_4x,3,4,569.72,0.035,2026-01-01,549.78
vestuario,2025-10-03,credito_4x,4,4,569.72,0.035,2026-01-31,549.78
vestuario,2025-10-04,pix,1,1,579.39,0.0,2025-10-04,579.39
vestuario,2025-10-04,debito,1,1,902.61,0.012,2025-10-05,891.78
vestuario,2025-10-04,credito_vista,1,1,1368.39,0.025,2025-11-03,1334.18
vestuario,2025-10-04,credito_4x,1,4,610.2,0.035,2025-11-03,588.84
vestuario,2025-10-04,credito_4x,2,4,610.2,0.035,2025-12-03,588.84
vestuario,2025-10-04,credito_4x,3,4,610.2,0.035,2026-01-02,588.84
vestuario,2025-10-04,credito_4x,4,4,610.2,0.035,2026-02-01,588.84
vestuario,2025-10-05,pix,1,1,218.0,0.0,2025-10-05,218.0
vestuario,2025-10-05,debito,1,1,303.63,0.012,2025-10-06,299.99
vestuario,2025-10-05,credito_vista,1,1,492.23,0.025,2025-11-04,479.93
vestuario,2025-10-05,credito_4x,1,4,202.96,0.035,2025-11-04,195.86
vestuario,2025-10-05,credito_4x,2,4,202.96,0.035,2025-12-04,195.86
vestuario,2025-10-05,credito_4x,3,4,202.96,0.035,2026-01-03,195.86
vestuario,2025-10-05,credito_4x,4,4,202.96,0.035,2026-02-02,195.86
vestuario,2025-10-06,pix,1,1,345.38,0.0,2025-10-06,345.38
vestuario,2025-10-06,debito,1,1,665.81,0.012,2025-10-07,657.82
vestuario,2025-10-06,credito_vista,1,1,714.69,0.025,2025-11-05,696.83
vestuario,2025-10-06,credito_4x,1,4,304.06,0.035,2025-11-05,293.42
vestuario,2025-10-06,credito_4x,2,4,304.06,0.035,2025-12-05,293.42
vestuario,2025-10-06,credito_4x,3,4,304.06,0.035,2026-01-04,293.42
vestuario,2025-10-06,credito_4x,4,4,304.06,0.035,2026-02-03,293.42
vestuario,2025-10-07,pix,1,1,337.06,0.0,2025-10-07,337.06
vestuario,2025-10-07,debito,1,1,389.65,0.012,2025-10-08,384.98
vestuario,2025-10-07,credito_vista,1,1,390.28,0.025,2025-11-06,380.52
vestuario,2025-10-07,credito_4x,1,4,414.46,0.035,2025-11-06,399.96
vestuario,2025-10-07,credito_4x,2,4,414.46,0.035,2025-12-06,399.96
vestuario,2025-10-07,credito_4x,3,4,414.46,0.035,2026-01-05,399.96
vestuario,2025-10-07,credito_4x,4,4,414.46,0.035,2026-02-04,399.96
vestuario,2025-10-08,pix,1,1,725.51,0.0,2025-10-08,725.51
vestuario,2025-10-08,debito,1,1,929.97,0.012,2025-10-09,918.81
vestuario,2025-10-08,credito_vista,1,1,1101.08,0.025,2025-11-07,1073.55
vestuario,2025-10-08,credito_4x,1,4,649.21,0.035,2025-11-07,626.49
vestuario,2025-10-08,credito_4x,2,4,649.21,0.035,2025-12-07,626.49
vestuario,2025-10-08,credito_4x,3,4,649.21,0.035,2026-01-06,626.49
vestuario,2025-10-08,credito_4x,4,4,649.21,0.035,2026-02-05,626.49
vestuario,2025-10-09,pix,1,1,515.88,0.0,2025-10-09,515.88
vestuario,2025-10-09,debito,1,1,665.82,0.012,2025-10-10,657.83
vestuario,2025-10-09,credito_vista,1,1,916.01,0.025,2025-11-08,893.11
vestuario,2025-10-09,credito_4x,1,4,633.76,0.035,2025-11-08,611.58
vestuario,2025-10-09,credito_4x,2,4,633.76,0.035,2025-12-08,611.58
vestuario,2025-10-09,credito_4x,3,4,633.76,0.035,2026-01-07,611.58
vestuario,2025-10-09,credito_4x,4,4,633.76,0.035,2026-02-06,611.58
vestuario,2025-10-10,pix,1,1,825.27,0.0,2025-10-10,825.27
vestuario,2025-10-10,debito,1,1,845.89,0.012,2025-10-11,835.73
vestuario,2025-10-10,credito_vista,1,1,1586.02,0.025,2025-11-09,1546.37
vestuario,2025-10-10,credito_4x,1,4,605.48,0.035,2025-11-09,584.29
vestuario,2025-10-10,credito_4x,2,4,605.48,0.035,2025-12-09,584.29
vestuario,2025-10-10,credito_4x,3,4,605.48,0.035,2026-01-08,584.29
vestuario,2025-10-10,credito_4x,4,4,605.48,0.035,2026-02-07,584.29
vestuario,2025-10-11,pix,1,1,635.46,0.0,2025-10-11,635.46
vestuario,2025-10-11,debito,1,1,1144.19,0.012,2025-10-12,1130.46
vestuario,2025-10-11,credito_vista,1,1,1721.25,0.025,2025-11-10,1678.22
vestuario,2025-10-11,credito_4x,1,4,827.28,0.035,2025-11-10,798.32
vestuario,2025-10-11,credito_4x,2,4,827.28,0.035,2025-12-10,798.32
vestuario,2025-10-11,credito_4x,3,4,827.28,0.035,2026-01-09,798.32
vestuario,2025-10-11,credito_4x,4,4,827.28,0.035,2026-02-08,798.32
vestuario,2025-10-12,pix,1,1,211.39,0.0,2025-10-12,211.39
vestuario,2025-10-12,debito,1,1,276.68,0.012,2025-10-13,273.36
vestuario,2025-10-12,credito_vista,1,1,402.29,0.025,2025-11-11,392.23
vestuario,2025-10-12,credito_4x,1,4,246.54,0.035,2025-11-11,237.91
vestuario,2025-10-12,credito_4x,2,4,246.54,0.035,2025-12-11,237.91
vestuario,2025-10-12,credito_4x,3,4,246.54,0.035,2026-01-10,237.91
vestuario,2025-10-12,credito_4x,4,4,246.54,0.035,2026-02-09,237.91
vestuario,2025-10-13,pix,1,1,367.24,0.0,2025-10-13,367.24
vestuario,2025-10-13,debito,1,1,535.67,0.012,2025-10-14,529.25
vestuario,2025-10-13,credito_vista,1,1,538.75,0.025,2025-11-12,525.28
vestuario,2025-10-13,credito_4x,1,4,288.15,0.035,2025-11-12,278.06
vestuario,2025-10-13,credito_4x,2,4,288.15,0.035,2025-12-12,278.06
vestuario,2025-10-13,credito_4x,3,4,288.15,0.035,2026-01-11,278.06
vestuario,2025-10-13,credito_4x,4,4,288.15,0.035,2026-02-10,278.06
vestuario,2025-10-14,pix,1,1,412.21,0.0,2025-10-14,412.21
vestuario,2025-10-14,debito,1,1,679.93,0.012,2025-10-15,671.78
vestuario,2025-10-14,credito_vista,1,1,787.66,0.025,2025-11-13,767.97
vestuario,2025-10-14,credito_4x,1,4,333.89,0.035,2025-11-13,322.21
vestuario,2025-10-14,credito_4x,2,4,333.89,0.035,2025-12-13,322.21
vestuario,2025-10-14,credito_4x,3,4,333.89,0.035,2026-01-12,322.21
vestuario,2025-10-14,credito_4x,4,4,333.89,0.035,2026-02-11,322.21
vestuario,2025-10-15,pix,1,1,405.6,0.0,2025-10-15,405.6
vestuario,2025-10-15,debito,1,1,582.28,0.012,2025-10-16,575.29
vestuario,2025-10-15,credito_vista,1,1,711.81,0.025,2025-11-14,694.02
vestuario,2025-10-15,credito_4x,1,4,330.93,0.035,2025-11-14,319.35
vestuario,2025-10-15,credito_4x,2,4,330.93,0.035,2025-12-14,319.35
vestuario,2025-10-15,credito_4x,3,4,330.93,0.035,2026-01-13,319.35
vestuario,2025-10-15,credito_4x,4,4,330.93,0.035,2026-02-12,319.35
vestuario,2025-10-16,pix,1,1,478.02,0.0,2025-10-16,478.02
vestuario,2025-10-16,debito,1,1,623.19,0.012,2025-10-17,615.72
vestuario,2025-10-16,credito_vista,1,1,778.4,0.025,2025-11-15,758.94
vestuario,2025-10-16,credito_4x,1,4,509.41,0.035,2025-11-15,491.58
vestuario,2025-10-16,credito_4x,2,4,509.41,0.035,2025-12-15,491.58
vestuario,2025-10-16,credito_4x,3,4,509.41,0.035,2026-01-14,491.58
vestuario,2025-10-16,credito_4x,4,4,509.41,0.035,2026-02-13,491.58
vestuario,2025-10-17,pix,1,1,584.44,0.0,2025-10-17,584.44
vestuario,2025-10-17,debito,1,1,691.16,0.012,2025-10-18,682.86
vestuario,2025-10-17,credito_vista,1,1,1033.97,0.025,2025-11-16,1008.12
vestuario,2025-10-17,credito_4x,1,4,575.61,0.035,2025-11-16,555.47
vestuario,2025-10-17,credito_4x,2,4,575.61,0.035,2025-12-16,555.47
vestuario,2025-10-17,credito_4x,3,4,575.61,0.035,2026-01-15,555.47
vestuario,2025-10-17,credito_4x,4,4,575.61,0.035,2026-02-14,555.47
vestuario,2025-10-18,pix,1,1,763.5,0.0,2025-10-18,763.5
vestuario,2025-10-18,debito,1,1,693.03,0.012,2025-10-19,684.72
vestuario,2025-10-18,credito_vista,1,1,1343.42,0.025,2025-11-17,1309.84
vestuario,2025-10-18,credito_4x,1,4,610.27,0.035,2025-11-17,588.91
vestuario,2025-10-18,credito_4x,2,4,610.27,0.035,2025-12-17,588.91
vestuario,2025-10-18,credito_4x,3,4,610.27,0.035,2026-01-16,588.91
vestuario,2025-10-18,credito_4x,4,4,610.27,0.035,2026-02-15,588.91
vestuario,2025-10-19,pix,1,1,202.58,0.0,2025-10-19,202.58
vestuario,2025-10-19,debito,1,1,155.97,0.012,2025-10-20,154.09
vestuario,2025-10-19,credito_vista,1,1,304.5,0.025,2025-11-18,296.89
vestuario,2025-10-19,credito_4x,1,4,119.12,0.035,2025-11-18,114.95
vestuario,2025-10-19,credito_4x,2,4,119.12,0.035,2025-12-18,114.95
vestuario,2025-10-19,credito_4x,3,4,119.12,0.035,2026-01-17,114.95
vestuario,2025-10-19,credito_4x,4,4,119.12,0.035,2026-02-16,114.95
vestuario,2025-10-20,pix,1,1,376.09,0.0,2025-10-20,376.09
vestuario,2025-10-20,debito,1,1,647.09,0.012,2025-10-21,639.33
vestuario,2025-10-20,credito_vista,1,1,555.99,0.025,2025-11-19,542.09
vestuario,2025-10-20,credito_4x,1,4,344.49,0.035,2025-11-19,332.43
vestuario,2025-10-20,credito_4x,2,4,344.49,0.035,2025-12-19,332.43
vestuario,2025-10-20,credito_4x,3,4,344.49,0.035,2026-01-18,332.43
vestuario,2025-10-20,credito_4x,4,4,344.49,0.035,2026-02-17,332.43
vestuario,2025-10-21,pix,1,1,278.69,0.0,2025-10-21,278.69
vestuario,2025-10-21,debito,1,1,624.33,0.012,2025-10-22,616.84
vestuario,2025-10-21,credito_vista,1,1,574.44,0.025,2025-11-20,560.08
vestuario,2025-10-21,credito_4x,1,4,357.91,0.035,2025-11-20,345.39
vestuario,2025-10-21,credito_4x,2,4,357.91,0.035,2025-12-20,345.39
vestuario,2025-10-21,credito_4x,3,4,357.91,0.035,2026-01-19,345.39
vestuario,2025-10-21,credito_4x,4,4,357.91,0.035,2026-02-18,345.39
vestuario,2025-10-22,pix,1,1,255.71,0.0,2025-10-22,255.71
vestuario,2025-10-22,debito,1,1,343.57,0.012,2025-10-23,339.45
vestuario,2025-10-22,credito_vista,1,1,411.7,0.025,2025-11-21,401.41
vestuario,2025-10-22,credito_4x,1,4,218.54,0.035,2025-11-21,210.9
vestuario,2025-10-22,credito_4x,2,4,218.54,0.035,2025-12-21,210.9
vestuario,2025-10-22,credito_4x,3,4,218.54,0.035,2026-01-20,210.9
vestuario,2025-10-22,credito_4x,4,4,218.54,0.035,2026-02-19,210.9
vestuario,2025-10-23,pix,1,1,384.58,0.0,2025-10-23,384.58
vestuario,2025-10-23,debito,1,1,704.98,0.012,2025-10-24,696.52
vestuario,2025-10-23,credito_vista,1,1,936.36,0.025,2025-11-22,912.95
vestuario,2025-10-23,credito_4x,1,4,490.83,0.035,2025-11-22,473.65
vestuario,2025-10-23,credito_4x,2,4,490.83,0.035,2025-12-22,473.65
vestuario,2025-10-23,credito_4x,3,4,490.83,0.035,2026-01-21,473.65
vestuario,2025-10-23,credito_4x,4,4,490.83,0.035,2026-02-20,473.65
vestuario,2025-10-24,pix,1,1,646.91,0.0,2025-10-24,646.91
vestuario,2025-10-24,debito,1,1,807.13,0.012,2025-10-25,797.44
vestuario,2025-10-24,credito_vista,1,1,1192.05,0.025,2025-11-23,1162.25
vestuario,2025-10-24,credito_4x,1,4,644.58,0.035,2025-11-23,622.02
vestuario,2025-10-24,credito_4x,2,4,644.58,0.035,2025-12-23,622.02
vestuario,2025-10-24,credito_4x,3,4,644.58,0.035,2026-01-22,622.02
vestuario,2025-10-24,credito_4x,4,4,644.58,0.035,2026-02-21,622.02
vestuario,2025-10-25,pix,1,1,783.62,0.0,2025-10-25,783.62
vestuario,2025-10-25,debito,1,1,1458.39,0.012,2025-10-26,1440.89
vestuario,2025-10-25,credito_vista,1,1,1910.47,0.025,2025-11-24,1862.71
vestuario,2025-10-25,credito_4x,1,4,796.25,0.035,2025-11-24,768.38
vestuario,2025-10-25,credito_4x,2,4,796.25,0.035,2025-12-24,768.38
vestuario,2025-10-25,credito_4x,3,4,796.25,0.035,2026-01-23,768.38
vestuario,2025-10-25,credito_4x,4,4,796.25,0.035,2026-02-22,768.38
vestuario,2025-10-26,pix,1,1,140.24,0.0,2025-10-26,140.24
vestuario,2025-10-26,debito,1,1,185.46,0.012,2025-10-27,183.23
vestuario,2025-10-26,credito_vista,1,1,272.46,0.025,2025-11-25,265.64
vestuario,2025-10-26,credito_4x,1,4,153.68,0.035,2025-11-25,148.3
vestuario,2025-10-26,credito_4x,2,4,153.68,0.035,2025-12-25,148.3
vestuario,2025-10-26,credito_4x,3,4,153.68,0.035,2026-01-24,148.3
vestuario,2025-10-26,credito_4x,4,4,153.68,0.035,2026-02-23,148.3
vestuario,2025-10-27,pix,1,1,225.57,0.0,2025-10-27,225.57
vestuario,2025-10-27,debito,1,1,393.6,0.012,2025-10-28,388.88
vestuario,2025-10-27,credito_vista,1,1,605.99,0.025,2025-11-26,590.84
vestuario,2025-10-27,credito_4x,1,4,214.02,0.035,2025-11-26,206.53
vestuario,2025-10-27,credito_4x,2,4,214.02,0.035,2025-12-26,206.53
vestuario,2025-10-27,credito_4x,3,4,214.02,0.035,2026-01-25,206.53
vestuario,2025-10-27,credito_4x,4,4,214.02,0.035,2026-02-24,206.53
vestuario,2025-10-28,pix,1,1,231.53,0.0,2025-10-28,231.53
vestuario,2025-10-28,debito,1,1,282.18,0.012,2025-10-29,278.79
vestuario,2025-10-28,credito_vista,1,1,385.45,0.025,2025-11-27,375.81
vestuario,2025-10-28,credito_4x,1,4,249.68,0.035,2025-11-27,240.94
vestuario,2025-10-28,credito_4x,2,4,249.68,0.035,2025-12-27,240.94
vestuario,2025-10-28,credito_4x,3,4,249.68,0.035,2026-01-26,240.94
vestuario,2025-10-28,credito_4x,4,4,249.68,0.035,2026-02-25,240.94
vestuario,2025-10-29,pix,1,1,341.96,0.0,2025-10-29,341.96
vestuario,2025-10-29,debito,1,1,463.4,0.012,2025-10-30,457.84
vestuario,2025-10-29,credito_vista,1,1,662.4,0.025,2025-11-28,645.84
vestuario,2025-10-29,credito_4x,1,4,328.71,0.035,2025-11-28,317.21
vestuario,2025-10-29,credito_4x,2,4,328.71,0.035,2025-12-28,317.21
vestuario,2025-10-29,credito_4x,3,4,328.71,0.035,2026-01-27,317.21
vestuario,2025-10-29,credito_4x,4,4,328.71,0.035,2026-02-26,317.21
vestuario,2025-10-30,pix,1,1,364.48,0.0,2025-10-30,364.48
vestuario,2025-10-30,debito,1,1,528.48,0.012,2025-10-31,522.14
vestuario,2025-10-30,credito_vista,1,1,750.11,0.025,2025-11-29,731.36
vestuario,2025-10-30,credito_4x,1,4,361.8,0.035,2025-11-29,349.14
vestuario,2025-10-30,credito_4x,2,4,361.8,0.035,2025-12-29,349.14
vestuario,2025-10-30,credito_4x,3,4,361.8,0.035,2026-01-28,349.14
vestuario,2025-10-30,credito_4x,4,4,361.8,0.035,2026-02-27,349.14
vestuario,2025-10-31,pix,1,1,340.43,0.0,2025-10-31,340.43
vestuario,2025-10-31,debito,1,1,670.07,0.012,2025-11-01,662.03
vestuario,2025-10-31,credito_vista,1,1,565.24,0.025,2025-11-30,551.11
vestuario,2025-10-31,credito_4x,1,4,335.85,0.035,2025-11-30,324.09
vestuario,2025-10-31,credito_4x,2,4,335.85,0.035,2025-12-30,324.09
vestuario,2025-10-31,credito_4x,3,4,335.85,0.035,2026-01-29,324.09
vestuario,2025-10-31,credito_4x,4,4,335.85,0.035,2026-02-28,324.09
vestuario,2025-11-01,pix,1,1,858.27,0.0,2025-11-01,858.27
vestuario,2025-11-01,debito,1,1,1069.63,0.012,2025-11-02,1056.8
vestuario,2025-11-01,credito_vista,1,1,1766.04,0.025,2025-12-01,1721.89
vestuario,2025-11-01,credito_4x,1,4,716.81,0.035,2025-12-01,691.72
vestuario,2025-11-01,credito_4x,2,4,716.81,0.035,2025-12-31,691.72
vestuario,2025-11-01,credito_4x,3,4,716.81,0.035,2026-01-30,691.72
vestuario,2025-11-01,credito_4x,4,4,716.81,0.035,2026-03-01,691.72
vestuario,2025-11-02,pix,1,1,142.59,0.0,2025-11-02,142.59
vestuario,2025-11-02,debito,1,1,248.96,0.012,2025-11-03,245.97
vestuario,2025-11-02,credito_vista,1,1,230.88,0.025,2025-12-02,225.11
vestuario,2025-11-02,credito_4x,1,4,115.57,0.035,2025-12-02,111.53
vestuario,2025-11-02,credito_4x,2,4,115.57,0.035,2026-01-01,111.53
vestuario,2025-11-02,credito_4x,3,4,115.57,0.035,2026-01-31,111.53
vestuario,2025-11-02,credito_4x,4,4,115.57,0.035,2026-03-02,111.53
vestuario,2025-11-03,pix,1,1,661.07,0.0,2025-11-03,661.07
vestuario,2025-11-03,debito,1,1,731.26,0.012,2025-11-04,722.49
vestuario,2025-11-03,credito_vista,1,1,896.84,0.025,2025-12-03,874.42
vestuario,2025-11-03,credito_4x,1,4,456.38,0.035,2025-12-03,440.41
vestuario,2025-11-03,credito_4x,2,4,456.38,0.035,2026-01-02,440.41
vestuario,2025-11-03,credito_4x,3,4,456.38,0.035,2026-02-01,440.41
vestuario,2025-11-03,credito_4x,4,4,456.38,0.035,2026-03-03,440.41
vestuario,2025-11-04,pix,1,1,278.2,0.0,2025-11-04,278.2
vestuario,2025-11-04,debito,1,1,424.27,0.012,2025-11-05,419.18
vestuario,2025-11-04,credito_vista,1,1,1014.28,0.025,2025-12-04,988.92
vestuario,2025-11-04,credito_4x,1,4,325.51,0.035,2025-12-04,314.11
vestuario,2025-11-04,credito_4x,2,4,325.51,0.035,2026-01-03,314.11
vestuario,2025-11-04,credito_4x,3,4,325.51,0.035,2026-02-02,314.11
vestuario,2025-11-04,credito_4x,4,4,325.51,0.035,2026-03-04,314.11
vestuario,2025-11-05,pix,1,1,372.98,0.0,2025-11-05,372.98
vestuario,2025-11-05,debito,1,1,647.35,0.012,2025-11-06,639.58
vestuario,2025-11-05,credito_vista,1,1,902.84,0.025,2025-12-05,880.27
vestuario,2025-11-05,credito_4x,1,4,475.01,0.035,2025-12-05,458.38
vestuario,2025-11-05,credito_4x,2,4,475.01,0.035,2026-01-04,458.38
vestuario,2025-11-05,credito_4x,3,4,475.01,0.035,2026-02-03,458.38
vestuario,2025-11-05,credito_4x,4,4,475.01,0.035,2026-03-05,458.38
vestuario,2025-11-06,pix,1,1,322.69,0.0,2025-11-06,322.69
vestuario,2025-11-06,debito,1,1,548.17,0.012,2025-11-07,541.59
vestuario,2025-11-06,credito_vista,1,1,644.38,0.025,2025-12-06,628.27
vestuario,2025-11-06,credito_4x,1,4,356.17,0.035,2025-12-06,343.71
vestuario,2025-11-06,credito_4x,2,4,356.17,0.035,2026-01-05,343.71
vestuario,2025-11-06,credito_4x,3,4,356.17,0.035,2026-02-04,343.71
vestuario,2025-11-06,credito_4x,4,4,356.17,0.035,2026-03-06,343.71
vestuario,2025-11-07,pix,1,1,560.13,0.0,2025-11-07,560.13
vestuario,2025-11-07,debito,1,1,814.96,0.012,2025-11-08,805.18
vestuario,2025-11-07,credito_vista,1,1,832.37,0.025,2025-12-07,811.56
vestuario,2025-11-07,credito_4x,1,4,570.0,0.035,2025-12-07,550.05
vestuario,2025-11-07,credito_4x,2,4,570.0,0.035,2026-01-06,550.05
vestuario,2025-11-07,credito_4x,3,4,570.0,0.035,2026-02-05,550.05
vestuario,2025-11-07,credito_4x,4,4,570.0,0.035,2026-03-07,550.05
vestuario,2025-11-08,pix,1,1,1103.98,0.0,2025-11-08,1103.98
vestuario,2025-11-08,debito,1,1,961.04,0.012,2025-11-09,949.51
vestuario,2025-11-08,credito_vista,1,1,1832.6,0.025,2025-12-08,1786.78
vestuario,2025-11-08,credito_4x,1,4,637.31,0.035,2025-12-08,615.0
vestuario,2025-11-08,credito_4x,2,4,637.31,0.035,2026-01-07,615.0
vestuario,2025-11-08,credito_4x,3,4,637.31,0.035,2026-02-06,615.0
vestuario,2025-11-08,credito_4x,4,4,637.31,0.035,2026-03-08,615.0
vestuario,2025-11-09,pix,1,1,239.01,0.0,2025-11-09,239.01
vestuario,2025-11-09,debito,1,1,316.64,0.012,2025-11-10,312.84
vestuario,2025-11-09,credito_vista,1,1,402.62,0.025,2025-12-09,392.55
vestuario,2025-11-09,credito_4x,1,4,242.73,0.035,2025-12-09,234.24
vestuario,2025-11-09,credito_4x,2,4,242.73,0.035,2026-01-08,234.24
vestuario,2025-11-09,credito_4x,3,4,242.73,0.035,2026-02-07,234.24
vestuario,2025-11-09,credito_4x,4,4,242.73,0.035,2026-03-09,234.24
vestuario,2025-11-10,pix,1,1,506.91,0.0,2025-11-10,506.91
vestuario,2025-11-10,debito,1,1,586.52,0.012,2025-11-11,579.49
vestuario,2025-11-10,credito_vista,1,1,813.4,0.025,2025-12-10,793.07
vestuario,2025-11-10,credito_4x,1,4,474.55,0.035,2025-12-10,457.94
vestuario,2025-11-10,credito_4x,2,4,474.55,0.035,2026-01-09,457.94
vestuario,2025-11-10,credito_4x,3,4,474.55,0.035,2026-02-08,457.94
vestuario,2025-11-10,credito_4x,4,4,474.55,0.035,2026-03-10,457.94
vestuario,2025-11-11,pix,1,1,567.41,0.0,2025-11-11,567.41
vestuario,2025-11-11,debito,1,1,648.79,0.012,2025-11-12,641.01
vestuario,2025-11-11,credito_vista,1,1,821.98,0.025,2025-12-11,801.43
vestuario,2025-11-11,credito_4x,1,4,511.59,0.035,2025-12-11,493.69
vestuario,2025-11-11,credito_4x,2,4,511.59,0.035,2026-01-10,493.69
vestuario,2025-11-11,credito_4x,3,4,511.59,0.035,2026-02-09,493.69
vestuario,2025-11-11,credito_4x,4,4,511.59,0.035,2026-03-11,493.69
vestuario,2025-11-12,pix,1,1,497.55,0.0,2025-11-12,497.55
vestuario,2025-11-12,debito,1,1,775.16,0.012,2025-11-13,765.86
vestuario,2025-11-12,credito_vista,1,1,718.36,0.025,2025-12-12,700.4
vestuario,2025-11-12,credito_4x,1,4,456.85,0.035,2025-12-12,440.86
vestuario,2025-11-12,credito_4x,2,4,456.85,0.035,2026-01-11,440.86
vestuario,2025-11-12,credito_4x,3,4,456.85,0.035,2026-02-10,440.86
vestuario,2025-11-12,credito_4x,4,4,456.85,0.035,2026-03-12,440.86
vestuario,2025-11-13,pix,1,1,566.01,0.0,2025-11-13,566.01
vestuario,2025-11-13,debito,1,1,740.58,0.012,2025-11-14,731.69
vestuario,2025-11-13,credito_vista,1,1,977.79,0.025,2025-12-13,953.34
vestuario,2025-11-13,credito_4x,1,4,536.9,0.035,2025-12-13,518.11
vestuario,2025-11-13,credito_4x,2,4,536.9,0.035,2026-01-12,518.11
vestuario,2025-11-13,credito_4x,3,4,536.9,0.035,2026-02-11,518.11
vestuario,2025-11-13,credito_4x,4,4,536.9,0.035,2026-03-13,518.11
vestuario,2025-11-14,pix,1,1,593.38,0.0,2025-11-14,593.38
vestuario,2025-11-14,debito,1,1,878.39,0.012,2025-11-15,867.85
vestuario,2025-11-14,credito_vista,1,1,1524.89,0.025,2025-12-14,1486.77
vestuario,2025-11-14,credito_4x,1,4,698.87,0.035,2025-12-14,674.41
vestuario,2025-11-14,credito_4x,2,4,698.87,0.035,2026-01-13,674.41
vestuario,2025-11-14,credito_4x,3,4,698.87,0.035,2026-02-12,674.41
vestuario,2025-11-14,credito_4x,4,4,698.87,0.035,2026-03-14,674.41
vestuario,2025-11-15,pix,1,1,842.07,0.0,2025-11-15,842.07
vestuario,2025-11-15,debito,1,1,1262.89,0.012,2025-11-16,1247.74
vestuario,2025-11-15,credito_vista,1,1,1350.48,0.025,2025-12-15,1316.72
vestuario,2025-11-15,credito_4x,1,4,786.29,0.035,2025-12-15,758.77
vestuario,2025-11-15,credito_4x,2,4,786.29,0.035,2026-01-14,758.77
vestuario,2025-11-15,credito_4x,3,4,786.29,0.035,2026-02-13,758.77
vestuario,2025-11-15,credito_4x,4,4,786.29,0.035,2026-03-15,758.77
vestuario,2025-11-16,pix,1,1,204.59,0.0,2025-11-16,204.59
vestuario,2025-11-16,debito,1,1,286.93,0.012,2025-11-17,283.49
vestuario,2025-11-16,credito_vista,1,1,421.45,0.025,2025-12-16,410.91
vestuario,2025-11-16,credito_4x,1,4,181.31,0.035,2025-12-16,174.96
vestuario,2025-11-16,credito_4x,2,4,181.31,0.035,2026-01-15,174.96
vestuario,2025-11-16,credito_4x,3,4,181.31,0.035,2026-02-14,174.96
vestuario,2025-11-16,credito_4x,4,4,181.31,0.035,2026-03-16,174.96
vestuario,2025-11-17,pix,1,1,502.8,0.0,2025-11-17,502.8
vestuario,2025-11-17,debito,1,1,453.49,0.012,2025-11-18,448.04
vestuario,2025-11-17,credito_vista,1,1,759.06,0.025,2025-12-17,740.09
vestuario,2025-11-17,credito_4x,1,4,469.17,0.035,2025-12-17,452.75
vestuario,2025-11-17,credito_4x,2,4,469.17,0.035,2026-01-16,452.75
vestuario,2025-11-17,credito_4x,3,4,469.17,0.035,2026-02-15,452.75
vestuario,2025-11-17,credito_4x,4,4,469.17,0.035,2026-03-17,452.75
vestuario,2025-11-18,pix,1,1,841.42,0.0,2025-11-18,841.42
vestuario,2025-11-18,debito,1,1,541.63,0.012,2025-11-19,535.13
vestuario,2025-11-18,credito_vista,1,1,815.96,0.025,2025-12-18,795.56
vestuario,2025-11-18,credito_4x,1,4,416.49,0.035,2025-12-18,401.91
vestuario,2025-11-18,credito_4x,2,4,416.49,0.035,2026-01-17,401.91
vestuario,2025-11-18,credito_4x,3,4,416.49,0.035,2026-02-16,401.91
vestuario,2025-11-18,credito_4x,4,4,416.49,0.035,2026-03-18,401.91
vestuario,2025-11-19,pix,1,1,408.61,0.0,2025-11-19,408.61
vestuario,2025-11-19,debito,1,1,692.39,0.012,2025-11-20,684.08
vestuario,2025-11-19,credito_vista,1,1,888.05,0.025,2025-12-19,865.85
vestuario,2025-11-19,credito_4x,1,4,449.65,0.035,2025-12-19,433.91
vestuario,2025-11-19,credito_4x,2,4,449.65,0.035,2026-01-18,433.91
vestuario,2025-11-19,credito_4x,3,4,449.65,0.035,2026-02-17,433.91
vestuario,2025-11-19,credito_4x,4,4,449.65,0.035,2026-03-19,433.91
vestuario,2025-11-20,pix,1,1,246.14,0.0,2025-11-20,246.14
vestuario,2025-11-20,debito,1,1,486.01,0.012,2025-11-21,480.18
vestuario,2025-11-20,credito_vista,1,1,531.85,0.025,2025-12-20,518.55
vestuario,2025-11-20,credito_4x,1,4,310.84,0.035,2025-12-20,299.96
vestuario,2025-11-20,credito_4x,2,4,310.84,0.035,2026-01-19,299.96
vestuario,2025-11-20,credito_4x,3,4,310.84,0.035,2026-02-18,299.96
vestuario,2025-11-20,credito_4x,4,4,310.84,0.035,2026-03-20,299.96
vestuario,2025-11-21,pix,1,1,436.26,0.0,2025-11-21,436.26
vestuario,2025-11-21,debito,1,1,513.52,0.012,2025-11-22,507.36
vestuario,2025-11-21,credito_vista,1,1,1025.75,0.025,2025-12-21,1000.11
vestuario,2025-11-21,credito_4x,1,4,408.65,0.035,2025-12-21,394.35
vestuario,2025-11-21,credito_4x,2,4,408.65,0.035,2026-01-20,394.35
vestuario,2025-11-21,credito_4x,3,4,408.65,0.035,2026-02-19,394.35
vestuario,2025-11-21,credito_4x,4,4,408.65,0.035,2026-03-21,394.35
vestuario,2025-11-22,pix,1,1,617.09,0.0,2025-11-22,617.09
vestuario,2025-11-22,debito,1,1,1295.16,0.012,2025-11-23,1279.62
vestuario,2025-11-22,credito_vista,1,1,912.22,0.025,2025-12-22,889.41
vestuario,2025-11-22,credito_4x,1,4,683.04,0.035,2025-12-22,659.13
vestuario,2025-11-22,credito_4x,2,4,683.04,0.035,2026-01-21,659.13
vestuario,2025-11-22,credito_4x,3,4,683.04,0.035,2026-02-20,659.13
vestuario,2025-11-22,credito_4x,4,4,683.04,0.035,2026-03-22,659.13
vestuario,2025-11-23,pix,1,1,275.3,0.0,2025-11-23,275.3
vestuario,2025-11-23,debito,1,1,396.38,0.012,2025-11-24,391.63
vestuario,2025-11-23,credito_vista,1,1,399.67,0.025,2025-12-23,389.68
vestuario,2025-11-23,credito_4x,1,4,219.94,0.035,2025-12-23,212.24
vestuario,2025-11-23,credito_4x,2,4,219.94,0.035,2026-01-22,212.24
vestuario,2025-11-23,credito_4x,3,4,219.94,0.035,2026-02-21,212.24
vestuario,2025-11-23,credito_4x,4,4,219.94,0.035,2026-03-23,212.24
vestuario,2025-11-24,pix,1,1,435.41,0.0,2025-11-24,435.41
vestuario,2025-11-24,debito,1,1,473.17,0.012,2025-11-25,467.49
vestuario,2025-11-24,credito_vista,1,1,507.99,0.025,2025-12-24,495.29
vestuario,2025-11-24,credito_4x,1,4,383.5,0.035,2025-12-24,370.08
vestuario,2025-11-24,credito_4x,2,4,383.5,0.035,2026-01-23,370.08
vestuario,2025-11-24,credito_4x,3,4,383.5,0.035,2026-02-22,370.08
vestuario,2025-11-24,credito_4x,4,4,383.5,0.035,2026-03-24,370.08
vestuario,2025-11-25,pix,1,1,553.21,0.0,2025-11-25,553.21
vestuario,2025-11-25,debito,1,1,678.43,0.012,2025-11-26,670.29
vestuario,2025-11-25,credito_vista,1,1,649.15,0.025,2025-12-25,632.92
vestuario,2025-11-25,credito_4x,1,4,338.03,0.035,2025-12-25,326.2
vestuario,2025-11-25,credito_4x,2,4,338.03,0.035,2026-01-24,326.2
vestuario,2025-11-25,credito_4x,3,4,338.03,0.035,2026-02-23,326.2
vestuario,2025-11-25,credito_4x,4,4,338.03,0.035,2026-03-25,326.2
vestuario,2025-11-26,pix,1,1,548.93,0.0,2025-11-26,548.93
vestuario,2025-11-26,debito,1,1,436.12,0.012,2025-11-27,430.88
vestuario,2025-11-26,credito_vista,1,1,858.76,0.025,2025-12-26,837.3
vestuario,2025-11-26,credito_4x,1,4,422.81,0.035,2025-12-26,408.01
vestuario,2025-11-26,credito_4x,2,4,422.81,0.035,2026-01-25,408.01
vestuario,2025-11-26,credito_4x,3,4,422.81,0.035,2026-02-24,408.01
vestuario,2025-11-26,credito_4x,4,4,422.81,0.035,2026-03-26,408.01
vestuario,2025-11-27,pix,1,1,438.23,0.0,2025-11-27,438.23
vestuario,2025-11-27,debito,1,1,865.47,0.012,2025-11-28,855.08
vestuario,2025-11-27,credito_vista,1,1,738.39,0.025,2025-12-27,719.93
vestuario,2025-11-27,credito_4x,1,4,453.24,0.035,2025-12-27,437.37
vestuario,2025-11-27,credito_4x,2,4,453.24,0.035,2026-01-26,437.37
vestuario,2025-11-27,credito_4x,3,4,453.24,0.035,2026-02-25,437.37
vestuario,2025-11-27,credito_4x,4,4,453.24,0.035,2026-03-27,437.37
vestuario,2025-11-28,pix,1,1,508.09,0.0,2025-11-28,508.09
vestuario,2025-11-28,debito,1,1,882.08,0.012,2025-11-29,871.49
vestuario,2025-11-28,credito_vista,1,1,1048.13,0.025,2025-12-28,1021.93
vestuario,2025-11-28,credito_4x,1,4,549.72,0.035,2025-12-28,530.48
vestuario,2025-11-28,credito_4x,2,4,549.72,0.035,2026-01-27,530.48
vestuario,2025-11-28,credito_4x,3,4,549.72,0.035,2026-02-26,530.48
vestuario,2025-11-28,credito_4x,4,4,549.72,0.035,2026-03-28,530.48
vestuario,2025-11-29,pix,1,1,706.72,0.0,2025-11-29,706.72
vestuario,2025-11-29,debito,1,1,576.05,0.012,2025-11-30,569.14
vestuario,2025-11-29,credito_vista,1,1,695.84,0.025,2025-12-29,678.45
vestuario,2025-11-29,credito_4x,1,4,449.58,0.035,2025-12-29,433.84
vestuario,2025-11-29,credito_4x,2,4,449.58,0.035,2026-01-28,433.84
vestuario,2025-11-29,credito_4x,3,4,449.58,0.035,2026-02-27,433.84
vestuario,2025-11-29,credito_4x,4,4,449.58,0.035,2026-03-29,433.84
vestuario,2025-11-30,pix,1,1,212.49,0.0,2025-11-30,212.49
vestuario,2025-11-30,debito,1,1,312.31,0.012,2025-12-01,308.57
vestuario,2025-11-30,credito_vista,1,1,205.28,0.025,2025-12-30,200.15
vestuario,2025-11-30,credito_4x,1,4,198.57,0.035,2025-12-30,191.62
vestuario,2025-11-30,credito_4x,2,4,198.57,0.035,2026-01-29,191.62
vestuario,2025-11-30,credito_4x,3,4,198.57,0.035,2026-02-28,191.62
vestuario,2025-11-30,credito_4x,4,4,198.57,0.035,2026-03-30,191.62
vestuario,2025-12-01,pix,1,1,505.73,0.0,2025-12-01,505.73
vestuario,2025-12-01,debito,1,1,450.8,0.012,2025-12-02,445.39
vestuario,2025-12-01,credito_vista,1,1,771.66,0.025,2025-12-31,752.37
vestuario,2025-12-01,credito_4x,1,4,332.53,0.035,2025-12-31,320.89
vestuario,2025-12-01,credito_4x,2,4,332.53,0.035,2026-01-30,320.89
vestuario,2025-12-01,credito_4x,3,4,332.53,0.035,2026-03-01,320.89
vestuario,2025-12-01,credito_4x,4,4,332.53,0.035,2026-03-31,320.89
vestuario,2025-12-02,pix,1,1,372.93,0.0,2025-12-02,372.93
vestuario,2025-12-02,debito,1,1,476.09,0.012,2025-12-03,470.38
vestuario,2025-12-02,credito_vista,1,1,437.51,0.025,2026-01-01,426.57
vestuario,2025-12-02,credito_4x,1,4,276.68,0.035,2026-01-01,266.99
vestuario,2025-12-02,credito_4x,2,4,276.68,0.035,2026-01-31,266.99
vestuario,2025-12-02,credito_4x,3,4,276.68,0.035,2026-03-02,266.99
vestuario,2025-12-02,credito_4x,4,4,276.68,0.035,2026-04-01,266.99
vestuario,2025-12-03,pix,1,1,410.98,0.0,2025-12-03,410.98
vestuario,2025-12-03,debito,1,1,853.91,0.012,2025-12-04,843.66
vestuario,2025-12-03,credito_vista,1,1,726.62,0.025,2026-01-02,708.45
vestuario,2025-12-03,credito_4x,1,4,434.7,0.035,2026-01-02,419.49
vestuario,2025-12-03,credito_4x,2,4,434.7,0.035,2026-02-01,419.49
vestuario,2025-12-03,credito_4x,3,4,434.7,0.035,2026-03-03,419.49
vestuario,2025-12-03,credito_4x,4,4,434.7,0.035,2026-04-02,419.49
vestuario,2025-12-04,pix,1,1,1117.72,0.0,2025-12-04,1117.72
vestuario,2025-12-04,debito,1,1,1140.12,0.012,2025-12-05,1126.44
vestuario,2025-12-04,credito_vista,1,1,1158.41,0.025,2026-01-03,1129.45
vestuario,2025-12-04,credito_4x,1,4,576.43,0.035,2026-01-03,556.25
vestuario,2025-12-04,credito_4x,2,4,576.43,0.035,2026-02-02,556.25
vestuario,2025-12-04,credito_4x,3,4,576.43,0.035,2026-03-04,556.25
vestuario,2025-12-04,credito_4x,4,4,576.43,0.035,2026-04-03,556.25
vestuario,2025-12-05,pix,1,1,572.0,0.0,2025-12-05,572.0
vestuario,2025-12-05,debito,1,1,1258.28,0.012,2025-12-06,1243.18
vestuario,2025-12-05,credito_vista,1,1,1393.11,0.025,2026-01-04,1358.28
vestuario,2025-12-05,credito_4x,1,4,660.1,0.035,2026-01-04,637.0
vestuario,2025-12-05,credito_4x,2,4,660.1,0.035,2026-02-03,637.0
vestuario,2025-12-05,credito_4x,3,4,660.1,0.035,2026-03-05,637.0
vestuario,2025-12-05,credito_4x,4,4,660.1,0.035,2026-04-04,637.0
vestuario,2025-12-06,pix,1,1,1372.29,0.0,2025-12-06,1372.29
vestuario,2025-12-06,debito,1,1,1859.46,0.012,2025-12-07,1837.15
vestuario,2025-12-06,credito_vista,1,1,1949.76,0.025,2026-01-05,1901.02
vestuario,2025-12-06,credito_4x,1,4,1270.71,0.035,2026-01-05,1226.23
vestuario,2025-12-06,credito_4x,2,4,1270.71,0.035,2026-02-04,1226.23
vestuario,2025-12-06,credito_4x,3,4,1270.71,0.035,2026-03-06,1226.23
vestuario,2025-12-06,credito_4x,4,4,1270.71,0.035,2026-04-05,1226.23
vestuario,2025-12-07,pix,1,1,194.89,0.0,2025-12-07,194.89
vestuario,2025-12-07,debito,1,1,378.86,0.012,2025-12-08,374.31
vestuario,2025-12-07,credito_vista,1,1,554.56,0.025,2026-01-06,540.7
vestuario,2025-12-07,credito_4x,1,4,237.96,0.035,2026-01-06,229.64
vestuario,2025-12-07,credito_4x,2,4,237.96,0.035,2026-02-05,229.64
vestuario,2025-12-07,credito_4x,3,4,237.96,0.035,2026-03-07,229.64
vestuario,2025-12-07,credito_4x,4,4,237.96,0.035,2026-04-06,229.64
vestuario,2025-12-08,pix,1,1,788.85,0.0,2025-12-08,788.85
vestuario,2025-12-08,debito,1,1,1130.61,0.012,2025-12-09,1117.05
vestuario,2025-12-08,credito_vista,1,1,695.56,0.025,2026-01-07,678.17
vestuario,2025-12-08,credito_4x,1,4,717.17,0.035,2026-01-07,692.07
vestuario,2025-12-08,credito_4x,2,4,717.17,0.035,2026-02-06,692.07
vestuario,2025-12-08,credito_4x,3,4,717.17,0.035,2026-03-08,692.07
vestuario,2025-12-08,credito_4x,4,4,717.17,0.035,2026-04-07,692.07
vestuario,2025-12-09,pix,1,1,564.34,0.0,2025-12-09,564.34
vestuario,2025-12-09,debito,1,1,633.61,0.012,2025-12-10,626.01
vestuario,2025-12-09,credito_vista,1,1,660.8,0.025,2026-01-08,644.28
vestuario,2025-12-09,credito_4x,1,4,520.44,0.035,2026-01-08,502.22
vestuario,2025-12-09,credito_4x,2,4,520.44,0.035,2026-02-07,502.22
vestuario,2025-12-09,credito_4x,3,4,520.44,0.035,2026-03-09,502.22
vestuario,2025-12-09,credito_4x,4,4,520.44,0.035,2026-04-08,502.22
vestuario,2025-12-10,pix,1,1,412.87,0.0,2025-12-10,412.87
vestuario,2025-12-10,debito,1,1,844.09,0.012,2025-12-11,833.96
vestuario,2025-12-10,credito_vista,1,1,761.42,0.025,2026-01-09,742.39
vestuario,2025-12-10,credito_4x,1,4,505.67,0.035,2026-01-09,487.97
vestuario,2025-12-10,credito_4x,2,4,505.67,0.035,2026-02-08,487.97
vestuario,2025-12-10,credito_4x,3,4,505.67,0.035,2026-03-10,487.97
vestuario,2025-12-10,credito_4x,4,4,505.67,0.035,2026-04-09,487.97
vestuario,2025-12-11,pix,1,1,388.75,0.0,2025-12-11,388.75
vestuario,2025-12-11,debito,1,1,397.25,0.012,2025-12-12,392.48
vestuario,2025-12-11,credito_vista,1,1,696.62,0.025,2026-01-10,679.2
vestuario,2025-12-11,credito_4x,1,4,310.48,0.035,2026-01-10,299.62
vestuario,2025-12-11,credito_4x,2,4,310.48,0.035,2026-02-09,299.62
vestuario,2025-12-11,credito_4x,3,4,310.48,0.035,2026-03-11,299.62
vestuario,2025-12-11,credito_4x,4,4,310.48,0.035,2026-04-10,299.62
vestuario,2025-12-12,pix,1,1,634.47,0.0,2025-12-12,634.47
vestuario,2025-12-12,debito,1,1,858.12,0.012,2025-12-13,847.82
vestuario,2025-12-12,credito_vista,1,1,1203.78,0.025,2026-01-11,1173.69
vestuario,2025-12-12,credito_4x,1,4,743.41,0.035,2026-01-11,717.39
vestuario,2025-12-12,credito_4x,2,4,743.41,0.035,2026-02-10,717.39
vestuario,2025-12-12,credito_4x,3,4,743.41,0.035,2026-03-12,717.39
vestuario,2025-12-12,credito_4x,4,4,743.41,0.035,2026-04-11,717.39
vestuario,2025-12-13,pix,1,1,923.31,0.0,2025-12-13,923.31
vestuario,2025-12-13,debito,1,1,1271.04,0.012,2025-12-14,1255.79
vestuario,2025-12-13,credito_vista,1,1,1001.96,0.025,2026-01-12,976.91
vestuario,2025-12-13,credito_4x,1,4,553.98,0.035,2026-01-12,534.59
vestuario,2025-12-13,credito_4x,2,4,553.98,0.035,2026-02-11,534.59
vestuario,2025-12-13,credito_4x,3,4,553.98,0.035,2026-03-13,534.59
vestuario,2025-12-13,credito_4x,4,4,553.98,0.035,2026-04-12,534.59
vestuario,2025-12-14,pix,1,1,188.68,0.0,2025-12-14,188.68
vestuario,2025-12-14,debito,1,1,255.78,0.012,2025-12-15,252.71
vestuario,2025-12-14,credito_vista,1,1,340.24,0.025,2026-01-13,331.73
vestuario,2025-12-14,credito_4x,1,4,171.26,0.035,2026-01-13,165.27
vestuario,2025-12-14,credito_4x,2,4,171.26,0.035,2026-02-12,165.27
vestuario,2025-12-14,credito_4x,3,4,171.26,0.035,2026-03-14,165.27
vestuario,2025-12-14,credito_4x,4,4,171.26,0.035,2026-04-13,165.27
vestuario,2025-12-15,pix,1,1,424.74,0.0,2025-12-15,424.74
vestuario,2025-12-15,debito,1,1,528.74,0.012,2025-12-16,522.4
vestuario,2025-12-15,credito_vista,1,1,989.51,0.025,2026-01-14,964.77
vestuario,2025-12-15,credito_4x,1,4,492.0,0.035,2026-01-14,474.78
vestuario,2025-12-15,credito_4x,2,4,492.0,0.035,2026-02-13,474.78
vestuario,2025-12-15,credito_4x,3,4,492.0,0.035,2026-03-15,474.78
vestuario,2025-12-15,credito_4x,4,4,492.0,0.035,2026-04-14,474.78
vestuario,2025-12-16,pix,1,1,363.62,0.0,2025-12-16,363.62
vestuario,2025-12-16,debito,1,1,566.2,0.012,2025-12-17,559.4
vestuario,2025-12-16,credito_vista,1,1,772.21,0.025,2026-01-15,752.91
vestuario,2025-12-16,credito_4x,1,4,592.9,0.035,2026-01-15,572.15
vestuario,2025-12-16,credito_4x,2,4,592.9,0.035,2026-02-14,572.15
vestuario,2025-12-16,credito_4x,3,4,592.9,0.035,2026-03-16,572.15
vestuario,2025-12-16,credito_4x,4,4,592.9,0.035,2026-04-15,572.15
vestuario,2025-12-17,pix,1,1,527.53,0.0,2025-12-17,527.53
vestuario,2025-12-17,debito,1,1,847.76,0.012,2025-12-18,837.58
vestuario,2025-12-17,credito_vista,1,1,760.94,0.025,2026-01-16,741.92
vestuario,2025-12-17,credito_4x,1,4,540.88,0.035,2026-01-16,521.95
vestuario,2025-12-17,credito_4x,2,4,540.88,0.035,2026-02-15,521.95
vestuario,2025-12-17,credito_4x,3,4,540.88,0.035,2026-03-17,521.95
vestuario,2025-12-17,credito_4x,4,4,540.88,0.035,2026-04-16,521.95
vestuario,2025-12-18,pix,1,1,499.61,0.0,2025-12-18,499.61
vestuario,2025-12-18,debito,1,1,740.13,0.012,2025-12-19,731.24
vestuario,2025-12-18,credito_vista,1,1,724.75,0.025,2026-01-17,706.63
vestuario,2025-12-18,credito_4x,1,4,390.2,0.035,2026-01-17,376.54
vestuario,2025-12-18,credito_4x,2,4,390.2,0.035,2026-02-16,376.54
vestuario,2025-12-18,credito_4x,3,4,390.2,0.035,2026-03-18,376.54
vestuario,2025-12-18,credito_4x,4,4,390.2,0.035,2026-04-17,376.54
vestuario,2025-12-19,pix,1,1,381.21,0.0,2025-12-19,381.21
vestuario,2025-12-19,debito,1,1,708.44,0.012,2025-12-20,699.94
vestuario,2025-12-19,credito_vista,1,1,1116.55,0.025,2026-01-18,1088.64
vestuario,2025-12-19,credito_4x,1,4,586.39,0.035,2026-01-18,565.86
vestuario,2025-12-19,credito_4x,2,4,586.39,0.035,2026-02-17,565.86
vestuario,2025-12-19,credito_4x,3,4,586.39,0.035,2026-03-19,565.86
vestuario,2025-12-19,credito_4x,4,4,586.39,0.035,2026-04-18,565.86
vestuario,2025-12-20,pix,1,1,510.35,0.0,2025-12-20,510.35
vestuario,2025-12-20,debito,1,1,936.95,0.012,2025-12-21,925.71
vestuario,2025-12-20,credito_vista,1,1,1533.83,0.025,2026-01-19,1495.49
vestuario,2025-12-20,credito_4x,1,4,771.2,0.035,2026-01-19,744.21
vestuario,2025-12-20,credito_4x,2,4,771.2,0.035,2026-02-18,744.21
vestuario,2025-12-20,credito_4x,3,4,771.2,0.035,2026-03-20,744.21
vestuario,2025-12-20,credito_4x,4,4,771.2,0.035,2026-04-19,744.21
vestuario,2025-12-21,pix,1,1,212.55,0.0,2025-12-21,212.55
vestuario,2025-12-21,debito,1,1,403.73,0.012,2025-12-22,398.89
vestuario,2025-12-21,credito_vista,1,1,468.4,0.025,2026-01-20,456.69
vestuario,2025-12-21,credito_4x,1,4,236.18,0.035,2026-01-20,227.92
vestuario,2025-12-21,credito_4x,2,4,236.18,0.035,2026-02-19,227.92
vestuario,2025-12-21,credito_4x,3,4,236.18,0.035,2026-03-21,227.92
vestuario,2025-12-21,credito_4x,4,4,236.18,0.035,2026-04-20,227.92
vestuario,2025-12-22,pix,1,1,380.98,0.0,2025-12-22,380.98
vestuario,2025-12-22,debito,1,1,715.78,0.012,2025-12-23,707.19
vestuario,2025-12-22,credito_vista,1,1,960.66,0.025,2026-01-21,936.64
vestuario,2025-12-22,credito_4x,1,4,519.67,0.035,2026-01-21,501.48
vestuario,2025-12-22,credito_4x,2,4,519.67,0.035,2026-02-20,501.48
vestuario,2025-12-22,credito_4x,3,4,519.67,0.035,2026-03-22,501.48
vestuario,2025-12-22,credito_4x,4,4,519.67,0.035,2026-04-21,501.48
vestuario,2025-12-23,pix,1,1,413.85,0.0,2025-12-23,413.85
vestuario,2025-12-23,debito,1,1,838.73,0.012,2025-12-24,828.66
vestuario,2025-12-23,credito_vista,1,1,676.87,0.025,2026-01-22,659.95
vestuario,2025-12-23,credito_4x,1,4,404.07,0.035,2026-01-22,389.93
vestuario,2025-12-23,credito_4x,2,4,404.07,0.035,2026-02-21,389.93
vestuario,2025-12-23,credito_4x,3,4,404.07,0.035,2026-03-23,389.93
vestuario,2025-12-23,credito_4x,4,4,404.07,0.035,2026-04-22,389.93
vestuario,2025-12-24,pix,1,1,715.03,0.0,2025-12-24,715.03
vestuario,2025-12-24,debito,1,1,909.92,0.012,2025-12-25,899.0
vestuario,2025-12-24,credito_vista,1,1,916.82,0.025,2026-01-23,893.9
vestuario,2025-12-24,credito_4x,1,4,611.9,0.035,2026-01-23,590.48
vestuario,2025-12-24,credito_4x,2,4,611.9,0.035,2026-02-22,590.48
vestuario,2025-12-24,credito_4x,3,4,611.9,0.035,2026-03-24,590.48
vestuario,2025-12-24,credito_4x,4,4,611.9,0.035,2026-04-23,590.48
vestuario,2025-12-25,pix,1,1,319.91,0.0,2025-12-25,319.91
vestuario,2025-12-25,debito,1,1,818.81,0.012,2025-12-26,808.98
vestuario,2025-12-25,credito_vista,1,1,602.93,0.025,2026-01-24,587.85
vestuario,2025-12-25,credito_4x,1,4,514.63,0.035,2026-01-24,496.62
vestuario,2025-12-25,credito_4x,2,4,514.63,0.035,2026-02-23,496.62
vestuario,2025-12-25,credito_4x,3,4,514.63,0.035,2026-03-25,496.62
vestuario,2025-12-25,credito_4x,4,4,514.63,0.035,2026-04-24,496.62
vestuario,2025-12-26,pix,1,1,417.3,0.0,2025-12-26,417.3
vestuario,2025-12-26,debito,1,1,553.74,0.012,2025-12-27,547.1
vestuario,2025-12-26,credito_vista,1,1,950.75,0.025,2026-01-25,926.98
vestuario,2025-12-26,credito_4x,1,4,423.84,0.035,2026-01-25,409.0
vestuario,2025-12-26,credito_4x,2,4,423.84,0.035,2026-02-24,409.0
vestuario,2025-12-26,credito_4x,3,4,423.84,0.035,2026-03-26,409.0
vestuario,2025-12-26,credito_4x,4,4,423.84,0.035,2026-04-25,409.0
vestuario,2025-12-27,pix,1,1,765.11,0.0,2025-12-27,765.11
vestuario,2025-12-27,debito,1,1,750.07,0.012,2025-12-28,741.07
vestuario,2025-12-27,credito_vista,1,1,1671.9,0.025,2026-01-26,1630.1
vestuario,2025-12-27,credito_4x,1,4,708.65,0.035,2026-01-26,683.85
vestuario,2025-12-27,credito_4x,2,4,708.65,0.035,2026-02-25,683.85
vestuario,2025-12-27,credito_4x,3,4,708.65,0.035,2026-03-27,683.85
vestuario,2025-12-27,credito_4x,4,4,708.65,0.035,2026-04-26,683.85
vestuario,2025-12-28,pix,1,1,278.08,0.0,2025-12-28,278.08
vestuario,2025-12-28,debito,1,1,475.22,0.012,2025-12-29,469.52
vestuario,2025-12-28,credito_vista,1,1,504.86,0.025,2026-01-27,492.23
vestuario,2025-12-28,credito_4x,1,4,178.71,0.035,2026-01-27,172.45
vestuario,2025-12-28,credito_4x,2,4,178.71,0.035,2026-02-26,172.45
vestuario,2025-12-28,credito_4x,3,4,178.71,0.035,2026-03-28,172.45
vestuario,2025-12-28,credito_4x,4,4,178.71,0.035,2026-04-27,172.45
vestuario,2025-12-29,pix,1,1,619.69,0.0,2025-12-29,619.69
vestuario,2025-12-29,debito,1,1,565.4,0.012,2025-12-30,558.61
vestuario,2025-12-29,credito_vista,1,1,965.97,0.025,2026-01-28,941.82
vestuario,2025-12-29,credito_4x,1,4,381.5,0.035,2026-01-28,368.15
vestuario,2025-12-29,credito_4x,2,4,381.5,0.035,2026-02-27,368.15
vestuario,2025-12-29,credito_4x,3,4,381.5,0.035,2026-03-29,368.15
vestuario,2025-12-29,credito_4x,4,4,381.5,0.035,2026-04-28,368.15
vestuario,2025-12-30,pix,1,1,325.9,0.0,2025-12-30,325.9
vestuario,2025-12-30,debito,1,1,573.04,0.012,2025-12-31,566.17
vestuario,2025-12-30,credito_vista,1,1,930.63,0.025,2026-01-29,907.36
vestuario,2025-12-30,credito_4x,1,4,399.49,0.035,2026-01-29,385.51
vestuario,2025-12-30,credito_4x,2,4,399.49,0.035,2026-02-28,385.51
vestuario,2025-12-30,credito_4x,3,4,399.49,0.035,2026-03-30,385.51
vestuario,2025-12-30,credito_4x,4,4,399.49,0.035,2026-04-29,385.51
vestuario,2025-12-31,pix,1,1,376.06,0.0,2025-12-31,376.06
vestuario,2025-12-31,debito,1,1,501.13,0.012,2026-01-01,495.12
vestuario,2025-12-31,credito_vista,1,1,572.91,0.025,2026-01-30,558.58
vestuario,2025-12-31,credito_4x,1,4,362.06,0.035,2026-01-30,349.39
vestuario,2025-12-31,credito_4x,2,4,362.06,0.035,2026-03-01,349.39
vestuario,2025-12-31,credito_4x,3,4,362.06,0.035,2026-03-31,349.39
vestuario,2025-12-31,credito_4x,4,4,362.06,0.035,2026-04-30,349.39
vestuario,2026-01-01,pix,1,1,692.82,0.0,2026-01-01,692.82
vestuario,2026-01-01,debito,1,1,597.54,0.012,2026-01-02,590.37
vestuario,2026-01-01,credito_vista,1,1,823.62,0.025,2026-01-31,803.03
vestuario,2026-01-01,credito_4x,1,4,570.26,0.035,2026-01-31,550.3
vestuario,2026-01-01,credito_4x,2,4,570.26,0.035,2026-03-02,550.3
vestuario,2026-01-01,credito_4x,3,4,570.26,0.035,2026-04-01,550.3
vestuario,2026-01-01,credito_4x,4,4,570.26,0.035,2026-05-01,550.3
vestuario,2026-01-02,pix,1,1,585.99,0.0,2026-01-02,585.99
vestuario,2026-01-02,debito,1,1,1107.14,0.012,2026-01-03,1093.85
vestuario,2026-01-02,credito_vista,1,1,1546.9,0.025,2026-02-01,1508.23
vestuario,2026-01-02,credito_4x,1,4,752.3,0.035,2026-02-01,725.97
vestuario,2026-01-02,credito_4x,2,4,752.3,0.035,2026-03-03,725.97
vestuario,2026-01-02,credito_4x,3,4,752.3,0.035,2026-04-02,725.97
vestuario,2026-01-02,credito_4x,4,4,752.3,0.035,2026-05-02,725.97
vestuario,2026-01-03,pix,1,1,877.45,0.0,2026-01-03,877.45
vestuario,2026-01-03,debito,1,1,1389.14,0.012,2026-01-04,1372.47
vestuario,2026-01-03,credito_vista,1,1,2241.9,0.025,2026-02-02,2185.85
vestuario,2026-01-03,credito_4x,1,4,1406.28,0.035,2026-02-02,1357.06
vestuario,2026-01-03,credito_4x,2,4,1406.28,0.035,2026-03-04,1357.06
vestuario,2026-01-03,credito_4x,3,4,1406.28,0.035,2026-04-03,1357.06
vestuario,2026-01-03,credito_4x,4,4,1406.28,0.035,2026-05-03,1357.06
vestuario,2026-01-04,pix,1,1,283.31,0.0,2026-01-04,283.31
vestuario,2026-01-04,debito,1,1,482.64,0.012,2026-01-05,476.85
vestuario,2026-01-04,credito_vista,1,1,536.61,0.025,2026-02-03,523.19
vestuario,2026-01-04,credito_4x,1,4,245.65,0.035,2026-02-03,237.05
vestuario,2026-01-04,credito_4x,2,4,245.65,0.035,2026-03-05,237.05
vestuario,2026-01-04,credito_4x,3,4,245.65,0.035,2026-04-04,237.05
vestuario,2026-01-04,credito_4x,4,4,245.65,0.035,2026-05-04,237.05
vestuario,2026-01-05,pix,1,1,622.56,0.0,2026-01-05,622.56
vestuario,2026-01-05,debito,1,1,494.19,0.012,2026-01-06,488.26
vestuario,2026-01-05,credito_vista,1,1,998.57,0.025,2026-02-04,973.6
vestuario,2026-01-05,credito_4x,1,4,492.55,0.035,2026-02-04,475.31
vestuario,2026-01-05,credito_4x,2,4,492.55,0.035,2026-03-06,475.31
vestuario,2026-01-05,credito_4x,3,4,492.55,0.035,2026-04-05,475.31
vestuario,2026-01-05,credito_4x,4,4,492.55,0.035,2026-05-05,475.31
vestuario,2026-01-06,pix,1,1,505.23,0.0,2026-01-06,505.23
vestuario,2026-01-06,debito,1,1,646.54,0.012,2026-01-07,638.78
vestuario,2026-01-06,credito_vista,1,1,904.76,0.025,2026-02-05,882.14
vestuario,2026-01-06,credito_4x,1,4,485.07,0.035,2026-02-05,468.09
vestuario,2026-01-06,credito_4x,2,4,485.07,0.035,2026-03-07,468.09
vestuario,2026-01-06,credito_4x,3,4,485.07,0.035,2026-04-06,468.09
vestuario,2026-01-06,credito_4x,4,4,485.07,0.035,2026-05-06,468.09
vestuario,2026-01-07,pix,1,1,542.56,0.0,2026-01-07,542.56
vestuario,2026-01-07,debito,1,1,745.85,0.012,2026-01-08,736.9
vestuario,2026-01-07,credito_vista,1,1,890.12,0.025,2026-02-06,867.87
vestuario,2026-01-07,credito_4x,1,4,427.49,0.035,2026-02-06,412.53
vestuario,2026-01-07,credito_4x,2,4,427.49,0.035,2026-03-08,412.53
vestuario,2026-01-07,credito_4x,3,4,427.49,0.035,2026-04-07,412.53
vestuario,2026-01-07,credito_4x,4,4,427.49,0.035,2026-05-07,412.53
vestuario,2026-01-08,pix,1,1,441.69,0.0,2026-01-08,441.69
vestuario,2026-01-08,debito,1,1,1022.16,0.012,2026-01-09,1009.89
vestuario,2026-01-08,credito_vista,1,1,918.93,0.025,2026-02-07,895.96
vestuario,2026-01-08,credito_4x,1,4,528.56,0.035,2026-02-07,510.06
vestuario,2026-01-08,credito_4x,2,4,528.56,0.035,2026-03-09,510.06
vestuario,2026-01-08,credito_4x,3,4,528.56,0.035,2026-04-08,510.06
vestuario,2026-01-08,credito_4x,4,4,528.56,0.035,2026-05-08,510.06
vestuario,2026-01-09,pix,1,1,689.17,0.0,2026-01-09,689.17
vestuario,2026-01-09,debito,1,1,1411.2,0.012,2026-01-10,1394.26
vestuario,2026-01-09,credito_vista,1,1,1136.65,0.025,2026-02-08,1108.24
vestuario,2026-01-09,credito_4x,1,4,633.56,0.035,2026-02-08,611.39
vestuario,2026-01-09,credito_4x,2,4,633.56,0.035,2026-03-10,611.39
vestuario,2026-01-09,credito_4x,3,4,633.56,0.035,2026-04-09,611.39
vestuario,2026-01-09,credito_4x,4,4,633.56,0.035,2026-05-09,611.39
vestuario,2026-01-10,pix,1,1,1394.75,0.0,2026-01-10,1394.75
vestuario,2026-01-10,debito,1,1,1783.76,0.012,2026-01-11,1762.35
vestuario,2026-01-10,credito_vista,1,1,2325.65,0.025,2026-02-09,2267.51
vestuario,2026-01-10,credito_4x,1,4,1201.96,0.035,2026-02-09,1159.89
vestuario,2026-01-10,credito_4x,2,4,1201.96,0.035,2026-03-11,1159.89
vestuario,2026-01-10,credito_4x,3,4,1201.96,0.035,2026-04-10,1159.89
vestuario,2026-01-10,credito_4x,4,4,1201.96,0.035,2026-05-10,1159.89
vestuario,2026-01-11,pix,1,1,281.7,0.0,2026-01-11,281.7
vestuario,2026-01-11,debito,1,1,240.12,0.012,2026-01-12,237.23
vestuario,2026-01-11,credito_vista,1,1,418.0,0.025,2026-02-10,407.55
vestuario,2026-01-11,credito_4x,1,4,188.06,0.035,2026-02-10,181.48
vestuario,2026-01-11,credito_4x,2,4,188.06,0.035,2026-03-12,181.48
vestuario,2026-01-11,credito_4x,3,4,188.06,0.035,2026-04-11,181.48
vestuario,2026-01-11,credito_4x,4,4,188.06,0.035,2026-05-11,181.48
vestuario,2026-01-12,pix,1,1,254.53,0.0,2026-01-12,254.53
vestuario,2026-01-12,debito,1,1,645.3,0.012,2026-01-13,637.56
vestuario,2026-01-12,credito_vista,1,1,775.27,0.025,2026-02-11,755.89
vestuario,2026-01-12,credito_4x,1,4,385.49,0.035,2026-02-11,372.0
vestuario,2026-01-12,credito_4x,2,4,385.49,0.035,2026-03-13,372.0
vestuario,2026-01-12,credito_4x,3,4,385.49,0.035,2026-04-12,372.0
vestuario,2026-01-12,credito_4x,4,4,385.49,0.035,2026-05-12,372.0
vestuario,2026-01-13,pix,1,1,430.27,0.0,2026-01-13,430.27
vestuario,2026-01-13,debito,1,1,407.41,0.012,2026-01-14,402.52
vestuario,2026-01-13,credito_vista,1,1,661.16,0.025,2026-02-12,644.63
vestuario,2026-01-13,credito_4x,1,4,310.22,0.035,2026-02-12,299.36
vestuario,2026-01-13,credito_4x,2,4,310.22,0.035,2026-03-14,299.36
vestuario,2026-01-13,credito_4x,3,4,310.22,0.035,2026-04-13,299.36
vestuario,2026-01-13,credito_4x,4,4,310.22,0.035,2026-05-13,299.36
vestuario,2026-01-14,pix,1,1,521.88,0.0,2026-01-14,521.88
vestuario,2026-01-14,debito,1,1,500.76,0.012,2026-01-15,494.75
vestuario,2026-01-14,credito_vista,1,1,1080.81,0.025,2026-02-13,1053.79
vestuario,2026-01-14,credito_4x,1,4,512.63,0.035,2026-02-13,494.69
vestuario,2026-01-14,credito_4x,2,4,512.63,0.035,2026-03-15,494.69
vestuario,2026-01-14,credito_4x,3,4,512.63,0.035,2026-04-14,494.69
vestuario,2026-01-14,credito_4x,4,4,512.63,0.035,2026-05-14,494.69
vestuario,2026-01-15,pix,1,1,778.26,0.0,2026-01-15,778.26
vestuario,2026-01-15,debito,1,1,776.23,0.012,2026-01-16,766.91
vestuario,2026-01-15,credito_vista,1,1,1208.99,0.025,2026-02-14,1178.77
vestuario,2026-01-15,credito_4x,1,4,607.44,0.035,2026-02-14,586.18
vestuario,2026-01-15,credito_4x,2,4,607.44,0.035,2026-03-16,586.18
vestuario,2026-01-15,credito_4x,3,4,607.44,0.035,2026-04-15,586.18
vestuario,2026-01-15,credito_4x,4,4,607.44,0.035,2026-05-15,586.18
vestuario,2026-01-16,pix,1,1,789.18,0.0,2026-01-16,789.18
vestuario,2026-01-16,debito,1,1,1036.1,0.012,2026-01-17,1023.67
vestuario,2026-01-16,credito_vista,1,1,1629.61,0.025,2026-02-15,1588.87
vestuario,2026-01-16,credito_4x,1,4,764.54,0.035,2026-02-15,737.78
vestuario,2026-01-16,credito_4x,2,4,764.54,0.035,2026-03-17,737.78
vestuario,2026-01-16,credito_4x,3,4,764.54,0.035,2026-04-16,737.78
vestuario,2026-01-16,credito_4x,4,4,764.54,0.035,2026-05-16,737.78
vestuario,2026-01-17,pix,1,1,1082.83,0.0,2026-01-17,1082.83
vestuario,2026-01-17,debito,1,1,1104.41,0.012,2026-01-18,1091.15
vestuario,2026-01-17,credito_vista,1,1,1561.36,0.025,2026-02-16,1522.33
vestuario,2026-01-17,credito_4x,1,4,736.22,0.035,2026-02-16,710.45
vestuario,2026-01-17,credito_4x,2,4,736.22,0.035,2026-03-18,710.45
vestuario,2026-01-17,credito_4x,3,4,736.22,0.035,2026-04-17,710.45
vestuario,2026-01-17,credito_4x,4,4,736.22,0.035,2026-05-17,710.45
vestuario,2026-01-18,pix,1,1,317.17,0.0,2026-01-18,317.17
vestuario,2026-01-18,debito,1,1,347.64,0.012,2026-01-19,343.47
vestuario,2026-01-18,credito_vista,1,1,398.99,0.025,2026-02-17,389.01
vestuario,2026-01-18,credito_4x,1,4,242.18,0.035,2026-02-17,233.7
vestuario,2026-01-18,credito_4x,2,4,242.18,0.035,2026-03-19,233.7
vestuario,2026-01-18,credito_4x,3,4,242.18,0.035,2026-04-18,233.7
vestuario,2026-01-18,credito_4x,4,4,242.18,0.035,2026-05-18,233.7
vestuario,2026-01-19,pix,1,1,451.85,0.0,2026-01-19,451.85
vestuario,2026-01-19,debito,1,1,584.17,0.012,2026-01-20,577.16
vestuario,2026-01-19,credito_vista,1,1,541.55,0.025,2026-02-18,528.01
vestuario,2026-01-19,credito_4x,1,4,381.62,0.035,2026-02-18,368.27
vestuario,2026-01-19,credito_4x,2,4,381.62,0.035,2026-03-20,368.27
vestuario,2026-01-19,credito_4x,3,4,381.62,0.035,2026-04-19,368.27
vestuario,2026-01-19,credito_4x,4,4,381.62,0.035,2026-05-19,368.27
vestuario,2026-01-20,pix,1,1,446.87,0.0,2026-01-20,446.87
vestuario,2026-01-20,debito,1,1,680.96,0.012,2026-01-21,672.78
vestuario,2026-01-20,credito_vista,1,1,1106.48,0.025,2026-02-19,1078.82
vestuario,2026-01-20,credito_4x,1,4,395.25,0.035,2026-02-19,381.42
vestuario,2026-01-20,credito_4x,2,4,395.25,0.035,2026-03-21,381.42
vestuario,2026-01-20,credito_4x,3,4,395.25,0.035,2026-04-20,381.42
vestuario,2026-01-20,credito_4x,4,4,395.25,0.035,2026-05-20,381.42
vestuario,2026-01-21,pix,1,1,499.08,0.0,2026-01-21,499.08
vestuario,2026-01-21,debito,1,1,652.5,0.012,2026-01-22,644.67
vestuario,2026-01-21,credito_vista,1,1,1127.11,0.025,2026-02-20,1098.93
vestuario,2026-01-21,credito_4x,1,4,399.02,0.035,2026-02-20,385.05
vestuario,2026-01-21,credito_4x,2,4,399.02,0.035,2026-03-22,385.05
vestuario,2026-01-21,credito_4x,3,4,399.02,0.035,2026-04-21,385.05
vestuario,2026-01-21,credito_4x,4,4,399.02,0.035,2026-05-21,385.05
vestuario,2026-01-22,pix,1,1,376.12,0.0,2026-01-22,376.12
vestuario,2026-01-22,debito,1,1,932.85,0.012,2026-01-23,921.65
vestuario,2026-01-22,credito_vista,1,1,770.93,0.025,2026-02-21,751.66
vestuario,2026-01-22,credito_4x,1,4,501.15,0.035,2026-02-21,483.61
vestuario,2026-01-22,credito_4x,2,4,501.15,0.035,2026-03-23,483.61
vestuario,2026-01-22,credito_4x,3,4,501.15,0.035,2026-04-22,483.61
vestuario,2026-01-22,credito_4x,4,4,501.15,0.035,2026-05-22,483.61
vestuario,2026-01-23,pix,1,1,503.44,0.0,2026-01-23,503.44
vestuario,2026-01-23,debito,1,1,680.68,0.012,2026-01-24,672.51
vestuario,2026-01-23,credito_vista,1,1,1178.52,0.025,2026-02-22,1149.06
vestuario,2026-01-23,credito_4x,1,4,657.59,0.035,2026-02-22,634.57
vestuario,2026-01-23,credito_4x,2,4,657.59,0.035,2026-03-24,634.57
vestuario,2026-01-23,credito_4x,3,4,657.59,0.035,2026-04-23,634.57
vestuario,2026-01-23,credito_4x,4,4,657.59,0.035,2026-05-23,634.57
vestuario,2026-01-24,pix,1,1,1259.53,0.0,2026-01-24,1259.53
vestuario,2026-01-24,debito,1,1,1183.21,0.012,2026-01-25,1169.02
vestuario,2026-01-24,credito_vista,1,1,1596.82,0.025,2026-02-23,1556.9
vestuario,2026-01-24,credito_4x,1,4,768.56,0.035,2026-02-23,741.66
vestuario,2026-01-24,credito_4x,2,4,768.56,0.035,2026-03-25,741.66
vestuario,2026-01-24,credito_4x,3,4,768.56,0.035,2026-04-24,741.66
vestuario,2026-01-24,credito_4x,4,4,768.56,0.035,2026-05-24,741.66
vestuario,2026-01-25,pix,1,1,158.58,0.0,2026-01-25,158.58
vestuario,2026-01-25,debito,1,1,225.06,0.012,2026-01-26,222.36
vestuario,2026-01-25,credito_vista,1,1,302.15,0.025,2026-02-24,294.6
vestuario,2026-01-25,credito_4x,1,4,177.96,0.035,2026-02-24,171.73
vestuario,2026-01-25,credito_4x,2,4,177.96,0.035,2026-03-26,171.73
vestuario,2026-01-25,credito_4x,3,4,177.96,0.035,2026-04-25,171.73
vestuario,2026-01-25,credito_4x,4,4,177.96,0.035,2026-05-25,171.73
vestuario,2026-01-26,pix,1,1,185.65,0.0,2026-01-26,185.65
vestuario,2026-01-26,debito,1,1,459.61,0.012,2026-01-27,454.1
vestuario,2026-01-26,credito_vista,1,1,638.6,0.025,2026-02-25,622.63
vestuario,2026-01-26,credito_4x,1,4,308.61,0.035,2026-02-25,297.81
vestuario,2026-01-26,credito_4x,2,4,308.61,0.035,2026-03-27,297.81
vestuario,2026-01-26,credito_4x,3,4,308.61,0.035,2026-04-26,297.81
vestuario,2026-01-26,credito_4x,4,4,308.61,0.035,2026-05-26,297.81
vestuario,2026-01-27,pix,1,1,566.19,0.0,2026-01-27,566.19
vestuario,2026-01-27,debito,1,1,796.01,0.012,2026-01-28,786.46
vestuario,2026-01-27,credito_vista,1,1,766.08,0.025,2026-02-26,746.93
vestuario,2026-01-27,credito_4x,1,4,441.3,0.035,2026-02-26,425.85
vestuario,2026-01-27,credito_4x,2,4,441.3,0.035,2026-03-28,425.85
vestuario,2026-01-27,credito_4x,3,4,441.3,0.035,2026-04-27,425.85
vestuario,2026-01-27,credito_4x,4,4,441.3,0.035,2026-05-27,425.85
vestuario,2026-01-28,pix,1,1,1146.25,0.0,2026-01-28,1146.25
vestuario,2026-01-28,debito,1,1,719.02,0.012,2026-01-29,710.39
vestuario,2026-01-28,credito_vista,1,1,1114.47,0.025,2026-02-27,1086.6
vestuario,2026-01-28,credito_4x,1,4,452.67,0.035,2026-02-27,436.82
vestuario,2026-01-28,credito_4x,2,4,452.67,0.035,2026-03-29,436.82
vestuario,2026-01-28,credito_4x,3,4,452.67,0.035,2026-04-28,436.82
vestuario,2026-01-28,credito_4x,4,4,452.67,0.035,2026-05-28,436.82
vestuario,2026-01-29,pix,1,1,411.18,0.0,2026-01-29,411.18
vestuario,2026-01-29,debito,1,1,410.02,0.012,2026-01-30,405.1
vestuario,2026-01-29,credito_vista,1,1,587.0,0.025,2026-02-28,572.33
vestuario,2026-01-29,credito_4x,1,4,261.49,0.035,2026-02-28,252.34
vestuario,2026-01-29,credito_4x,2,4,261.49,0.035,2026-03-30,252.34
vestuario,2026-01-29,credito_4x,3,4,261.49,0.035,2026-04-29,252.34
vestuario,2026-01-29,credito_4x,4,4,261.49,0.035,2026-05-29,252.34
vestuario,2026-01-30,pix,1,1,363.13,0.0,2026-01-30,363.13
vestuario,2026-01-30,debito,1,1,508.53,0.012,2026-01-31,502.43
vestuario,2026-01-30,credito_vista,1,1,605.91,0.025,2026-03-01,590.77
vestuario,2026-01-30,credito_4x,1,4,355.68,0.035,2026-03-01,343.23
vestuario,2026-01-30,credito_4x,2,4,355.68,0.035,2026-03-31,343.23
vestuario,2026-01-30,credito_4x,3,4,355.68,0.035,2026-04-30,343.23
vestuario,2026-01-30,credito_4x,4,4,355.68,0.035,2026-05-30,343.23
vestuario,2026-01-31,pix,1,1,758.27,0.0,2026-01-31,758.27
vestuario,2026-01-31,debito,1,1,672.71,0.012,2026-02-01,664.63
vestuario,2026-01-31,credito_vista,1,1,975.58,0.025,2026-03-02,951.19
vestuario,2026-01-31,credito_4x,1,4,455.47,0.035,2026-03-02,439.53
vestuario,2026-01-31,credito_4x,2,4,455.47,0.035,2026-04-01,439.53
vestuario,2026-01-31,credito_4x,3,4,455.47,0.035,2026-05-01,439.53
vestuario,2026-01-31,credito_4x,4,4,455.47,0.035,2026-05-31,439.53
vestuario,2026-02-01,pix,1,1,188.84,0.0,2026-02-01,188.84
vestuario,2026-02-01,debito,1,1,426.88,0.012,2026-02-02,421.75
vestuario,2026-02-01,credito_vista,1,1,417.45,0.025,2026-03-03,407.01
vestuario,2026-02-01,credito_4x,1,4,272.05,0.035,2026-03-03,262.53
vestuario,2026-02-01,credito_4x,2,4,272.05,0.035,2026-04-02,262.53
vestuario,2026-02-01,credito_4x,3,4,272.05,0.035,2026-05-02,262.53
vestuario,2026-02-01,credito_4x,4,4,272.05,0.035,2026-06-01,262.53
vestuario,2026-02-02,pix,1,1,605.43,0.0,2026-02-02,605.43
vestuario,2026-02-02,debito,1,1,568.12,0.012,2026-02-03,561.31
vestuario,2026-02-02,credito_vista,1,1,1048.79,0.025,2026-03-04,1022.57
vestuario,2026-02-02,credito_4x,1,4,600.8,0.035,2026-03-04,579.77
vestuario,2026-02-02,credito_4x,2,4,600.8,0.035,2026-04-03,579.77
vestuario,2026-02-02,credito_4x,3,4,600.8,0.035,2026-05-03,579.77
vestuario,2026-02-02,credito_4x,4,4,600.8,0.035,2026-06-02,579.77
vestuario,2026-02-03,pix,1,1,693.16,0.0,2026-02-03,693.16
vestuario,2026-02-03,debito,1,1,694.75,0.012,2026-02-04,686.41
vestuario,2026-02-03,credito_vista,1,1,1022.5,0.025,2026-03-05,996.94
vestuario,2026-02-03,credito_4x,1,4,558.8,0.035,2026-03-05,539.24
vestuario,2026-02-03,credito_4x,2,4,558.8,0.035,2026-04-04,539.24
vestuario,2026-02-03,credito_4x,3,4,558.8,0.035,2026-05-04,539.24
vestuario,2026-02-03,credito_4x,4,4,558.8,0.035,2026-06-03,539.24
vestuario,2026-02-04,pix,1,1,618.74,0.0,2026-02-04,618.74
vestuario,2026-02-04,debito,1,1,679.29,0.012,2026-02-05,671.13
vestuario,2026-02-04,credito_vista,1,1,942.83,0.025,2026-03-06,919.26
vestuario,2026-02-04,credito_4x,1,4,570.59,0.035,2026-03-06,550.62
vestuario,2026-02-04,credito_4x,2,4,570.59,0.035,2026-04-05,550.62
vestuario,2026-02-04,credito_4x,3,4,570.59,0.035,2026-05-05,550.62
vestuario,2026-02-04,credito_4x,4,4,570.59,0.035,2026-06-04,550.62
vestuario,2026-02-05,pix,1,1,907.7,0.0,2026-02-05,907.7
vestuario,2026-02-05,debito,1,1,1076.09,0.012,2026-02-06,1063.18
vestuario,2026-02-05,credito_vista,1,1,927.02,0.025,2026-03-07,903.84
vestuario,2026-02-05,credito_4x,1,4,625.52,0.035,2026-03-07,603.63
vestuario,2026-02-05,credito_4x,2,4,625.52,0.035,2026-04-06,603.63
vestuario,2026-02-05,credito_4x,3,4,625.52,0.035,2026-05-06,603.63
vestuario,2026-02-05,credito_4x,4,4,625.52,0.035,2026-06-05,603.63
vestuario,2026-02-06,pix,1,1,522.32,0.0,2026-02-06,522.32
vestuario,2026-02-06,debito,1,1,1132.18,0.012,2026-02-07,1118.59
vestuario,2026-02-06,credito_vista,1,1,1075.01,0.025,2026-03-08,1048.14
vestuario,2026-02-06,credito_4x,1,4,552.31,0.035,2026-03-08,532.98
vestuario,2026-02-06,credito_4x,2,4,552.31,0.035,2026-04-07,532.98
vestuario,2026-02-06,credito_4x,3,4,552.31,0.035,2026-05-07,532.98
vestuario,2026-02-06,credito_4x,4,4,552.31,0.035,2026-06-06,532.98
vestuario,2026-02-07,pix,1,1,921.89,0.0,2026-02-07,921.89
vestuario,2026-02-07,debito,1,1,1423.3,0.012,2026-02-08,1406.22
vestuario,2026-02-07,credito_vista,1,1,1321.92,0.025,2026-03-09,1288.87
vestuario,2026-02-07,credito_4x,1,4,923.14,0.035,2026-03-09,890.83
vestuario,2026-02-07,credito_4x,2,4,923.14,0.035,2026-04-08,890.83
vestuario,2026-02-07,credito_4x,3,4,923.14,0.035,2026-05-08,890.83
vestuario,2026-02-07,credito_4x,4,4,923.14,0.035,2026-06-07,890.83
vestuario,2026-02-08,pix,1,1,307.44,0.0,2026-02-08,307.44
vestuario,2026-02-08,debito,1,1,411.74,0.012,2026-02-09,406.8
vestuario,2026-02-08,credito_vista,1,1,432.08,0.025,2026-03-10,421.28
vestuario,2026-02-08,credito_4x,1,4,257.29,0.035,2026-03-10,248.28
vestuario,2026-02-08,credito_4x,2,4,257.29,0.035,2026-04-09,248.28
vestuario,2026-02-08,credito_4x,3,4,257.29,0.035,2026-05-09,248.28
vestuario,2026-02-08,credito_4x,4,4,257.29,0.035,2026-06-08,248.28
vestuario,2026-02-09,pix,1,1,326.26,0.0,2026-02-09,326.26
vestuario,2026-02-09,debito,1,1,399.99,0.012,2026-02-10,395.19
vestuario,2026-02-09,credito_vista,1,1,598.25,0.025,2026-03-11,583.29
vestuario,2026-02-09,credito_4x,1,4,303.78,0.035,2026-03-11,293.14
vestuario,2026-02-09,credito_4x,2,4,303.78,0.035,2026-04-10,293.14
vestuario,2026-02-09,credito_4x,3,4,303.78,0.035,2026-05-10,293.14
vestuario,2026-02-09,credito_4x,4,4,303.78,0.035,2026-06-09,293.14
vestuario,2026-02-10,pix,1,1,400.55,0.0,2026-02-10,400.55
vestuario,2026-02-10,debito,1,1,477.01,0.012,2026-02-11,471.28
vestuario,2026-02-10,credito_vista,1,1,691.36,0.025,2026-03-12,674.08
vestuario,2026-02-10,credito_4x,1,4,379.62,0.035,2026-03-12,366.34
vestuario,2026-02-10,credito_4x,2,4,379.62,0.035,2026-04-11,366.34
vestuario,2026-02-10,credito_4x,3,4,379.62,0.035,2026-05-11,366.34
vestuario,2026-02-10,credito_4x,4,4,379.62,0.035,2026-06-10,366.34
vestuario,2026-02-11,pix,1,1,288.89,0.0,2026-02-11,288.89
vestuario,2026-02-11,debito,1,1,336.4,0.012,2026-02-12,332.37
vestuario,2026-02-11,credito_vista,1,1,730.41,0.025,2026-03-13,712.15
vestuario,2026-02-11,credito_4x,1,4,362.64,0.035,2026-03-13,349.95
vestuario,2026-02-11,credito_4x,2,4,362.64,0.035,2026-04-12,349.95
vestuario,2026-02-11,credito_4x,3,4,362.64,0.035,2026-05-12,349.95
vestuario,2026-02-11,credito_4x,4,4,362.64,0.035,2026-06-11,349.95
vestuario,2026-02-12,pix,1,1,592.06,0.0,2026-02-12,592.06
vestuario,2026-02-12,debito,1,1,893.74,0.012,2026-02-13,883.02
vestuario,2026-02-12,credito_vista,1,1,1134.1,0.025,2026-03-14,1105.75
vestuario,2026-02-12,credito_4x,1,4,555.28,0.035,2026-03-14,535.85
vestuario,2026-02-12,credito_4x,2,4,555.28,0.035,2026-04-13,535.85
vestuario,2026-02-12,credito_4x,3,4,555.28,0.035,2026-05-13,535.85
vestuario,2026-02-12,credito_4x,4,4,555.28,0.035,2026-06-12,535.85
vestuario,2026-02-13,pix,1,1,666.82,0.0,2026-02-13,666.82
vestuario,2026-02-13,debito,1,1,973.22,0.012,2026-02-14,961.55
vestuario,2026-02-13,credito_vista,1,1,1093.34,0.025,2026-03-15,1066.0
vestuario,2026-02-13,credito_4x,1,4,628.61,0.035,2026-03-15,606.6
vestuario,2026-02-13,credito_4x,2,4,628.61,0.035,2026-04-14,606.6
vestuario,2026-02-13,credito_4x,3,4,628.61,0.035,2026-05-14,606.6
vestuario,2026-02-13,credito_4x,4,4,628.61,0.035,2026-06-13,606.6
vestuario,2026-02-14,pix,1,1,707.07,0.0,2026-02-14,707.07
vestuario,2026-02-14,debito,1,1,1149.46,0.012,2026-02-15,1135.66
vestuario,2026-02-14,credito_vista,1,1,2238.27,0.025,2026-03-16,2182.31
vestuario,2026-02-14,credito_4x,1,4,861.28,0.035,2026-03-16,831.13
vestuario,2026-02-14,credito_4x,2,4,861.28,0.035,2026-04-15,831.13
vestuario,2026-02-14,credito_4x,3,4,861.28,0.035,2026-05-15,831.13
vestuario,2026-02-14,credito_4x,4,4,861.28,0.035,2026-06-14,831.13
vestuario,2026-02-15,pix,1,1,144.51,0.0,2026-02-15,144.51
vestuario,2026-02-15,debito,1,1,159.75,0.012,2026-02-16,157.83
vestuario,2026-02-15,credito_vista,1,1,238.18,0.025,2026-03-17,232.22
vestuario,2026-02-15,credito_4x,1,4,142.9,0.035,2026-03-17,137.89
vestuario,2026-02-15,credito_4x,2,4,142.9,0.035,2026-04-16,137.89
vestuario,2026-02-15,credito_4x,3,4,142.9,0.035,2026-05-16,137.89
vestuario,2026-02-15,credito_4x,4,4,142.9,0.035,2026-06-15,137.89
vestuario,2026-02-16,pix,1,1,408.42,0.0,2026-02-16,408.42
vestuario,2026-02-16,debito,1,1,332.24,0.012,2026-02-17,328.26
vestuario,2026-02-16,credito_vista,1,1,444.34,0.025,2026-03-18,433.23
vestuario,2026-02-16,credito_4x,1,4,264.66,0.035,2026-03-18,255.4
vestuario,2026-02-16,credito_4x,2,4,264.66,0.035,2026-04-17,255.4
vestuario,2026-02-16,credito_4x,3,4,264.66,0.035,2026-05-17,255.4
vestuario,2026-02-16,credito_4x,4,4,264.66,0.035,2026-06-16,255.4
vestuario,2026-02-17,pix,1,1,630.04,0.0,2026-02-17,630.04
vestuario,2026-02-17,debito,1,1,577.68,0.012,2026-02-18,570.74
vestuario,2026-02-17,credito_vista,1,1,809.17,0.025,2026-03-19,788.94
vestuario,2026-02-17,credito_4x,1,4,510.73,0.035,2026-03-19,492.85
vestuario,2026-02-17,credito_4x,2,4,510.73,0.035,2026-04-18,492.85
vestuario,2026-02-17,credito_4x,3,4,510.73,0.035,2026-05-18,492.85
vestuario,2026-02-17,credito_4x,4,4,510.73,0.035,2026-06-17,492.85
vestuario,2026-02-18,pix,1,1,220.67,0.0,2026-02-18,220.67
vestuario,2026-02-18,debito,1,1,264.42,0.012,2026-02-19,261.25
vestuario,2026-02-18,credito_vista,1,1,278.58,0.025,2026-03-20,271.62
vestuario,2026-02-18,credito_4x,1,4,174.01,0.035,2026-03-20,167.92
vestuario,2026-02-18,credito_4x,2,4,174.01,0.035,2026-04-19,167.92
vestuario,2026-02-18,credito_4x,3,4,174.01,0.035,2026-05-19,167.92
vestuario,2026-02-18,credito_4x,4,4,174.01,0.035,2026-06-18,167.92
vestuario,2026-02-19,pix,1,1,1097.69,0.0,2026-02-19,1097.69
vestuario,2026-02-19,debito,1,1,979.21,0.012,2026-02-20,967.46
vestuario,2026-02-19,credito_vista,1,1,940.76,0.025,2026-03-21,917.24
vestuario,2026-02-19,credito_4x,1,4,571.24,0.035,2026-03-21,551.25
vestuario,2026-02-19,credito_4x,2,4,571.24,0.035,2026-04-20,551.25
vestuario,2026-02-19,credito_4x,3,4,571.24,0.035,2026-05-20,551.25
vestuario,2026-02-19,credito_4x,4,4,571.24,0.035,2026-06-19,551.25
vestuario,2026-02-20,pix,1,1,322.64,0.0,2026-02-20,322.64
vestuario,2026-02-20,debito,1,1,486.32,0.012,2026-02-21,480.49
vestuario,2026-02-20,credito_vista,1,1,651.45,0.025,2026-03-22,635.16
vestuario,2026-02-20,credito_4x,1,4,386.18,0.035,2026-03-22,372.67
vestuario,2026-02-20,credito_4x,2,4,386.18,0.035,2026-04-21,372.67
vestuario,2026-02-20,credito_4x,3,4,386.18,0.035,2026-05-21,372.67
vestuario,2026-02-20,credito_4x,4,4,386.18,0.035,2026-06-20,372.67
vestuario,2026-02-21,pix,1,1,785.82,0.0,2026-02-21,785.82
vestuario,2026-02-21,debito,1,1,1198.83,0.012,2026-02-22,1184.44
vestuario,2026-02-21,credito_vista,1,1,2110.77,0.025,2026-03-23,2058.0
vestuario,2026-02-21,credito_4x,1,4,961.25,0.035,2026-03-23,927.6
vestuario,2026-02-21,credito_4x,2,4,961.25,0.035,2026-04-22,927.6
vestuario,2026-02-21,credito_4x,3,4,961.25,0.035,2026-05-22,927.6
vestuario,2026-02-21,credito_4x,4,4,961.25,0.035,2026-06-21,927.6
vestuario,2026-02-22,pix,1,1,148.59,0.0,2026-02-22,148.59
vestuario,2026-02-22,debito,1,1,242.46,0.012,2026-02-23,239.55
vestuario,2026-02-22,credito_vista,1,1,391.72,0.025,2026-03-24,381.93
vestuario,2026-02-22,credito_4x,1,4,183.57,0.035,2026-03-24,177.15
vestuario,2026-02-22,credito_4x,2,4,183.57,0.035,2026-04-23,177.15
vestuario,2026-02-22,credito_4x,3,4,183.57,0.035,2026-05-23,177.15
vestuario,2026-02-22,credito_4x,4,4,183.57,0.035,2026-06-22,177.15
vestuario,2026-02-23,pix,1,1,507.51,0.0,2026-02-23,507.51
vestuario,2026-02-23,debito,1,1,839.02,0.012,2026-02-24,828.95
vestuario,2026-02-23,credito_vista,1,1,790.12,0.025,2026-03-25,770.37
vestuario,2026-02-23,credito_4x,1,4,498.38,0.035,2026-03-25,480.94
vestuario,2026-02-23,credito_4x,2,4,498.38,0.035,2026-04-24,480.94
vestuario,2026-02-23,credito_4x,3,4,498.38,0.035,2026-05-24,480.94
vestuario,2026-02-23,credito_4x,4,4,498.38,0.035,2026-06-23,480.94
vestuario,2026-02-24,pix,1,1,1306.55,0.0,2026-02-24,1306.55
vestuario,2026-02-24,debito,1,1,900.98,0.012,2026-02-25,890.17
vestuario,2026-02-24,credito_vista,1,1,1083.18,0.025,2026-03-26,1056.1
vestuario,2026-02-24,credito_4x,1,4,699.37,0.035,2026-03-26,674.89
vestuario,2026-02-24,credito_4x,2,4,699.37,0.035,2026-04-25,674.89
vestuario,2026-02-24,credito_4x,3,4,699.37,0.035,2026-05-25,674.89
vestuario,2026-02-24,credito_4x,4,4,699.37,0.035,2026-06-24,674.89
vestuario,2026-02-25,pix,1,1,243.71,0.0,2026-02-25,243.71
vestuario,2026-02-25,debito,1,1,248.47,0.012,2026-02-26,245.49
vestuario,2026-02-25,credito_vista,1,1,299.31,0.025,2026-03-27,291.83
vestuario,2026-02-25,credito_4x,1,4,189.79,0.035,2026-03-27,183.15
vestuario,2026-02-25,credito_4x,2,4,189.79,0.035,2026-04-26,183.15
vestuario,2026-02-25,credito_4x,3,4,189.79,0.035,2026-05-26,183.15
vestuario,2026-02-25,credito_4x,4,4,189.79,0.035,2026-06-25,183.15
vestuario,2026-02-26,pix,1,1,462.69,0.0,2026-02-26,462.69
vestuario,2026-02-26,debito,1,1,766.58,0.012,2026-02-27,757.38
vestuario,2026-02-26,credito_vista,1,1,1005.86,0.025,2026-03-28,980.71
vestuario,2026-02-26,credito_4x,1,4,435.65,0.035,2026-03-28,420.4
vestuario,2026-02-26,credito_4x,2,4,435.65,0.035,2026-04-27,420.4
vestuario,2026-02-26,credito_4x,3,4,435.65,0.035,2026-05-27,420.4
vestuario,2026-02-26,credito_4x,4,4,435.65,0.035,2026-06-26,420.4
vestuario,2026-02-27,pix,1,1,237.48,0.0,2026-02-27,237.48
vestuario,2026-02-27,debito,1,1,440.47,0.012,2026-02-28,435.19
vestuario,2026-02-27,credito_vista,1,1,552.03,0.025,2026-03-29,538.23
vestuario,2026-02-27,credito_4x,1,4,316.38,0.035,2026-03-29,305.3
vestuario,2026-02-27,credito_4x,2,4,316.38,0.035,2026-04-28,305.3
vestuario,2026-02-27,credito_4x,3,4,316.38,0.035,2026-05-28,305.3
vestuario,2026-02-27,credito_4x,4,4,316.38,0.035,2026-06-27,305.3
vestuario,2026-02-28,pix,1,1,1051.53,0.0,2026-02-28,1051.53
vestuario,2026-02-28,debito,1,1,779.93,0.012,2026-03-01,770.57
vestuario,2026-02-28,credito_vista,1,1,1035.78,0.025,2026-03-30,1009.89
vestuario,2026-02-28,credito_4x,1,4,795.61,0.035,2026-03-30,767.76
vestuario,2026-02-28,credito_4x,2,4,795.61,0.035,2026-04-29,767.76
vestuario,2026-02-28,credito_4x,3,4,795.61,0.035,2026-05-29,767.76
vestuario,2026-02-28,credito_4x,4,4,795.61,0.035,2026-06-28,767.76
vestuario,2026-03-01,pix,1,1,336.85,0.0,2026-03-01,336.85
vestuario,2026-03-01,debito,1,1,365.37,0.012,2026-03-02,360.98
vestuario,2026-03-01,credito_vista,1,1,563.58,0.025,2026-03-31,549.49
vestuario,2026-03-01,credito_4x,1,4,218.17,0.035,2026-03-31,210.53
vestuario,2026-03-01,credito_4x,2,4,218.17,0.035,2026-04-30,210.53
vestuario,2026-03-01,credito_4x,3,4,218.17,0.035,2026-05-30,210.53
vestuario,2026-03-01,credito_4x,4,4,218.17,0.035,2026-06-29,210.53
vestuario,2026-03-02,pix,1,1,554.38,0.0,2026-03-02,554.38
vestuario,2026-03-02,debito,1,1,441.22,0.012,2026-03-03,435.93
vestuario,2026-03-02,credito_vista,1,1,1032.64,0.025,2026-04-01,1006.82
vestuario,2026-03-02,credito_4x,1,4,518.03,0.035,2026-04-01,499.9
vestuario,2026-03-02,credito_4x,2,4,518.03,0.035,2026-05-01,499.9
vestuario,2026-03-02,credito_4x,3,4,518.03,0.035,2026-05-31,499.9
vestuario,2026-03-02,credito_4x,4,4,518.03,0.035,2026-06-30,499.9
vestuario,2026-03-03,pix,1,1,390.16,0.0,2026-03-03,390.16
vestuario,2026-03-03,debito,1,1,672.76,0.012,2026-03-04,664.68
vestuario,2026-03-03,credito_vista,1,1,859.33,0.025,2026-04-02,837.85
vestuario,2026-03-03,credito_4x,1,4,366.73,0.035,2026-04-02,353.89
vestuario,2026-03-03,credito_4x,2,4,366.73,0.035,2026-05-02,353.89
vestuario,2026-03-03,credito_4x,3,4,366.73,0.035,2026-06-01,353.89
vestuario,2026-03-03,credito_4x,4,4,366.73,0.035,2026-07-01,353.89
vestuario,2026-03-04,pix,1,1,512.29,0.0,2026-03-04,512.29
vestuario,2026-03-04,debito,1,1,722.9,0.012,2026-03-05,714.22
vestuario,2026-03-04,credito_vista,1,1,831.1,0.025,2026-04-03,810.32
vestuario,2026-03-04,credito_4x,1,4,799.51,0.035,2026-04-03,771.52
vestuario,2026-03-04,credito_4x,2,4,799.51,0.035,2026-05-03,771.52
vestuario,2026-03-04,credito_4x,3,4,799.51,0.035,2026-06-02,771.52
vestuario,2026-03-04,credito_4x,4,4,799.51,0.035,2026-07-02,771.52
vestuario,2026-03-05,pix,1,1,521.62,0.0,2026-03-05,521.62
vestuario,2026-03-05,debito,1,1,677.88,0.012,2026-03-06,669.74
vestuario,2026-03-05,credito_vista,1,1,682.8,0.025,2026-04-04,665.73
vestuario,2026-03-05,credito_4x,1,4,380.49,0.035,2026-04-04,367.18
vestuario,2026-03-05,credito_4x,2,4,380.49,0.035,2026-05-04,367.18
vestuario,2026-03-05,credito_4x,3,4,380.49,0.035,2026-06-03,367.18
vestuario,2026-03-05,credito_4x,4,4,380.49,0.035,2026-07-03,367.18
vestuario,2026-03-06,pix,1,1,1194.56,0.0,2026-03-06,1194.56
vestuario,2026-03-06,debito,1,1,936.12,0.012,2026-03-07,924.89
vestuario,2026-03-06,credito_vista,1,1,1494.4,0.025,2026-04-05,1457.04
vestuario,2026-03-06,credito_4x,1,4,1003.66,0.035,2026-04-05,968.53
vestuario,2026-03-06,credito_4x,2,4,1003.66,0.035,2026-05-05,968.53
vestuario,2026-03-06,credito_4x,3,4,1003.66,0.035,2026-06-04,968.53
vestuario,2026-03-06,credito_4x,4,4,1003.66,0.035,2026-07-04,968.53
vestuario,2026-03-07,pix,1,1,969.31,0.0,2026-03-07,969.31
vestuario,2026-03-07,debito,1,1,1694.58,0.012,2026-03-08,1674.24
vestuario,2026-03-07,credito_vista,1,1,1802.41,0.025,2026-04-06,1757.35
vestuario,2026-03-07,credito_4x,1,4,705.04,0.035,2026-04-06,680.36
vestuario,2026-03-07,credito_4x,2,4,705.04,0.035,2026-05-06,680.36
vestuario,2026-03-07,credito_4x,3,4,705.04,0.035,2026-06-05,680.36
vestuario,2026-03-07,credito_4x,4,4,705.04,0.035,2026-07-05,680.36
vestuario,2026-03-08,pix,1,1,209.56,0.0,2026-03-08,209.56
vestuario,2026-03-08,debito,1,1,304.95,0.012,2026-03-09,301.29
vestuario,2026-03-08,credito_vista,1,1,356.03,0.025,2026-04-07,347.13
vestuario,2026-03-08,credito_4x,1,4,171.96,0.035,2026-04-07,165.94
vestuario,2026-03-08,credito_4x,2,4,171.96,0.035,2026-05-07,165.94
vestuario,2026-03-08,credito_4x,3,4,171.96,0.035,2026-06-06,165.94
vestuario,2026-03-08,credito_4x,4,4,171.96,0.035,2026-07-06,165.94
vestuario,2026-03-09,pix,1,1,690.58,0.0,2026-03-09,690.58
vestuario,2026-03-09,debito,1,1,668.03,0.012,2026-03-10,660.01
vestuario,2026-03-09,credito_vista,1,1,1144.71,0.025,2026-04-08,1116.09
vestuario,2026-03-09,credito_4x,1,4,728.47,0.035,2026-04-08,702.97
vestuario,2026-03-09,credito_4x,2,4,728.47,0.035,2026-05-08,702.97
vestuario,2026-03-09,credito_4x,3,4,728.47,0.035,2026-06-07,702.97
vestuario,2026-03-09,credito_4x,4,4,728.47,0.035,2026-07-07,702.97
vestuario,2026-03-10,pix,1,1,777.13,0.0,2026-03-10,777.13
vestuario,2026-03-10,debito,1,1,990.78,0.012,2026-03-11,978.89
vestuario,2026-03-10,credito_vista,1,1,767.12,0.025,2026-04-09,747.94
vestuario,2026-03-10,credito_4x,1,4,416.45,0.035,2026-04-09,401.88
vestuario,2026-03-10,credito_4x,2,4,416.45,0.035,2026-05-09,401.88
vestuario,2026-03-10,credito_4x,3,4,416.45,0.035,2026-06-08,401.88
vestuario,2026-03-10,credito_4x,4,4,416.45,0.035,2026-07-08,401.88
vestuario,2026-03-11,pix,1,1,730.58,0.0,2026-03-11,730.58
vestuario,2026-03-11,debito,1,1,981.04,0.012,2026-03-12,969.27
vestuario,2026-03-11,credito_vista,1,1,1332.13,0.025,2026-04-10,1298.83
vestuario,2026-03-11,credito_4x,1,4,598.06,0.035,2026-04-10,577.13
vestuario,2026-03-11,credito_4x,2,4,598.06,0.035,2026-05-10,577.13
vestuario,2026-03-11,credito_4x,3,4,598.06,0.035,2026-06-09,577.13
vestuario,2026-03-11,credito_4x,4,4,598.06,0.035,2026-07-09,577.13
vestuario,2026-03-12,pix,1,1,779.92,0.0,2026-03-12,779.92
vestuario,2026-03-12,debito,1,1,1075.0,0.012,2026-03-13,1062.1
vestuario,2026-03-12,credito_vista,1,1,1234.57,0.025,2026-04-11,1203.7
vestuario,2026-03-12,credito_4x,1,4,578.03,0.035,2026-04-11,557.8
vestuario,2026-03-12,credito_4x,2,4,578.03,0.035,2026-05-11,557.8
vestuario,2026-03-12,credito_4x,3,4,578.03,0.035,2026-06-10,557.8
vestuario,2026-03-12,credito_4x,4,4,578.03,0.035,2026-07-10,557.8
vestuario,2026-03-13,pix,1,1,566.66,0.0,2026-03-13,566.66
vestuario,2026-03-13,debito,1,1,692.6,0.012,2026-03-14,684.29
vestuario,2026-03-13,credito_vista,1,1,945.36,0.025,2026-04-12,921.73
vestuario,2026-03-13,credito_4x,1,4,502.6,0.035,2026-04-12,485.01
vestuario,2026-03-13,credito_4x,2,4,502.6,0.035,2026-05-12,485.01
vestuario,2026-03-13,credito_4x,3,4,502.6,0.035,2026-06-11,485.01
vestuario,2026-03-13,credito_4x,4,4,502.6,0.035,2026-07-11,485.01
vestuario,2026-03-14,pix,1,1,683.86,0.0,2026-03-14,683.86
vestuario,2026-03-14,debito,1,1,1128.9,0.012,2026-03-15,1115.35
vestuario,2026-03-14,credito_vista,1,1,1593.39,0.025,2026-04-13,1553.56
vestuario,2026-03-14,credito_4x,1,4,822.03,0.035,2026-04-13,793.26
vestuario,2026-03-14,credito_4x,2,4,822.03,0.035,2026-05-13,793.26
vestuario,2026-03-14,credito_4x,3,4,822.03,0.035,2026-06-12,793.26
vestuario,2026-03-14,credito_4x,4,4,822.03,0.035,2026-07-12,793.26
vestuario,2026-03-15,pix,1,1,253.99,0.0,2026-03-15,253.99
vestuario,2026-03-15,debito,1,1,356.17,0.012,2026-03-16,351.9
vestuario,2026-03-15,credito_vista,1,1,426.42,0.025,2026-04-14,415.76
vestuario,2026-03-15,credito_4x,1,4,233.62,0.035,2026-04-14,225.45
vestuario,2026-03-15,credito_4x,2,4,233.62,0.035,2026-05-14,225.45
vestuario,2026-03-15,credito_4x,3,4,233.62,0.035,2026-06-13,225.45
vestuario,2026-03-15,credito_4x,4,4,233.62,0.035,2026-07-13,225.45
vestuario,2026-03-16,pix,1,1,593.55,0.0,2026-03-16,593.55
vestuario,2026-03-16,debito,1,1,693.07,0.012,2026-03-17,684.76
vestuario,2026-03-16,credito_vista,1,1,1127.07,0.025,2026-04-15,1098.89
vestuario,2026-03-16,credito_4x,1,4,537.17,0.035,2026-04-15,518.37
vestuario,2026-03-16,credito_4x,2,4,537.17,0.035,2026-05-15,518.37
vestuario,2026-03-16,credito_4x,3,4,537.17,0.035,2026-06-14,518.37
vestuario,2026-03-16,credito_4x,4,4,537.17,0.035,2026-07-14,518.37
vestuario,2026-03-17,pix,1,1,507.38,0.0,2026-03-17,507.38
vestuario,2026-03-17,debito,1,1,705.23,0.012,2026-03-18,696.77
vestuario,2026-03-17,credito_vista,1,1,786.38,0.025,2026-04-16,766.72
vestuario,2026-03-17,credito_4x,1,4,495.46,0.035,2026-04-16,478.12
vestuario,2026-03-17,credito_4x,2,4,495.46,0.035,2026-05-16,478.12
vestuario,2026-03-17,credito_4x,3,4,495.46,0.035,2026-06-15,478.12
vestuario,2026-03-17,credito_4x,4,4,495.46,0.035,2026-07-15,478.12
vestuario,2026-03-18,pix,1,1,509.07,0.0,2026-03-18,509.07
vestuario,2026-03-18,debito,1,1,689.04,0.012,2026-03-19,680.77
vestuario,2026-03-18,credito_vista,1,1,1035.76,0.025,2026-04-17,1009.87
vestuario,2026-03-18,credito_4x,1,4,440.67,0.035,2026-04-17,425.24
vestuario,2026-03-18,credito_4x,2,4,440.67,0.035,2026-05-17,425.24
vestuario,2026-03-18,credito_4x,3,4,440.67,0.035,2026-06-16,425.24
vestuario,2026-03-18,credito_4x,4,4,440.67,0.035,2026-07-16,425.24
vestuario,2026-03-19,pix,1,1,575.97,0.0,2026-03-19,575.97
vestuario,2026-03-19,debito,1,1,718.21,0.012,2026-03-20,709.59
vestuario,2026-03-19,credito_vista,1,1,1045.16,0.025,2026-04-18,1019.03
vestuario,2026-03-19,credito_4x,1,4,437.49,0.035,2026-04-18,422.18
vestuario,2026-03-19,credito_4x,2,4,437.49,0.035,2026-05-18,422.18
vestuario,2026-03-19,credito_4x,3,4,437.49,0.035,2026-06-17,422.18
vestuario,2026-03-19,credito_4x,4,4,437.49,0.035,2026-07-17,422.18
vestuario,2026-03-20,pix,1,1,724.75,0.0,2026-03-20,724.75
vestuario,2026-03-20,debito,1,1,515.06,0.012,2026-03-21,508.88
vestuario,2026-03-20,credito_vista,1,1,1219.58,0.025,2026-04-19,1189.09
vestuario,2026-03-20,credito_4x,1,4,654.85,0.035,2026-04-19,631.93
vestuario,2026-03-20,credito_4x,2,4,654.85,0.035,2026-05-19,631.93
vestuario,2026-03-20,credito_4x,3,4,654.85,0.035,2026-06-18,631.93
vestuario,2026-03-20,credito_4x,4,4,654.85,0.035,2026-07-18,631.93
vestuario,2026-03-21,pix,1,1,1111.18,0.0,2026-03-21,1111.18
vestuario,2026-03-21,debito,1,1,1347.64,0.012,2026-03-22,1331.47
vestuario,2026-03-21,credito_vista,1,1,1928.7,0.025,2026-04-20,1880.48
vestuario,2026-03-21,credito_4x,1,4,1107.7,0.035,2026-04-20,1068.93
vestuario,2026-03-21,credito_4x,2,4,1107.7,0.035,2026-05-20,1068.93
vestuario,2026-03-21,credito_4x,3,4,1107.7,0.035,2026-06-19,1068.93
vestuario,2026-03-21,credito_4x,4,4,1107.7,0.035,2026-07-19,1068.93
vestuario,2026-03-22,pix,1,1,293.48,0.0,2026-03-22,293.48
vestuario,2026-03-22,debito,1,1,221.67,0.012,2026-03-23,219.01
vestuario,2026-03-22,credito_vista,1,1,632.71,0.025,2026-04-21,616.89
vestuario,2026-03-22,credito_4x,1,4,195.46,0.035,2026-04-21,188.62
vestuario,2026-03-22,credito_4x,2,4,195.46,0.035,2026-05-21,188.62
vestuario,2026-03-22,credito_4x,3,4,195.46,0.035,2026-06-20,188.62
vestuario,2026-03-22,credito_4x,4,4,195.46,0.035,2026-07-20,188.62
vestuario,2026-03-23,pix,1,1,417.05,0.0,2026-03-23,417.05
vestuario,2026-03-23,debito,1,1,638.56,0.012,2026-03-24,630.9
vestuario,2026-03-23,credito_vista,1,1,591.73,0.025,2026-04-22,576.94
vestuario,2026-03-23,credito_4x,1,4,371.06,0.035,2026-04-22,358.07
vestuario,2026-03-23,credito_4x,2,4,371.06,0.035,2026-05-22,358.07
vestuario,2026-03-23,credito_4x,3,4,371.06,0.035,2026-06-21,358.07
vestuario,2026-03-23,credito_4x,4,4,371.06,0.035,2026-07-21,358.07
vestuario,2026-03-24,pix,1,1,265.32,0.0,2026-03-24,265.32
vestuario,2026-03-24,debito,1,1,366.72,0.012,2026-03-25,362.32
vestuario,2026-03-24,credito_vista,1,1,859.24,0.025,2026-04-23,837.75
vestuario,2026-03-24,credito_4x,1,4,425.44,0.035,2026-04-23,410.55
vestuario,2026-03-24,credito_4x,2,4,425.44,0.035,2026-05-23,410.55
vestuario,2026-03-24,credito_4x,3,4,425.44,0.035,2026-06-22,410.55
vestuario,2026-03-24,credito_4x,4,4,425.44,0.035,2026-07-22,410.55
vestuario,2026-03-25,pix,1,1,482.83,0.0,2026-03-25,482.83
vestuario,2026-03-25,debito,1,1,431.38,0.012,2026-03-26,426.21
vestuario,2026-03-25,credito_vista,1,1,578.15,0.025,2026-04-24,563.69
vestuario,2026-03-25,credito_4x,1,4,322.2,0.035,2026-04-24,310.92
vestuario,2026-03-25,credito_4x,2,4,322.2,0.035,2026-05-24,310.92
vestuario,2026-03-25,credito_4x,3,4,322.2,0.035,2026-06-23,310.92
vestuario,2026-03-25,credito_4x,4,4,322.2,0.035,2026-07-23,310.92
vestuario,2026-03-26,pix,1,1,411.51,0.0,2026-03-26,411.51
vestuario,2026-03-26,debito,1,1,414.97,0.012,2026-03-27,409.99
vestuario,2026-03-26,credito_vista,1,1,536.35,0.025,2026-04-25,522.94
vestuario,2026-03-26,credito_4x,1,4,267.94,0.035,2026-04-25,258.56
vestuario,2026-03-26,credito_4x,2,4,267.94,0.035,2026-05-25,258.56
vestuario,2026-03-26,credito_4x,3,4,267.94,0.035,2026-06-24,258.56
vestuario,2026-03-26,credito_4x,4,4,267.94,0.035,2026-07-24,258.56
vestuario,2026-03-27,pix,1,1,394.26,0.0,2026-03-27,394.26
vestuario,2026-03-27,debito,1,1,700.79,0.012,2026-03-28,692.38
vestuario,2026-03-27,credito_vista,1,1,700.2,0.025,2026-04-26,682.69
vestuario,2026-03-27,credito_4x,1,4,433.4,0.035,2026-04-26,418.23
vestuario,2026-03-27,credito_4x,2,4,433.4,0.035,2026-05-26,418.23
vestuario,2026-03-27,credito_4x,3,4,433.4,0.035,2026-06-25,418.23
vestuario,2026-03-27,credito_4x,4,4,433.4,0.035,2026-07-25,418.23
vestuario,2026-03-28,pix,1,1,929.38,0.0,2026-03-28,929.38
vestuario,2026-03-28,debito,1,1,1335.86,0.012,2026-03-29,1319.83
vestuario,2026-03-28,credito_vista,1,1,1390.35,0.025,2026-04-27,1355.6
vestuario,2026-03-28,credito_4x,1,4,960.21,0.035,2026-04-27,926.6
vestuario,2026-03-28,credito_4x,2,4,960.21,0.035,2026-05-27,926.6
vestuario,2026-03-28,credito_4x,3,4,960.21,0.035,2026-06-26,926.6
vestuario,2026-03-28,credito_4x,4,4,960.21,0.035,2026-07-26,926.6
vestuario,2026-03-29,pix,1,1,111.98,0.0,2026-03-29,111.98
vestuario,2026-03-29,debito,1,1,309.18,0.012,2026-03-30,305.47
vestuario,2026-03-29,credito_vista,1,1,443.99,0.025,2026-04-28,432.89
vestuario,2026-03-29,credito_4x,1,4,162.27,0.035,2026-04-28,156.59
vestuario,2026-03-29,credito_4x,2,4,162.27,0.035,2026-05-28,156.59
vestuario,2026-03-29,credito_4x,3,4,162.27,0.035,2026-06-27,156.59
vestuario,2026-03-29,credito_4x,4,4,162.27,0.035,2026-07-27,156.59
vestuario,2026-03-30,pix,1,1,427.16,0.0,2026-03-30,427.16
vestuario,2026-03-30,debito,1,1,429.79,0.012,2026-03-31,424.63
vestuario,2026-03-30,credito_vista,1,1,658.47,0.025,2026-04-29,642.01
vestuario,2026-03-30,credito_4x,1,4,435.76,0.035,2026-04-29,420.5
vestuario,2026-03-30,credito_4x,2,4,435.76,0.035,2026-05-29,420.5
vestuario,2026-03-30,credito_4x,3,4,435.76,0.035,2026-06-28,420.5
vestuario,2026-03-30,credito_4x,4,4,435.76,0.035,2026-07-28,420.5
vestuario,2026-03-31,pix,1,1,218.5,0.0,2026-03-31,218.5
vestuario,2026-03-31,debito,1,1,245.84,0.012,2026-04-01,242.89
vestuario,2026-03-31,credito_vista,1,1,338.41,0.025,2026-04-30,329.95
vestuario,2026-03-31,credito_4x,1,4,140.17,0.035,2026-04-30,135.26
vestuario,2026-03-31,credito_4x,2,4,140.17,0.035,2026-05-30,135.26
vestuario,2026-03-31,credito_4x,3,4,140.17,0.035,2026-06-29,135.26
vestuario,2026-03-31,credito_4x,4,4,140.17,0.035,2026-07-29,135.26
vestuario,2026-04-01,pix,1,1,608.59,0.0,2026-04-01,608.59
vestuario,2026-04-01,debito,1,1,1020.85,0.012,2026-04-02,1008.6
vestuario,2026-04-01,credito_vista,1,1,1049.37,0.025,2026-05-01,1023.14
vestuario,2026-04-01,credito_4x,1,4,615.83,0.035,2026-05-01,594.28
vestuario,2026-04-01,credito_4x,2,4,615.83,0.035,2026-05-31,594.28
vestuario,2026-04-01,credito_4x,3,4,615.83,0.035,2026-06-30,594.28
vestuario,2026-04-01,credito_4x,4,4,615.83,0.035,2026-07-30,594.28
vestuario,2026-04-02,pix,1,1,887.56,0.0,2026-04-02,887.56
vestuario,2026-04-02,debito,1,1,929.74,0.012,2026-04-03,918.58
vestuario,2026-04-02,credito_vista,1,1,554.95,0.025,2026-05-02,541.08
vestuario,2026-04-02,credito_4x,1,4,631.92,0.035,2026-05-02,609.8
vestuario,2026-04-02,credito_4x,2,4,631.92,0.035,2026-06-01,609.8
vestuario,2026-04-02,credito_4x,3,4,631.92,0.035,2026-07-01,609.8
vestuario,2026-04-02,credito_4x,4,4,631.92,0.035,2026-07-31,609.8
vestuario,2026-04-03,pix,1,1,579.31,0.0,2026-04-03,579.31
vestuario,2026-04-03,debito,1,1,625.46,0.012,2026-04-04,617.95
vestuario,2026-04-03,credito_vista,1,1,931.42,0.025,2026-05-03,908.14
vestuario,2026-04-03,credito_4x,1,4,829.04,0.035,2026-05-03,800.02
vestuario,2026-04-03,credito_4x,2,4,829.04,0.035,2026-06-02,800.02
vestuario,2026-04-03,credito_4x,3,4,829.04,0.035,2026-07-02,800.02
vestuario,2026-04-03,credito_4x,4,4,829.04,0.035,2026-08-01,800.02
vestuario,2026-04-04,pix,1,1,1291.42,0.0,2026-04-04,1291.42
vestuario,2026-04-04,debito,1,1,1671.29,0.012,2026-04-05,1651.24
vestuario,2026-04-04,credito_vista,1,1,2179.92,0.025,2026-05-04,2125.42
vestuario,2026-04-04,credito_4x,1,4,828.66,0.035,2026-05-04,799.65
vestuario,2026-04-04,credito_4x,2,4,828.66,0.035,2026-06-03,799.65
vestuario,2026-04-04,credito_4x,3,4,828.66,0.035,2026-07-03,799.65
vestuario,2026-04-04,credito_4x,4,4,828.66,0.035,2026-08-02,799.65
vestuario,2026-04-05,pix,1,1,252.44,0.0,2026-04-05,252.44
vestuario,2026-04-05,debito,1,1,323.43,0.012,2026-04-06,319.55
vestuario,2026-04-05,credito_vista,1,1,466.01,0.025,2026-05-05,454.36
vestuario,2026-04-05,credito_4x,1,4,249.17,0.035,2026-05-05,240.45
vestuario,2026-04-05,credito_4x,2,4,249.17,0.035,2026-06-04,240.45
vestuario,2026-04-05,credito_4x,3,4,249.17,0.035,2026-07-04,240.45
vestuario,2026-04-05,credito_4x,4,4,249.17,0.035,2026-08-03,240.45
vestuario,2026-04-06,pix,1,1,328.65,0.0,2026-04-06,328.65
vestuario,2026-04-06,debito,1,1,462.38,0.012,2026-04-07,456.84
vestuario,2026-04-06,credito_vista,1,1,348.23,0.025,2026-05-06,339.53
vestuario,2026-04-06,credito_4x,1,4,257.11,0.035,2026-05-06,248.11
vestuario,2026-04-06,credito_4x,2,4,257.11,0.035,2026-06-05,248.11
vestuario,2026-04-06,credito_4x,3,4,257.11,0.035,2026-07-05,248.11
vestuario,2026-04-06,credito_4x,4,4,257.11,0.035,2026-08-04,248.11
vestuario,2026-04-07,pix,1,1,832.44,0.0,2026-04-07,832.44
vestuario,2026-04-07,debito,1,1,888.4,0.012,2026-04-08,877.74
vestuario,2026-04-07,credito_vista,1,1,1096.6,0.025,2026-05-07,1069.18
vestuario,2026-04-07,credito_4x,1,4,596.05,0.035,2026-05-07,575.19
vestuario,2026-04-07,credito_4x,2,4,596.05,0.035,2026-06-06,575.19
vestuario,2026-04-07,credito_4x,3,4,596.05,0.035,2026-07-06,575.19
vestuario,2026-04-07,credito_4x,4,4,596.05,0.035,2026-08-05,575.19
vestuario,2026-04-08,pix,1,1,503.78,0.0,2026-04-08,503.78
vestuario,2026-04-08,debito,1,1,1207.61,0.012,2026-04-09,1193.12
vestuario,2026-04-08,credito_vista,1,1,907.95,0.025,2026-05-08,885.25
vestuario,2026-04-08,credito_4x,1,4,551.3,0.035,2026-05-08,532.0
vestuario,2026-04-08,credito_4x,2,4,551.3,0.035,2026-06-07,532.0
vestuario,2026-04-08,credito_4x,3,4,551.3,0.035,2026-07-07,532.0
vestuario,2026-04-08,credito_4x,4,4,551.3,0.035,2026-08-06,532.0
vestuario,2026-04-09,pix,1,1,654.07,0.0,2026-04-09,654.07
vestuario,2026-04-09,debito,1,1,966.02,0.012,2026-04-10,954.42
vestuario,2026-04-09,credito_vista,1,1,1082.52,0.025,2026-05-09,1055.46
vestuario,2026-04-09,credito_4x,1,4,508.86,0.035,2026-05-09,491.05
vestuario,2026-04-09,credito_4x,2,4,508.86,0.035,2026-06-08,491.05
vestuario,2026-04-09,credito_4x,3,4,508.86,0.035,2026-07-08,491.05
vestuario,2026-04-09,credito_4x,4,4,508.86,0.035,2026-08-07,491.05
vestuario,2026-04-10,pix,1,1,402.93,0.0,2026-04-10,402.93
vestuario,2026-04-10,debito,1,1,794.13,0.012,2026-04-11,784.6
vestuario,2026-04-10,credito_vista,1,1,1590.82,0.025,2026-05-10,1551.05
vestuario,2026-04-10,credito_4x,1,4,505.57,0.035,2026-05-10,487.88
vestuario,2026-04-10,credito_4x,2,4,505.57,0.035,2026-06-09,487.88
vestuario,2026-04-10,credito_4x,3,4,505.57,0.035,2026-07-09,487.88
vestuario,2026-04-10,credito_4x,4,4,505.57,0.035,2026-08-08,487.88
vestuario,2026-04-11,pix,1,1,585.79,0.0,2026-04-11,585.79
vestuario,2026-04-11,debito,1,1,1055.27,0.012,2026-04-12,1042.61
vestuario,2026-04-11,credito_vista,1,1,1058.89,0.025,2026-05-11,1032.42
vestuario,2026-04-11,credito_4x,1,4,492.8,0.035,2026-05-11,475.55
vestuario,2026-04-11,credito_4x,2,4,492.8,0.035,2026-06-10,475.55
vestuario,2026-04-11,credito_4x,3,4,492.8,0.035,2026-07-10,475.55
vestuario,2026-04-11,credito_4x,4,4,492.8,0.035,2026-08-09,475.55
vestuario,2026-04-12,pix,1,1,232.12,0.0,2026-04-12,232.12
vestuario,2026-04-12,debito,1,1,395.29,0.012,2026-04-13,390.55
vestuario,2026-04-12,credito_vista,1,1,414.32,0.025,2026-05-12,403.96
vestuario,2026-04-12,credito_4x,1,4,248.95,0.035,2026-05-12,240.24
vestuario,2026-04-12,credito_4x,2,4,248.95,0.035,2026-06-11,240.24
vestuario,2026-04-12,credito_4x,3,4,248.95,0.035,2026-07-11,240.24
vestuario,2026-04-12,credito_4x,4,4,248.95,0.035,2026-08-10,240.24
vestuario,2026-04-13,pix,1,1,716.7,0.0,2026-04-13,716.7
vestuario,2026-04-13,debito,1,1,808.82,0.012,2026-04-14,799.12
vestuario,2026-04-13,credito_vista,1,1,1026.16,0.025,2026-05-13,1000.51
vestuario,2026-04-13,credito_4x,1,4,531.64,0.035,2026-05-13,513.04
vestuario,2026-04-13,credito_4x,2,4,531.64,0.035,2026-06-12,513.04
vestuario,2026-04-13,credito_4x,3,4,531.64,0.035,2026-07-12,513.04
vestuario,2026-04-13,credito_4x,4,4,531.64,0.035,2026-08-11,513.04
vestuario,2026-04-14,pix,1,1,542.55,0.0,2026-04-14,542.55
vestuario,2026-04-14,debito,1,1,617.8,0.012,2026-04-15,610.38
vestuario,2026-04-14,credito_vista,1,1,881.03,0.025,2026-05-14,859.0
vestuario,2026-04-14,credito_4x,1,4,447.87,0.035,2026-05-14,432.2
vestuario,2026-04-14,credito_4x,2,4,447.87,0.035,2026-06-13,432.2
vestuario,2026-04-14,credito_4x,3,4,447.87,0.035,2026-07-13,432.2
vestuario,2026-04-14,credito_4x,4,4,447.87,0.035,2026-08-12,432.2
vestuario,2026-04-15,pix,1,1,203.89,0.0,2026-04-15,203.89
vestuario,2026-04-15,debito,1,1,509.54,0.012,2026-04-16,503.43
vestuario,2026-04-15,credito_vista,1,1,576.14,0.025,2026-05-15,561.74
vestuario,2026-04-15,credito_4x,1,4,353.4,0.035,2026-05-15,341.03
vestuario,2026-04-15,credito_4x,2,4,353.4,0.035,2026-06-14,341.03
vestuario,2026-04-15,credito_4x,3,4,353.4,0.035,2026-07-14,341.03
vestuario,2026-04-15,credito_4x,4,4,353.4,0.035,2026-08-13,341.03
vestuario,2026-04-16,pix,1,1,503.79,0.0,2026-04-16,503.79
vestuario,2026-04-16,debito,1,1,990.17,0.012,2026-04-17,978.28
vestuario,2026-04-16,credito_vista,1,1,1059.16,0.025,2026-05-16,1032.68
vestuario,2026-04-16,credito_4x,1,4,494.43,0.035,2026-05-16,477.12
vestuario,2026-04-16,credito_4x,2,4,494.43,0.035,2026-06-15,477.12
vestuario,2026-04-16,credito_4x,3,4,494.43,0.035,2026-07-15,477.12
vestuario,2026-04-16,credito_4x,4,4,494.43,0.035,2026-08-14,477.12
vestuario,2026-04-17,pix,1,1,385.83,0.0,2026-04-17,385.83
vestuario,2026-04-17,debito,1,1,1220.7,0.012,2026-04-18,1206.05
vestuario,2026-04-17,credito_vista,1,1,1169.53,0.025,2026-05-17,1140.29
vestuario,2026-04-17,credito_4x,1,4,585.96,0.035,2026-05-17,565.45
vestuario,2026-04-17,credito_4x,2,4,585.96,0.035,2026-06-16,565.45
vestuario,2026-04-17,credito_4x,3,4,585.96,0.035,2026-07-16,565.45
vestuario,2026-04-17,credito_4x,4,4,585.96,0.035,2026-08-15,565.45
vestuario,2026-04-18,pix,1,1,711.77,0.0,2026-04-18,711.77
vestuario,2026-04-18,debito,1,1,1934.76,0.012,2026-04-19,1911.54
vestuario,2026-04-18,credito_vista,1,1,1567.45,0.025,2026-05-18,1528.27
vestuario,2026-04-18,credito_4x,1,4,1001.72,0.035,2026-05-18,966.66
vestuario,2026-04-18,credito_4x,2,4,1001.72,0.035,2026-06-17,966.66
vestuario,2026-04-18,credito_4x,3,4,1001.72,0.035,2026-07-17,966.66
vestuario,2026-04-18,credito_4x,4,4,1001.72,0.035,2026-08-16,966.66
vestuario,2026-04-19,pix,1,1,275.29,0.0,2026-04-19,275.29
vestuario,2026-04-19,debito,1,1,544.5,0.012,2026-04-20,537.97
vestuario,2026-04-19,credito_vista,1,1,457.54,0.025,2026-05-19,446.11
vestuario,2026-04-19,credito_4x,1,4,231.21,0.035,2026-05-19,223.12
vestuario,2026-04-19,credito_4x,2,4,231.21,0.035,2026-06-18,223.12
vestuario,2026-04-19,credito_4x,3,4,231.21,0.035,2026-07-18,223.12
vestuario,2026-04-19,credito_4x,4,4,231.21,0.035,2026-08-17,223.12
vestuario,2026-04-20,pix,1,1,141.13,0.0,2026-04-20,141.13
vestuario,2026-04-20,debito,1,1,198.98,0.012,2026-04-21,196.59
vestuario,2026-04-20,credito_vista,1,1,360.82,0.025,2026-05-20,351.8
vestuario,2026-04-20,credito_4x,1,4,121.04,0.035,2026-05-20,116.81
vestuario,2026-04-20,credito_4x,2,4,121.04,0.035,2026-06-19,116.81
vestuario,2026-04-20,credito_4x,3,4,121.04,0.035,2026-07-19,116.81
vestuario,2026-04-20,credito_4x,4,4,121.04,0.035,2026-08-18,116.81
vestuario,2026-04-21,pix,1,1,394.19,0.0,2026-04-21,394.19
vestuario,2026-04-21,debito,1,1,689.44,0.012,2026-04-22,681.16
vestuario,2026-04-21,credito_vista,1,1,955.55,0.025,2026-05-21,931.66
vestuario,2026-04-21,credito_4x,1,4,517.67,0.035,2026-05-21,499.55
vestuario,2026-04-21,credito_4x,2,4,517.67,0.035,2026-06-20,499.55
vestuario,2026-04-21,credito_4x,3,4,517.67,0.035,2026-07-20,499.55
vestuario,2026-04-21,credito_4x,4,4,517.67,0.035,2026-08-19,499.55
vestuario,2026-04-22,pix,1,1,265.12,0.0,2026-04-22,265.12
vestuario,2026-04-22,debito,1,1,505.05,0.012,2026-04-23,498.99
vestuario,2026-04-22,credito_vista,1,1,947.97,0.025,2026-05-22,924.27
vestuario,2026-04-22,credito_4x,1,4,327.37,0.035,2026-05-22,315.91
vestuario,2026-04-22,credito_4x,2,4,327.37,0.035,2026-06-21,315.91
vestuario,2026-04-22,credito_4x,3,4,327.37,0.035,2026-07-21,315.91
vestuario,2026-04-22,credito_4x,4,4,327.37,0.035,2026-08-20,315.91
vestuario,2026-04-23,pix,1,1,500.66,0.0,2026-04-23,500.66
vestuario,2026-04-23,debito,1,1,531.29,0.012,2026-04-24,524.92
vestuario,2026-04-23,credito_vista,1,1,699.54,0.025,2026-05-23,682.06
vestuario,2026-04-23,credito_4x,1,4,308.77,0.035,2026-05-23,297.97
vestuario,2026-04-23,credito_4x,2,4,308.77,0.035,2026-06-22,297.97
vestuario,2026-04-23,credito_4x,3,4,308.77,0.035,2026-07-22,297.97
vestuario,2026-04-23,credito_4x,4,4,308.77,0.035,2026-08-21,297.97
vestuario,2026-04-24,pix,1,1,608.73,0.0,2026-04-24,608.73
vestuario,2026-04-24,debito,1,1,944.82,0.012,2026-04-25,933.48
vestuario,2026-04-24,credito_vista,1,1,1095.56,0.025,2026-05-24,1068.17
vestuario,2026-04-24,credito_4x,1,4,578.97,0.035,2026-05-24,558.7
vestuario,2026-04-24,credito_4x,2,4,578.97,0.035,2026-06-23,558.7
vestuario,2026-04-24,credito_4x,3,4,578.97,0.035,2026-07-23,558.7
vestuario,2026-04-24,credito_4x,4,4,578.97,0.035,2026-08-22,558.7
vestuario,2026-04-25,pix,1,1,1040.46,0.0,2026-04-25,1040.46
vestuario,2026-04-25,debito,1,1,961.29,0.012,2026-04-26,949.76
vestuario,2026-04-25,credito_vista,1,1,1636.54,0.025,2026-05-25,1595.63
vestuario,2026-04-25,credito_4x,1,4,634.08,0.035,2026-05-25,611.88
vestuario,2026-04-25,credito_4x,2,4,634.08,0.035,2026-06-24,611.88
vestuario,2026-04-25,credito_4x,3,4,634.08,0.035,2026-07-24,611.88
vestuario,2026-04-25,credito_4x,4,4,634.08,0.035,2026-08-23,611.88
vestuario,2026-04-26,pix,1,1,185.21,0.0,2026-04-26,185.21
vestuario,2026-04-26,debito,1,1,191.36,0.012,2026-04-27,189.06
vestuario,2026-04-26,credito_vista,1,1,279.05,0.025,2026-05-26,272.07
vestuario,2026-04-26,credito_4x,1,4,90.5,0.035,2026-05-26,87.33
vestuario,2026-04-26,credito_4x,2,4,90.5,0.035,2026-06-25,87.33
vestuario,2026-04-26,credito_4x,3,4,90.5,0.035,2026-07-25,87.33
vestuario,2026-04-26,credito_4x,4,4,90.5,0.035,2026-08-24,87.33
vestuario,2026-04-27,pix,1,1,472.24,0.0,2026-04-27,472.24
vestuario,2026-04-27,debito,1,1,483.01,0.012,2026-04-28,477.21
vestuario,2026-04-27,credito_vista,1,1,696.16,0.025,2026-05-27,678.76
vestuario,2026-04-27,credito_4x,1,4,404.48,0.035,2026-05-27,390.33
vestuario,2026-04-27,credito_4x,2,4,404.48,0.035,2026-06-26,390.33
vestuario,2026-04-27,credito_4x,3,4,404.48,0.035,2026-07-26,390.33
vestuario,2026-04-27,credito_4x,4,4,404.48,0.035,2026-08-25,390.33
vestuario,2026-04-28,pix,1,1,410.04,0.0,2026-04-28,410.04
vestuario,2026-04-28,debito,1,1,645.87,0.012,2026-04-29,638.12
vestuario,2026-04-28,credito_vista,1,1,670.77,0.025,2026-05-28,654.0
vestuario,2026-04-28,credito_4x,1,4,446.34,0.035,2026-05-28,430.71
vestuario,2026-04-28,credito_4x,2,4,446.34,0.035,2026-06-27,430.71
vestuario,2026-04-28,credito_4x,3,4,446.34,0.035,2026-07-27,430.71
vestuario,2026-04-28,credito_4x,4,4,446.34,0.035,2026-08-26,430.71
vestuario,2026-04-29,pix,1,1,404.88,0.0,2026-04-29,404.88
vestuario,2026-04-29,debito,1,1,569.28,0.012,2026-04-30,562.45
vestuario,2026-04-29,credito_vista,1,1,701.87,0.025,2026-05-29,684.32
vestuario,2026-04-29,credito_4x,1,4,385.06,0.035,2026-05-29,371.58
vestuario,2026-04-29,credito_4x,2,4,385.06,0.035,2026-06-28,371.58
vestuario,2026-04-29,credito_4x,3,4,385.06,0.035,2026-07-28,371.58
vestuario,2026-04-29,credito_4x,4,4,385.06,0.035,2026-08-27,371.58
vestuario,2026-04-30,pix,1,1,262.56,0.0,2026-04-30,262.56
vestuario,2026-04-30,debito,1,1,411.34,0.012,2026-05-01,406.41
vestuario,2026-04-30,credito_vista,1,1,729.02,0.025,2026-05-30,710.79
vestuario,2026-04-30,credito_4x,1,4,364.62,0.035,2026-05-30,351.85
vestuario,2026-04-30,credito_4x,2,4,364.62,0.035,2026-06-29,351.85
vestuario,2026-04-30,credito_4x,3,4,364.62,0.035,2026-07-29,351.85
vestuario,2026-04-30,credito_4x,4,4,364.62,0.035,2026-08-28,351.85
vestuario,2026-05-01,pix,1,1,741.6,0.0,2026-05-01,741.6
vestuario,2026-05-01,debito,1,1,950.39,0.012,2026-05-02,938.99
vestuario,2026-05-01,credito_vista,1,1,971.29,0.025,2026-05-31,947.0
vestuario,2026-05-01,credito_4x,1,4,531.67,0.035,2026-05-31,513.06
vestuario,2026-05-01,credito_4x,2,4,531.67,0.035,2026-06-30,513.06
vestuario,2026-05-01,credito_4x,3,4,531.67,0.035,2026-07-30,513.06
vestuario,2026-05-01,credito_4x,4,4,531.67,0.035,2026-08-29,513.06
vestuario,2026-05-02,pix,1,1,1276.51,0.0,2026-05-02,1276.51
vestuario,2026-05-02,debito,1,1,2241.58,0.012,2026-05-03,2214.69
vestuario,2026-05-02,credito_vista,1,1,2280.92,0.025,2026-06-01,2223.9
vestuario,2026-05-02,credito_4x,1,4,1044.18,0.035,2026-06-01,1007.64
vestuario,2026-05-02,credito_4x,2,4,1044.18,0.035,2026-07-01,1007.64
vestuario,2026-05-02,credito_4x,3,4,1044.18,0.035,2026-07-31,1007.64
vestuario,2026-05-02,credito_4x,4,4,1044.18,0.035,2026-08-30,1007.64
vestuario,2026-05-03,pix,1,1,141.08,0.0,2026-05-03,141.08
vestuario,2026-05-03,debito,1,1,334.28,0.012,2026-05-04,330.27
vestuario,2026-05-03,credito_vista,1,1,449.42,0.025,2026-06-02,438.19
vestuario,2026-05-03,credito_4x,1,4,150.71,0.035,2026-06-02,145.44
vestuario,2026-05-03,credito_4x,2,4,150.71,0.035,2026-07-02,145.44
vestuario,2026-05-03,credito_4x,3,4,150.71,0.035,2026-08-01,145.44
vestuario,2026-05-03,credito_4x,4,4,150.71,0.035,2026-08-31,145.44
vestuario,2026-05-04,pix,1,1,770.53,0.0,2026-05-04,770.53
vestuario,2026-05-04,debito,1,1,952.19,0.012,2026-05-05,940.76
vestuario,2026-05-04,credito_vista,1,1,926.52,0.025,2026-06-03,903.36
vestuario,2026-05-04,credito_4x,1,4,592.65,0.035,2026-06-03,571.91
vestuario,2026-05-04,credito_4x,2,4,592.65,0.035,2026-07-03,571.91
vestuario,2026-05-04,credito_4x,3,4,592.65,0.035,2026-08-02,571.91
vestuario,2026-05-04,credito_4x,4,4,592.65,0.035,2026-09-01,571.91
vestuario,2026-05-05,pix,1,1,387.95,0.0,2026-05-05,387.95
vestuario,2026-05-05,debito,1,1,686.39,0.012,2026-05-06,678.15
vestuario,2026-05-05,credito_vista,1,1,882.14,0.025,2026-06-04,860.09
vestuario,2026-05-05,credito_4x,1,4,551.71,0.035,2026-06-04,532.4
vestuario,2026-05-05,credito_4x,2,4,551.71,0.035,2026-07-04,532.4
vestuario,2026-05-05,credito_4x,3,4,551.71,0.035,2026-08-03,532.4
vestuario,2026-05-05,credito_4x,4,4,551.71,0.035,2026-09-02,532.4
vestuario,2026-05-06,pix,1,1,531.09,0.0,2026-05-06,531.09
vestuario,2026-05-06,debito,1,1,684.58,0.012,2026-05-07,676.37
vestuario,2026-05-06,credito_vista,1,1,1028.72,0.025,2026-06-05,1003.01
vestuario,2026-05-06,credito_4x,1,4,558.08,0.035,2026-06-05,538.54
vestuario,2026-05-06,credito_4x,2,4,558.08,0.035,2026-07-05,538.54
vestuario,2026-05-06,credito_4x,3,4,558.08,0.035,2026-08-04,538.54
vestuario,2026-05-06,credito_4x,4,4,558.08,0.035,2026-09-03,538.54
vestuario,2026-05-07,pix,1,1,346.08,0.0,2026-05-07,346.08
vestuario,2026-05-07,debito,1,1,464.6,0.012,2026-05-08,459.03
vestuario,2026-05-07,credito_vista,1,1,590.4,0.025,2026-06-06,575.64
vestuario,2026-05-07,credito_4x,1,4,442.43,0.035,2026-06-06,426.95
vestuario,2026-05-07,credito_4x,2,4,442.43,0.035,2026-07-06,426.95
vestuario,2026-05-07,credito_4x,3,4,442.43,0.035,2026-08-05,426.95
vestuario,2026-05-07,credito_4x,4,4,442.43,0.035,2026-09-04,426.95
vestuario,2026-05-08,pix,1,1,849.48,0.0,2026-05-08,849.48
vestuario,2026-05-08,debito,1,1,978.37,0.012,2026-05-09,966.63
vestuario,2026-05-08,credito_vista,1,1,1550.47,0.025,2026-06-07,1511.7
vestuario,2026-05-08,credito_4x,1,4,629.64,0.035,2026-06-07,607.6
vestuario,2026-05-08,credito_4x,2,4,629.64,0.035,2026-07-07,607.6
vestuario,2026-05-08,credito_4x,3,4,629.64,0.035,2026-08-06,607.6
vestuario,2026-05-08,credito_4x,4,4,629.64,0.035,2026-09-05,607.6
vestuario,2026-05-09,pix,1,1,1215.97,0.0,2026-05-09,1215.97
vestuario,2026-05-09,debito,1,1,1354.99,0.012,2026-05-10,1338.73
vestuario,2026-05-09,credito_vista,1,1,2534.74,0.025,2026-06-08,2471.37
vestuario,2026-05-09,credito_4x,1,4,1028.15,0.035,2026-06-08,992.17
vestuario,2026-05-09,credito_4x,2,4,1028.15,0.035,2026-07-08,992.17
vestuario,2026-05-09,credito_4x,3,4,1028.15,0.035,2026-08-07,992.17
vestuario,2026-05-09,credito_4x,4,4,1028.15,0.035,2026-09-06,992.17
vestuario,2026-05-10,pix,1,1,203.69,0.0,2026-05-10,203.69
vestuario,2026-05-10,debito,1,1,369.91,0.012,2026-05-11,365.47
vestuario,2026-05-10,credito_vista,1,1,275.43,0.025,2026-06-09,268.54
vestuario,2026-05-10,credito_4x,1,4,190.77,0.035,2026-06-09,184.09
vestuario,2026-05-10,credito_4x,2,4,190.77,0.035,2026-07-09,184.09
vestuario,2026-05-10,credito_4x,3,4,190.77,0.035,2026-08-08,184.09
vestuario,2026-05-10,credito_4x,4,4,190.77,0.035,2026-09-07,184.09
vestuario,2026-05-11,pix,1,1,521.64,0.0,2026-05-11,521.64
vestuario,2026-05-11,debito,1,1,504.65,0.012,2026-05-12,498.6
vestuario,2026-05-11,credito_vista,1,1,1131.47,0.025,2026-06-10,1103.19
vestuario,2026-05-11,credito_4x,1,4,414.61,0.035,2026-06-10,400.1
vestuario,2026-05-11,credito_4x,2,4,414.61,0.035,2026-07-10,400.1
vestuario,2026-05-11,credito_4x,3,4,414.61,0.035,2026-08-09,400.1
vestuario,2026-05-11,credito_4x,4,4,414.61,0.035,2026-09-08,400.1
vestuario,2026-05-12,pix,1,1,322.66,0.0,2026-05-12,322.66
vestuario,2026-05-12,debito,1,1,404.16,0.012,2026-05-13,399.31
vestuario,2026-05-12,credito_vista,1,1,1119.68,0.025,2026-06-11,1091.69
vestuario,2026-05-12,credito_4x,1,4,469.36,0.035,2026-06-11,452.93
vestuario,2026-05-12,credito_4x,2,4,469.36,0.035,2026-07-11,452.93
vestuario,2026-05-12,credito_4x,3,4,469.36,0.035,2026-08-10,452.93
vestuario,2026-05-12,credito_4x,4,4,469.36,0.035,2026-09-09,452.93
vestuario,2026-05-13,pix,1,1,435.66,0.0,2026-05-13,435.66
vestuario,2026-05-13,debito,1,1,655.92,0.012,2026-05-14,648.05
vestuario,2026-05-13,credito_vista,1,1,559.02,0.025,2026-06-12,545.04
vestuario,2026-05-13,credito_4x,1,4,416.9,0.035,2026-06-12,402.31
vestuario,2026-05-13,credito_4x,2,4,416.9,0.035,2026-07-12,402.31
vestuario,2026-05-13,credito_4x,3,4,416.9,0.035,2026-08-11,402.31
vestuario,2026-05-13,credito_4x,4,4,416.9,0.035,2026-09-10,402.31
vestuario,2026-05-14,pix,1,1,548.78,0.0,2026-05-14,548.78
vestuario,2026-05-14,debito,1,1,933.36,0.012,2026-05-15,922.16
vestuario,2026-05-14,credito_vista,1,1,1070.47,0.025,2026-06-13,1043.71
vestuario,2026-05-14,credito_4x,1,4,637.0,0.035,2026-06-13,614.71
vestuario,2026-05-14,credito_4x,2,4,637.0,0.035,2026-07-13,614.71
vestuario,2026-05-14,credito_4x,3,4,637.0,0.035,2026-08-12,614.71
vestuario,2026-05-14,credito_4x,4,4,637.0,0.035,2026-09-11,614.71
vestuario,2026-05-15,pix,1,1,374.59,0.0,2026-05-15,374.59
vestuario,2026-05-15,debito,1,1,506.11,0.012,2026-05-16,500.04
vestuario,2026-05-15,credito_vista,1,1,574.39,0.025,2026-06-14,560.03
vestuario,2026-05-15,credito_4x,1,4,299.9,0.035,2026-06-14,289.4
vestuario,2026-05-15,credito_4x,2,4,299.9,0.035,2026-07-14,289.4
vestuario,2026-05-15,credito_4x,3,4,299.9,0.035,2026-08-13,289.4
vestuario,2026-05-15,credito_4x,4,4,299.9,0.035,2026-09-12,289.4
vestuario,2026-05-16,pix,1,1,670.7,0.0,2026-05-16,670.7
vestuario,2026-05-16,debito,1,1,1145.23,0.012,2026-05-17,1131.48
vestuario,2026-05-16,credito_vista,1,1,2075.67,0.025,2026-06-15,2023.77
vestuario,2026-05-16,credito_4x,1,4,873.75,0.035,2026-06-15,843.17
vestuario,2026-05-16,credito_4x,2,4,873.75,0.035,2026-07-15,843.17
vestuario,2026-05-16,credito_4x,3,4,873.75,0.035,2026-08-14,843.17
vestuario,2026-05-16,credito_4x,4,4,873.75,0.035,2026-09-13,843.17
vestuario,2026-05-17,pix,1,1,294.28,0.0,2026-05-17,294.28
vestuario,2026-05-17,debito,1,1,421.79,0.012,2026-05-18,416.73
vestuario,2026-05-17,credito_vista,1,1,547.18,0.025,2026-06-16,533.51
vestuario,2026-05-17,credito_4x,1,4,338.37,0.035,2026-06-16,326.52
vestuario,2026-05-17,credito_4x,2,4,338.37,0.035,2026-07-16,326.52
vestuario,2026-05-17,credito_4x,3,4,338.37,0.035,2026-08-15,326.52
vestuario,2026-05-17,credito_4x,4,4,338.37,0.035,2026-09-14,326.52
vestuario,2026-05-18,pix,1,1,526.69,0.0,2026-05-18,526.69
vestuario,2026-05-18,debito,1,1,935.92,0.012,2026-05-19,924.69
vestuario,2026-05-18,credito_vista,1,1,761.27,0.025,2026-06-17,742.24
vestuario,2026-05-18,credito_4x,1,4,572.6,0.035,2026-06-17,552.56
vestuario,2026-05-18,credito_4x,2,4,572.6,0.035,2026-07-17,552.56
vestuario,2026-05-18,credito_4x,3,4,572.6,0.035,2026-08-16,552.56
vestuario,2026-05-18,credito_4x,4,4,572.6,0.035,2026-09-15,552.56
vestuario,2026-05-19,pix,1,1,675.96,0.0,2026-05-19,675.96
vestuario,2026-05-19,debito,1,1,678.6,0.012,2026-05-20,670.46
vestuario,2026-05-19,credito_vista,1,1,681.94,0.025,2026-06-18,664.89
vestuario,2026-05-19,credito_4x,1,4,479.1,0.035,2026-06-18,462.33
vestuario,2026-05-19,credito_4x,2,4,479.1,0.035,2026-07-18,462.33
vestuario,2026-05-19,credito_4x,3,4,479.1,0.035,2026-08-17,462.33
vestuario,2026-05-19,credito_4x,4,4,479.1,0.035,2026-09-16,462.33
vestuario,2026-05-20,pix,1,1,448.91,0.0,2026-05-20,448.91
vestuario,2026-05-20,debito,1,1,666.64,0.012,2026-05-21,658.64
vestuario,2026-05-20,credito_vista,1,1,900.63,0.025,2026-06-19,878.11
vestuario,2026-05-20,credito_4x,1,4,395.24,0.035,2026-06-19,381.4
vestuario,2026-05-20,credito_4x,2,4,395.24,0.035,2026-07-19,381.4
vestuario,2026-05-20,credito_4x,3,4,395.24,0.035,2026-08-18,381.4
vestuario,2026-05-20,credito_4x,4,4,395.24,0.035,2026-09-17,381.4
vestuario,2026-05-21,pix,1,1,349.35,0.0,2026-05-21,349.35
vestuario,2026-05-21,debito,1,1,911.38,0.012,2026-05-22,900.45
vestuario,2026-05-21,credito_vista,1,1,745.99,0.025,2026-06-20,727.34
vestuario,2026-05-21,credito_4x,1,4,418.36,0.035,2026-06-20,403.72
vestuario,2026-05-21,credito_4x,2,4,418.36,0.035,2026-07-20,403.72
vestuario,2026-05-21,credito_4x,3,4,418.36,0.035,2026-08-19,403.72
vestuario,2026-05-21,credito_4x,4,4,418.36,0.035,2026-09-18,403.72
vestuario,2026-05-22,pix,1,1,651.23,0.0,2026-05-22,651.23
vestuario,2026-05-22,debito,1,1,928.66,0.012,2026-05-23,917.51
vestuario,2026-05-22,credito_vista,1,1,979.62,0.025,2026-06-21,955.13
vestuario,2026-05-22,credito_4x,1,4,557.52,0.035,2026-06-21,538.0
vestuario,2026-05-22,credito_4x,2,4,557.52,0.035,2026-07-21,538.0
vestuario,2026-05-22,credito_4x,3,4,557.52,0.035,2026-08-20,538.0
vestuario,2026-05-22,credito_4x,4,4,557.52,0.035,2026-09-19,538.0
vestuario,2026-05-23,pix,1,1,946.3,0.0,2026-05-23,946.3
vestuario,2026-05-23,debito,1,1,1082.2,0.012,2026-05-24,1069.21
vestuario,2026-05-23,credito_vista,1,1,1605.8,0.025,2026-06-22,1565.66
vestuario,2026-05-23,credito_4x,1,4,1005.51,0.035,2026-06-22,970.31
vestuario,2026-05-23,credito_4x,2,4,1005.51,0.035,2026-07-22,970.31
vestuario,2026-05-23,credito_4x,3,4,1005.51,0.035,2026-08-21,970.31
vestuario,2026-05-23,credito_4x,4,4,1005.51,0.035,2026-09-20,970.31
vestuario,2026-05-24,pix,1,1,221.74,0.0,2026-05-24,221.74
vestuario,2026-05-24,debito,1,1,331.14,0.012,2026-05-25,327.17
vestuario,2026-05-24,credito_vista,1,1,355.74,0.025,2026-06-23,346.84
vestuario,2026-05-24,credito_4x,1,4,168.04,0.035,2026-06-23,162.16
vestuario,2026-05-24,credito_4x,2,4,168.04,0.035,2026-07-23,162.16
vestuario,2026-05-24,credito_4x,3,4,168.04,0.035,2026-08-22,162.16
vestuario,2026-05-24,credito_4x,4,4,168.04,0.035,2026-09-21,162.16
vestuario,2026-05-25,pix,1,1,393.9,0.0,2026-05-25,393.9
vestuario,2026-05-25,debito,1,1,451.65,0.012,2026-05-26,446.23
vestuario,2026-05-25,credito_vista,1,1,738.2,0.025,2026-06-24,719.75
vestuario,2026-05-25,credito_4x,1,4,420.82,0.035,2026-06-24,406.09
vestuario,2026-05-25,credito_4x,2,4,420.82,0.035,2026-07-24,406.09
vestuario,2026-05-25,credito_4x,3,4,420.82,0.035,2026-08-23,406.09
vestuario,2026-05-25,credito_4x,4,4,420.82,0.035,2026-09-22,406.09
vestuario,2026-05-26,pix,1,1,446.49,0.0,2026-05-26,446.49
vestuario,2026-05-26,debito,1,1,543.8,0.012,2026-05-27,537.28
vestuario,2026-05-26,credito_vista,1,1,854.96,0.025,2026-06-25,833.58
vestuario,2026-05-26,credito_4x,1,4,630.97,0.035,2026-06-25,608.88
vestuario,2026-05-26,credito_4x,2,4,630.97,0.035,2026-07-25,608.88
vestuario,2026-05-26,credito_4x,3,4,630.97,0.035,2026-08-24,608.88
vestuario,2026-05-26,credito_4x,4,4,630.97,0.035,2026-09-23,608.88
vestuario,2026-05-27,pix,1,1,462.03,0.0,2026-05-27,462.03
vestuario,2026-05-27,debito,1,1,642.7,0.012,2026-05-28,634.99
vestuario,2026-05-27,credito_vista,1,1,636.71,0.025,2026-06-26,620.79
vestuario,2026-05-27,credito_4x,1,4,340.58,0.035,2026-06-26,328.66
vestuario,2026-05-27,credito_4x,2,4,340.58,0.035,2026-07-26,328.66
vestuario,2026-05-27,credito_4x,3,4,340.58,0.035,2026-08-25,328.66
vestuario,2026-05-27,credito_4x,4,4,340.58,0.035,2026-09-24,328.66
vestuario,2026-05-28,pix,1,1,388.64,0.0,2026-05-28,388.64
vestuario,2026-05-28,debito,1,1,252.05,0.012,2026-05-29,249.02
vestuario,2026-05-28,credito_vista,1,1,451.07,0.025,2026-06-27,439.79
vestuario,2026-05-28,credito_4x,1,4,342.21,0.035,2026-06-27,330.23
vestuario,2026-05-28,credito_4x,2,4,342.21,0.035,2026-07-27,330.23
vestuario,2026-05-28,credito_4x,3,4,342.21,0.035,2026-08-26,330.23
vestuario,2026-05-28,credito_4x,4,4,342.21,0.035,2026-09-25,330.23
vestuario,2026-05-29,pix,1,1,393.3,0.0,2026-05-29,393.3
vestuario,2026-05-29,debito,1,1,402.17,0.012,2026-05-30,397.35
vestuario,2026-05-29,credito_vista,1,1,744.11,0.025,2026-06-28,725.5
vestuario,2026-05-29,credito_4x,1,4,352.73,0.035,2026-06-28,340.38
vestuario,2026-05-29,credito_4x,2,4,352.73,0.035,2026-07-28,340.38
vestuario,2026-05-29,credito_4x,3,4,352.73,0.035,2026-08-27,340.38
vestuario,2026-05-29,credito_4x,4,4,352.73,0.035,2026-09-26,340.38
vestuario,2026-05-30,pix,1,1,551.51,0.0,2026-05-30,551.51
vestuario,2026-05-30,debito,1,1,1267.75,0.012,2026-05-31,1252.54
vestuario,2026-05-30,credito_vista,1,1,1506.08,0.025,2026-06-29,1468.42
vestuario,2026-05-30,credito_4x,1,4,802.91,0.035,2026-06-29,774.81
vestuario,2026-05-30,credito_4x,2,4,802.91,0.035,2026-07-29,774.81
vestuario,2026-05-30,credito_4x,3,4,802.91,0.035,2026-08-28,774.81
vestuario,2026-05-30,credito_4x,4,4,802.91,0.035,2026-09-27,774.81
vestuario,2026-05-31,pix,1,1,223.58,0.0,2026-05-31,223.58
vestuario,2026-05-31,debito,1,1,216.0,0.012,2026-06-01,213.41
vestuario,2026-05-31,credito_vista,1,1,361.26,0.025,2026-06-30,352.23
vestuario,2026-05-31,credito_4x,1,4,186.93,0.035,2026-06-30,180.39
vestuario,2026-05-31,credito_4x,2,4,186.93,0.035,2026-07-30,180.39
vestuario,2026-05-31,credito_4x,3,4,186.93,0.035,2026-08-29,180.39
vestuario,2026-05-31,credito_4x,4,4,186.93,0.035,2026-09-28,180.39
vestuario,2026-06-01,pix,1,1,704.38,0.0,2026-06-01,704.38
vestuario,2026-06-01,debito,1,1,658.15,0.012,2026-06-02,650.26
vestuario,2026-06-01,credito_vista,1,1,1178.0,0.025,2026-07-01,1148.55
vestuario,2026-06-01,credito_4x,1,4,561.26,0.035,2026-07-01,541.62
vestuario,2026-06-01,credito_4x,2,4,561.26,0.035,2026-07-31,541.62
vestuario,2026-06-01,credito_4x,3,4,561.26,0.035,2026-08-30,541.62
vestuario,2026-06-01,credito_4x,4,4,561.26,0.035,2026-09-29,541.62
vestuario,2026-06-02,pix,1,1,509.09,0.0,2026-06-02,509.09
vestuario,2026-06-02,debito,1,1,735.95,0.012,2026-06-03,727.12
vestuario,2026-06-02,credito_vista,1,1,575.94,0.025,2026-07-02,561.55
vestuario,2026-06-02,credito_4x,1,4,484.61,0.035,2026-07-02,467.65
vestuario,2026-06-02,credito_4x,2,4,484.61,0.035,2026-08-01,467.65
vestuario,2026-06-02,credito_4x,3,4,484.61,0.035,2026-08-31,467.65
vestuario,2026-06-02,credito_4x,4,4,484.61,0.035,2026-09-30,467.65
vestuario,2026-06-03,pix,1,1,746.38,0.0,2026-06-03,746.38
vestuario,2026-06-03,debito,1,1,827.57,0.012,2026-06-04,817.64
vestuario,2026-06-03,credito_vista,1,1,1302.03,0.025,2026-07-03,1269.48
vestuario,2026-06-03,credito_4x,1,4,613.62,0.035,2026-07-03,592.14
vestuario,2026-06-03,credito_4x,2,4,613.62,0.035,2026-08-02,592.14
vestuario,2026-06-03,credito_4x,3,4,613.62,0.035,2026-09-01,592.14
vestuario,2026-06-03,credito_4x,4,4,613.62,0.035,2026-10-01,592.14
vestuario,2026-06-04,pix,1,1,975.05,0.0,2026-06-04,975.05
vestuario,2026-06-04,debito,1,1,749.68,0.012,2026-06-05,740.68
vestuario,2026-06-04,credito_vista,1,1,1185.51,0.025,2026-07-04,1155.87
vestuario,2026-06-04,credito_4x,1,4,479.89,0.035,2026-07-04,463.09
vestuario,2026-06-04,credito_4x,2,4,479.89,0.035,2026-08-03,463.09
vestuario,2026-06-04,credito_4x,3,4,479.89,0.035,2026-09-02,463.09
vestuario,2026-06-04,credito_4x,4,4,479.89,0.035,2026-10-02,463.09
vestuario,2026-06-05,pix,1,1,602.31,0.0,2026-06-05,602.31
vestuario,2026-06-05,debito,1,1,975.54,0.012,2026-06-06,963.83
vestuario,2026-06-05,credito_vista,1,1,1225.75,0.025,2026-07-05,1195.11
vestuario,2026-06-05,credito_4x,1,4,557.48,0.035,2026-07-05,537.97
vestuario,2026-06-05,credito_4x,2,4,557.48,0.035,2026-08-04,537.97
vestuario,2026-06-05,credito_4x,3,4,557.48,0.035,2026-09-03,537.97
vestuario,2026-06-05,credito_4x,4,4,557.48,0.035,2026-10-03,537.97
vestuario,2026-06-06,pix,1,1,1156.06,0.0,2026-06-06,1156.06
vestuario,2026-06-06,debito,1,1,1620.34,0.012,2026-06-07,1600.89
vestuario,2026-06-06,credito_vista,1,1,1330.44,0.025,2026-07-06,1297.17
vestuario,2026-06-06,credito_4x,1,4,795.66,0.035,2026-07-06,767.81
vestuario,2026-06-06,credito_4x,2,4,795.66,0.035,2026-08-05,767.81
vestuario,2026-06-06,credito_4x,3,4,795.66,0.035,2026-09-04,767.81
vestuario,2026-06-06,credito_4x,4,4,795.66,0.035,2026-10-04,767.81
vestuario,2026-06-07,pix,1,1,177.92,0.0,2026-06-07,177.92
vestuario,2026-06-07,debito,1,1,238.3,0.012,2026-06-08,235.44
vestuario,2026-06-07,credito_vista,1,1,412.95,0.025,2026-07-07,402.63
vestuario,2026-06-07,credito_4x,1,4,206.49,0.035,2026-07-07,199.27
vestuario,2026-06-07,credito_4x,2,4,206.49,0.035,2026-08-06,199.27
vestuario,2026-06-07,credito_4x,3,4,206.49,0.035,2026-09-05,199.27
vestuario,2026-06-07,credito_4x,4,4,206.49,0.035,2026-10-05,199.27
vestuario,2026-06-08,pix,1,1,645.16,0.0,2026-06-08,645.16
vestuario,2026-06-08,debito,1,1,1080.0,0.012,2026-06-09,1067.04
vestuario,2026-06-08,credito_vista,1,1,1411.81,0.025,2026-07-08,1376.51
vestuario,2026-06-08,credito_4x,1,4,650.31,0.035,2026-07-08,627.55
vestuario,2026-06-08,credito_4x,2,4,650.31,0.035,2026-08-07,627.55
vestuario,2026-06-08,credito_4x,3,4,650.31,0.035,2026-09-06,627.55
vestuario,2026-06-08,credito_4x,4,4,650.31,0.035,2026-10-06,627.55
vestuario,2026-06-09,pix,1,1,533.28,0.0,2026-06-09,533.28
vestuario,2026-06-09,debito,1,1,689.3,0.012,2026-06-10,681.03
vestuario,2026-06-09,credito_vista,1,1,1121.73,0.025,2026-07-09,1093.68
vestuario,2026-06-09,credito_4x,1,4,450.85,0.035,2026-07-09,435.07
vestuario,2026-06-09,credito_4x,2,4,450.85,0.035,2026-08-08,435.07
vestuario,2026-06-09,credito_4x,3,4,450.85,0.035,2026-09-07,435.07
vestuario,2026-06-09,credito_4x,4,4,450.85,0.035,2026-10-07,435.07
vestuario,2026-06-10,pix,1,1,665.04,0.0,2026-06-10,665.04
vestuario,2026-06-10,debito,1,1,905.5,0.012,2026-06-11,894.64
vestuario,2026-06-10,credito_vista,1,1,945.8,0.025,2026-07-10,922.16
vestuario,2026-06-10,credito_4x,1,4,650.68,0.035,2026-07-10,627.91
vestuario,2026-06-10,credito_4x,2,4,650.68,0.035,2026-08-09,627.91
vestuario,2026-06-10,credito_4x,3,4,650.68,0.035,2026-09-08,627.91
vestuario,2026-06-10,credito_4x,4,4,650.68,0.035,2026-10-08,627.91
vestuario,2026-06-11,pix,1,1,428.07,0.0,2026-06-11,428.07
vestuario,2026-06-11,debito,1,1,514.56,0.012,2026-06-12,508.38
vestuario,2026-06-11,credito_vista,1,1,966.53,0.025,2026-07-11,942.37
vestuario,2026-06-11,credito_4x,1,4,452.72,0.035,2026-07-11,436.88
vestuario,2026-06-11,credito_4x,2,4,452.72,0.035,2026-08-10,436.88
vestuario,2026-06-11,credito_4x,3,4,452.72,0.035,2026-09-09,436.88
vestuario,2026-06-11,credito_4x,4,4,452.72,0.035,2026-10-09,436.88
vestuario,2026-06-12,pix,1,1,429.35,0.0,2026-06-12,429.35
vestuario,2026-06-12,debito,1,1,708.76,0.012,2026-06-13,700.25
vestuario,2026-06-12,credito_vista,1,1,893.0,0.025,2026-07-12,870.68
vestuario,2026-06-12,credito_4x,1,4,464.07,0.035,2026-07-12,447.83
vestuario,2026-06-12,credito_4x,2,4,464.07,0.035,2026-08-11,447.83
vestuario,2026-06-12,credito_4x,3,4,464.07,0.035,2026-09-10,447.83
vestuario,2026-06-12,credito_4x,4,4,464.07,0.035,2026-10-10,447.83
vestuario,2026-06-13,pix,1,1,679.52,0.0,2026-06-13,679.52
vestuario,2026-06-13,debito,1,1,1337.22,0.012,2026-06-14,1321.17
vestuario,2026-06-13,credito_vista,1,1,1329.58,0.025,2026-07-13,1296.34
vestuario,2026-06-13,credito_4x,1,4,761.35,0.035,2026-07-13,734.71
vestuario,2026-06-13,credito_4x,2,4,761.35,0.035,2026-08-12,734.71
vestuario,2026-06-13,credito_4x,3,4,761.35,0.035,2026-09-11,734.71
vestuario,2026-06-13,credito_4x,4,4,761.35,0.035,2026-10-11,734.71
vestuario,2026-06-14,pix,1,1,229.57,0.0,2026-06-14,229.57
vestuario,2026-06-14,debito,1,1,373.37,0.012,2026-06-15,368.89
vestuario,2026-06-14,credito_vista,1,1,540.21,0.025,2026-07-14,526.7
vestuario,2026-06-14,credito_4x,1,4,302.32,0.035,2026-07-14,291.73
vestuario,2026-06-14,credito_4x,2,4,302.32,0.035,2026-08-13,291.73
vestuario,2026-06-14,credito_4x,3,4,302.32,0.035,2026-09-12,291.73
vestuario,2026-06-14,credito_4x,4,4,302.32,0.035,2026-10-12,291.73
vestuario,2026-06-15,pix,1,1,369.31,0.0,2026-06-15,369.31
vestuario,2026-06-15,debito,1,1,438.35,0.012,2026-06-16,433.09
vestuario,2026-06-15,credito_vista,1,1,891.72,0.025,2026-07-15,869.43
vestuario,2026-06-15,credito_4x,1,4,319.75,0.035,2026-07-15,308.56
vestuario,2026-06-15,credito_4x,2,4,319.75,0.035,2026-08-14,308.56
vestuario,2026-06-15,credito_4x,3,4,319.75,0.035,2026-09-13,308.56
vestuario,2026-06-15,credito_4x,4,4,319.75,0.035,2026-10-13,308.56
vestuario,2026-06-16,pix,1,1,262.03,0.0,2026-06-16,262.03
vestuario,2026-06-16,debito,1,1,496.15,0.012,2026-06-17,490.19
vestuario,2026-06-16,credito_vista,1,1,444.54,0.025,2026-07-16,433.43
vestuario,2026-06-16,credito_4x,1,4,421.09,0.035,2026-07-16,406.35
vestuario,2026-06-16,credito_4x,2,4,421.09,0.035,2026-08-15,406.35
vestuario,2026-06-16,credito_4x,3,4,421.09,0.035,2026-09-14,406.35
vestuario,2026-06-16,credito_4x,4,4,421.09,0.035,2026-10-14,406.35
vestuario,2026-06-17,pix,1,1,352.49,0.0,2026-06-17,352.49
vestuario,2026-06-17,debito,1,1,668.25,0.012,2026-06-18,660.23
vestuario,2026-06-17,credito_vista,1,1,776.35,0.025,2026-07-17,756.94
vestuario,2026-06-17,credito_4x,1,4,527.5,0.035,2026-07-17,509.04
vestuario,2026-06-17,credito_4x,2,4,527.5,0.035,2026-08-16,509.04
vestuario,2026-06-17,credito_4x,3,4,527.5,0.035,2026-09-15,509.04
vestuario,2026-06-17,credito_4x,4,4,527.5,0.035,2026-10-15,509.04
vestuario,2026-06-18,pix,1,1,737.95,0.0,2026-06-18,737.95
vestuario,2026-06-18,debito,1,1,779.57,0.012,2026-06-19,770.21
vestuario,2026-06-18,credito_vista,1,1,680.92,0.025,2026-07-18,663.9
vestuario,2026-06-18,credito_4x,1,4,614.03,0.035,2026-07-18,592.54
vestuario,2026-06-18,credito_4x,2,4,614.03,0.035,2026-08-17,592.54
vestuario,2026-06-18,credito_4x,3,4,614.03,0.035,2026-09-16,592.54
vestuario,2026-06-18,credito_4x,4,4,614.03,0.035,2026-10-16,592.54
vestuario,2026-06-19,pix,1,1,847.29,0.0,2026-06-19,847.29
vestuario,2026-06-19,debito,1,1,1320.5,0.012,2026-06-20,1304.66
vestuario,2026-06-19,credito_vista,1,1,1005.49,0.025,2026-07-19,980.36
vestuario,2026-06-19,credito_4x,1,4,918.21,0.035,2026-07-19,886.07
vestuario,2026-06-19,credito_4x,2,4,918.21,0.035,2026-08-18,886.07
vestuario,2026-06-19,credito_4x,3,4,918.21,0.035,2026-09-17,886.07
vestuario,2026-06-19,credito_4x,4,4,918.21,0.035,2026-10-17,886.07
vestuario,2026-06-20,pix,1,1,838.16,0.0,2026-06-20,838.16
vestuario,2026-06-20,debito,1,1,917.89,0.012,2026-06-21,906.87
vestuario,2026-06-20,credito_vista,1,1,1640.59,0.025,2026-07-20,1599.57
vestuario,2026-06-20,credito_4x,1,4,955.95,0.035,2026-07-20,922.5
vestuario,2026-06-20,credito_4x,2,4,955.95,0.035,2026-08-19,922.5
vestuario,2026-06-20,credito_4x,3,4,955.95,0.035,2026-09-18,922.5
vestuario,2026-06-20,credito_4x,4,4,955.95,0.035,2026-10-18,922.5
vestuario,2026-06-21,pix,1,1,296.98,0.0,2026-06-21,296.98
vestuario,2026-06-21,debito,1,1,403.97,0.012,2026-06-22,399.12
vestuario,2026-06-21,credito_vista,1,1,483.35,0.025,2026-07-21,471.26
vestuario,2026-06-21,credito_4x,1,4,241.23,0.035,2026-07-21,232.78
vestuario,2026-06-21,credito_4x,2,4,241.23,0.035,2026-08-20,232.78
vestuario,2026-06-21,credito_4x,3,4,241.23,0.035,2026-09-19,232.78
vestuario,2026-06-21,credito_4x,4,4,241.23,0.035,2026-10-19,232.78
vestuario,2026-06-22,pix,1,1,331.28,0.0,2026-06-22,331.28
vestuario,2026-06-22,debito,1,1,649.07,0.012,2026-06-23,641.28
vestuario,2026-06-22,credito_vista,1,1,779.51,0.025,2026-07-22,760.02
vestuario,2026-06-22,credito_4x,1,4,528.25,0.035,2026-07-22,509.76
vestuario,2026-06-22,credito_4x,2,4,528.25,0.035,2026-08-21,509.76
vestuario,2026-06-22,credito_4x,3,4,528.25,0.035,2026-09-20,509.76
vestuario,2026-06-22,credito_4x,4,4,528.25,0.035,2026-10-20,509.76
vestuario,2026-06-23,pix,1,1,415.58,0.0,2026-06-23,415.58
vestuario,2026-06-23,debito,1,1,410.23,0.012,2026-06-24,405.31
vestuario,2026-06-23,credito_vista,1,1,638.12,0.025,2026-07-23,622.17
vestuario,2026-06-23,credito_4x,1,4,296.32,0.035,2026-07-23,285.95
vestuario,2026-06-23,credito_4x,2,4,296.32,0.035,2026-08-22,285.95
vestuario,2026-06-23,credito_4x,3,4,296.32,0.035,2026-09-21,285.95
vestuario,2026-06-23,credito_4x,4,4,296.32,0.035,2026-10-21,285.95
vestuario,2026-06-24,pix,1,1,291.37,0.0,2026-06-24,291.37
vestuario,2026-06-24,debito,1,1,376.94,0.012,2026-06-25,372.41
vestuario,2026-06-24,credito_vista,1,1,855.1,0.025,2026-07-24,833.73
vestuario,2026-06-24,credito_4x,1,4,358.96,0.035,2026-07-24,346.4
vestuario,2026-06-24,credito_4x,2,4,358.96,0.035,2026-08-23,346.4
vestuario,2026-06-24,credito_4x,3,4,358.96,0.035,2026-09-22,346.4
vestuario,2026-06-24,credito_4x,4,4,358.96,0.035,2026-10-22,346.4
vestuario,2026-06-25,pix,1,1,246.66,0.0,2026-06-25,246.66
vestuario,2026-06-25,debito,1,1,386.33,0.012,2026-06-26,381.7
vestuario,2026-06-25,credito_vista,1,1,618.86,0.025,2026-07-25,603.39
vestuario,2026-06-25,credito_4x,1,4,337.83,0.035,2026-07-25,326.0
vestuario,2026-06-25,credito_4x,2,4,337.83,0.035,2026-08-24,326.0
vestuario,2026-06-25,credito_4x,3,4,337.83,0.035,2026-09-23,326.0
vestuario,2026-06-25,credito_4x,4,4,337.83,0.035,2026-10-23,326.0
vestuario,2026-06-26,pix,1,1,528.17,0.0,2026-06-26,528.17
vestuario,2026-06-26,debito,1,1,394.83,0.012,2026-06-27,390.09
vestuario,2026-06-26,credito_vista,1,1,614.72,0.025,2026-07-26,599.35
vestuario,2026-06-26,credito_4x,1,4,339.86,0.035,2026-07-26,327.97
vestuario,2026-06-26,credito_4x,2,4,339.86,0.035,2026-08-25,327.97
vestuario,2026-06-26,credito_4x,3,4,339.86,0.035,2026-09-24,327.97
vestuario,2026-06-26,credito_4x,4,4,339.86,0.035,2026-10-24,327.97
vestuario,2026-06-27,pix,1,1,1033.6,0.0,2026-06-27,1033.6
vestuario,2026-06-27,debito,1,1,863.12,0.012,2026-06-28,852.76
vestuario,2026-06-27,credito_vista,1,1,1318.64,0.025,2026-07-27,1285.68
vestuario,2026-06-27,credito_4x,1,4,799.88,0.035,2026-07-27,771.88
vestuario,2026-06-27,credito_4x,2,4,799.88,0.035,2026-08-26,771.88
vestuario,2026-06-27,credito_4x,3,4,799.88,0.035,2026-09-25,771.88
vestuario,2026-06-27,credito_4x,4,4,799.88,0.035,2026-10-25,771.88
vestuario,2026-06-28,pix,1,1,243.25,0.0,2026-06-28,243.25
vestuario,2026-06-28,debito,1,1,286.0,0.012,2026-06-29,282.57
vestuario,2026-06-28,credito_vista,1,1,369.23,0.025,2026-07-28,360.0
vestuario,2026-06-28,credito_4x,1,4,183.37,0.035,2026-07-28,176.96
vestuario,2026-06-28,credito_4x,2,4,183.37,0.035,2026-08-27,176.96
vestuario,2026-06-28,credito_4x,3,4,183.37,0.035,2026-09-26,176.96
vestuario,2026-06-28,credito_4x,4,4,183.37,0.035,2026-10-26,176.96
vestuario,2026-06-29,pix,1,1,382.91,0.0,2026-06-29,382.91
vestuario,2026-06-29,debito,1,1,527.42,0.012,2026-06-30,521.09
vestuario,2026-06-29,credito_vista,1,1,573.82,0.025,2026-07-29,559.47
vestuario,2026-06-29,credito_4x,1,4,322.08,0.035,2026-07-29,310.81
vestuario,2026-06-29,credito_4x,2,4,322.08,0.035,2026-08-28,310.81
vestuario,2026-06-29,credito_4x,3,4,322.08,0.035,2026-09-27,310.81
vestuario,2026-06-29,credito_4x,4,4,322.08,0.035,2026-10-27,310.81
vestuario,2026-06-30,pix,1,1,246.68,0.0,2026-06-30,246.68
vestuario,2026-06-30,debito,1,1,224.8,0.012,2026-07-01,222.11
vestuario,2026-06-30,credito_vista,1,1,235.94,0.025,2026-07-30,230.04
vestuario,2026-06-30,credito_4x,1,4,133.8,0.035,2026-07-30,129.12
vestuario,2026-06-30,credito_4x,2,4,133.8,0.035,2026-08-29,129.12
vestuario,2026-06-30,credito_4x,3,4,133.8,0.035,2026-09-28,129.12
vestuario,2026-06-30,credito_4x,4,4,133.8,0.035,2026-10-28,129.12
vestuario,2026-07-01,pix,1,1,1134.78,0.0,2026-07-01,1134.78
vestuario,2026-07-01,debito,1,1,1106.68,0.012,2026-07-02,1093.4
vestuario,2026-07-01,credito_vista,1,1,1160.63,0.025,2026-07-31,1131.62
vestuario,2026-07-01,credito_4x,1,4,748.06,0.035,2026-07-31,721.88
vestuario,2026-07-01,credito_4x,2,4,748.06,0.035,2026-08-30,721.88
vestuario,2026-07-01,credito_4x,3,4,748.06,0.035,2026-09-29,721.88
vestuario,2026-07-01,credito_4x,4,4,748.06,0.035,2026-10-29,721.88
vestuario,2026-07-02,pix,1,1,503.86,0.0,2026-07-02,503.86
vestuario,2026-07-02,debito,1,1,641.95,0.012,2026-07-03,634.25
vestuario,2026-07-02,credito_vista,1,1,672.13,0.025,2026-08-01,655.33
vestuario,2026-07-02,credito_4x,1,4,438.75,0.035,2026-08-01,423.39
vestuario,2026-07-02,credito_4x,2,4,438.75,0.035,2026-08-31,423.39
vestuario,2026-07-02,credito_4x,3,4,438.75,0.035,2026-09-30,423.39
vestuario,2026-07-02,credito_4x,4,4,438.75,0.035,2026-10-30,423.39
vestuario,2026-07-03,pix,1,1,1290.22,0.0,2026-07-03,1290.22
vestuario,2026-07-03,debito,1,1,1430.75,0.012,2026-07-04,1413.58
vestuario,2026-07-03,credito_vista,1,1,1297.21,0.025,2026-08-02,1264.78
vestuario,2026-07-03,credito_4x,1,4,930.45,0.035,2026-08-02,897.89
vestuario,2026-07-03,credito_4x,2,4,930.45,0.035,2026-09-01,897.89
vestuario,2026-07-03,credito_4x,3,4,930.45,0.035,2026-10-01,897.89
vestuario,2026-07-03,credito_4x,4,4,930.45,0.035,2026-10-31,897.89
vestuario,2026-07-04,pix,1,1,543.27,0.0,2026-07-04,543.27
vestuario,2026-07-04,debito,1,1,1214.57,0.012,2026-07-05,1199.99
vestuario,2026-07-04,credito_vista,1,1,1095.19,0.025,2026-08-03,1067.81
vestuario,2026-07-04,credito_4x,1,4,496.47,0.035,2026-08-03,479.09
vestuario,2026-07-04,credito_4x,2,4,496.47,0.035,2026-09-02,479.09
vestuario,2026-07-04,credito_4x,3,4,496.47,0.035,2026-10-02,479.09
vestuario,2026-07-04,credito_4x,4,4,496.47,0.035,2026-11-01,479.09
vestuario,2026-07-05,pix,1,1,234.29,0.0,2026-07-05,234.29
vestuario,2026-07-05,debito,1,1,290.14,0.012,2026-07-06,286.65
vestuario,2026-07-05,credito_vista,1,1,427.47,0.025,2026-08-04,416.78
vestuario,2026-07-05,credito_4x,1,4,171.87,0.035,2026-08-04,165.85
vestuario,2026-07-05,credito_4x,2,4,171.87,0.035,2026-09-03,165.85
vestuario,2026-07-05,credito_4x,3,4,171.87,0.035,2026-10-03,165.85
vestuario,2026-07-05,credito_4x,4,4,171.87,0.035,2026-11-02,165.85
vestuario,2026-07-06,pix,1,1,292.98,0.0,2026-07-06,292.98
vestuario,2026-07-06,debito,1,1,260.44,0.012,2026-07-07,257.32
vestuario,2026-07-06,credito_vista,1,1,450.61,0.025,2026-08-05,439.35
vestuario,2026-07-06,credito_4x,1,4,205.79,0.035,2026-08-05,198.59
vestuario,2026-07-06,credito_4x,2,4,205.79,0.035,2026-09-04,198.59
vestuario,2026-07-06,credito_4x,3,4,205.79,0.035,2026-10-04,198.59
vestuario,2026-07-06,credito_4x,4,4,205.79,0.035,2026-11-03,198.59
vestuario,2026-07-07,pix,1,1,539.46,0.0,2026-07-07,539.46
vestuario,2026-07-07,debito,1,1,779.59,0.012,2026-07-08,770.24
vestuario,2026-07-07,credito_vista,1,1,963.31,0.025,2026-08-06,939.22
vestuario,2026-07-07,credito_4x,1,4,445.25,0.035,2026-08-06,429.66
vestuario,2026-07-07,credito_4x,2,4,445.25,0.035,2026-09-05,429.66
vestuario,2026-07-07,credito_4x,3,4,445.25,0.035,2026-10-05,429.66
vestuario,2026-07-07,credito_4x,4,4,445.25,0.035,2026-11-04,429.66
vestuario,2026-07-08,pix,1,1,352.06,0.0,2026-07-08,352.06
vestuario,2026-07-08,debito,1,1,594.38,0.012,2026-07-09,587.24
vestuario,2026-07-08,credito_vista,1,1,789.25,0.025,2026-08-07,769.52
vestuario,2026-07-08,credito_4x,1,4,320.25,0.035,2026-08-07,309.04
vestuario,2026-07-08,credito_4x,2,4,320.25,0.035,2026-09-06,309.04
vestuario,2026-07-08,credito_4x,3,4,320.25,0.035,2026-10-06,309.04
vestuario,2026-07-08,credito_4x,4,4,320.25,0.035,2026-11-05,309.04
vestuario,2026-07-09,pix,1,1,560.76,0.0,2026-07-09,560.76
vestuario,2026-07-09,debito,1,1,500.15,0.012,2026-07-10,494.15
vestuario,2026-07-09,credito_vista,1,1,684.14,0.025,2026-08-08,667.03
vestuario,2026-07-09,credito_4x,1,4,407.8,0.035,2026-08-08,393.53
vestuario,2026-07-09,credito_4x,2,4,407.8,0.035,2026-09-07,393.53
vestuario,2026-07-09,credito_4x,3,4,407.8,0.035,2026-10-07,393.53
vestuario,2026-07-09,credito_4x,4,4,407.8,0.035,2026-11-06,393.53
vestuario,2026-07-10,pix,1,1,476.32,0.0,2026-07-10,476.32
vestuario,2026-07-10,debito,1,1,651.71,0.012,2026-07-11,643.89
vestuario,2026-07-10,credito_vista,1,1,999.47,0.025,2026-08-09,974.48
vestuario,2026-07-10,credito_4x,1,4,392.78,0.035,2026-08-09,379.03
vestuario,2026-07-10,credito_4x,2,4,392.78,0.035,2026-09-08,379.03
vestuario,2026-07-10,credito_4x,3,4,392.78,0.035,2026-10-08,379.03
vestuario,2026-07-10,credito_4x,4,4,392.78,0.035,2026-11-07,379.03
vestuario,2026-07-11,pix,1,1,774.63,0.0,2026-07-11,774.63
vestuario,2026-07-11,debito,1,1,1031.34,0.012,2026-07-12,1018.97
vestuario,2026-07-11,credito_vista,1,1,1754.08,0.025,2026-08-10,1710.23
vestuario,2026-07-11,credito_4x,1,4,861.11,0.035,2026-08-10,830.97
vestuario,2026-07-11,credito_4x,2,4,861.11,0.035,2026-09-09,830.97
vestuario,2026-07-11,credito_4x,3,4,861.11,0.035,2026-10-09,830.97
vestuario,2026-07-11,credito_4x,4,4,861.11,0.035,2026-11-08,830.97
vestuario,2026-07-12,pix,1,1,317.06,0.0,2026-07-12,317.06
vestuario,2026-07-12,debito,1,1,371.29,0.012,2026-07-13,366.84
vestuario,2026-07-12,credito_vista,1,1,394.6,0.025,2026-08-11,384.73
vestuario,2026-07-12,credito_4x,1,4,215.22,0.035,2026-08-11,207.69
vestuario,2026-07-12,credito_4x,2,4,215.22,0.035,2026-09-10,207.69
vestuario,2026-07-12,credito_4x,3,4,215.22,0.035,2026-10-10,207.69
vestuario,2026-07-12,credito_4x,4,4,215.22,0.035,2026-11-09,207.69
vestuario,2026-07-13,pix,1,1,305.89,0.0,2026-07-13,305.89
vestuario,2026-07-13,debito,1,1,756.46,0.012,2026-07-14,747.38
vestuario,2026-07-13,credito_vista,1,1,770.21,0.025,2026-08-12,750.96
vestuario,2026-07-13,credito_4x,1,4,585.69,0.035,2026-08-12,565.19
vestuario,2026-07-13,credito_4x,2,4,585.69,0.035,2026-09-11,565.19
vestuario,2026-07-13,credito_4x,3,4,585.69,0.035,2026-10-11,565.19
vestuario,2026-07-13,credito_4x,4,4,585.69,0.035,2026-11-10,565.19
vestuario,2026-07-14,pix,1,1,321.3,0.0,2026-07-14,321.3
vestuario,2026-07-14,debito,1,1,357.75,0.012,2026-07-15,353.45
vestuario,2026-07-14,credito_vista,1,1,748.82,0.025,2026-08-13,730.1
vestuario,2026-07-14,credito_4x,1,4,315.75,0.035,2026-08-13,304.7
vestuario,2026-07-14,credito_4x,2,4,315.75,0.035,2026-09-12,304.7
vestuario,2026-07-14,credito_4x,3,4,315.75,0.035,2026-10-12,304.7
vestuario,2026-07-14,credito_4x,4,4,315.75,0.035,2026-11-11,304.7
vestuario,2026-07-15,pix,1,1,513.5,0.0,2026-07-15,513.5
vestuario,2026-07-15,debito,1,1,557.67,0.012,2026-07-16,550.97
vestuario,2026-07-15,credito_vista,1,1,963.0,0.025,2026-08-14,938.92
vestuario,2026-07-15,credito_4x,1,4,369.87,0.035,2026-08-14,356.93
vestuario,2026-07-15,credito_4x,2,4,369.87,0.035,2026-09-13,356.93
vestuario,2026-07-15,credito_4x,3,4,369.87,0.035,2026-10-13,356.93
vestuario,2026-07-15,credito_4x,4,4,369.87,0.035,2026-11-12,356.93
vestuario,2026-07-16,pix,1,1,334.01,0.0,2026-07-16,334.01
vestuario,2026-07-16,debito,1,1,344.68,0.012,2026-07-17,340.55
vestuario,2026-07-16,credito_vista,1,1,771.07,0.025,2026-08-15,751.8
vestuario,2026-07-16,credito_4x,1,4,304.0,0.035,2026-08-15,293.36
vestuario,2026-07-16,credito_4x,2,4,304.0,0.035,2026-09-14,293.36
vestuario,2026-07-16,credito_4x,3,4,304.0,0.035,2026-10-14,293.36
vestuario,2026-07-16,credito_4x,4,4,304.0,0.035,2026-11-13,293.36
vestuario,2026-07-17,pix,1,1,526.31,0.0,2026-07-17,526.31
vestuario,2026-07-17,debito,1,1,745.4,0.012,2026-07-18,736.46
vestuario,2026-07-17,credito_vista,1,1,1013.37,0.025,2026-08-16,988.04
vestuario,2026-07-17,credito_4x,1,4,461.9,0.035,2026-08-16,445.73
vestuario,2026-07-17,credito_4x,2,4,461.9,0.035,2026-09-15,445.73
vestuario,2026-07-17,credito_4x,3,4,461.9,0.035,2026-10-15,445.73
vestuario,2026-07-17,credito_4x,4,4,461.9,0.035,2026-11-14,445.73
vestuario,2026-07-18,pix,1,1,638.94,0.0,2026-07-18,638.94
vestuario,2026-07-18,debito,1,1,1099.81,0.012,2026-07-19,1086.62
vestuario,2026-07-18,credito_vista,1,1,1203.6,0.025,2026-08-17,1173.51
vestuario,2026-07-18,credito_4x,1,4,580.64,0.035,2026-08-17,560.32
vestuario,2026-07-18,credito_4x,2,4,580.64,0.035,2026-09-16,560.32
vestuario,2026-07-18,credito_4x,3,4,580.64,0.035,2026-10-16,560.32
vestuario,2026-07-18,credito_4x,4,4,580.64,0.035,2026-11-15,560.32
vestuario,2026-07-19,pix,1,1,287.67,0.0,2026-07-19,287.67
vestuario,2026-07-19,debito,1,1,327.3,0.012,2026-07-20,323.37
vestuario,2026-07-19,credito_vista,1,1,287.05,0.025,2026-08-18,279.88
vestuario,2026-07-19,credito_4x,1,4,234.67,0.035,2026-08-18,226.46
vestuario,2026-07-19,credito_4x,2,4,234.67,0.035,2026-09-17,226.46
vestuario,2026-07-19,credito_4x,3,4,234.67,0.035,2026-10-17,226.46
vestuario,2026-07-19,credito_4x,4,4,234.67,0.035,2026-11-16,226.46
vestuario,2026-07-20,pix,1,1,394.39,0.0,2026-07-20,394.39
vestuario,2026-07-20,debito,1,1,779.62,0.012,2026-07-21,770.27
vestuario,2026-07-20,credito_vista,1,1,586.12,0.025,2026-08-19,571.46
vestuario,2026-07-20,credito_4x,1,4,467.47,0.035,2026-08-19,451.11
vestuario,2026-07-20,credito_4x,2,4,467.47,0.035,2026-09-18,451.11
vestuario,2026-07-20,credito_4x,3,4,467.47,0.035,2026-10-18,451.11
vestuario,2026-07-20,credito_4x,4,4,467.47,0.035,2026-11-17,451.11
vestuario,2026-07-21,pix,1,1,374.98,0.0,2026-07-21,374.98
vestuario,2026-07-21,debito,1,1,729.42,0.012,2026-07-22,720.67
vestuario,2026-07-21,credito_vista,1,1,936.11,0.025,2026-08-20,912.71
vestuario,2026-07-21,credito_4x,1,4,448.73,0.035,2026-08-20,433.03
vestuario,2026-07-21,credito_4x,2,4,448.73,0.035,2026-09-19,433.03
vestuario,2026-07-21,credito_4x,3,4,448.73,0.035,2026-10-19,433.03
vestuario,2026-07-21,credito_4x,4,4,448.73,0.035,2026-11-18,433.03
vestuario,2026-07-22,pix,1,1,345.2,0.0,2026-07-22,345.2
vestuario,2026-07-22,debito,1,1,388.17,0.012,2026-07-23,383.51
vestuario,2026-07-22,credito_vista,1,1,681.1,0.025,2026-08-21,664.08
vestuario,2026-07-22,credito_4x,1,4,324.75,0.035,2026-08-21,313.38
vestuario,2026-07-22,credito_4x,2,4,324.75,0.035,2026-09-20,313.38
vestuario,2026-07-22,credito_4x,3,4,324.75,0.035,2026-10-20,313.38
vestuario,2026-07-22,credito_4x,4,4,324.75,0.035,2026-11-19,313.38
vestuario,2026-07-23,pix,1,1,470.7,0.0,2026-07-23,470.7
vestuario,2026-07-23,debito,1,1,853.68,0.012,2026-07-24,843.43
vestuario,2026-07-23,credito_vista,1,1,1046.13,0.025,2026-08-22,1019.98
vestuario,2026-07-23,credito_4x,1,4,534.94,0.035,2026-08-22,516.22
vestuario,2026-07-23,credito_4x,2,4,534.94,0.035,2026-09-21,516.22
vestuario,2026-07-23,credito_4x,3,4,534.94,0.035,2026-10-21,516.22
vestuario,2026-07-23,credito_4x,4,4,534.94,0.035,2026-11-20,516.22
vestuario,2026-07-24,pix,1,1,310.05,0.0,2026-07-24,310.05
vestuario,2026-07-24,debito,1,1,733.4,0.012,2026-07-25,724.6
vestuario,2026-07-24,credito_vista,1,1,1123.03,0.025,2026-08-23,1094.96
vestuario,2026-07-24,credito_4x,1,4,556.05,0.035,2026-08-23,536.59
vestuario,2026-07-24,credito_4x,2,4,556.05,0.035,2026-09-22,536.59
vestuario,2026-07-24,credito_4x,3,4,556.05,0.035,2026-10-22,536.59
vestuario,2026-07-24,credito_4x,4,4,556.05,0.035,2026-11-21,536.59
vestuario,2026-07-25,pix,1,1,631.19,0.0,2026-07-25,631.19
vestuario,2026-07-25,debito,1,1,820.07,0.012,2026-07-26,810.23
vestuario,2026-07-25,credito_vista,1,1,1133.49,0.025,2026-08-24,1105.15
vestuario,2026-07-25,credito_4x,1,4,478.16,0.035,2026-08-24,461.42
vestuario,2026-07-25,credito_4x,2,4,478.16,0.035,2026-09-23,461.42
vestuario,2026-07-25,credito_4x,3,4,478.16,0.035,2026-10-23,461.42
vestuario,2026-07-25,credito_4x,4,4,478.16,0.035,2026-11-22,461.42
vestuario,2026-07-26,pix,1,1,127.78,0.0,2026-07-26,127.78
vestuario,2026-07-26,debito,1,1,305.43,0.012,2026-07-27,301.77
vestuario,2026-07-26,credito_vista,1,1,232.77,0.025,2026-08-25,226.95
vestuario,2026-07-26,credito_4x,1,4,120.71,0.035,2026-08-25,116.49
vestuario,2026-07-26,credito_4x,2,4,120.71,0.035,2026-09-24,116.49
vestuario,2026-07-26,credito_4x,3,4,120.71,0.035,2026-10-24,116.49
vestuario,2026-07-26,credito_4x,4,4,120.71,0.035,2026-11-23,116.49
vestuario,2026-07-27,pix,1,1,253.39,0.0,2026-07-27,253.39
vestuario,2026-07-27,debito,1,1,381.97,0.012,2026-07-28,377.38
vestuario,2026-07-27,credito_vista,1,1,543.43,0.025,2026-08-26,529.84
vestuario,2026-07-27,credito_4x,1,4,235.21,0.035,2026-08-26,226.98
vestuario,2026-07-27,credito_4x,2,4,235.21,0.035,2026-09-25,226.98
vestuario,2026-07-27,credito_4x,3,4,235.21,0.035,2026-10-25,226.98
vestuario,2026-07-27,credito_4x,4,4,235.21,0.035,2026-11-24,226.98
vestuario,2026-07-28,pix,1,1,469.95,0.0,2026-07-28,469.95
vestuario,2026-07-28,debito,1,1,717.65,0.012,2026-07-29,709.04
vestuario,2026-07-28,credito_vista,1,1,795.04,0.025,2026-08-27,775.16
vestuario,2026-07-28,credito_4x,1,4,391.84,0.035,2026-08-27,378.13
vestuario,2026-07-28,credito_4x,2,4,391.84,0.035,2026-09-26,378.13
vestuario,2026-07-28,credito_4x,3,4,391.84,0.035,2026-10-26,378.13
vestuario,2026-07-28,credito_4x,4,4,391.84,0.035,2026-11-25,378.13
vestuario,2026-07-29,pix,1,1,265.0,0.0,2026-07-29,265.0
vestuario,2026-07-29,debito,1,1,633.68,0.012,2026-07-30,626.08
vestuario,2026-07-29,credito_vista,1,1,693.12,0.025,2026-08-28,675.79
vestuario,2026-07-29,credito_4x,1,4,326.69,0.035,2026-08-28,315.26
vestuario,2026-07-29,credito_4x,2,4,326.69,0.035,2026-09-27,315.26
vestuario,2026-07-29,credito_4x,3,4,326.69,0.035,2026-10-27,315.26
vestuario,2026-07-29,credito_4x,4,4,326.69,0.035,2026-11-26,315.26
vestuario,2026-07-30,pix,1,1,473.18,0.0,2026-07-30,473.18
vestuario,2026-07-30,debito,1,1,674.38,0.012,2026-07-31,666.29
vestuario,2026-07-30,credito_vista,1,1,634.19,0.025,2026-08-29,618.34
vestuario,2026-07-30,credito_4x,1,4,337.03,0.035,2026-08-29,325.24
vestuario,2026-07-30,credito_4x,2,4,337.03,0.035,2026-09-28,325.24
vestuario,2026-07-30,credito_4x,3,4,337.03,0.035,2026-10-28,325.24
vestuario,2026-07-30,credito_4x,4,4,337.03,0.035,2026-11-27,325.24
vestuario,2026-07-31,pix,1,1,564.3,0.0,2026-07-31,564.3
vestuario,2026-07-31,debito,1,1,383.0,0.012,2026-08-01,378.4
vestuario,2026-07-31,credito_vista,1,1,821.37,0.025,2026-08-30,800.84
vestuario,2026-07-31,credito_4x,1,4,409.18,0.035,2026-08-30,394.86
vestuario,2026-07-31,credito_4x,2,4,409.18,0.035,2026-09-29,394.86
vestuario,2026-07-31,credito_4x,3,4,409.18,0.035,2026-10-29,394.86
vestuario,2026-07-31,credito_4x,4,4,409.18,0.035,2026-11-28,394.86
vestuario,2026-08-01,pix,1,1,1687.63,0.0,2026-08-01,1687.63
vestuario,2026-08-01,debito,1,1,2092.74,0.012,2026-08-02,2067.62
vestuario,2026-08-01,credito_vista,1,1,2508.65,0.025,2026-08-31,2445.93
vestuario,2026-08-01,credito_4x,1,4,1091.86,0.035,2026-08-31,1053.64
vestuario,2026-08-01,credito_4x,2,4,1091.86,0.035,2026-09-30,1053.64
vestuario,2026-08-01,credito_4x,3,4,1091.86,0.035,2026-10-30,1053.64
vestuario,2026-08-01,credito_4x,4,4,1091.86,0.035,2026-11-29,1053.64
vestuario,2026-08-02,pix,1,1,379.07,0.0,2026-08-02,379.07
vestuario,2026-08-02,debito,1,1,477.69,0.012,2026-08-03,471.96
vestuario,2026-08-02,credito_vista,1,1,463.61,0.025,2026-09-01,452.02
vestuario,2026-08-02,credito_4x,1,4,296.4,0.035,2026-09-01,286.02
vestuario,2026-08-02,credito_4x,2,4,296.4,0.035,2026-10-01,286.02
vestuario,2026-08-02,credito_4x,3,4,296.4,0.035,2026-10-31,286.02
vestuario,2026-08-02,credito_4x,4,4,296.4,0.035,2026-11-30,286.02
vestuario,2026-08-03,pix,1,1,307.65,0.0,2026-08-03,307.65
vestuario,2026-08-03,debito,1,1,546.72,0.012,2026-08-04,540.16
vestuario,2026-08-03,credito_vista,1,1,1027.03,0.025,2026-09-02,1001.36
vestuario,2026-08-03,credito_4x,1,4,329.06,0.035,2026-09-02,317.54
vestuario,2026-08-03,credito_4x,2,4,329.06,0.035,2026-10-02,317.54
vestuario,2026-08-03,credito_4x,3,4,329.06,0.035,2026-11-01,317.54
vestuario,2026-08-03,credito_4x,4,4,329.06,0.035,2026-12-01,317.54
vestuario,2026-08-04,pix,1,1,354.7,0.0,2026-08-04,354.7
vestuario,2026-08-04,debito,1,1,555.43,0.012,2026-08-05,548.77
vestuario,2026-08-04,credito_vista,1,1,845.48,0.025,2026-09-03,824.34
vestuario,2026-08-04,credito_4x,1,4,509.09,0.035,2026-09-03,491.27
vestuario,2026-08-04,credito_4x,2,4,509.09,0.035,2026-10-03,491.27
vestuario,2026-08-04,credito_4x,3,4,509.09,0.035,2026-11-02,491.27
vestuario,2026-08-04,credito_4x,4,4,509.09,0.035,2026-12-02,491.27
vestuario,2026-08-05,pix,1,1,598.73,0.0,2026-08-05,598.73
vestuario,2026-08-05,debito,1,1,622.87,0.012,2026-08-06,615.4
vestuario,2026-08-05,credito_vista,1,1,1136.08,0.025,2026-09-04,1107.68
vestuario,2026-08-05,credito_4x,1,4,427.48,0.035,2026-09-04,412.52
vestuario,2026-08-05,credito_4x,2,4,427.48,0.035,2026-10-04,412.52
vestuario,2026-08-05,credito_4x,3,4,427.48,0.035,2026-11-03,412.52
vestuario,2026-08-05,credito_4x,4,4,427.48,0.035,2026-12-03,412.52
vestuario,2026-08-06,pix,1,1,463.52,0.0,2026-08-06,463.52
vestuario,2026-08-06,debito,1,1,782.19,0.012,2026-08-07,772.8
vestuario,2026-08-06,credito_vista,1,1,1305.9,0.025,2026-09-05,1273.26
vestuario,2026-08-06,credito_4x,1,4,584.98,0.035,2026-09-05,564.5
vestuario,2026-08-06,credito_4x,2,4,584.98,0.035,2026-10-05,564.5
vestuario,2026-08-06,credito_4x,3,4,584.98,0.035,2026-11-04,564.5
vestuario,2026-08-06,credito_4x,4,4,584.98,0.035,2026-12-04,564.5
vestuario,2026-08-07,pix,1,1,638.38,0.0,2026-08-07,638.38
vestuario,2026-08-07,debito,1,1,653.98,0.012,2026-08-08,646.13
vestuario,2026-08-07,credito_vista,1,1,968.77,0.025,2026-09-06,944.55
vestuario,2026-08-07,credito_4x,1,4,636.28,0.035,2026-09-06,614.01
vestuario,2026-08-07,credito_4x,2,4,636.28,0.035,2026-10-06,614.01
vestuario,2026-08-07,credito_4x,3,4,636.28,0.035,2026-11-05,614.01
vestuario,2026-08-07,credito_4x,4,4,636.28,0.035,2026-12-05,614.01
vestuario,2026-08-08,pix,1,1,1062.69,0.0,2026-08-08,1062.69
vestuario,2026-08-08,debito,1,1,1560.46,0.012,2026-08-09,1541.73
vestuario,2026-08-08,credito_vista,1,1,1660.2,0.025,2026-09-07,1618.7
vestuario,2026-08-08,credito_4x,1,4,1004.78,0.035,2026-09-07,969.61
vestuario,2026-08-08,credito_4x,2,4,1004.78,0.035,2026-10-07,969.61
vestuario,2026-08-08,credito_4x,3,4,1004.78,0.035,2026-11-06,969.61
vestuario,2026-08-08,credito_4x,4,4,1004.78,0.035,2026-12-06,969.61
vestuario,2026-08-09,pix,1,1,291.83,0.0,2026-08-09,291.83
vestuario,2026-08-09,debito,1,1,544.01,0.012,2026-08-10,537.48
vestuario,2026-08-09,credito_vista,1,1,759.77,0.025,2026-09-08,740.77
vestuario,2026-08-09,credito_4x,1,4,303.02,0.035,2026-09-08,292.41
vestuario,2026-08-09,credito_4x,2,4,303.02,0.035,2026-10-08,292.41
vestuario,2026-08-09,credito_4x,3,4,303.02,0.035,2026-11-07,292.41
vestuario,2026-08-09,credito_4x,4,4,303.02,0.035,2026-12-07,292.41
vestuario,2026-08-10,pix,1,1,192.22,0.0,2026-08-10,192.22
vestuario,2026-08-10,debito,1,1,740.3,0.012,2026-08-11,731.41
vestuario,2026-08-10,credito_vista,1,1,650.88,0.025,2026-09-09,634.6
vestuario,2026-08-10,credito_4x,1,4,276.07,0.035,2026-09-09,266.41
vestuario,2026-08-10,credito_4x,2,4,276.07,0.035,2026-10-09,266.41
vestuario,2026-08-10,credito_4x,3,4,276.07,0.035,2026-11-08,266.41
vestuario,2026-08-10,credito_4x,4,4,276.07,0.035,2026-12-08,266.41
vestuario,2026-08-11,pix,1,1,336.16,0.0,2026-08-11,336.16
vestuario,2026-08-11,debito,1,1,355.81,0.012,2026-08-12,351.54
vestuario,2026-08-11,credito_vista,1,1,474.87,0.025,2026-09-10,463.0
vestuario,2026-08-11,credito_4x,1,4,347.56,0.035,2026-09-10,335.4
vestuario,2026-08-11,credito_4x,2,4,347.56,0.035,2026-10-10,335.4
vestuario,2026-08-11,credito_4x,3,4,347.56,0.035,2026-11-09,335.4
vestuario,2026-08-11,credito_4x,4,4,347.56,0.035,2026-12-09,335.4
vestuario,2026-08-12,pix,1,1,403.86,0.0,2026-08-12,403.86
vestuario,2026-08-12,debito,1,1,573.03,0.012,2026-08-13,566.15
vestuario,2026-08-12,credito_vista,1,1,620.71,0.025,2026-09-11,605.19
vestuario,2026-08-12,credito_4x,1,4,404.66,0.035,2026-09-11,390.5
vestuario,2026-08-12,credito_4x,2,4,404.66,0.035,2026-10-11,390.5
vestuario,2026-08-12,credito_4x,3,4,404.66,0.035,2026-11-10,390.5
vestuario,2026-08-12,credito_4x,4,4,404.66,0.035,2026-12-10,390.5
vestuario,2026-08-13,pix,1,1,471.23,0.0,2026-08-13,471.23
vestuario,2026-08-13,debito,1,1,564.38,0.012,2026-08-14,557.61
vestuario,2026-08-13,credito_vista,1,1,1119.0,0.025,2026-09-12,1091.03
vestuario,2026-08-13,credito_4x,1,4,364.31,0.035,2026-09-12,351.56
vestuario,2026-08-13,credito_4x,2,4,364.31,0.035,2026-10-12,351.56
vestuario,2026-08-13,credito_4x,3,4,364.31,0.035,2026-11-11,351.56
vestuario,2026-08-13,credito_4x,4,4,364.31,0.035,2026-12-11,351.56
vestuario,2026-08-14,pix,1,1,628.67,0.0,2026-08-14,628.67
vestuario,2026-08-14,debito,1,1,1048.3,0.012,2026-08-15,1035.72
vestuario,2026-08-14,credito_vista,1,1,1959.84,0.025,2026-09-13,1910.84
vestuario,2026-08-14,credito_4x,1,4,815.41,0.035,2026-09-13,786.87
vestuario,2026-08-14,credito_4x,2,4,815.41,0.035,2026-10-13,786.87
vestuario,2026-08-14,credito_4x,3,4,815.41,0.035,2026-11-12,786.87
vestuario,2026-08-14,credito_4x,4,4,815.41,0.035,2026-12-12,786.87
vestuario,2026-08-15,pix,1,1,999.81,0.0,2026-08-15,999.81
vestuario,2026-08-15,debito,1,1,1346.44,0.012,2026-08-16,1330.29
vestuario,2026-08-15,credito_vista,1,1,1764.09,0.025,2026-09-14,1719.99
vestuario,2026-08-15,credito_4x,1,4,920.33,0.035,2026-09-14,888.12
vestuario,2026-08-15,credito_4x,2,4,920.33,0.035,2026-10-14,888.12
vestuario,2026-08-15,credito_4x,3,4,920.33,0.035,2026-11-13,888.12
vestuario,2026-08-15,credito_4x,4,4,920.33,0.035,2026-12-13,888.12
vestuario,2026-08-16,pix,1,1,244.31,0.0,2026-08-16,244.31
vestuario,2026-08-16,debito,1,1,359.45,0.012,2026-08-17,355.14
vestuario,2026-08-16,credito_vista,1,1,518.73,0.025,2026-09-15,505.76
vestuario,2026-08-16,credito_4x,1,4,261.2,0.035,2026-09-15,252.06
vestuario,2026-08-16,credito_4x,2,4,261.2,0.035,2026-10-15,252.06
vestuario,2026-08-16,credito_4x,3,4,261.2,0.035,2026-11-14,252.06
vestuario,2026-08-16,credito_4x,4,4,261.2,0.035,2026-12-14,252.06
vestuario,2026-08-17,pix,1,1,369.82,0.0,2026-08-17,369.82
vestuario,2026-08-17,debito,1,1,763.72,0.012,2026-08-18,754.56
vestuario,2026-08-17,credito_vista,1,1,616.4,0.025,2026-09-16,600.99
vestuario,2026-08-17,credito_4x,1,4,313.19,0.035,2026-09-16,302.23
vestuario,2026-08-17,credito_4x,2,4,313.19,0.035,2026-10-16,302.23
vestuario,2026-08-17,credito_4x,3,4,313.19,0.035,2026-11-15,302.23
vestuario,2026-08-17,credito_4x,4,4,313.19,0.035,2026-12-15,302.23
vestuario,2026-08-18,pix,1,1,441.17,0.0,2026-08-18,441.17
vestuario,2026-08-18,debito,1,1,716.43,0.012,2026-08-19,707.83
vestuario,2026-08-18,credito_vista,1,1,707.74,0.025,2026-09-17,690.05
vestuario,2026-08-18,credito_4x,1,4,326.67,0.035,2026-09-17,315.24
vestuario,2026-08-18,credito_4x,2,4,326.67,0.035,2026-10-17,315.24
vestuario,2026-08-18,credito_4x,3,4,326.67,0.035,2026-11-16,315.24
vestuario,2026-08-18,credito_4x,4,4,326.67,0.035,2026-12-16,315.24
vestuario,2026-08-19,pix,1,1,312.1,0.0,2026-08-19,312.1
vestuario,2026-08-19,debito,1,1,443.48,0.012,2026-08-20,438.16
vestuario,2026-08-19,credito_vista,1,1,551.22,0.025,2026-09-18,537.44
vestuario,2026-08-19,credito_4x,1,4,282.83,0.035,2026-09-18,272.93
vestuario,2026-08-19,credito_4x,2,4,282.83,0.035,2026-10-18,272.93
vestuario,2026-08-19,credito_4x,3,4,282.83,0.035,2026-11-17,272.93
vestuario,2026-08-19,credito_4x,4,4,282.83,0.035,2026-12-17,272.93
vestuario,2026-08-20,pix,1,1,975.22,0.0,2026-08-20,975.22
vestuario,2026-08-20,debito,1,1,823.0,0.012,2026-08-21,813.12
vestuario,2026-08-20,credito_vista,1,1,716.72,0.025,2026-09-19,698.8
vestuario,2026-08-20,credito_4x,1,4,536.74,0.035,2026-09-19,517.95
vestuario,2026-08-20,credito_4x,2,4,536.74,0.035,2026-10-19,517.95
vestuario,2026-08-20,credito_4x,3,4,536.74,0.035,2026-11-18,517.95
vestuario,2026-08-20,credito_4x,4,4,536.74,0.035,2026-12-18,517.95
vestuario,2026-08-21,pix,1,1,454.2,0.0,2026-08-21,454.2
vestuario,2026-08-21,debito,1,1,1033.51,0.012,2026-08-22,1021.1
vestuario,2026-08-21,credito_vista,1,1,1006.58,0.025,2026-09-20,981.41
vestuario,2026-08-21,credito_4x,1,4,697.9,0.035,2026-09-20,673.47
vestuario,2026-08-21,credito_4x,2,4,697.9,0.035,2026-10-20,673.47
vestuario,2026-08-21,credito_4x,3,4,697.9,0.035,2026-11-19,673.47
vestuario,2026-08-21,credito_4x,4,4,697.9,0.035,2026-12-19,673.47
vestuario,2026-08-22,pix,1,1,799.53,0.0,2026-08-22,799.53
vestuario,2026-08-22,debito,1,1,2005.76,0.012,2026-08-23,1981.69
vestuario,2026-08-22,credito_vista,1,1,1538.97,0.025,2026-09-21,1500.49
vestuario,2026-08-22,credito_4x,1,4,952.82,0.035,2026-09-21,919.47
vestuario,2026-08-22,credito_4x,2,4,952.82,0.035,2026-10-21,919.47
vestuario,2026-08-22,credito_4x,3,4,952.82,0.035,2026-11-20,919.47
vestuario,2026-08-22,credito_4x,4,4,952.82,0.035,2026-12-20,919.47
vestuario,2026-08-23,pix,1,1,123.96,0.0,2026-08-23,123.96
vestuario,2026-08-23,debito,1,1,347.78,0.012,2026-08-24,343.61
vestuario,2026-08-23,credito_vista,1,1,320.39,0.025,2026-09-22,312.38
vestuario,2026-08-23,credito_4x,1,4,227.97,0.035,2026-09-22,220.0
vestuario,2026-08-23,credito_4x,2,4,227.97,0.035,2026-10-22,220.0
vestuario,2026-08-23,credito_4x,3,4,227.97,0.035,2026-11-21,220.0
vestuario,2026-08-23,credito_4x,4,4,227.97,0.035,2026-12-21,220.0
vestuario,2026-08-24,pix,1,1,483.13,0.0,2026-08-24,483.13
vestuario,2026-08-24,debito,1,1,497.78,0.012,2026-08-25,491.81
vestuario,2026-08-24,credito_vista,1,1,556.75,0.025,2026-09-23,542.83
vestuario,2026-08-24,credito_4x,1,4,384.58,0.035,2026-09-23,371.12
vestuario,2026-08-24,credito_4x,2,4,384.58,0.035,2026-10-23,371.12
vestuario,2026-08-24,credito_4x,3,4,384.58,0.035,2026-11-22,371.12
vestuario,2026-08-24,credito_4x,4,4,384.58,0.035,2026-12-22,371.12
vestuario,2026-08-25,pix,1,1,426.2,0.0,2026-08-25,426.2
vestuario,2026-08-25,debito,1,1,500.4,0.012,2026-08-26,494.39
vestuario,2026-08-25,credito_vista,1,1,736.38,0.025,2026-09-24,717.97
vestuario,2026-08-25,credito_4x,1,4,301.31,0.035,2026-09-24,290.76
vestuario,2026-08-25,credito_4x,2,4,301.31,0.035,2026-10-24,290.76
vestuario,2026-08-25,credito_4x,3,4,301.31,0.035,2026-11-23,290.76
vestuario,2026-08-25,credito_4x,4,4,301.31,0.035,2026-12-23,290.76
vestuario,2026-08-26,pix,1,1,462.62,0.0,2026-08-26,462.62
vestuario,2026-08-26,debito,1,1,660.25,0.012,2026-08-27,652.33
vestuario,2026-08-26,credito_vista,1,1,576.22,0.025,2026-09-25,561.81
vestuario,2026-08-26,credito_4x,1,4,450.23,0.035,2026-09-25,434.48
vestuario,2026-08-26,credito_4x,2,4,450.23,0.035,2026-10-25,434.48
vestuario,2026-08-26,credito_4x,3,4,450.23,0.035,2026-11-24,434.48
vestuario,2026-08-26,credito_4x,4,4,450.23,0.035,2026-12-24,434.48
vestuario,2026-08-27,pix,1,1,338.55,0.0,2026-08-27,338.55
vestuario,2026-08-27,debito,1,1,399.32,0.012,2026-08-28,394.53
vestuario,2026-08-27,credito_vista,1,1,385.31,0.025,2026-09-26,375.68
vestuario,2026-08-27,credito_4x,1,4,268.8,0.035,2026-09-26,259.4
vestuario,2026-08-27,credito_4x,2,4,268.8,0.035,2026-10-26,259.4
vestuario,2026-08-27,credito_4x,3,4,268.8,0.035,2026-11-25,259.4
vestuario,2026-08-27,credito_4x,4,4,268.8,0.035,2026-12-25,259.4
vestuario,2026-08-28,pix,1,1,559.76,0.0,2026-08-28,559.76
vestuario,2026-08-28,debito,1,1,889.14,0.012,2026-08-29,878.47
vestuario,2026-08-28,credito_vista,1,1,1200.72,0.025,2026-09-27,1170.71
vestuario,2026-08-28,credito_4x,1,4,469.73,0.035,2026-09-27,453.29
vestuario,2026-08-28,credito_4x,2,4,469.73,0.035,2026-10-27,453.29
vestuario,2026-08-28,credito_4x,3,4,469.73,0.035,2026-11-26,453.29
vestuario,2026-08-28,credito_4x,4,4,469.73,0.035,2026-12-26,453.29
vestuario,2026-08-29,pix,1,1,364.9,0.0,2026-08-29,364.9
vestuario,2026-08-29,debito,1,1,714.13,0.012,2026-08-30,705.56
vestuario,2026-08-29,credito_vista,1,1,1362.84,0.025,2026-09-28,1328.77
vestuario,2026-08-29,credito_4x,1,4,682.22,0.035,2026-09-28,658.34
vestuario,2026-08-29,credito_4x,2,4,682.22,0.035,2026-10-28,658.34
vestuario,2026-08-29,credito_4x,3,4,682.22,0.035,2026-11-27,658.34
vestuario,2026-08-29,credito_4x,4,4,682.22,0.035,2026-12-27,658.34
vestuario,2026-08-30,pix,1,1,148.92,0.0,2026-08-30,148.92
vestuario,2026-08-30,debito,1,1,231.92,0.012,2026-08-31,229.13
vestuario,2026-08-30,credito_vista,1,1,231.55,0.025,2026-09-29,225.76
vestuario,2026-08-30,credito_4x,1,4,126.93,0.035,2026-09-29,122.49
vestuario,2026-08-30,credito_4x,2,4,126.93,0.035,2026-10-29,122.49
vestuario,2026-08-30,credito_4x,3,4,126.93,0.035,2026-11-28,122.49
vestuario,2026-08-30,credito_4x,4,4,126.93,0.035,2026-12-28,122.49
vestuario,2026-08-31,pix,1,1,154.18,0.0,2026-08-31,154.18
vestuario,2026-08-31,debito,1,1,282.63,0.012,2026-09-01,279.24
vestuario,2026-08-31,credito_vista,1,1,366.56,0.025,2026-09-30,357.39
vestuario,2026-08-31,credito_4x,1,4,150.36,0.035,2026-09-30,145.09
vestuario,2026-08-31,credito_4x,2,4,150.36,0.035,2026-10-30,145.09
vestuario,2026-08-31,credito_4x,3,4,150.36,0.035,2026-11-29,145.09
vestuario,2026-08-31,credito_4x,4,4,150.36,0.035,2026-12-29,145.09
vestuario,2026-09-01,pix,1,1,450.5,0.0,2026-09-01,450.5
vestuario,2026-09-01,debito,1,1,594.17,0.012,2026-09-02,587.04
vestuario,2026-09-01,credito_vista,1,1,1001.01,0.025,2026-10-01,975.99
vestuario,2026-09-01,credito_4x,1,4,450.25,0.035,2026-10-01,434.5
vestuario,2026-09-01,credito_4x,2,4,450.25,0.035,2026-10-31,434.5
vestuario,2026-09-01,credito_4x,3,4,450.25,0.035,2026-11-30,434.5
vestuario,2026-09-01,credito_4x,4,4,450.25,0.035,2026-12-30,434.5
vestuario,2026-09-02,pix,1,1,523.22,0.0,2026-09-02,523.22
vestuario,2026-09-02,debito,1,1,1346.62,0.012,2026-09-03,1330.46
vestuario,2026-09-02,credito_vista,1,1,721.87,0.025,2026-10-02,703.82
vestuario,2026-09-02,credito_4x,1,4,735.64,0.035,2026-10-02,709.9
vestuario,2026-09-02,credito_4x,2,4,735.64,0.035,2026-11-01,709.9
vestuario,2026-09-02,credito_4x,3,4,735.64,0.035,2026-12-01,709.9
vestuario,2026-09-02,credito_4x,4,4,735.64,0.035,2026-12-31,709.9
vestuario,2026-09-03,pix,1,1,1011.1,0.0,2026-09-03,1011.1
vestuario,2026-09-03,debito,1,1,1123.13,0.012,2026-09-04,1109.65
vestuario,2026-09-03,credito_vista,1,1,1368.44,0.025,2026-10-03,1334.23
vestuario,2026-09-03,credito_4x,1,4,719.26,0.035,2026-10-03,694.09
vestuario,2026-09-03,credito_4x,2,4,719.26,0.035,2026-11-02,694.09
vestuario,2026-09-03,credito_4x,3,4,719.26,0.035,2026-12-02,694.09
vestuario,2026-09-03,credito_4x,4,4,719.26,0.035,2027-01-01,694.09
vestuario,2026-09-04,pix,1,1,617.6,0.0,2026-09-04,617.6
vestuario,2026-09-04,debito,1,1,1542.76,0.012,2026-09-05,1524.24
vestuario,2026-09-04,credito_vista,1,1,1334.46,0.025,2026-10-04,1301.1
vestuario,2026-09-04,credito_4x,1,4,633.74,0.035,2026-10-04,611.56
vestuario,2026-09-04,credito_4x,2,4,633.74,0.035,2026-11-03,611.56
vestuario,2026-09-04,credito_4x,3,4,633.74,0.035,2026-12-03,611.56
vestuario,2026-09-04,credito_4x,4,4,633.74,0.035,2027-01-02,611.56
vestuario,2026-09-05,pix,1,1,1651.71,0.0,2026-09-05,1651.71
vestuario,2026-09-05,debito,1,1,1706.05,0.012,2026-09-06,1685.58
vestuario,2026-09-05,credito_vista,1,1,2095.45,0.025,2026-10-05,2043.06
vestuario,2026-09-05,credito_4x,1,4,1304.64,0.035,2026-10-05,1258.97
vestuario,2026-09-05,credito_4x,2,4,1304.64,0.035,2026-11-04,1258.97
vestuario,2026-09-05,credito_4x,3,4,1304.64,0.035,2026-12-04,1258.97
vestuario,2026-09-05,credito_4x,4,4,1304.64,0.035,2027-01-03,1258.97
vestuario,2026-09-06,pix,1,1,319.39,0.0,2026-09-06,319.39
vestuario,2026-09-06,debito,1,1,334.39,0.012,2026-09-07,330.37
vestuario,2026-09-06,credito_vista,1,1,525.41,0.025,2026-10-06,512.27
vestuario,2026-09-06,credito_4x,1,4,224.21,0.035,2026-10-06,216.37
vestuario,2026-09-06,credito_4x,2,4,224.21,0.035,2026-11-05,216.37
vestuario,2026-09-06,credito_4x,3,4,224.21,0.035,2026-12-05,216.37
vestuario,2026-09-06,credito_4x,4,4,224.21,0.035,2027-01-04,216.37
vestuario,2026-09-07,pix,1,1,516.8,0.0,2026-09-07,516.8
vestuario,2026-09-07,debito,1,1,854.33,0.012,2026-09-08,844.08
vestuario,2026-09-07,credito_vista,1,1,1168.66,0.025,2026-10-07,1139.44
vestuario,2026-09-07,credito_4x,1,4,491.56,0.035,2026-10-07,474.35
vestuario,2026-09-07,credito_4x,2,4,491.56,0.035,2026-11-06,474.35
vestuario,2026-09-07,credito_4x,3,4,491.56,0.035,2026-12-06,474.35
vestuario,2026-09-07,credito_4x,4,4,491.56,0.035,2027-01-05,474.35
vestuario,2026-09-08,pix,1,1,424.39,0.0,2026-09-08,424.39
vestuario,2026-09-08,debito,1,1,592.94,0.012,2026-09-09,585.83
vestuario,2026-09-08,credito_vista,1,1,923.94,0.025,2026-10-08,900.84
vestuario,2026-09-08,credito_4x,1,4,405.62,0.035,2026-10-08,391.43
vestuario,2026-09-08,credito_4x,2,4,405.62,0.035,2026-11-07,391.43
vestuario,2026-09-08,credito_4x,3,4,405.62,0.035,2026-12-07,391.43
vestuario,2026-09-08,credito_4x,4,4,405.62,0.035,2027-01-06,391.43
vestuario,2026-09-09,pix,1,1,651.11,0.0,2026-09-09,651.11
vestuario,2026-09-09,debito,1,1,540.36,0.012,2026-09-10,533.88
vestuario,2026-09-09,credito_vista,1,1,658.33,0.025,2026-10-09,641.87
vestuario,2026-09-09,credito_4x,1,4,466.06,0.035,2026-10-09,449.75
vestuario,2026-09-09,credito_4x,2,4,466.06,0.035,2026-11-08,449.75
vestuario,2026-09-09,credito_4x,3,4,466.06,0.035,2026-12-08,449.75
vestuario,2026-09-09,credito_4x,4,4,466.06,0.035,2027-01-07,449.75
vestuario,2026-09-10,pix,1,1,519.52,0.0,2026-09-10,519.52
vestuario,2026-09-10,debito,1,1,1024.76,0.012,2026-09-11,1012.47
vestuario,2026-09-10,credito_vista,1,1,993.23,0.025,2026-10-10,968.4
vestuario,2026-09-10,credito_4x,1,4,355.37,0.035,2026-10-10,342.94
vestuario,2026-09-10,credito_4x,2,4,355.37,0.035,2026-11-09,342.94
vestuario,2026-09-10,credito_4x,3,4,355.37,0.035,2026-12-09,342.94
vestuario,2026-09-10,credito_4x,4,4,355.37,0.035,2027-01-08,342.94
vestuario,2026-09-11,pix,1,1,329.26,0.0,2026-09-11,329.26
vestuario,2026-09-11,debito,1,1,487.26,0.012,2026-09-12,481.42
vestuario,2026-09-11,credito_vista,1,1,585.7,0.025,2026-10-11,571.05
vestuario,2026-09-11,credito_4x,1,4,295.94,0.035,2026-10-11,285.58
vestuario,2026-09-11,credito_4x,2,4,295.94,0.035,2026-11-10,285.58
vestuario,2026-09-11,credito_4x,3,4,295.94,0.035,2026-12-10,285.58
vestuario,2026-09-11,credito_4x,4,4,295.94,0.035,2027-01-09,285.58
vestuario,2026-09-12,pix,1,1,1031.33,0.0,2026-09-12,1031.33
vestuario,2026-09-12,debito,1,1,1439.81,0.012,2026-09-13,1422.53
vestuario,2026-09-12,credito_vista,1,1,1506.7,0.025,2026-10-12,1469.03
vestuario,2026-09-12,credito_4x,1,4,1028.39,0.035,2026-10-12,992.4
vestuario,2026-09-12,credito_4x,2,4,1028.39,0.035,2026-11-11,992.4
vestuario,2026-09-12,credito_4x,3,4,1028.39,0.035,2026-12-11,992.4
vestuario,2026-09-12,credito_4x,4,4,1028.39,0.035,2027-01-10,992.4
vestuario,2026-09-13,pix,1,1,263.1,0.0,2026-09-13,263.1
vestuario,2026-09-13,debito,1,1,286.99,0.012,2026-09-14,283.54
vestuario,2026-09-13,credito_vista,1,1,327.06,0.025,2026-10-13,318.88
vestuario,2026-09-13,credito_4x,1,4,161.44,0.035,2026-10-13,155.79
vestuario,2026-09-13,credito_4x,2,4,161.44,0.035,2026-11-12,155.79
vestuario,2026-09-13,credito_4x,3,4,161.44,0.035,2026-12-12,155.79
vestuario,2026-09-13,credito_4x,4,4,161.44,0.035,2027-01-11,155.79
vestuario,2026-09-14,pix,1,1,340.87,0.0,2026-09-14,340.87
vestuario,2026-09-14,debito,1,1,479.05,0.012,2026-09-15,473.3
vestuario,2026-09-14,credito_vista,1,1,452.56,0.025,2026-10-14,441.24
vestuario,2026-09-14,credito_4x,1,4,330.92,0.035,2026-10-14,319.34
vestuario,2026-09-14,credito_4x,2,4,330.92,0.035,2026-11-13,319.34
vestuario,2026-09-14,credito_4x,3,4,330.92,0.035,2026-12-13,319.34
vestuario,2026-09-14,credito_4x,4,4,330.92,0.035,2027-01-12,319.34
mercadinho,2025-01-03,pix,1,1,2866.13,0.0,2025-01-03,2866.13
mercadinho,2025-01-03,debito,1,1,2641.55,0.012,2025-01-04,2609.85
mercadinho,2025-01-03,credito_vista,1,1,1142.76,0.025,2025-02-02,1114.19
mercadinho,2025-01-03,credito_4x,1,4,62.25,0.035,2025-02-02,60.07
mercadinho,2025-01-03,credito_4x,2,4,62.25,0.035,2025-03-04,60.07
mercadinho,2025-01-03,credito_4x,3,4,62.25,0.035,2025-04-03,60.07
mercadinho,2025-01-03,credito_4x,4,4,62.25,0.035,2025-05-03,60.07
mercadinho,2025-01-04,pix,1,1,3037.07,0.0,2025-01-04,3037.07
mercadinho,2025-01-04,debito,1,1,2976.39,0.012,2025-01-05,2940.68
mercadinho,2025-01-04,credito_vista,1,1,1621.76,0.025,2025-02-03,1581.22
mercadinho,2025-01-04,credito_4x,1,4,41.73,0.035,2025-02-03,40.27
mercadinho,2025-01-04,credito_4x,2,4,41.73,0.035,2025-03-05,40.27
mercadinho,2025-01-04,credito_4x,3,4,41.73,0.035,2025-04-04,40.27
mercadinho,2025-01-04,credito_4x,4,4,41.73,0.035,2025-05-04,40.27
mercadinho,2025-01-05,pix,1,1,1704.15,0.0,2025-01-05,1704.15
mercadinho,2025-01-05,debito,1,1,1413.21,0.012,2025-01-06,1396.25
mercadinho,2025-01-05,credito_vista,1,1,699.06,0.025,2025-02-04,681.58
mercadinho,2025-01-05,credito_4x,1,4,42.96,0.035,2025-02-04,41.45
mercadinho,2025-01-05,credito_4x,2,4,42.96,0.035,2025-03-06,41.45
mercadinho,2025-01-05,credito_4x,3,4,42.96,0.035,2025-04-05,41.45
mercadinho,2025-01-05,credito_4x,4,4,42.96,0.035,2025-05-05,41.45
mercadinho,2025-01-06,pix,1,1,2360.56,0.0,2025-01-06,2360.56
mercadinho,2025-01-06,debito,1,1,2450.59,0.012,2025-01-07,2421.18
mercadinho,2025-01-06,credito_vista,1,1,1226.76,0.025,2025-02-05,1196.09
mercadinho,2025-01-06,credito_4x,1,4,50.47,0.035,2025-02-05,48.7
mercadinho,2025-01-06,credito_4x,2,4,50.47,0.035,2025-03-07,48.7
mercadinho,2025-01-06,credito_4x,3,4,50.47,0.035,2025-04-06,48.7
mercadinho,2025-01-06,credito_4x,4,4,50.47,0.035,2025-05-06,48.7
mercadinho,2025-01-07,pix,1,1,1619.34,0.0,2025-01-07,1619.34
mercadinho,2025-01-07,debito,1,1,1082.27,0.012,2025-01-08,1069.28
mercadinho,2025-01-07,credito_vista,1,1,835.38,0.025,2025-02-06,814.5
mercadinho,2025-01-07,credito_4x,1,4,64.15,0.035,2025-02-06,61.9
mercadinho,2025-01-07,credito_4x,2,4,64.15,0.035,2025-03-08,61.9
mercadinho,2025-01-07,credito_4x,3,4,64.15,0.035,2025-04-07,61.9
mercadinho,2025-01-07,credito_4x,4,4,64.15,0.035,2025-05-07,61.9
mercadinho,2025-01-08,pix,1,1,2599.35,0.0,2025-01-08,2599.35
mercadinho,2025-01-08,debito,1,1,2132.67,0.012,2025-01-09,2107.08
mercadinho,2025-01-08,credito_vista,1,1,1748.06,0.025,2025-02-07,1704.36
mercadinho,2025-01-08,credito_4x,1,4,85.06,0.035,2025-02-07,82.08
mercadinho,2025-01-08,credito_4x,2,4,85.06,0.035,2025-03-09,82.08
mercadinho,2025-01-08,credito_4x,3,4,85.06,0.035,2025-04-08,82.08
mercadinho,2025-01-08,credito_4x,4,4,85.06,0.035,2025-05-08,82.08
mercadinho,2025-01-09,pix,1,1,2411.39,0.0,2025-01-09,2411.39
mercadinho,2025-01-09,debito,1,1,2070.29,0.012,2025-01-10,2045.44
mercadinho,2025-01-09,credito_vista,1,1,1172.9,0.025,2025-02-08,1143.58
mercadinho,2025-01-09,credito_4x,1,4,59.6,0.035,2025-02-08,57.52
mercadinho,2025-01-09,credito_4x,2,4,59.6,0.035,2025-03-10,57.52
mercadinho,2025-01-09,credito_4x,3,4,59.6,0.035,2025-04-09,57.52
mercadinho,2025-01-09,credito_4x,4,4,59.6,0.035,2025-05-09,57.52
mercadinho,2025-01-10,pix,1,1,3009.63,0.0,2025-01-10,3009.63
mercadinho,2025-01-10,debito,1,1,2531.01,0.012,2025-01-11,2500.63
mercadinho,2025-01-10,credito_vista,1,1,1708.58,0.025,2025-02-09,1665.87
mercadinho,2025-01-10,credito_4x,1,4,60.52,0.035,2025-02-09,58.4
mercadinho,2025-01-10,credito_4x,2,4,60.52,0.035,2025-03-11,58.4
mercadinho,2025-01-10,credito_4x,3,4,60.52,0.035,2025-04-10,58.4
mercadinho,2025-01-10,credito_4x,4,4,60.52,0.035,2025-05-10,58.4
mercadinho,2025-01-11,pix,1,1,3001.7,0.0,2025-01-11,3001.7
mercadinho,2025-01-11,debito,1,1,2149.93,0.012,2025-01-12,2124.13
mercadinho,2025-01-11,credito_vista,1,1,1667.51,0.025,2025-02-10,1625.83
mercadinho,2025-01-11,credito_4x,1,4,53.83,0.035,2025-02-10,51.95
mercadinho,2025-01-11,credito_4x,2,4,53.83,0.035,2025-03-12,51.95
mercadinho,2025-01-11,credito_4x,3,4,53.83,0.035,2025-04-11,51.95
mercadinho,2025-01-11,credito_4x,4,4,53.83,0.035,2025-05-11,51.95
mercadinho,2025-01-12,pix,1,1,1170.95,0.0,2025-01-12,1170.95
mercadinho,2025-01-12,debito,1,1,895.08,0.012,2025-01-13,884.34
mercadinho,2025-01-12,credito_vista,1,1,667.38,0.025,2025-02-11,650.7
mercadinho,2025-01-12,credito_4x,1,4,28.96,0.035,2025-02-11,27.95
mercadinho,2025-01-12,credito_4x,2,4,28.96,0.035,2025-03-13,27.95
mercadinho,2025-01-12,credito_4x,3,4,28.96,0.035,2025-04-12,27.95
mercadinho,2025-01-12,credito_4x,4,4,28.96,0.035,2025-05-12,27.95
mercadinho,2025-01-13,pix,1,1,2402.56,0.0,2025-01-13,2402.56
mercadinho,2025-01-13,debito,1,1,1653.87,0.012,2025-01-14,1634.03
mercadinho,2025-01-13,credito_vista,1,1,877.38,0.025,2025-02-12,855.45
mercadinho,2025-01-13,credito_4x,1,4,48.17,0.035,2025-02-12,46.48
mercadinho,2025-01-13,credito_4x,2,4,48.17,0.035,2025-03-14,46.48
mercadinho,2025-01-13,credito_4x,3,4,48.17,0.035,2025-04-13,46.48
mercadinho,2025-01-13,credito_4x,4,4,48.17,0.035,2025-05-13,46.48
mercadinho,2025-01-14,pix,1,1,1948.05,0.0,2025-01-14,1948.05
mercadinho,2025-01-14,debito,1,1,1166.84,0.012,2025-01-15,1152.84
mercadinho,2025-01-14,credito_vista,1,1,846.21,0.025,2025-02-13,825.05
mercadinho,2025-01-14,credito_4x,1,4,44.22,0.035,2025-02-13,42.67
mercadinho,2025-01-14,credito_4x,2,4,44.22,0.035,2025-03-15,42.67
mercadinho,2025-01-14,credito_4x,3,4,44.22,0.035,2025-04-14,42.67
mercadinho,2025-01-14,credito_4x,4,4,44.22,0.035,2025-05-14,42.67
mercadinho,2025-01-15,pix,1,1,1864.83,0.0,2025-01-15,1864.83
mercadinho,2025-01-15,debito,1,1,1197.81,0.012,2025-01-16,1183.44
mercadinho,2025-01-15,credito_vista,1,1,602.92,0.025,2025-02-14,587.85
mercadinho,2025-01-15,credito_4x,1,4,32.16,0.035,2025-02-14,31.03
mercadinho,2025-01-15,credito_4x,2,4,32.16,0.035,2025-03-16,31.03
mercadinho,2025-01-15,credito_4x,3,4,32.16,0.035,2025-04-15,31.03
mercadinho,2025-01-15,credito_4x,4,4,32.16,0.035,2025-05-15,31.03
mercadinho,2025-01-16,pix,1,1,2058.11,0.0,2025-01-16,2058.11
mercadinho,2025-01-16,debito,1,1,1542.35,0.012,2025-01-17,1523.84
mercadinho,2025-01-16,credito_vista,1,1,963.54,0.025,2025-02-15,939.45
mercadinho,2025-01-16,credito_4x,1,4,30.78,0.035,2025-02-15,29.7
mercadinho,2025-01-16,credito_4x,2,4,30.78,0.035,2025-03-17,29.7
mercadinho,2025-01-16,credito_4x,3,4,30.78,0.035,2025-04-16,29.7
mercadinho,2025-01-16,credito_4x,4,4,30.78,0.035,2025-05-16,29.7
mercadinho,2025-01-17,pix,1,1,2811.14,0.0,2025-01-17,2811.14
mercadinho,2025-01-17,debito,1,1,2342.22,0.012,2025-01-18,2314.12
mercadinho,2025-01-17,credito_vista,1,1,1101.66,0.025,2025-02-16,1074.11
mercadinho,2025-01-17,credito_4x,1,4,66.94,0.035,2025-02-16,64.6
mercadinho,2025-01-17,credito_4x,2,4,66.94,0.035,2025-03-18,64.6
mercadinho,2025-01-17,credito_4x,3,4,66.94,0.035,2025-04-17,64.6
mercadinho,2025-01-17,credito_4x,4,4,66.94,0.035,2025-05-17,64.6
mercadinho,2025-01-18,pix,1,1,2170.11,0.0,2025-01-18,2170.11
mercadinho,2025-01-18,debito,1,1,2428.82,0.012,2025-01-19,2399.68
mercadinho,2025-01-18,credito_vista,1,1,1059.1,0.025,2025-02-17,1032.63
mercadinho,2025-01-18,credito_4x,1,4,81.4,0.035,2025-02-17,78.56
mercadinho,2025-01-18,credito_4x,2,4,81.4,0.035,2025-03-19,78.56
mercadinho,2025-01-18,credito_4x,3,4,81.4,0.035,2025-04-18,78.56
mercadinho,2025-01-18,credito_4x,4,4,81.4,0.035,2025-05-18,78.56
mercadinho,2025-01-19,pix,1,1,1075.68,0.0,2025-01-19,1075.68
mercadinho,2025-01-19,debito,1,1,818.75,0.012,2025-01-20,808.92
mercadinho,2025-01-19,credito_vista,1,1,587.58,0.025,2025-02-18,572.89
mercadinho,2025-01-19,credito_4x,1,4,15.85,0.035,2025-02-18,15.29
mercadinho,2025-01-19,credito_4x,2,4,15.85,0.035,2025-03-20,15.29
mercadinho,2025-01-19,credito_4x,3,4,15.85,0.035,2025-04-19,15.29
mercadinho,2025-01-19,credito_4x,4,4,15.85,0.035,2025-05-19,15.29
mercadinho,2025-01-20,pix,1,1,2265.02,0.0,2025-01-20,2265.02
mercadinho,2025-01-20,debito,1,1,2101.41,0.012,2025-01-21,2076.2
mercadinho,2025-01-20,credito_vista,1,1,817.64,0.025,2025-02-19,797.2
mercadinho,2025-01-20,credito_4x,1,4,53.25,0.035,2025-02-19,51.39
mercadinho,2025-01-20,credito_4x,2,4,53.25,0.035,2025-03-21,51.39
mercadinho,2025-01-20,credito_4x,3,4,53.25,0.035,2025-04-20,51.39
mercadinho,2025-01-20,credito_4x,4,4,53.25,0.035,2025-05-20,51.39
mercadinho,2025-01-21,pix,1,1,1722.27,0.0,2025-01-21,1722.27
mercadinho,2025-01-21,debito,1,1,1436.91,0.012,2025-01-22,1419.67
mercadinho,2025-01-21,credito_vista,1,1,793.56,0.025,2025-02-20,773.72
mercadinho,2025-01-21,credito_4x,1,4,51.2,0.035,2025-02-20,49.4
mercadinho,2025-01-21,credito_4x,2,4,51.2,0.035,2025-03-22,49.4
mercadinho,2025-01-21,credito_4x,3,4,51.2,0.035,2025-04-21,49.4
mercadinho,2025-01-21,credito_4x,4,4,51.2,0.035,2025-05-21,49.4
mercadinho,2025-01-22,pix,1,1,1663.12,0.0,2025-01-22,1663.12
mercadinho,2025-01-22,debito,1,1,1608.83,0.012,2025-01-23,1589.52
mercadinho,2025-01-22,credito_vista,1,1,729.52,0.025,2025-02-21,711.28
mercadinho,2025-01-22,credito_4x,1,4,45.3,0.035,2025-02-21,43.71
mercadinho,2025-01-22,credito_4x,2,4,45.3,0.035,2025-03-23,43.71
mercadinho,2025-01-22,credito_4x,3,4,45.3,0.035,2025-04-22,43.71
mercadinho,2025-01-22,credito_4x,4,4,45.3,0.035,2025-05-22,43.71
mercadinho,2025-01-23,pix,1,1,2056.92,0.0,2025-01-23,2056.92
mercadinho,2025-01-23,debito,1,1,1348.29,0.012,2025-01-24,1332.11
mercadinho,2025-01-23,credito_vista,1,1,791.44,0.025,2025-02-22,771.66
mercadinho,2025-01-23,credito_4x,1,4,57.09,0.035,2025-02-22,55.09
mercadinho,2025-01-23,credito_4x,2,4,57.09,0.035,2025-03-24,55.09
mercadinho,2025-01-23,credito_4x,3,4,57.09,0.035,2025-04-23,55.09
mercadinho,2025-01-23,credito_4x,4,4,57.09,0.035,2025-05-23,55.09
mercadinho,2025-01-24,pix,1,1,2535.96,0.0,2025-01-24,2535.96
mercadinho,2025-01-24,debito,1,1,1683.55,0.012,2025-01-25,1663.35
mercadinho,2025-01-24,credito_vista,1,1,1216.36,0.025,2025-02-23,1185.95
mercadinho,2025-01-24,credito_4x,1,4,69.73,0.035,2025-02-23,67.29
mercadinho,2025-01-24,credito_4x,2,4,69.73,0.035,2025-03-25,67.29
mercadinho,2025-01-24,credito_4x,3,4,69.73,0.035,2025-04-24,67.29
mercadinho,2025-01-24,credito_4x,4,4,69.73,0.035,2025-05-24,67.29
mercadinho,2025-01-25,pix,1,1,1759.38,0.0,2025-01-25,1759.38
mercadinho,2025-01-25,debito,1,1,1325.52,0.012,2025-01-26,1309.61
mercadinho,2025-01-25,credito_vista,1,1,807.24,0.025,2025-02-24,787.06
mercadinho,2025-01-25,credito_4x,1,4,59.57,0.035,2025-02-24,57.48
mercadinho,2025-01-25,credito_4x,2,4,59.57,0.035,2025-03-26,57.48
mercadinho,2025-01-25,credito_4x,3,4,59.57,0.035,2025-04-25,57.48
mercadinho,2025-01-25,credito_4x,4,4,59.57,0.035,2025-05-25,57.48
mercadinho,2025-01-26,pix,1,1,935.51,0.0,2025-01-26,935.51
mercadinho,2025-01-26,debito,1,1,588.62,0.012,2025-01-27,581.56
mercadinho,2025-01-26,credito_vista,1,1,390.76,0.025,2025-02-25,380.99
mercadinho,2025-01-26,credito_4x,1,4,18.69,0.035,2025-02-25,18.04
mercadinho,2025-01-26,credito_4x,2,4,18.69,0.035,2025-03-27,18.04
mercadinho,2025-01-26,credito_4x,3,4,18.69,0.035,2025-04-26,18.04
mercadinho,2025-01-26,credito_4x,4,4,18.69,0.035,2025-05-26,18.04
mercadinho,2025-01-27,pix,1,1,1601.43,0.0,2025-01-27,1601.43
mercadinho,2025-01-27,debito,1,1,1328.39,0.012,2025-01-28,1312.45
mercadinho,2025-01-27,credito_vista,1,1,703.63,0.025,2025-02-26,686.03
mercadinho,2025-01-27,credito_4x,1,4,33.98,0.035,2025-02-26,32.79
mercadinho,2025-01-27,credito_4x,2,4,33.98,0.035,2025-03-28,32.79
mercadinho,2025-01-27,credito_4x,3,4,33.98,0.035,2025-04-27,32.79
mercadinho,2025-01-27,credito_4x,4,4,33.98,0.035,2025-05-27,32.79
mercadinho,2025-01-28,pix,1,1,1389.07,0.0,2025-01-28,1389.07
mercadinho,2025-01-28,debito,1,1,1305.07,0.012,2025-01-29,1289.41
mercadinho,2025-01-28,credito_vista,1,1,604.65,0.025,2025-02-27,589.54
mercadinho,2025-01-28,credito_4x,1,4,28.24,0.035,2025-02-27,27.25
mercadinho,2025-01-28,credito_4x,2,4,28.24,0.035,2025-03-29,27.25
mercadinho,2025-01-28,credito_4x,3,4,28.24,0.035,2025-04-28,27.25
mercadinho,2025-01-28,credito_4x,4,4,28.24,0.035,2025-05-28,27.25
mercadinho,2025-01-29,pix,1,1,1503.43,0.0,2025-01-29,1503.43
mercadinho,2025-01-29,debito,1,1,1228.37,0.012,2025-01-30,1213.63
mercadinho,2025-01-29,credito_vista,1,1,874.43,0.025,2025-02-28,852.57
mercadinho,2025-01-29,credito_4x,1,4,30.38,0.035,2025-02-28,29.31
mercadinho,2025-01-29,credito_4x,2,4,30.38,0.035,2025-03-30,29.31
mercadinho,2025-01-29,credito_4x,3,4,30.38,0.035,2025-04-29,29.31
mercadinho,2025-01-29,credito_4x,4,4,30.38,0.035,2025-05-29,29.31
mercadinho,2025-01-30,pix,1,1,1852.7,0.0,2025-01-30,1852.7
mercadinho,2025-01-30,debito,1,1,1508.87,0.012,2025-01-31,1490.76
mercadinho,2025-01-30,credito_vista,1,1,721.58,0.025,2025-03-01,703.54
mercadinho,2025-01-30,credito_4x,1,4,21.22,0.035,2025-03-01,20.48
mercadinho,2025-01-30,credito_4x,2,4,21.22,0.035,2025-03-31,20.48
mercadinho,2025-01-30,credito_4x,3,4,21.22,0.035,2025-04-30,20.48
mercadinho,2025-01-30,credito_4x,4,4,21.22,0.035,2025-05-30,20.48
mercadinho,2025-01-31,pix,1,1,2240.95,0.0,2025-01-31,2240.95
mercadinho,2025-01-31,debito,1,1,1694.67,0.012,2025-02-01,1674.33
mercadinho,2025-01-31,credito_vista,1,1,929.8,0.025,2025-03-02,906.56
mercadinho,2025-01-31,credito_4x,1,4,51.55,0.035,2025-03-02,49.74
mercadinho,2025-01-31,credito_4x,2,4,51.55,0.035,2025-04-01,49.74
mercadinho,2025-01-31,credito_4x,3,4,51.55,0.035,2025-05-01,49.74
mercadinho,2025-01-31,credito_4x,4,4,51.55,0.035,2025-05-31,49.74
mercadinho,2025-02-01,pix,1,1,3935.73,0.0,2025-02-01,3935.73
mercadinho,2025-02-01,debito,1,1,3048.82,0.012,2025-02-02,3012.23
mercadinho,2025-02-01,credito_vista,1,1,1785.32,0.025,2025-03-03,1740.69
mercadinho,2025-02-01,credito_4x,1,4,77.4,0.035,2025-03-03,74.69
mercadinho,2025-02-01,credito_4x,2,4,77.4,0.035,2025-04-02,74.69
mercadinho,2025-02-01,credito_4x,3,4,77.4,0.035,2025-05-02,74.69
mercadinho,2025-02-01,credito_4x,4,4,77.4,0.035,2025-06-01,74.69
mercadinho,2025-02-02,pix,1,1,1617.05,0.0,2025-02-02,1617.05
mercadinho,2025-02-02,debito,1,1,1153.05,0.012,2025-02-03,1139.21
mercadinho,2025-02-02,credito_vista,1,1,625.01,0.025,2025-03-04,609.38
mercadinho,2025-02-02,credito_4x,1,4,30.16,0.035,2025-03-04,29.11
mercadinho,2025-02-02,credito_4x,2,4,30.16,0.035,2025-04-03,29.11
mercadinho,2025-02-02,credito_4x,3,4,30.16,0.035,2025-05-03,29.11
mercadinho,2025-02-02,credito_4x,4,4,30.16,0.035,2025-06-02,29.11
mercadinho,2025-02-03,pix,1,1,2298.67,0.0,2025-02-03,2298.67
mercadinho,2025-02-03,debito,1,1,1974.78,0.012,2025-02-04,1951.08
mercadinho,2025-02-03,credito_vista,1,1,1376.18,0.025,2025-03-05,1341.77
mercadinho,2025-02-03,credito_4x,1,4,53.19,0.035,2025-03-05,51.33
mercadinho,2025-02-03,credito_4x,2,4,53.19,0.035,2025-04-04,51.33
mercadinho,2025-02-03,credito_4x,3,4,53.19,0.035,2025-05-04,51.33
mercadinho,2025-02-03,credito_4x,4,4,53.19,0.035,2025-06-03,51.33
mercadinho,2025-02-04,pix,1,1,2688.75,0.0,2025-02-04,2688.75
mercadinho,2025-02-04,debito,1,1,1755.46,0.012,2025-02-05,1734.4
mercadinho,2025-02-04,credito_vista,1,1,983.71,0.025,2025-03-06,959.12
mercadinho,2025-02-04,credito_4x,1,4,61.12,0.035,2025-03-06,58.98
mercadinho,2025-02-04,credito_4x,2,4,61.12,0.035,2025-04-05,58.98
mercadinho,2025-02-04,credito_4x,3,4,61.12,0.035,2025-05-05,58.98
mercadinho,2025-02-04,credito_4x,4,4,61.12,0.035,2025-06-04,58.98
mercadinho,2025-02-05,pix,1,1,2394.38,0.0,2025-02-05,2394.38
mercadinho,2025-02-05,debito,1,1,1867.62,0.012,2025-02-06,1845.21
mercadinho,2025-02-05,credito_vista,1,1,1565.14,0.025,2025-03-07,1526.01
mercadinho,2025-02-05,credito_4x,1,4,43.2,0.035,2025-03-07,41.69
mercadinho,2025-02-05,credito_4x,2,4,43.2,0.035,2025-04-06,41.69
mercadinho,2025-02-05,credito_4x,3,4,43.2,0.035,2025-05-06,41.69
mercadinho,2025-02-05,credito_4x,4,4,43.2,0.035,2025-06-05,41.69
mercadinho,2025-02-06,pix,1,1,2940.21,0.0,2025-02-06,2940.21
mercadinho,2025-02-06,debito,1,1,1931.59,0.012,2025-02-07,1908.41
mercadinho,2025-02-06,credito_vista,1,1,1349.39,0.025,2025-03-08,1315.66
mercadinho,2025-02-06,credito_4x,1,4,60.5,0.035,2025-03-08,58.39
mercadinho,2025-02-06,credito_4x,2,4,60.5,0.035,2025-04-07,58.39
mercadinho,2025-02-06,credito_4x,3,4,60.5,0.035,2025-05-07,58.39
mercadinho,2025-02-06,credito_4x,4,4,60.5,0.035,2025-06-06,58.39
mercadinho,2025-02-07,pix,1,1,3332.93,0.0,2025-02-07,3332.93
mercadinho,2025-02-07,debito,1,1,2758.26,0.012,2025-02-08,2725.17
mercadinho,2025-02-07,credito_vista,1,1,1559.28,0.025,2025-03-09,1520.29
mercadinho,2025-02-07,credito_4x,1,4,71.98,0.035,2025-03-09,69.46
mercadinho,2025-02-07,credito_4x,2,4,71.98,0.035,2025-04-08,69.46
mercadinho,2025-02-07,credito_4x,3,4,71.98,0.035,2025-05-08,69.46
mercadinho,2025-02-07,credito_4x,4,4,71.98,0.035,2025-06-07,69.46
mercadinho,2025-02-08,pix,1,1,3144.93,0.0,2025-02-08,3144.93
mercadinho,2025-02-08,debito,1,1,3341.28,0.012,2025-02-09,3301.18
mercadinho,2025-02-08,credito_vista,1,1,1484.97,0.025,2025-03-10,1447.84
mercadinho,2025-02-08,credito_4x,1,4,76.25,0.035,2025-03-10,73.58
mercadinho,2025-02-08,credito_4x,2,4,76.25,0.035,2025-04-09,73.58
mercadinho,2025-02-08,credito_4x,3,4,76.25,0.035,2025-05-09,73.58
mercadinho,2025-02-08,credito_4x,4,4,76.25,0.035,2025-06-08,73.58
mercadinho,2025-02-09,pix,1,1,1713.55,0.0,2025-02-09,1713.55
mercadinho,2025-02-09,debito,1,1,1193.67,0.012,2025-02-10,1179.34
mercadinho,2025-02-09,credito_vista,1,1,774.01,0.025,2025-03-11,754.66
mercadinho,2025-02-09,credito_4x,1,4,48.87,0.035,2025-03-11,47.16
mercadinho,2025-02-09,credito_4x,2,4,48.87,0.035,2025-04-10,47.16
mercadinho,2025-02-09,credito_4x,3,4,48.87,0.035,2025-05-10,47.16
mercadinho,2025-02-09,credito_4x,4,4,48.87,0.035,2025-06-09,47.16
mercadinho,2025-02-10,pix,1,1,3015.23,0.0,2025-02-10,3015.23
mercadinho,2025-02-10,debito,1,1,2505.74,0.012,2025-02-11,2475.67
mercadinho,2025-02-10,credito_vista,1,1,1305.15,0.025,2025-03-12,1272.52
mercadinho,2025-02-10,credito_4x,1,4,65.74,0.035,2025-03-12,63.44
mercadinho,2025-02-10,credito_4x,2,4,65.74,0.035,2025-04-11,63.44
mercadinho,2025-02-10,credito_4x,3,4,65.74,0.035,2025-05-11,63.44
mercadinho,2025-02-10,credito_4x,4,4,65.74,0.035,2025-06-10,63.44
mercadinho,2025-02-11,pix,1,1,1977.34,0.0,2025-02-11,1977.34
mercadinho,2025-02-11,debito,1,1,1841.2,0.012,2025-02-12,1819.11
mercadinho,2025-02-11,credito_vista,1,1,859.48,0.025,2025-03-13,837.99
mercadinho,2025-02-11,credito_4x,1,4,42.0,0.035,2025-03-13,40.53
mercadinho,2025-02-11,credito_4x,2,4,42.0,0.035,2025-04-12,40.53
mercadinho,2025-02-11,credito_4x,3,4,42.0,0.035,2025-05-12,40.53
mercadinho,2025-02-11,credito_4x,4,4,42.0,0.035,2025-06-11,40.53
mercadinho,2025-02-12,pix,1,1,1871.2,0.0,2025-02-12,1871.2
mercadinho,2025-02-12,debito,1,1,1475.8,0.012,2025-02-13,1458.09
mercadinho,2025-02-12,credito_vista,1,1,931.02,0.025,2025-03-14,907.74
mercadinho,2025-02-12,credito_4x,1,4,41.45,0.035,2025-03-14,40.0
mercadinho,2025-02-12,credito_4x,2,4,41.45,0.035,2025-04-13,40.0
mercadinho,2025-02-12,credito_4x,3,4,41.45,0.035,2025-05-13,40.0
mercadinho,2025-02-12,credito_4x,4,4,41.45,0.035,2025-06-12,40.0
mercadinho,2025-02-13,pix,1,1,1674.71,0.0,2025-02-13,1674.71
mercadinho,2025-02-13,debito,1,1,1430.75,0.012,2025-02-14,1413.58
mercadinho,2025-02-13,credito_vista,1,1,945.78,0.025,2025-03-15,922.13
mercadinho,2025-02-13,credito_4x,1,4,63.53,0.035,2025-03-15,61.31
mercadinho,2025-02-13,credito_4x,2,4,63.53,0.035,2025-04-14,61.31
mercadinho,2025-02-13,credito_4x,3,4,63.53,0.035,2025-05-14,61.31
mercadinho,2025-02-13,credito_4x,4,4,63.53,0.035,2025-06-13,61.31
mercadinho,2025-02-14,pix,1,1,2143.37,0.0,2025-02-14,2143.37
mercadinho,2025-02-14,debito,1,1,2129.08,0.012,2025-02-15,2103.53
mercadinho,2025-02-14,credito_vista,1,1,870.56,0.025,2025-03-16,848.8
mercadinho,2025-02-14,credito_4x,1,4,57.39,0.035,2025-03-16,55.38
mercadinho,2025-02-14,credito_4x,2,4,57.39,0.035,2025-04-15,55.38
mercadinho,2025-02-14,credito_4x,3,4,57.39,0.035,2025-05-15,55.38
mercadinho,2025-02-14,credito_4x,4,4,57.39,0.035,2025-06-14,55.38
mercadinho,2025-02-15,pix,1,1,2440.45,0.0,2025-02-15,2440.45
mercadinho,2025-02-15,debito,1,1,2183.36,0.012,2025-02-16,2157.16
mercadinho,2025-02-15,credito_vista,1,1,1285.75,0.025,2025-03-17,1253.61
mercadinho,2025-02-15,credito_4x,1,4,57.31,0.035,2025-03-17,55.31
mercadinho,2025-02-15,credito_4x,2,4,57.31,0.035,2025-04-16,55.31
mercadinho,2025-02-15,credito_4x,3,4,57.31,0.035,2025-05-16,55.31
mercadinho,2025-02-15,credito_4x,4,4,57.31,0.035,2025-06-15,55.31
mercadinho,2025-02-16,pix,1,1,1236.31,0.0,2025-02-16,1236.31
mercadinho,2025-02-16,debito,1,1,984.64,0.012,2025-02-17,972.83
mercadinho,2025-02-16,credito_vista,1,1,551.31,0.025,2025-03-18,537.53
mercadinho,2025-02-16,credito_4x,1,4,31.52,0.035,2025-03-18,30.41
mercadinho,2025-02-16,credito_4x,2,4,31.52,0.035,2025-04-17,30.41
mercadinho,2025-02-16,credito_4x,3,4,31.52,0.035,2025-05-17,30.41
mercadinho,2025-02-16,credito_4x,4,4,31.52,0.035,2025-06-16,30.41
mercadinho,2025-02-17,pix,1,1,2091.62,0.0,2025-02-17,2091.62
mercadinho,2025-02-17,debito,1,1,1687.02,0.012,2025-02-18,1666.78
mercadinho,2025-02-17,credito_vista,1,1,1220.08,0.025,2025-03-19,1189.58
mercadinho,2025-02-17,credito_4x,1,4,51.93,0.035,2025-03-19,50.12
mercadinho,2025-02-17,credito_4x,2,4,51.93,0.035,2025-04-18,50.12
mercadinho,2025-02-17,credito_4x,3,4,51.93,0.035,2025-05-18,50.12
mercadinho,2025-02-17,credito_4x,4,4,51.93,0.035,2025-06-17,50.12
mercadinho,2025-02-18,pix,1,1,1668.96,0.0,2025-02-18,1668.96
mercadinho,2025-02-18,debito,1,1,1316.02,0.012,2025-02-19,1300.23
mercadinho,2025-02-18,credito_vista,1,1,758.4,0.025,2025-03-20,739.44
mercadinho,2025-02-18,credito_4x,1,4,26.07,0.035,2025-03-20,25.16
mercadinho,2025-02-18,credito_4x,2,4,26.07,0.035,2025-04-19,25.16
mercadinho,2025-02-18,credito_4x,3,4,26.07,0.035,2025-05-19,25.16
mercadinho,2025-02-18,credito_4x,4,4,26.07,0.035,2025-06-18,25.16
mercadinho,2025-02-19,pix,1,1,1685.56,0.0,2025-02-19,1685.56
mercadinho,2025-02-19,debito,1,1,1541.75,0.012,2025-02-20,1523.25
mercadinho,2025-02-19,credito_vista,1,1,743.72,0.025,2025-03-21,725.12
mercadinho,2025-02-19,credito_4x,1,4,72.06,0.035,2025-03-21,69.53
mercadinho,2025-02-19,credito_4x,2,4,72.06,0.035,2025-04-20,69.53
mercadinho,2025-02-19,credito_4x,3,4,72.06,0.035,2025-05-20,69.53
mercadinho,2025-02-19,credito_4x,4,4,72.06,0.035,2025-06-19,69.53
mercadinho,2025-02-20,pix,1,1,1631.24,0.0,2025-02-20,1631.24
mercadinho,2025-02-20,debito,1,1,1715.06,0.012,2025-02-21,1694.48
mercadinho,2025-02-20,credito_vista,1,1,1295.77,0.025,2025-03-22,1263.37
mercadinho,2025-02-20,credito_4x,1,4,49.53,0.035,2025-03-22,47.79
mercadinho,2025-02-20,credito_4x,2,4,49.53,0.035,2025-04-21,47.79
mercadinho,2025-02-20,credito_4x,3,4,49.53,0.035,2025-05-21,47.79
mercadinho,2025-02-20,credito_4x,4,4,49.53,0.035,2025-06-20,47.79
mercadinho,2025-02-21,pix,1,1,2608.88,0.0,2025-02-21,2608.88
mercadinho,2025-02-21,debito,1,1,1689.08,0.012,2025-02-22,1668.81
mercadinho,2025-02-21,credito_vista,1,1,889.04,0.025,2025-03-23,866.81
mercadinho,2025-02-21,credito_4x,1,4,48.1,0.035,2025-03-23,46.42
mercadinho,2025-02-21,credito_4x,2,4,48.1,0.035,2025-04-22,46.42
mercadinho,2025-02-21,credito_4x,3,4,48.1,0.035,2025-05-22,46.42
mercadinho,2025-02-21,credito_4x,4,4,48.1,0.035,2025-06-21,46.42
mercadinho,2025-02-22,pix,1,1,3026.14,0.0,2025-02-22,3026.14
mercadinho,2025-02-22,debito,1,1,2131.29,0.012,2025-02-23,2105.71
mercadinho,2025-02-22,credito_vista,1,1,1506.05,0.025,2025-03-24,1468.4
mercadinho,2025-02-22,credito_4x,1,4,62.44,0.035,2025-03-24,60.25
mercadinho,2025-02-22,credito_4x,2,4,62.44,0.035,2025-04-23,60.25
mercadinho,2025-02-22,credito_4x,3,4,62.44,0.035,2025-05-23,60.25
mercadinho,2025-02-22,credito_4x,4,4,62.44,0.035,2025-06-22,60.25
mercadinho,2025-02-23,pix,1,1,1269.21,0.0,2025-02-23,1269.21
mercadinho,2025-02-23,debito,1,1,909.76,0.012,2025-02-24,898.85
mercadinho,2025-02-23,credito_vista,1,1,473.66,0.025,2025-03-25,461.81
mercadinho,2025-02-23,credito_4x,1,4,25.45,0.035,2025-03-25,24.56
mercadinho,2025-02-23,credito_4x,2,4,25.45,0.035,2025-04-24,24.56
mercadinho,2025-02-23,credito_4x,3,4,25.45,0.035,2025-05-24,24.56
mercadinho,2025-02-23,credito_4x,4,4,25.45,0.035,2025-06-23,24.56
mercadinho,2025-02-24,pix,1,1,1864.47,0.0,2025-02-24,1864.47
mercadinho,2025-02-24,debito,1,1,1573.68,0.012,2025-02-25,1554.79
mercadinho,2025-02-24,credito_vista,1,1,871.92,0.025,2025-03-26,850.13
mercadinho,2025-02-24,credito_4x,1,4,76.69,0.035,2025-03-26,74.0
mercadinho,2025-02-24,credito_4x,2,4,76.69,0.035,2025-04-25,74.0
mercadinho,2025-02-24,credito_4x,3,4,76.69,0.035,2025-05-25,74.0
mercadinho,2025-02-24,credito_4x,4,4,76.69,0.035,2025-06-24,74.0
mercadinho,2025-02-25,pix,1,1,1415.84,0.0,2025-02-25,1415.84
mercadinho,2025-02-25,debito,1,1,1219.88,0.012,2025-02-26,1205.24
mercadinho,2025-02-25,credito_vista,1,1,675.7,0.025,2025-03-27,658.81
mercadinho,2025-02-25,credito_4x,1,4,32.87,0.035,2025-03-27,31.72
mercadinho,2025-02-25,credito_4x,2,4,32.87,0.035,2025-04-26,31.72
mercadinho,2025-02-25,credito_4x,3,4,32.87,0.035,2025-05-26,31.72
mercadinho,2025-02-25,credito_4x,4,4,32.87,0.035,2025-06-25,31.72
mercadinho,2025-02-26,pix,1,1,1487.58,0.0,2025-02-26,1487.58
mercadinho,2025-02-26,debito,1,1,1197.95,0.012,2025-02-27,1183.58
mercadinho,2025-02-26,credito_vista,1,1,738.7,0.025,2025-03-28,720.24
mercadinho,2025-02-26,credito_4x,1,4,34.34,0.035,2025-03-28,33.14
mercadinho,2025-02-26,credito_4x,2,4,34.34,0.035,2025-04-27,33.14
mercadinho,2025-02-26,credito_4x,3,4,34.34,0.035,2025-05-27,33.14
mercadinho,2025-02-26,credito_4x,4,4,34.34,0.035,2025-06-26,33.14
mercadinho,2025-02-27,pix,1,1,1421.18,0.0,2025-02-27,1421.18
mercadinho,2025-02-27,debito,1,1,1146.62,0.012,2025-02-28,1132.86
mercadinho,2025-02-27,credito_vista,1,1,625.88,0.025,2025-03-29,610.23
mercadinho,2025-02-27,credito_4x,1,4,27.51,0.035,2025-03-29,26.55
mercadinho,2025-02-27,credito_4x,2,4,27.51,0.035,2025-04-28,26.55
mercadinho,2025-02-27,credito_4x,3,4,27.51,0.035,2025-05-28,26.55
mercadinho,2025-02-27,credito_4x,4,4,27.51,0.035,2025-06-27,26.55
mercadinho,2025-02-28,pix,1,1,1824.61,0.0,2025-02-28,1824.61
mercadinho,2025-02-28,debito,1,1,1695.0,0.012,2025-03-01,1674.66
mercadinho,2025-02-28,credito_vista,1,1,697.33,0.025,2025-03-30,679.89
mercadinho,2025-02-28,credito_4x,1,4,47.29,0.035,2025-03-30,45.64
mercadinho,2025-02-28,credito_4x,2,4,47.29,0.035,2025-04-29,45.64
mercadinho,2025-02-28,credito_4x,3,4,47.29,0.035,2025-05-29,45.64
mercadinho,2025-02-28,credito_4x,4,4,47.29,0.035,2025-06-28,45.64
mercadinho,2025-03-01,pix,1,1,4000.8,0.0,2025-03-01,4000.8
mercadinho,2025-03-01,debito,1,1,3355.61,0.012,2025-03-02,3315.34
mercadinho,2025-03-01,credito_vista,1,1,1264.22,0.025,2025-03-31,1232.61
mercadinho,2025-03-01,credito_4x,1,4,75.42,0.035,2025-03-31,72.78
mercadinho,2025-03-01,credito_4x,2,4,75.42,0.035,2025-04-30,72.78
mercadinho,2025-03-01,credito_4x,3,4,75.42,0.035,2025-05-30,72.78
mercadinho,2025-03-01,credito_4x,4,4,75.42,0.035,2025-06-29,72.78
mercadinho,2025-03-02,pix,1,1,1346.23,0.0,2025-03-02,1346.23
mercadinho,2025-03-02,debito,1,1,1110.35,0.012,2025-03-03,1097.03
mercadinho,2025-03-02,credito_vista,1,1,815.05,0.025,2025-04-01,794.67
mercadinho,2025-03-02,credito_4x,1,4,26.3,0.035,2025-04-01,25.37
mercadinho,2025-03-02,credito_4x,2,4,26.3,0.035,2025-05-01,25.37
mercadinho,2025-03-02,credito_4x,3,4,26.3,0.035,2025-05-31,25.37
mercadinho,2025-03-02,credito_4x,4,4,26.3,0.035,2025-06-30,25.37
mercadinho,2025-03-03,pix,1,1,2380.95,0.0,2025-03-03,2380.95
mercadinho,2025-03-03,debito,1,1,1816.19,0.012,2025-03-04,1794.39
mercadinho,2025-03-03,credito_vista,1,1,975.52,0.025,2025-04-02,951.13
mercadinho,2025-03-03,credito_4x,1,4,41.8,0.035,2025-04-02,40.34
mercadinho,2025-03-03,credito_4x,2,4,41.8,0.035,2025-05-02,40.34
mercadinho,2025-03-03,credito_4x,3,4,41.8,0.035,2025-06-01,40.34
mercadinho,2025-03-03,credito_4x,4,4,41.8,0.035,2025-07-01,40.34
mercadinho,2025-03-04,pix,1,1,2215.19,0.0,2025-03-04,2215.19
mercadinho,2025-03-04,debito,1,1,1735.22,0.012,2025-03-05,1714.4
mercadinho,2025-03-04,credito_vista,1,1,808.03,0.025,2025-04-03,787.83
mercadinho,2025-03-04,credito_4x,1,4,36.52,0.035,2025-04-03,35.24
mercadinho,2025-03-04,credito_4x,2,4,36.52,0.035,2025-05-03,35.24
mercadinho,2025-03-04,credito_4x,3,4,36.52,0.035,2025-06-02,35.24
mercadinho,2025-03-04,credito_4x,4,4,36.52,0.035,2025-07-02,35.24
mercadinho,2025-03-05,pix,1,1,2447.31,0.0,2025-03-05,2447.31
mercadinho,2025-03-05,debito,1,1,1691.31,0.012,2025-03-06,1671.01
mercadinho,2025-03-05,credito_vista,1,1,1284.18,0.025,2025-04-04,1252.07
mercadinho,2025-03-05,credito_4x,1,4,33.31,0.035,2025-04-04,32.14
mercadinho,2025-03-05,credito_4x,2,4,33.31,0.035,2025-05-04,32.14
mercadinho,2025-03-05,credito_4x,3,4,33.31,0.035,2025-06-03,32.14
mercadinho,2025-03-05,credito_4x,4,4,33.31,0.035,2025-07-03,32.14
mercadinho,2025-03-06,pix,1,1,2236.53,0.0,2025-03-06,2236.53
mercadinho,2025-03-06,debito,1,1,1984.35,0.012,2025-03-07,1960.54
mercadinho,2025-03-06,credito_vista,1,1,943.08,0.025,2025-04-05,919.51
mercadinho,2025-03-06,credito_4x,1,4,34.51,0.035,2025-04-05,33.3
mercadinho,2025-03-06,credito_4x,2,4,34.51,0.035,2025-05-05,33.3
mercadinho,2025-03-06,credito_4x,3,4,34.51,0.035,2025-06-04,33.3
mercadinho,2025-03-06,credito_4x,4,4,34.51,0.035,2025-07-04,33.3
mercadinho,2025-03-07,pix,1,1,3117.24,0.0,2025-03-07,3117.24
mercadinho,2025-03-07,debito,1,1,2636.03,0.012,2025-03-08,2604.4
mercadinho,2025-03-07,credito_vista,1,1,1378.53,0.025,2025-04-06,1344.07
mercadinho,2025-03-07,credito_4x,1,4,60.22,0.035,2025-04-06,58.11
mercadinho,2025-03-07,credito_4x,2,4,60.22,0.035,2025-05-06,58.11
mercadinho,2025-03-07,credito_4x,3,4,60.22,0.035,2025-06-05,58.11
mercadinho,2025-03-07,credito_4x,4,4,60.22,0.035,2025-07-05,58.11
mercadinho,2025-03-08,pix,1,1,3956.99,0.0,2025-03-08,3956.99
mercadinho,2025-03-08,debito,1,1,3729.01,0.012,2025-03-09,3684.26
mercadinho,2025-03-08,credito_vista,1,1,1677.81,0.025,2025-04-07,1635.86
mercadinho,2025-03-08,credito_4x,1,4,155.22,0.035,2025-04-07,149.79
mercadinho,2025-03-08,credito_4x,2,4,155.22,0.035,2025-05-07,149.79
mercadinho,2025-03-08,credito_4x,3,4,155.22,0.035,2025-06-06,149.79
mercadinho,2025-03-08,credito_4x,4,4,155.22,0.035,2025-07-06,149.79
mercadinho,2025-03-09,pix,1,1,1386.46,0.0,2025-03-09,1386.46
mercadinho,2025-03-09,debito,1,1,1030.59,0.012,2025-03-10,1018.22
mercadinho,2025-03-09,credito_vista,1,1,612.06,0.025,2025-04-08,596.76
mercadinho,2025-03-09,credito_4x,1,4,33.81,0.035,2025-04-08,32.63
mercadinho,2025-03-09,credito_4x,2,4,33.81,0.035,2025-05-08,32.63
mercadinho,2025-03-09,credito_4x,3,4,33.81,0.035,2025-06-07,32.63
mercadinho,2025-03-09,credito_4x,4,4,33.81,0.035,2025-07-07,32.63
mercadinho,2025-03-10,pix,1,1,2598.32,0.0,2025-03-10,2598.32
mercadinho,2025-03-10,debito,1,1,2190.25,0.012,2025-03-11,2163.97
mercadinho,2025-03-10,credito_vista,1,1,1110.04,0.025,2025-04-09,1082.29
mercadinho,2025-03-10,credito_4x,1,4,86.54,0.035,2025-04-09,83.51
mercadinho,2025-03-10,credito_4x,2,4,86.54,0.035,2025-05-09,83.51
mercadinho,2025-03-10,credito_4x,3,4,86.54,0.035,2025-06-08,83.51
mercadinho,2025-03-10,credito_4x,4,4,86.54,0.035,2025-07-08,83.51
mercadinho,2025-03-11,pix,1,1,2465.39,0.0,2025-03-11,2465.39
mercadinho,2025-03-11,debito,1,1,1686.17,0.012,2025-03-12,1665.93
mercadinho,2025-03-11,credito_vista,1,1,1173.32,0.025,2025-04-10,1143.99
mercadinho,2025-03-11,credito_4x,1,4,47.23,0.035,2025-04-10,45.58
mercadinho,2025-03-11,credito_4x,2,4,47.23,0.035,2025-05-10,45.58
mercadinho,2025-03-11,credito_4x,3,4,47.23,0.035,2025-06-09,45.58
mercadinho,2025-03-11,credito_4x,4,4,47.23,0.035,2025-07-09,45.58
mercadinho,2025-03-12,pix,1,1,2193.5,0.0,2025-03-12,2193.5
mercadinho,2025-03-12,debito,1,1,1461.2,0.012,2025-03-13,1443.67
mercadinho,2025-03-12,credito_vista,1,1,884.46,0.025,2025-04-11,862.35
mercadinho,2025-03-12,credito_4x,1,4,48.32,0.035,2025-04-11,46.63
mercadinho,2025-03-12,credito_4x,2,4,48.32,0.035,2025-05-11,46.63
mercadinho,2025-03-12,credito_4x,3,4,48.32,0.035,2025-06-10,46.63
mercadinho,2025-03-12,credito_4x,4,4,48.32,0.035,2025-07-10,46.63
mercadinho,2025-03-13,pix,1,1,1912.25,0.0,2025-03-13,1912.25
mercadinho,2025-03-13,debito,1,1,1694.21,0.012,2025-03-14,1673.88
mercadinho,2025-03-13,credito_vista,1,1,763.76,0.025,2025-04-12,744.67
mercadinho,2025-03-13,credito_4x,1,4,60.52,0.035,2025-04-12,58.4
mercadinho,2025-03-13,credito_4x,2,4,60.52,0.035,2025-05-12,58.4
mercadinho,2025-03-13,credito_4x,3,4,60.52,0.035,2025-06-11,58.4
mercadinho,2025-03-13,credito_4x,4,4,60.52,0.035,2025-07-11,58.4
mercadinho,2025-03-14,pix,1,1,2730.87,0.0,2025-03-14,2730.87
mercadinho,2025-03-14,debito,1,1,1859.33,0.012,2025-03-15,1837.02
mercadinho,2025-03-14,credito_vista,1,1,1046.59,0.025,2025-04-13,1020.42
mercadinho,2025-03-14,credito_4x,1,4,64.35,0.035,2025-04-13,62.1
mercadinho,2025-03-14,credito_4x,2,4,64.35,0.035,2025-05-13,62.1
mercadinho,2025-03-14,credito_4x,3,4,64.35,0.035,2025-06-12,62.1
mercadinho,2025-03-14,credito_4x,4,4,64.35,0.035,2025-07-12,62.1
mercadinho,2025-03-15,pix,1,1,2924.67,0.0,2025-03-15,2924.67
mercadinho,2025-03-15,debito,1,1,2471.85,0.012,2025-03-16,2442.18
mercadinho,2025-03-15,credito_vista,1,1,1326.71,0.025,2025-04-14,1293.54
mercadinho,2025-03-15,credito_4x,1,4,68.6,0.035,2025-04-14,66.2
mercadinho,2025-03-15,credito_4x,2,4,68.6,0.035,2025-05-14,66.2
mercadinho,2025-03-15,credito_4x,3,4,68.6,0.035,2025-06-13,66.2
mercadinho,2025-03-15,credito_4x,4,4,68.6,0.035,2025-07-13,66.2
mercadinho,2025-03-16,pix,1,1,1418.13,0.0,2025-03-16,1418.13
mercadinho,2025-03-16,debito,1,1,1207.66,0.012,2025-03-17,1193.17
mercadinho,2025-03-16,credito_vista,1,1,601.28,0.025,2025-04-15,586.25
mercadinho,2025-03-16,credito_4x,1,4,34.36,0.035,2025-04-15,33.16
mercadinho,2025-03-16,credito_4x,2,4,34.36,0.035,2025-05-15,33.16
mercadinho,2025-03-16,credito_4x,3,4,34.36,0.035,2025-06-14,33.16
mercadinho,2025-03-16,credito_4x,4,4,34.36,0.035,2025-07-14,33.16
mercadinho,2025-03-17,pix,1,1,2068.42,0.0,2025-03-17,2068.42
mercadinho,2025-03-17,debito,1,1,1684.81,0.012,2025-03-18,1664.59
mercadinho,2025-03-17,credito_vista,1,1,891.37,0.025,2025-04-16,869.08
mercadinho,2025-03-17,credito_4x,1,4,31.05,0.035,2025-04-16,29.96
mercadinho,2025-03-17,credito_4x,2,4,31.05,0.035,2025-05-16,29.96
mercadinho,2025-03-17,credito_4x,3,4,31.05,0.035,2025-06-15,29.96
mercadinho,2025-03-17,credito_4x,4,4,31.05,0.035,2025-07-15,29.96
mercadinho,2025-03-18,pix,1,1,1834.96,0.0,2025-03-18,1834.96
mercadinho,2025-03-18,debito,1,1,1293.95,0.012,2025-03-19,1278.42
mercadinho,2025-03-18,credito_vista,1,1,923.54,0.025,2025-04-17,900.45
mercadinho,2025-03-18,credito_4x,1,4,40.1,0.035,2025-04-17,38.69
mercadinho,2025-03-18,credito_4x,2,4,40.1,0.035,2025-05-17,38.69
mercadinho,2025-03-18,credito_4x,3,4,40.1,0.035,2025-06-16,38.69
mercadinho,2025-03-18,credito_4x,4,4,40.1,0.035,2025-07-16,38.69
mercadinho,2025-03-19,pix,1,1,1300.36,0.0,2025-03-19,1300.36
mercadinho,2025-03-19,debito,1,1,1609.78,0.012,2025-03-20,1590.46
mercadinho,2025-03-19,credito_vista,1,1,869.47,0.025,2025-04-18,847.73
mercadinho,2025-03-19,credito_4x,1,4,37.86,0.035,2025-04-18,36.54
mercadinho,2025-03-19,credito_4x,2,4,37.86,0.035,2025-05-18,36.54
mercadinho,2025-03-19,credito_4x,3,4,37.86,0.035,2025-06-17,36.54
mercadinho,2025-03-19,credito_4x,4,4,37.86,0.035,2025-07-17,36.54
mercadinho,2025-03-20,pix,1,1,1702.72,0.0,2025-03-20,1702.72
mercadinho,2025-03-20,debito,1,1,1794.09,0.012,2025-03-21,1772.56
mercadinho,2025-03-20,credito_vista,1,1,1006.79,0.025,2025-04-19,981.62
mercadinho,2025-03-20,credito_4x,1,4,86.81,0.035,2025-04-19,83.77
mercadinho,2025-03-20,credito_4x,2,4,86.81,0.035,2025-05-19,83.77
mercadinho,2025-03-20,credito_4x,3,4,86.81,0.035,2025-06-18,83.77
mercadinho,2025-03-20,credito_4x,4,4,86.81,0.035,2025-07-18,83.77
mercadinho,2025-03-21,pix,1,1,2212.71,0.0,2025-03-21,2212.71
mercadinho,2025-03-21,debito,1,1,1835.74,0.012,2025-03-22,1813.71
mercadinho,2025-03-21,credito_vista,1,1,927.22,0.025,2025-04-20,904.04
mercadinho,2025-03-21,credito_4x,1,4,45.99,0.035,2025-04-20,44.38
mercadinho,2025-03-21,credito_4x,2,4,45.99,0.035,2025-05-20,44.38
mercadinho,2025-03-21,credito_4x,3,4,45.99,0.035,2025-06-19,44.38
mercadinho,2025-03-21,credito_4x,4,4,45.99,0.035,2025-07-19,44.38
mercadinho,2025-03-22,pix,1,1,2827.14,0.0,2025-03-22,2827.14
mercadinho,2025-03-22,debito,1,1,2052.1,0.012,2025-03-23,2027.48
mercadinho,2025-03-22,credito_vista,1,1,1297.07,0.025,2025-04-21,1264.64
mercadinho,2025-03-22,credito_4x,1,4,59.42,0.035,2025-04-21,57.34
mercadinho,2025-03-22,credito_4x,2,4,59.42,0.035,2025-05-21,57.34
mercadinho,2025-03-22,credito_4x,3,4,59.42,0.035,2025-06-20,57.34
mercadinho,2025-03-22,credito_4x,4,4,59.42,0.035,2025-07-20,57.34
mercadinho,2025-03-23,pix,1,1,1108.6,0.0,2025-03-23,1108.6
mercadinho,2025-03-23,debito,1,1,929.2,0.012,2025-03-24,918.05
mercadinho,2025-03-23,credito_vista,1,1,513.73,0.025,2025-04-22,500.88
mercadinho,2025-03-23,credito_4x,1,4,17.45,0.035,2025-04-22,16.84
mercadinho,2025-03-23,credito_4x,2,4,17.45,0.035,2025-05-22,16.84
mercadinho,2025-03-23,credito_4x,3,4,17.45,0.035,2025-06-21,16.84
mercadinho,2025-03-23,credito_4x,4,4,17.45,0.035,2025-07-21,16.84
mercadinho,2025-03-24,pix,1,1,2485.85,0.0,2025-03-24,2485.85
mercadinho,2025-03-24,debito,1,1,1847.39,0.012,2025-03-25,1825.22
mercadinho,2025-03-24,credito_vista,1,1,1028.78,0.025,2025-04-23,1003.06
mercadinho,2025-03-24,credito_4x,1,4,56.8,0.035,2025-04-23,54.81
mercadinho,2025-03-24,credito_4x,2,4,56.8,0.035,2025-05-23,54.81
mercadinho,2025-03-24,credito_4x,3,4,56.8,0.035,2025-06-22,54.81
mercadinho,2025-03-24,credito_4x,4,4,56.8,0.035,2025-07-22,54.81
mercadinho,2025-03-25,pix,1,1,1259.18,0.0,2025-03-25,1259.18
mercadinho,2025-03-25,debito,1,1,1140.22,0.012,2025-03-26,1126.54
mercadinho,2025-03-25,credito_vista,1,1,812.78,0.025,2025-04-24,792.46
mercadinho,2025-03-25,credito_4x,1,4,20.66,0.035,2025-04-24,19.94
mercadinho,2025-03-25,credito_4x,2,4,20.66,0.035,2025-05-24,19.94
mercadinho,2025-03-25,credito_4x,3,4,20.66,0.035,2025-06-23,19.94
mercadinho,2025-03-25,credito_4x,4,4,20.66,0.035,2025-07-23,19.94
mercadinho,2025-03-26,pix,1,1,1351.33,0.0,2025-03-26,1351.33
mercadinho,2025-03-26,debito,1,1,1382.14,0.012,2025-03-27,1365.56
mercadinho,2025-03-26,credito_vista,1,1,786.75,0.025,2025-04-25,767.08
mercadinho,2025-03-26,credito_4x,1,4,22.41,0.035,2025-04-25,21.62
mercadinho,2025-03-26,credito_4x,2,4,22.41,0.035,2025-05-25,21.62
mercadinho,2025-03-26,credito_4x,3,4,22.41,0.035,2025-06-24,21.62
mercadinho,2025-03-26,credito_4x,4,4,22.41,0.035,2025-07-24,21.62
mercadinho,2025-03-27,pix,1,1,1245.24,0.0,2025-03-27,1245.24
mercadinho,2025-03-27,debito,1,1,1068.27,0.012,2025-03-28,1055.45
mercadinho,2025-03-27,credito_vista,1,1,622.41,0.025,2025-04-26,606.85
mercadinho,2025-03-27,credito_4x,1,4,33.3,0.035,2025-04-26,32.14
mercadinho,2025-03-27,credito_4x,2,4,33.3,0.035,2025-05-26,32.14
mercadinho,2025-03-27,credito_4x,3,4,33.3,0.035,2025-06-25,32.14
mercadinho,2025-03-27,credito_4x,4,4,33.3,0.035,2025-07-25,32.14
mercadinho,2025-03-28,pix,1,1,1846.91,0.0,2025-03-28,1846.91
mercadinho,2025-03-28,debito,1,1,1583.55,0.012,2025-03-29,1564.55
mercadinho,2025-03-28,credito_vista,1,1,990.02,0.025,2025-04-27,965.27
mercadinho,2025-03-28,credito_4x,1,4,52.45,0.035,2025-04-27,50.62
mercadinho,2025-03-28,credito_4x,2,4,52.45,0.035,2025-05-27,50.62
mercadinho,2025-03-28,credito_4x,3,4,52.45,0.035,2025-06-26,50.62
mercadinho,2025-03-28,credito_4x,4,4,52.45,0.035,2025-07-26,50.62
mercadinho,2025-03-29,pix,1,1,1870.05,0.0,2025-03-29,1870.05
mercadinho,2025-03-29,debito,1,1,1686.52,0.012,2025-03-30,1666.28
mercadinho,2025-03-29,credito_vista,1,1,801.72,0.025,2025-04-28,781.68
mercadinho,2025-03-29,credito_4x,1,4,36.3,0.035,2025-04-28,35.03
mercadinho,2025-03-29,credito_4x,2,4,36.3,0.035,2025-05-28,35.03
mercadinho,2025-03-29,credito_4x,3,4,36.3,0.035,2025-06-27,35.03
mercadinho,2025-03-29,credito_4x,4,4,36.3,0.035,2025-07-27,35.03
mercadinho,2025-03-30,pix,1,1,916.81,0.0,2025-03-30,916.81
mercadinho,2025-03-30,debito,1,1,734.49,0.012,2025-03-31,725.68
mercadinho,2025-03-30,credito_vista,1,1,386.66,0.025,2025-04-29,376.99
mercadinho,2025-03-30,credito_4x,1,4,15.74,0.035,2025-04-29,15.19
mercadinho,2025-03-30,credito_4x,2,4,15.74,0.035,2025-05-29,15.19
mercadinho,2025-03-30,credito_4x,3,4,15.74,0.035,2025-06-28,15.19
mercadinho,2025-03-30,credito_4x,4,4,15.74,0.035,2025-07-28,15.19
mercadinho,2025-03-31,pix,1,1,1867.15,0.0,2025-03-31,1867.15
mercadinho,2025-03-31,debito,1,1,1693.27,0.012,2025-04-01,1672.95
mercadinho,2025-03-31,credito_vista,1,1,985.14,0.025,2025-04-30,960.51
mercadinho,2025-03-31,credito_4x,1,4,36.05,0.035,2025-04-30,34.79
mercadinho,2025-03-31,credito_4x,2,4,36.05,0.035,2025-05-30,34.79
mercadinho,2025-03-31,credito_4x,3,4,36.05,0.035,2025-06-29,34.79
mercadinho,2025-03-31,credito_4x,4,4,36.05,0.035,2025-07-29,34.79
mercadinho,2025-04-01,pix,1,1,2908.96,0.0,2025-04-01,2908.96
mercadinho,2025-04-01,debito,1,1,2135.58,0.012,2025-04-02,2109.95
mercadinho,2025-04-01,credito_vista,1,1,1135.39,0.025,2025-05-01,1107.01
mercadinho,2025-04-01,credito_4x,1,4,54.63,0.035,2025-05-01,52.72
mercadinho,2025-04-01,credito_4x,2,4,54.63,0.035,2025-05-31,52.72
mercadinho,2025-04-01,credito_4x,3,4,54.63,0.035,2025-06-30,52.72
mercadinho,2025-04-01,credito_4x,4,4,54.63,0.035,2025-07-30,52.72
mercadinho,2025-04-02,pix,1,1,2347.33,0.0,2025-04-02,2347.33
mercadinho,2025-04-02,debito,1,1,2021.66,0.012,2025-04-03,1997.4
mercadinho,2025-04-02,credito_vista,1,1,1200.55,0.025,2025-05-02,1170.53
mercadinho,2025-04-02,credito_4x,1,4,52.16,0.035,2025-05-02,50.33
mercadinho,2025-04-02,credito_4x,2,4,52.16,0.035,2025-06-01,50.33
mercadinho,2025-04-02,credito_4x,3,4,52.16,0.035,2025-07-01,50.33
mercadinho,2025-04-02,credito_4x,4,4,52.16,0.035,2025-07-31,50.33
mercadinho,2025-04-03,pix,1,1,3554.28,0.0,2025-04-03,3554.28
mercadinho,2025-04-03,debito,1,1,2765.13,0.012,2025-04-04,2731.95
mercadinho,2025-04-03,credito_vista,1,1,1497.41,0.025,2025-05-03,1459.98
mercadinho,2025-04-03,credito_4x,1,4,79.02,0.035,2025-05-03,76.25
mercadinho,2025-04-03,credito_4x,2,4,79.02,0.035,2025-06-02,76.25
mercadinho,2025-04-03,credito_4x,3,4,79.02,0.035,2025-07-02,76.25
mercadinho,2025-04-03,credito_4x,4,4,79.02,0.035,2025-08-01,76.25
mercadinho,2025-04-04,pix,1,1,2484.63,0.0,2025-04-04,2484.63
mercadinho,2025-04-04,debito,1,1,2768.9,0.012,2025-04-05,2735.68
mercadinho,2025-04-04,credito_vista,1,1,1432.45,0.025,2025-05-04,1396.64
mercadinho,2025-04-04,credito_4x,1,4,77.91,0.035,2025-05-04,75.18
mercadinho,2025-04-04,credito_4x,2,4,77.91,0.035,2025-06-03,75.18
mercadinho,2025-04-04,credito_4x,3,4,77.91,0.035,2025-07-03,75.18
mercadinho,2025-04-04,credito_4x,4,4,77.91,0.035,2025-08-02,75.18
mercadinho,2025-04-05,pix,1,1,3852.77,0.0,2025-04-05,3852.77
mercadinho,2025-04-05,debito,1,1,3384.64,0.012,2025-04-06,3344.03
mercadinho,2025-04-05,credito_vista,1,1,2041.55,0.025,2025-05-05,1990.51
mercadinho,2025-04-05,credito_4x,1,4,88.33,0.035,2025-05-05,85.24
mercadinho,2025-04-05,credito_4x,2,4,88.33,0.035,2025-06-04,85.24
mercadinho,2025-04-05,credito_4x,3,4,88.33,0.035,2025-07-04,85.24
mercadinho,2025-04-05,credito_4x,4,4,88.33,0.035,2025-08-03,85.24
mercadinho,2025-04-06,pix,1,1,1298.97,0.0,2025-04-06,1298.97
mercadinho,2025-04-06,debito,1,1,935.19,0.012,2025-04-07,923.97
mercadinho,2025-04-06,credito_vista,1,1,798.58,0.025,2025-05-06,778.62
mercadinho,2025-04-06,credito_4x,1,4,24.47,0.035,2025-05-06,23.62
mercadinho,2025-04-06,credito_4x,2,4,24.47,0.035,2025-06-05,23.62
mercadinho,2025-04-06,credito_4x,3,4,24.47,0.035,2025-07-05,23.62
mercadinho,2025-04-06,credito_4x,4,4,24.47,0.035,2025-08-04,23.62
mercadinho,2025-04-07,pix,1,1,2375.98,0.0,2025-04-07,2375.98
mercadinho,2025-04-07,debito,1,1,2377.44,0.012,2025-04-08,2348.91
mercadinho,2025-04-07,credito_vista,1,1,1273.1,0.025,2025-05-07,1241.27
mercadinho,2025-04-07,credito_4x,1,4,71.46,0.035,2025-05-07,68.96
mercadinho,2025-04-07,credito_4x,2,4,71.46,0.035,2025-06-06,68.96
mercadinho,2025-04-07,credito_4x,3,4,71.46,0.035,2025-07-06,68.96
mercadinho,2025-04-07,credito_4x,4,4,71.46,0.035,2025-08-05,68.96
mercadinho,2025-04-08,pix,1,1,2057.95,0.0,2025-04-08,2057.95
mercadinho,2025-04-08,debito,1,1,1919.13,0.012,2025-04-09,1896.1
mercadinho,2025-04-08,credito_vista,1,1,922.62,0.025,2025-05-08,899.55
mercadinho,2025-04-08,credito_4x,1,4,41.28,0.035,2025-05-08,39.83
mercadinho,2025-04-08,credito_4x,2,4,41.28,0.035,2025-06-07,39.83
mercadinho,2025-04-08,credito_4x,3,4,41.28,0.035,2025-07-07,39.83
mercadinho,2025-04-08,credito_4x,4,4,41.28,0.035,2025-08-06,39.83
mercadinho,2025-04-09,pix,1,1,2868.88,0.0,2025-04-09,2868.88
mercadinho,2025-04-09,debito,1,1,1735.87,0.012,2025-04-10,1715.04
mercadinho,2025-04-09,credito_vista,1,1,1235.31,0.025,2025-05-09,1204.43
mercadinho,2025-04-09,credito_4x,1,4,40.99,0.035,2025-05-09,39.56
mercadinho,2025-04-09,credito_4x,2,4,40.99,0.035,2025-06-08,39.56
mercadinho,2025-04-09,credito_4x,3,4,40.99,0.035,2025-07-08,39.56
mercadinho,2025-04-09,credito_4x,4,4,40.99,0.035,2025-08-07,39.56
mercadinho,2025-04-10,pix,1,1,2280.16,0.0,2025-04-10,2280.16
mercadinho,2025-04-10,debito,1,1,2617.64,0.012,2025-04-11,2586.22
mercadinho,2025-04-10,credito_vista,1,1,1153.51,0.025,2025-05-10,1124.67
mercadinho,2025-04-10,credito_4x,1,4,36.06,0.035,2025-05-10,34.8
mercadinho,2025-04-10,credito_4x,2,4,36.06,0.035,2025-06-09,34.8
mercadinho,2025-04-10,credito_4x,3,4,36.06,0.035,2025-07-09,34.8
mercadinho,2025-04-10,credito_4x,4,4,36.06,0.035,2025-08-08,34.8
mercadinho,2025-04-11,pix,1,1,2392.24,0.0,2025-04-11,2392.24
mercadinho,2025-04-11,debito,1,1,2059.31,0.012,2025-04-12,2034.6
mercadinho,2025-04-11,credito_vista,1,1,1183.41,0.025,2025-05-11,1153.83
mercadinho,2025-04-11,credito_4x,1,4,49.01,0.035,2025-05-11,47.29
mercadinho,2025-04-11,credito_4x,2,4,49.01,0.035,2025-06-10,47.29
mercadinho,2025-04-11,credito_4x,3,4,49.01,0.035,2025-07-10,47.29
mercadinho,2025-04-11,credito_4x,4,4,49.01,0.035,2025-08-09,47.29
mercadinho,2025-04-12,pix,1,1,3259.93,0.0,2025-04-12,3259.93
mercadinho,2025-04-12,debito,1,1,2532.01,0.012,2025-04-13,2501.63
mercadinho,2025-04-12,credito_vista,1,1,1344.24,0.025,2025-05-12,1310.64
mercadinho,2025-04-12,credito_4x,1,4,84.21,0.035,2025-05-12,81.26
mercadinho,2025-04-12,credito_4x,2,4,84.21,0.035,2025-06-11,81.26
mercadinho,2025-04-12,credito_4x,3,4,84.21,0.035,2025-07-11,81.26
mercadinho,2025-04-12,credito_4x,4,4,84.21,0.035,2025-08-10,81.26
mercadinho,2025-04-13,pix,1,1,1196.19,0.0,2025-04-13,1196.19
mercadinho,2025-04-13,debito,1,1,861.92,0.012,2025-04-14,851.58
mercadinho,2025-04-13,credito_vista,1,1,574.47,0.025,2025-05-13,560.11
mercadinho,2025-04-13,credito_4x,1,4,22.68,0.035,2025-05-13,21.88
mercadinho,2025-04-13,credito_4x,2,4,22.68,0.035,2025-06-12,21.88
mercadinho,2025-04-13,credito_4x,3,4,22.68,0.035,2025-07-12,21.88
mercadinho,2025-04-13,credito_4x,4,4,22.68,0.035,2025-08-11,21.88
mercadinho,2025-04-14,pix,1,1,2236.48,0.0,2025-04-14,2236.48
mercadinho,2025-04-14,debito,1,1,1795.29,0.012,2025-04-15,1773.74
mercadinho,2025-04-14,credito_vista,1,1,984.68,0.025,2025-05-14,960.07
mercadinho,2025-04-14,credito_4x,1,4,50.05,0.035,2025-05-14,48.29
mercadinho,2025-04-14,credito_4x,2,4,50.05,0.035,2025-06-13,48.29
mercadinho,2025-04-14,credito_4x,3,4,50.05,0.035,2025-07-13,48.29
mercadinho,2025-04-14,credito_4x,4,4,50.05,0.035,2025-08-12,48.29
mercadinho,2025-04-15,pix,1,1,2033.65,0.0,2025-04-15,2033.65
mercadinho,2025-04-15,debito,1,1,1799.24,0.012,2025-04-16,1777.65
mercadinho,2025-04-15,credito_vista,1,1,951.92,0.025,2025-05-15,928.12
mercadinho,2025-04-15,credito_4x,1,4,39.95,0.035,2025-05-15,38.55
mercadinho,2025-04-15,credito_4x,2,4,39.95,0.035,2025-06-14,38.55
mercadinho,2025-04-15,credito_4x,3,4,39.95,0.035,2025-07-14,38.55
mercadinho,2025-04-15,credito_4x,4,4,39.95,0.035,2025-08-13,38.55
mercadinho,2025-04-16,pix,1,1,1549.84,0.0,2025-04-16,1549.84
mercadinho,2025-04-16,debito,1,1,1536.14,0.012,2025-04-17,1517.7
mercadinho,2025-04-16,credito_vista,1,1,667.48,0.025,2025-05-16,650.79
mercadinho,2025-04-16,credito_4x,1,4,34.42,0.035,2025-05-16,33.21
mercadinho,2025-04-16,credito_4x,2,4,34.42,0.035,2025-06-15,33.21
mercadinho,2025-04-16,credito_4x,3,4,34.42,0.035,2025-07-15,33.21
mercadinho,2025-04-16,credito_4x,4,4,34.42,0.035,2025-08-14,33.21
mercadinho,2025-04-17,pix,1,1,1968.03,0.0,2025-04-17,1968.03
mercadinho,2025-04-17,debito,1,1,1594.98,0.012,2025-04-18,1575.84
mercadinho,2025-04-17,credito_vista,1,1,757.35,0.025,2025-05-17,738.41
mercadinho,2025-04-17,credito_4x,1,4,32.01,0.035,2025-05-17,30.89
mercadinho,2025-04-17,credito_4x,2,4,32.01,0.035,2025-06-16,30.89
mercadinho,2025-04-17,credito_4x,3,4,32.01,0.035,2025-07-16,30.89
mercadinho,2025-04-17,credito_4x,4,4,32.01,0.035,2025-08-15,30.89
mercadinho,2025-04-18,pix,1,1,2497.3,0.0,2025-04-18,2497.3
mercadinho,2025-04-18,debito,1,1,1958.32,0.012,2025-04-19,1934.82
mercadinho,2025-04-18,credito_vista,1,1,1260.43,0.025,2025-05-18,1228.92
mercadinho,2025-04-18,credito_4x,1,4,81.31,0.035,2025-05-18,78.46
mercadinho,2025-04-18,credito_4x,2,4,81.31,0.035,2025-06-17,78.46
mercadinho,2025-04-18,credito_4x,3,4,81.31,0.035,2025-07-17,78.46
mercadinho,2025-04-18,credito_4x,4,4,81.31,0.035,2025-08-16,78.46
mercadinho,2025-04-19,pix,1,1,3012.62,0.0,2025-04-19,3012.62
mercadinho,2025-04-19,debito,1,1,2384.61,0.012,2025-04-20,2355.99
mercadinho,2025-04-19,credito_vista,1,1,1469.5,0.025,2025-05-19,1432.76
mercadinho,2025-04-19,credito_4x,1,4,71.4,0.035,2025-05-19,68.9
mercadinho,2025-04-19,credito_4x,2,4,71.4,0.035,2025-06-18,68.9
mercadinho,2025-04-19,credito_4x,3,4,71.4,0.035,2025-07-18,68.9
mercadinho,2025-04-19,credito_4x,4,4,71.4,0.035,2025-08-17,68.9
mercadinho,2025-04-20,pix,1,1,1444.47,0.0,2025-04-20,1444.47
mercadinho,2025-04-20,debito,1,1,1283.54,0.012,2025-04-21,1268.14
mercadinho,2025-04-20,credito_vista,1,1,442.71,0.025,2025-05-20,431.64
mercadinho,2025-04-20,credito_4x,1,4,30.45,0.035,2025-05-20,29.38
mercadinho,2025-04-20,credito_4x,2,4,30.45,0.035,2025-06-19,29.38
mercadinho,2025-04-20,credito_4x,3,4,30.45,0.035,2025-07-19,29.38
mercadinho,2025-04-20,credito_4x,4,4,30.45,0.035,2025-08-18,29.38
mercadinho,2025-04-21,pix,1,1,1962.12,0.0,2025-04-21,1962.12
mercadinho,2025-04-21,debito,1,1,1667.19,0.012,2025-04-22,1647.18
mercadinho,2025-04-21,credito_vista,1,1,943.65,0.025,2025-05-21,920.06
mercadinho,2025-04-21,credito_4x,1,4,90.41,0.035,2025-05-21,87.25
mercadinho,2025-04-21,credito_4x,2,4,90.41,0.035,2025-06-20,87.25
mercadinho,2025-04-21,credito_4x,3,4,90.41,0.035,2025-07-20,87.25
mercadinho,2025-04-21,credito_4x,4,4,90.41,0.035,2025-08-19,87.25
mercadinho,2025-04-22,pix,1,1,1978.59,0.0,2025-04-22,1978.59
mercadinho,2025-04-22,debito,1,1,1456.13,0.012,2025-04-23,1438.65
mercadinho,2025-04-22,credito_vista,1,1,769.65,0.025,2025-05-22,750.4
mercadinho,2025-04-22,credito_4x,1,4,53.26,0.035,2025-05-22,51.4
mercadinho,2025-04-22,credito_4x,2,4,53.26,0.035,2025-06-21,51.4
mercadinho,2025-04-22,credito_4x,3,4,53.26,0.035,2025-07-21,51.4
mercadinho,2025-04-22,credito_4x,4,4,53.26,0.035,2025-08-20,51.4
mercadinho,2025-04-23,pix,1,1,1779.23,0.0,2025-04-23,1779.23
mercadinho,2025-04-23,debito,1,1,1385.46,0.012,2025-04-24,1368.83
mercadinho,2025-04-23,credito_vista,1,1,847.77,0.025,2025-05-23,826.58
mercadinho,2025-04-23,credito_4x,1,4,37.48,0.035,2025-05-23,36.17
mercadinho,2025-04-23,credito_4x,2,4,37.48,0.035,2025-06-22,36.17
mercadinho,2025-04-23,credito_4x,3,4,37.48,0.035,2025-07-22,36.17
mercadinho,2025-04-23,credito_4x,4,4,37.48,0.035,2025-08-21,36.17
mercadinho,2025-04-24,pix,1,1,2206.85,0.0,2025-04-24,2206.85
mercadinho,2025-04-24,debito,1,1,1505.31,0.012,2025-04-25,1487.25
mercadinho,2025-04-24,credito_vista,1,1,1065.08,0.025,2025-05-24,1038.45
mercadinho,2025-04-24,credito_4x,1,4,44.95,0.035,2025-05-24,43.37
mercadinho,2025-04-24,credito_4x,2,4,44.95,0.035,2025-06-23,43.37
mercadinho,2025-04-24,credito_4x,3,4,44.95,0.035,2025-07-23,43.37
mercadinho,2025-04-24,credito_4x,4,4,44.95,0.035,2025-08-22,43.37
mercadinho,2025-04-25,pix,1,1,1747.07,0.0,2025-04-25,1747.07
mercadinho,2025-04-25,debito,1,1,1466.46,0.012,2025-04-26,1448.86
mercadinho,2025-04-25,credito_vista,1,1,919.22,0.025,2025-05-25,896.24
mercadinho,2025-04-25,credito_4x,1,4,72.24,0.035,2025-05-25,69.71
mercadinho,2025-04-25,credito_4x,2,4,72.24,0.035,2025-06-24,69.71
mercadinho,2025-04-25,credito_4x,3,4,72.24,0.035,2025-07-24,69.71
mercadinho,2025-04-25,credito_4x,4,4,72.24,0.035,2025-08-23,69.71
mercadinho,2025-04-26,pix,1,1,2201.61,0.0,2025-04-26,2201.61
mercadinho,2025-04-26,debito,1,1,1681.57,0.012,2025-04-27,1661.39
mercadinho,2025-04-26,credito_vista,1,1,962.86,0.025,2025-05-26,938.79
mercadinho,2025-04-26,credito_4x,1,4,29.05,0.035,2025-05-26,28.03
mercadinho,2025-04-26,credito_4x,2,4,29.05,0.035,2025-06-25,28.03
mercadinho,2025-04-26,credito_4x,3,4,29.05,0.035,2025-07-25,28.03
mercadinho,2025-04-26,credito_4x,4,4,29.05,0.035,2025-08-24,28.03
mercadinho,2025-04-27,pix,1,1,749.78,0.0,2025-04-27,749.78
mercadinho,2025-04-27,debito,1,1,831.87,0.012,2025-04-28,821.89
mercadinho,2025-04-27,credito_vista,1,1,392.02,0.025,2025-05-27,382.22
mercadinho,2025-04-27,credito_4x,1,4,47.88,0.035,2025-05-27,46.21
mercadinho,2025-04-27,credito_4x,2,4,47.88,0.035,2025-06-26,46.21
mercadinho,2025-04-27,credito_4x,3,4,47.88,0.035,2025-07-26,46.21
mercadinho,2025-04-27,credito_4x,4,4,47.88,0.035,2025-08-25,46.21
mercadinho,2025-04-28,pix,1,1,1527.65,0.0,2025-04-28,1527.65
mercadinho,2025-04-28,debito,1,1,1547.87,0.012,2025-04-29,1529.3
mercadinho,2025-04-28,credito_vista,1,1,855.87,0.025,2025-05-28,834.47
mercadinho,2025-04-28,credito_4x,1,4,25.74,0.035,2025-05-28,24.84
mercadinho,2025-04-28,credito_4x,2,4,25.74,0.035,2025-06-27,24.84
mercadinho,2025-04-28,credito_4x,3,4,25.74,0.035,2025-07-27,24.84
mercadinho,2025-04-28,credito_4x,4,4,25.74,0.035,2025-08-26,24.84
mercadinho,2025-04-29,pix,1,1,1426.73,0.0,2025-04-29,1426.73
mercadinho,2025-04-29,debito,1,1,1051.71,0.012,2025-04-30,1039.09
mercadinho,2025-04-29,credito_vista,1,1,657.76,0.025,2025-05-29,641.32
mercadinho,2025-04-29,credito_4x,1,4,31.67,0.035,2025-05-29,30.56
mercadinho,2025-04-29,credito_4x,2,4,31.67,0.035,2025-06-28,30.56
mercadinho,2025-04-29,credito_4x,3,4,31.67,0.035,2025-07-28,30.56
mercadinho,2025-04-29,credito_4x,4,4,31.67,0.035,2025-08-27,30.56
mercadinho,2025-04-30,pix,1,1,1361.46,0.0,2025-04-30,1361.46
mercadinho,2025-04-30,debito,1,1,1134.26,0.012,2025-05-01,1120.65
mercadinho,2025-04-30,credito_vista,1,1,618.74,0.025,2025-05-30,603.27
mercadinho,2025-04-30,credito_4x,1,4,18.73,0.035,2025-05-30,18.07
mercadinho,2025-04-30,credito_4x,2,4,18.73,0.035,2025-06-29,18.07
mercadinho,2025-04-30,credito_4x,3,4,18.73,0.035,2025-07-29,18.07
mercadinho,2025-04-30,credito_4x,4,4,18.73,0.035,2025-08-28,18.07
mercadinho,2025-05-01,pix,1,1,2552.74,0.0,2025-05-01,2552.74
mercadinho,2025-05-01,debito,1,1,2352.46,0.012,2025-05-02,2324.23
mercadinho,2025-05-01,credito_vista,1,1,1083.2,0.025,2025-05-31,1056.12
mercadinho,2025-05-01,credito_4x,1,4,100.14,0.035,2025-05-31,96.63
mercadinho,2025-05-01,credito_4x,2,4,100.14,0.035,2025-06-30,96.63
mercadinho,2025-05-01,credito_4x,3,4,100.14,0.035,2025-07-30,96.63
mercadinho,2025-05-01,credito_4x,4,4,100.14,0.035,2025-08-29,96.63
mercadinho,2025-05-02,pix,1,1,2567.14,0.0,2025-05-02,2567.14
mercadinho,2025-05-02,debito,1,1,1628.7,0.012,2025-05-03,1609.15
mercadinho,2025-05-02,credito_vista,1,1,970.25,0.025,2025-06-01,945.99
mercadinho,2025-05-02,credito_4x,1,4,42.65,0.035,2025-06-01,41.16
mercadinho,2025-05-02,credito_4x,2,4,42.65,0.035,2025-07-01,41.16
mercadinho,2025-05-02,credito_4x,3,4,42.65,0.035,2025-07-31,41.16
mercadinho,2025-05-02,credito_4x,4,4,42.65,0.035,2025-08-30,41.16
mercadinho,2025-05-03,pix,1,1,3237.5,0.0,2025-05-03,3237.5
mercadinho,2025-05-03,debito,1,1,2840.98,0.012,2025-05-04,2806.89
mercadinho,2025-05-03,credito_vista,1,1,1630.14,0.025,2025-06-02,1589.39
mercadinho,2025-05-03,credito_4x,1,4,85.04,0.035,2025-06-02,82.07
mercadinho,2025-05-03,credito_4x,2,4,85.04,0.035,2025-07-02,82.07
mercadinho,2025-05-03,credito_4x,3,4,85.04,0.035,2025-08-01,82.07
mercadinho,2025-05-03,credito_4x,4,4,85.04,0.035,2025-08-31,82.07
mercadinho,2025-05-04,pix,1,1,1412.41,0.0,2025-05-04,1412.41
mercadinho,2025-05-04,debito,1,1,997.3,0.012,2025-05-05,985.34
mercadinho,2025-05-04,credito_vista,1,1,717.13,0.025,2025-06-03,699.2
mercadinho,2025-05-04,credito_4x,1,4,29.98,0.035,2025-06-03,28.93
mercadinho,2025-05-04,credito_4x,2,4,29.98,0.035,2025-07-03,28.93
mercadinho,2025-05-04,credito_4x,3,4,29.98,0.035,2025-08-02,28.93
mercadinho,2025-05-04,credito_4x,4,4,29.98,0.035,2025-09-01,28.93
mercadinho,2025-05-05,pix,1,1,2808.45,0.0,2025-05-05,2808.45
mercadinho,2025-05-05,debito,1,1,2433.01,0.012,2025-05-06,2403.82
mercadinho,2025-05-05,credito_vista,1,1,1499.86,0.025,2025-06-04,1462.36
mercadinho,2025-05-05,credito_4x,1,4,112.13,0.035,2025-06-04,108.2
mercadinho,2025-05-05,credito_4x,2,4,112.13,0.035,2025-07-04,108.2
mercadinho,2025-05-05,credito_4x,3,4,112.13,0.035,2025-08-03,108.2
mercadinho,2025-05-05,credito_4x,4,4,112.13,0.035,2025-09-02,108.2
mercadinho,2025-05-06,pix,1,1,2585.33,0.0,2025-05-06,2585.33
mercadinho,2025-05-06,debito,1,1,1744.23,0.012,2025-05-07,1723.3
mercadinho,2025-05-06,credito_vista,1,1,1056.31,0.025,2025-06-05,1029.9
mercadinho,2025-05-06,credito_4x,1,4,40.36,0.035,2025-06-05,38.95
mercadinho,2025-05-06,credito_4x,2,4,40.36,0.035,2025-07-05,38.95
mercadinho,2025-05-06,credito_4x,3,4,40.36,0.035,2025-08-04,38.95
mercadinho,2025-05-06,credito_4x,4,4,40.36,0.035,2025-09-03,38.95
mercadinho,2025-05-07,pix,1,1,2363.39,0.0,2025-05-07,2363.39
mercadinho,2025-05-07,debito,1,1,1764.84,0.012,2025-05-08,1743.66
mercadinho,2025-05-07,credito_vista,1,1,1058.28,0.025,2025-06-06,1031.82
mercadinho,2025-05-07,credito_4x,1,4,72.04,0.035,2025-06-06,69.52
mercadinho,2025-05-07,credito_4x,2,4,72.04,0.035,2025-07-06,69.52
mercadinho,2025-05-07,credito_4x,3,4,72.04,0.035,2025-08-05,69.52
mercadinho,2025-05-07,credito_4x,4,4,72.04,0.035,2025-09-04,69.52
mercadinho,2025-05-08,pix,1,1,2204.31,0.0,2025-05-08,2204.31
mercadinho,2025-05-08,debito,1,1,2294.66,0.012,2025-05-09,2267.13
mercadinho,2025-05-08,credito_vista,1,1,1238.66,0.025,2025-06-07,1207.69
mercadinho,2025-05-08,credito_4x,1,4,83.56,0.035,2025-06-07,80.64
mercadinho,2025-05-08,credito_4x,2,4,83.56,0.035,2025-07-07,80.64
mercadinho,2025-05-08,credito_4x,3,4,83.56,0.035,2025-08-06,80.64
mercadinho,2025-05-08,credito_4x,4,4,83.56,0.035,2025-09-05,80.64
mercadinho,2025-05-09,pix,1,1,3067.16,0.0,2025-05-09,3067.16
mercadinho,2025-05-09,debito,1,1,2549.69,0.012,2025-05-10,2519.1
mercadinho,2025-05-09,credito_vista,1,1,1362.22,0.025,2025-06-08,1328.16
mercadinho,2025-05-09,credito_4x,1,4,47.36,0.035,2025-06-08,45.7
mercadinho,2025-05-09,credito_4x,2,4,47.36,0.035,2025-07-08,45.7
mercadinho,2025-05-09,credito_4x,3,4,47.36,0.035,2025-08-07,45.7
mercadinho,2025-05-09,credito_4x,4,4,47.36,0.035,2025-09-06,45.7
mercadinho,2025-05-10,pix,1,1,3555.67,0.0,2025-05-10,3555.67
mercadinho,2025-05-10,debito,1,1,2803.6,0.012,2025-05-11,2769.96
mercadinho,2025-05-10,credito_vista,1,1,1356.41,0.025,2025-06-09,1322.5
mercadinho,2025-05-10,credito_4x,1,4,118.12,0.035,2025-06-09,113.98
mercadinho,2025-05-10,credito_4x,2,4,118.12,0.035,2025-07-09,113.98
mercadinho,2025-05-10,credito_4x,3,4,118.12,0.035,2025-08-08,113.98
mercadinho,2025-05-10,credito_4x,4,4,118.12,0.035,2025-09-07,113.98
mercadinho,2025-05-11,pix,1,1,1122.62,0.0,2025-05-11,1122.62
mercadinho,2025-05-11,debito,1,1,837.27,0.012,2025-05-12,827.22
mercadinho,2025-05-11,credito_vista,1,1,707.08,0.025,2025-06-10,689.41
mercadinho,2025-05-11,credito_4x,1,4,53.88,0.035,2025-06-10,51.99
mercadinho,2025-05-11,credito_4x,2,4,53.88,0.035,2025-07-10,51.99
mercadinho,2025-05-11,credito_4x,3,4,53.88,0.035,2025-08-09,51.99
mercadinho,2025-05-11,credito_4x,4,4,53.88,0.035,2025-09-08,51.99
mercadinho,2025-05-12,pix,1,1,1923.29,0.0,2025-05-12,1923.29
mercadinho,2025-05-12,debito,1,1,1717.54,0.012,2025-05-13,1696.93
mercadinho,2025-05-12,credito_vista,1,1,991.75,0.025,2025-06-11,966.96
mercadinho,2025-05-12,credito_4x,1,4,37.32,0.035,2025-06-11,36.01
mercadinho,2025-05-12,credito_4x,2,4,37.32,0.035,2025-07-11,36.01
mercadinho,2025-05-12,credito_4x,3,4,37.32,0.035,2025-08-10,36.01
mercadinho,2025-05-12,credito_4x,4,4,37.32,0.035,2025-09-09,36.01
mercadinho,2025-05-13,pix,1,1,1938.65,0.0,2025-05-13,1938.65
mercadinho,2025-05-13,debito,1,1,1160.69,0.012,2025-05-14,1146.76
mercadinho,2025-05-13,credito_vista,1,1,1054.4,0.025,2025-06-12,1028.04
mercadinho,2025-05-13,credito_4x,1,4,41.64,0.035,2025-06-12,40.18
mercadinho,2025-05-13,credito_4x,2,4,41.64,0.035,2025-07-12,40.18
mercadinho,2025-05-13,credito_4x,3,4,41.64,0.035,2025-08-11,40.18
mercadinho,2025-05-13,credito_4x,4,4,41.64,0.035,2025-09-10,40.18
mercadinho,2025-05-14,pix,1,1,1931.61,0.0,2025-05-14,1931.61
mercadinho,2025-05-14,debito,1,1,1300.05,0.012,2025-05-15,1284.45
mercadinho,2025-05-14,credito_vista,1,1,734.28,0.025,2025-06-13,715.92
mercadinho,2025-05-14,credito_4x,1,4,22.33,0.035,2025-06-13,21.55
mercadinho,2025-05-14,credito_4x,2,4,22.33,0.035,2025-07-13,21.55
mercadinho,2025-05-14,credito_4x,3,4,22.33,0.035,2025-08-12,21.55
mercadinho,2025-05-14,credito_4x,4,4,22.33,0.035,2025-09-11,21.55
mercadinho,2025-05-15,pix,1,1,1691.05,0.0,2025-05-15,1691.05
mercadinho,2025-05-15,debito,1,1,1509.93,0.012,2025-05-16,1491.81
mercadinho,2025-05-15,credito_vista,1,1,914.24,0.025,2025-06-14,891.38
mercadinho,2025-05-15,credito_4x,1,4,20.58,0.035,2025-06-14,19.86
mercadinho,2025-05-15,credito_4x,2,4,20.58,0.035,2025-07-14,19.86
mercadinho,2025-05-15,credito_4x,3,4,20.58,0.035,2025-08-13,19.86
mercadinho,2025-05-15,credito_4x,4,4,20.58,0.035,2025-09-12,19.86
mercadinho,2025-05-16,pix,1,1,2752.78,0.0,2025-05-16,2752.78
mercadinho,2025-05-16,debito,1,1,1884.38,0.012,2025-05-17,1861.76
mercadinho,2025-05-16,credito_vista,1,1,1126.43,0.025,2025-06-15,1098.27
mercadinho,2025-05-16,credito_4x,1,4,49.84,0.035,2025-06-15,48.1
mercadinho,2025-05-16,credito_4x,2,4,49.84,0.035,2025-07-15,48.1
mercadinho,2025-05-16,credito_4x,3,4,49.84,0.035,2025-08-14,48.1
mercadinho,2025-05-16,credito_4x,4,4,49.84,0.035,2025-09-13,48.1
mercadinho,2025-05-17,pix,1,1,2819.79,0.0,2025-05-17,2819.79
mercadinho,2025-05-17,debito,1,1,2359.59,0.012,2025-05-18,2331.27
mercadinho,2025-05-17,credito_vista,1,1,1240.08,0.025,2025-06-16,1209.08
mercadinho,2025-05-17,credito_4x,1,4,104.33,0.035,2025-06-16,100.68
mercadinho,2025-05-17,credito_4x,2,4,104.33,0.035,2025-07-16,100.68
mercadinho,2025-05-17,credito_4x,3,4,104.33,0.035,2025-08-15,100.68
mercadinho,2025-05-17,credito_4x,4,4,104.33,0.035,2025-09-14,100.68
mercadinho,2025-05-18,pix,1,1,1072.58,0.0,2025-05-18,1072.58
mercadinho,2025-05-18,debito,1,1,831.69,0.012,2025-05-19,821.71
mercadinho,2025-05-18,credito_vista,1,1,452.53,0.025,2025-06-17,441.22
mercadinho,2025-05-18,credito_4x,1,4,19.56,0.035,2025-06-17,18.88
mercadinho,2025-05-18,credito_4x,2,4,19.56,0.035,2025-07-17,18.88
mercadinho,2025-05-18,credito_4x,3,4,19.56,0.035,2025-08-16,18.88
mercadinho,2025-05-18,credito_4x,4,4,19.56,0.035,2025-09-15,18.88
mercadinho,2025-05-19,pix,1,1,2222.68,0.0,2025-05-19,2222.68
mercadinho,2025-05-19,debito,1,1,1772.97,0.012,2025-05-20,1751.69
mercadinho,2025-05-19,credito_vista,1,1,1182.3,0.025,2025-06-18,1152.75
mercadinho,2025-05-19,credito_4x,1,4,41.77,0.035,2025-06-18,40.31
mercadinho,2025-05-19,credito_4x,2,4,41.77,0.035,2025-07-18,40.31
mercadinho,2025-05-19,credito_4x,3,4,41.77,0.035,2025-08-17,40.31
mercadinho,2025-05-19,credito_4x,4,4,41.77,0.035,2025-09-16,40.31
mercadinho,2025-05-20,pix,1,1,1800.9,0.0,2025-05-20,1800.9
mercadinho,2025-05-20,debito,1,1,1656.84,0.012,2025-05-21,1636.96
mercadinho,2025-05-20,credito_vista,1,1,1022.73,0.025,2025-06-19,997.16
mercadinho,2025-05-20,credito_4x,1,4,88.4,0.035,2025-06-19,85.3
mercadinho,2025-05-20,credito_4x,2,4,88.4,0.035,2025-07-19,85.3
mercadinho,2025-05-20,credito_4x,3,4,88.4,0.035,2025-08-18,85.3
mercadinho,2025-05-20,credito_4x,4,4,88.4,0.035,2025-09-17,85.3
mercadinho,2025-05-21,pix,1,1,1780.36,0.0,2025-05-21,1780.36
mercadinho,2025-05-21,debito,1,1,1966.02,0.012,2025-05-22,1942.43
mercadinho,2025-05-21,credito_vista,1,1,1011.75,0.025,2025-06-20,986.46
mercadinho,2025-05-21,credito_4x,1,4,41.65,0.035,2025-06-20,40.19
mercadinho,2025-05-21,credito_4x,2,4,41.65,0.035,2025-07-20,40.19
mercadinho,2025-05-21,credito_4x,3,4,41.65,0.035,2025-08-19,40.19
mercadinho,2025-05-21,credito_4x,4,4,41.65,0.035,2025-09-18,40.19
mercadinho,2025-05-22,pix,1,1,2123.49,0.0,2025-05-22,2123.49
mercadinho,2025-05-22,debito,1,1,1719.81,0.012,2025-05-23,1699.17
mercadinho,2025-05-22,credito_vista,1,1,907.64,0.025,2025-06-21,884.95
mercadinho,2025-05-22,credito_4x,1,4,27.58,0.035,2025-06-21,26.62
mercadinho,2025-05-22,credito_4x,2,4,27.58,0.035,2025-07-21,26.62
mercadinho,2025-05-22,credito_4x,3,4,27.58,0.035,2025-08-20,26.62
mercadinho,2025-05-22,credito_4x,4,4,27.58,0.035,2025-09-19,26.62
mercadinho,2025-05-23,pix,1,1,3000.85,0.0,2025-05-23,3000.85
mercadinho,2025-05-23,debito,1,1,1965.36,0.012,2025-05-24,1941.78
mercadinho,2025-05-23,credito_vista,1,1,1104.64,0.025,2025-06-22,1077.03
mercadinho,2025-05-23,credito_4x,1,4,49.87,0.035,2025-06-22,48.13
mercadinho,2025-05-23,credito_4x,2,4,49.87,0.035,2025-07-22,48.13
mercadinho,2025-05-23,credito_4x,3,4,49.87,0.035,2025-08-21,48.13
mercadinho,2025-05-23,credito_4x,4,4,49.87,0.035,2025-09-20,48.13
mercadinho,2025-05-24,pix,1,1,3615.19,0.0,2025-05-24,3615.19
mercadinho,2025-05-24,debito,1,1,2611.34,0.012,2025-05-25,2580.0
mercadinho,2025-05-24,credito_vista,1,1,1462.01,0.025,2025-06-23,1425.46
mercadinho,2025-05-24,credito_4x,1,4,87.38,0.035,2025-06-23,84.32
mercadinho,2025-05-24,credito_4x,2,4,87.38,0.035,2025-07-23,84.32
mercadinho,2025-05-24,credito_4x,3,4,87.38,0.035,2025-08-22,84.32
mercadinho,2025-05-24,credito_4x,4,4,87.38,0.035,2025-09-21,84.32
mercadinho,2025-05-25,pix,1,1,933.95,0.0,2025-05-25,933.95
mercadinho,2025-05-25,debito,1,1,694.95,0.012,2025-05-26,686.61
mercadinho,2025-05-25,credito_vista,1,1,345.28,0.025,2025-06-24,336.65
mercadinho,2025-05-25,credito_4x,1,4,26.97,0.035,2025-06-24,26.03
mercadinho,2025-05-25,credito_4x,2,4,26.97,0.035,2025-07-24,26.03
mercadinho,2025-05-25,credito_4x,3,4,26.97,0.035,2025-08-23,26.03
mercadinho,2025-05-25,credito_4x,4,4,26.97,0.035,2025-09-22,26.03
mercadinho,2025-05-26,pix,1,1,1482.62,0.0,2025-05-26,1482.62
mercadinho,2025-05-26,debito,1,1,954.4,0.012,2025-05-27,942.95
mercadinho,2025-05-26,credito_vista,1,1,854.83,0.025,2025-06-25,833.46
mercadinho,2025-05-26,credito_4x,1,4,17.32,0.035,2025-06-25,16.72
mercadinho,2025-05-26,credito_4x,2,4,17.32,0.035,2025-07-25,16.72
mercadinho,2025-05-26,credito_4x,3,4,17.32,0.035,2025-08-24,16.72
mercadinho,2025-05-26,credito_4x,4,4,17.32,0.035,2025-09-23,16.72
mercadinho,2025-05-27,pix,1,1,1215.61,0.0,2025-05-27,1215.61
mercadinho,2025-05-27,debito,1,1,981.47,0.012,2025-05-28,969.69
mercadinho,2025-05-27,credito_vista,1,1,575.07,0.025,2025-06-26,560.69
mercadinho,2025-05-27,credito_4x,1,4,25.13,0.035,2025-06-26,24.25
mercadinho,2025-05-27,credito_4x,2,4,25.13,0.035,2025-07-26,24.25
mercadinho,2025-05-27,credito_4x,3,4,25.13,0.035,2025-08-25,24.25
mercadinho,2025-05-27,credito_4x,4,4,25.13,0.035,2025-09-24,24.25
mercadinho,2025-05-28,pix,1,1,1507.98,0.0,2025-05-28,1507.98
mercadinho,2025-05-28,debito,1,1,1394.04,0.012,2025-05-29,1377.31
mercadinho,2025-05-28,credito_vista,1,1,918.84,0.025,2025-06-27,895.87
mercadinho,2025-05-28,credito_4x,1,4,41.13,0.035,2025-06-27,39.69
mercadinho,2025-05-28,credito_4x,2,4,41.13,0.035,2025-07-27,39.69
mercadinho,2025-05-28,credito_4x,3,4,41.13,0.035,2025-08-26,39.69
mercadinho,2025-05-28,credito_4x,4,4,41.13,0.035,2025-09-25,39.69
mercadinho,2025-05-29,pix,1,1,1801.52,0.0,2025-05-29,1801.52
mercadinho,2025-05-29,debito,1,1,1368.74,0.012,2025-05-30,1352.31
mercadinho,2025-05-29,credito_vista,1,1,842.89,0.025,2025-06-28,821.82
mercadinho,2025-05-29,credito_4x,1,4,45.72,0.035,2025-06-28,44.12
mercadinho,2025-05-29,credito_4x,2,4,45.72,0.035,2025-07-28,44.12
mercadinho,2025-05-29,credito_4x,3,4,45.72,0.035,2025-08-27,44.12
mercadinho,2025-05-29,credito_4x,4,4,45.72,0.035,2025-09-26,44.12
mercadinho,2025-05-30,pix,1,1,1885.26,0.0,2025-05-30,1885.26
mercadinho,2025-05-30,debito,1,1,1329.17,0.012,2025-05-31,1313.22
mercadinho,2025-05-30,credito_vista,1,1,750.32,0.025,2025-06-29,731.56
mercadinho,2025-05-30,credito_4x,1,4,19.05,0.035,2025-06-29,18.38
mercadinho,2025-05-30,credito_4x,2,4,19.05,0.035,2025-07-29,18.38
mercadinho,2025-05-30,credito_4x,3,4,19.05,0.035,2025-08-28,18.38
mercadinho,2025-05-30,credito_4x,4,4,19.05,0.035,2025-09-27,18.38
mercadinho,2025-05-31,pix,1,1,2019.72,0.0,2025-05-31,2019.72
mercadinho,2025-05-31,debito,1,1,1653.19,0.012,2025-06-01,1633.35
mercadinho,2025-05-31,credito_vista,1,1,791.54,0.025,2025-06-30,771.75
mercadinho,2025-05-31,credito_4x,1,4,38.88,0.035,2025-06-30,37.52
mercadinho,2025-05-31,credito_4x,2,4,38.88,0.035,2025-07-30,37.52
mercadinho,2025-05-31,credito_4x,3,4,38.88,0.035,2025-08-29,37.52
mercadinho,2025-05-31,credito_4x,4,4,38.88,0.035,2025-09-28,37.52
mercadinho,2025-06-01,pix,1,1,1648.33,0.0,2025-06-01,1648.33
mercadinho,2025-06-01,debito,1,1,1017.22,0.012,2025-06-02,1005.02
mercadinho,2025-06-01,credito_vista,1,1,599.14,0.025,2025-07-01,584.16
mercadinho,2025-06-01,credito_4x,1,4,52.95,0.035,2025-07-01,51.09
mercadinho,2025-06-01,credito_4x,2,4,52.95,0.035,2025-07-31,51.09
mercadinho,2025-06-01,credito_4x,3,4,52.95,0.035,2025-08-30,51.09
mercadinho,2025-06-01,credito_4x,4,4,52.95,0.035,2025-09-29,51.09
mercadinho,2025-06-02,pix,1,1,3003.85,0.0,2025-06-02,3003.85
mercadinho,2025-06-02,debito,1,1,2249.98,0.012,2025-06-03,2222.98
mercadinho,2025-06-02,credito_vista,1,1,1564.39,0.025,2025-07-02,1525.28
mercadinho,2025-06-02,credito_4x,1,4,58.1,0.035,2025-07-02,56.07
mercadinho,2025-06-02,credito_4x,2,4,58.1,0.035,2025-08-01,56.07
mercadinho,2025-06-02,credito_4x,3,4,58.1,0.035,2025-08-31,56.07
mercadinho,2025-06-02,credito_4x,4,4,58.1,0.035,2025-09-30,56.07
mercadinho,2025-06-03,pix,1,1,2283.27,0.0,2025-06-03,2283.27
mercadinho,2025-06-03,debito,1,1,1637.2,0.012,2025-06-04,1617.56
mercadinho,2025-06-03,credito_vista,1,1,871.85,0.025,2025-07-03,850.06
mercadinho,2025-06-03,credito_4x,1,4,38.66,0.035,2025-07-03,37.3
mercadinho,2025-06-03,credito_4x,2,4,38.66,0.035,2025-08-02,37.3
mercadinho,2025-06-03,credito_4x,3,4,38.66,0.035,2025-09-01,37.3
mercadinho,2025-06-03,credito_4x,4,4,38.66,0.035,2025-10-01,37.3
mercadinho,2025-06-04,pix,1,1,1972.18,0.0,2025-06-04,1972.18
mercadinho,2025-06-04,debito,1,1,1503.04,0.012,2025-06-05,1485.01
mercadinho,2025-06-04,credito_vista,1,1,860.68,0.025,2025-07-04,839.17
mercadinho,2025-06-04,credito_4x,1,4,55.23,0.035,2025-07-04,53.29
mercadinho,2025-06-04,credito_4x,2,4,55.23,0.035,2025-08-03,53.29
mercadinho,2025-06-04,credito_4x,3,4,55.23,0.035,2025-09-02,53.29
mercadinho,2025-06-04,credito_4x,4,4,55.23,0.035,2025-10-02,53.29
mercadinho,2025-06-05,pix,1,1,3342.01,0.0,2025-06-05,3342.01
mercadinho,2025-06-05,debito,1,1,2488.41,0.012,2025-06-06,2458.55
mercadinho,2025-06-05,credito_vista,1,1,1238.49,0.025,2025-07-05,1207.53
mercadinho,2025-06-05,credito_4x,1,4,47.25,0.035,2025-07-05,45.6
mercadinho,2025-06-05,credito_4x,2,4,47.25,0.035,2025-08-04,45.6
mercadinho,2025-06-05,credito_4x,3,4,47.25,0.035,2025-09-03,45.6
mercadinho,2025-06-05,credito_4x,4,4,47.25,0.035,2025-10-03,45.6
mercadinho,2025-06-06,pix,1,1,3325.5,0.0,2025-06-06,3325.5
mercadinho,2025-06-06,debito,1,1,2684.26,0.012,2025-06-07,2652.05
mercadinho,2025-06-06,credito_vista,1,1,1399.21,0.025,2025-07-06,1364.23
mercadinho,2025-06-06,credito_4x,1,4,68.14,0.035,2025-07-06,65.75
mercadinho,2025-06-06,credito_4x,2,4,68.14,0.035,2025-08-05,65.75
mercadinho,2025-06-06,credito_4x,3,4,68.14,0.035,2025-09-04,65.75
mercadinho,2025-06-06,credito_4x,4,4,68.14,0.035,2025-10-04,65.75
mercadinho,2025-06-07,pix,1,1,3820.31,0.0,2025-06-07,3820.31
mercadinho,2025-06-07,debito,1,1,2950.93,0.012,2025-06-08,2915.52
mercadinho,2025-06-07,credito_vista,1,1,1779.75,0.025,2025-07-07,1735.26
mercadinho,2025-06-07,credito_4x,1,4,40.51,0.035,2025-07-07,39.09
mercadinho,2025-06-07,credito_4x,2,4,40.51,0.035,2025-08-06,39.09
mercadinho,2025-06-07,credito_4x,3,4,40.51,0.035,2025-09-05,39.09
mercadinho,2025-06-07,credito_4x,4,4,40.51,0.035,2025-10-05,39.09
mercadinho,2025-06-08,pix,1,1,1671.39,0.0,2025-06-08,1671.39
mercadinho,2025-06-08,debito,1,1,1049.32,0.012,2025-06-09,1036.73
mercadinho,2025-06-08,credito_vista,1,1,706.34,0.025,2025-07-08,688.68
mercadinho,2025-06-08,credito_4x,1,4,17.0,0.035,2025-07-08,16.4
mercadinho,2025-06-08,credito_4x,2,4,17.0,0.035,2025-08-07,16.4
mercadinho,2025-06-08,credito_4x,3,4,17.0,0.035,2025-09-06,16.4
mercadinho,2025-06-08,credito_4x,4,4,17.0,0.035,2025-10-06,16.4
mercadinho,2025-06-09,pix,1,1,2745.26,0.0,2025-06-09,2745.26
mercadinho,2025-06-09,debito,1,1,2305.52,0.012,2025-06-10,2277.86
mercadinho,2025-06-09,credito_vista,1,1,1243.87,0.025,2025-07-09,1212.77
mercadinho,2025-06-09,credito_4x,1,4,58.47,0.035,2025-07-09,56.42
mercadinho,2025-06-09,credito_4x,2,4,58.47,0.035,2025-08-08,56.42
mercadinho,2025-06-09,credito_4x,3,4,58.47,0.035,2025-09-07,56.42
mercadinho,2025-06-09,credito_4x,4,4,58.47,0.035,2025-10-07,56.42
mercadinho,2025-06-10,pix,1,1,1938.98,0.0,2025-06-10,1938.98
mercadinho,2025-06-10,debito,1,1,1887.83,0.012,2025-06-11,1865.18
mercadinho,2025-06-10,credito_vista,1,1,792.06,0.025,2025-07-10,772.26
mercadinho,2025-06-10,credito_4x,1,4,41.36,0.035,2025-07-10,39.91
mercadinho,2025-06-10,credito_4x,2,4,41.36,0.035,2025-08-09,39.91
mercadinho,2025-06-10,credito_4x,3,4,41.36,0.035,2025-09-08,39.91
mercadinho,2025-06-10,credito_4x,4,4,41.36,0.035,2025-10-08,39.91
mercadinho,2025-06-11,pix,1,1,1618.14,0.0,2025-06-11,1618.14
mercadinho,2025-06-11,debito,1,1,1293.49,0.012,2025-06-12,1277.97
mercadinho,2025-06-11,credito_vista,1,1,964.63,0.025,2025-07-11,940.51
mercadinho,2025-06-11,credito_4x,1,4,38.46,0.035,2025-07-11,37.11
mercadinho,2025-06-11,credito_4x,2,4,38.46,0.035,2025-08-10,37.11
mercadinho,2025-06-11,credito_4x,3,4,38.46,0.035,2025-09-09,37.11
mercadinho,2025-06-11,credito_4x,4,4,38.46,0.035,2025-10-09,37.11
mercadinho,2025-06-12,pix,1,1,1839.9,0.0,2025-06-12,1839.9
mercadinho,2025-06-12,debito,1,1,1640.1,0.012,2025-06-13,1620.42
mercadinho,2025-06-12,credito_vista,1,1,960.48,0.025,2025-07-12,936.47
mercadinho,2025-06-12,credito_4x,1,4,58.74,0.035,2025-07-12,56.69
mercadinho,2025-06-12,credito_4x,2,4,58.74,0.035,2025-08-11,56.69
mercadinho,2025-06-12,credito_4x,3,4,58.74,0.035,2025-09-10,56.69
mercadinho,2025-06-12,credito_4x,4,4,58.74,0.035,2025-10-10,56.69
mercadinho,2025-06-13,pix,1,1,1962.53,0.0,2025-06-13,1962.53
mercadinho,2025-06-13,debito,1,1,1509.38,0.012,2025-06-14,1491.26
mercadinho,2025-06-13,credito_vista,1,1,890.76,0.025,2025-07-13,868.49
mercadinho,2025-06-13,credito_4x,1,4,25.68,0.035,2025-07-13,24.78
mercadinho,2025-06-13,credito_4x,2,4,25.68,0.035,2025-08-12,24.78
mercadinho,2025-06-13,credito_4x,3,4,25.68,0.035,2025-09-11,24.78
mercadinho,2025-06-13,credito_4x,4,4,25.68,0.035,2025-10-11,24.78
mercadinho,2025-06-14,pix,1,1,2702.85,0.0,2025-06-14,2702.85
mercadinho,2025-06-14,debito,1,1,1913.02,0.012,2025-06-15,1890.06
mercadinho,2025-06-14,credito_vista,1,1,1273.22,0.025,2025-07-14,1241.39
mercadinho,2025-06-14,credito_4x,1,4,94.77,0.035,2025-07-14,91.45
mercadinho,2025-06-14,credito_4x,2,4,94.77,0.035,2025-08-13,91.45
mercadinho,2025-06-14,credito_4x,3,4,94.77,0.035,2025-09-12,91.45
mercadinho,2025-06-14,credito_4x,4,4,94.77,0.035,2025-10-12,91.45
mercadinho,2025-06-15,pix,1,1,1147.57,0.0,2025-06-15,1147.57
mercadinho,2025-06-15,debito,1,1,888.08,0.012,2025-06-16,877.43
mercadinho,2025-06-15,credito_vista,1,1,513.96,0.025,2025-07-15,501.12
mercadinho,2025-06-15,credito_4x,1,4,29.19,0.035,2025-07-15,28.17
mercadinho,2025-06-15,credito_4x,2,4,29.19,0.035,2025-08-14,28.17
mercadinho,2025-06-15,credito_4x,3,4,29.19,0.035,2025-09-13,28.17
mercadinho,2025-06-15,credito_4x,4,4,29.19,0.035,2025-10-13,28.17
mercadinho,2025-06-16,pix,1,1,1981.95,0.0,2025-06-16,1981.95
mercadinho,2025-06-16,debito,1,1,1688.28,0.012,2025-06-17,1668.02
mercadinho,2025-06-16,credito_vista,1,1,851.17,0.025,2025-07-16,829.9
mercadinho,2025-06-16,credito_4x,1,4,42.36,0.035,2025-07-16,40.88
mercadinho,2025-06-16,credito_4x,2,4,42.36,0.035,2025-08-15,40.88
mercadinho,2025-06-16,credito_4x,3,4,42.36,0.035,2025-09-14,40.88
mercadinho,2025-06-16,credito_4x,4,4,42.36,0.035,2025-10-14,40.88
mercadinho,2025-06-17,pix,1,1,1703.42,0.0,2025-06-17,1703.42
mercadinho,2025-06-17,debito,1,1,1401.59,0.012,2025-06-18,1384.77
mercadinho,2025-06-17,credito_vista,1,1,846.23,0.025,2025-07-17,825.08
mercadinho,2025-06-17,credito_4x,1,4,44.9,0.035,2025-07-17,43.33
mercadinho,2025-06-17,credito_4x,2,4,44.9,0.035,2025-08-16,43.33
mercadinho,2025-06-17,credito_4x,3,4,44.9,0.035,2025-09-15,43.33
mercadinho,2025-06-17,credito_4x,4,4,44.9,0.035,2025-10-15,43.33
mercadinho,2025-06-18,pix,1,1,1791.11,0.0,2025-06-18,1791.11
mercadinho,2025-06-18,debito,1,1,1383.02,0.012,2025-06-19,1366.43
mercadinho,2025-06-18,credito_vista,1,1,656.4,0.025,2025-07-18,639.99
mercadinho,2025-06-18,credito_4x,1,4,25.38,0.035,2025-07-18,24.49
mercadinho,2025-06-18,credito_4x,2,4,25.38,0.035,2025-08-17,24.49
mercadinho,2025-06-18,credito_4x,3,4,25.38,0.035,2025-09-16,24.49
mercadinho,2025-06-18,credito_4x,4,4,25.38,0.035,2025-10-16,24.49
mercadinho,2025-06-19,pix,1,1,1628.74,0.0,2025-06-19,1628.74
mercadinho,2025-06-19,debito,1,1,1324.13,0.012,2025-06-20,1308.24
mercadinho,2025-06-19,credito_vista,1,1,685.48,0.025,2025-07-19,668.34
mercadinho,2025-06-19,credito_4x,1,4,29.18,0.035,2025-07-19,28.16
mercadinho,2025-06-19,credito_4x,2,4,29.18,0.035,2025-08-18,28.16
mercadinho,2025-06-19,credito_4x,3,4,29.18,0.035,2025-09-17,28.16
mercadinho,2025-06-19,credito_4x,4,4,29.18,0.035,2025-10-17,28.16
mercadinho,2025-06-20,pix,1,1,2307.75,0.0,2025-06-20,2307.75
mercadinho,2025-06-20,debito,1,1,2357.39,0.012,2025-06-21,2329.1
mercadinho,2025-06-20,credito_vista,1,1,962.04,0.025,2025-07-20,937.99
mercadinho,2025-06-20,credito_4x,1,4,47.25,0.035,2025-07-20,45.6
mercadinho,2025-06-20,credito_4x,2,4,47.25,0.035,2025-08-19,45.6
mercadinho,2025-06-20,credito_4x,3,4,47.25,0.035,2025-09-18,45.6
mercadinho,2025-06-20,credito_4x,4,4,47.25,0.035,2025-10-18,45.6
mercadinho,2025-06-21,pix,1,1,2703.92,0.0,2025-06-21,2703.92
mercadinho,2025-06-21,debito,1,1,2161.45,0.012,2025-06-22,2135.51
mercadinho,2025-06-21,credito_vista,1,1,1229.5,0.025,2025-07-21,1198.76
mercadinho,2025-06-21,credito_4x,1,4,31.65,0.035,2025-07-21,30.54
mercadinho,2025-06-21,credito_4x,2,4,31.65,0.035,2025-08-20,30.54
mercadinho,2025-06-21,credito_4x,3,4,31.65,0.035,2025-09-19,30.54
mercadinho,2025-06-21,credito_4x,4,4,31.65,0.035,2025-10-19,30.54
mercadinho,2025-06-22,pix,1,1,945.33,0.0,2025-06-22,945.33
mercadinho,2025-06-22,debito,1,1,943.75,0.012,2025-06-23,932.43
mercadinho,2025-06-22,credito_vista,1,1,410.88,0.025,2025-07-22,400.6
mercadinho,2025-06-22,credito_4x,1,4,17.04,0.035,2025-07-22,16.45
mercadinho,2025-06-22,credito_4x,2,4,17.04,0.035,2025-08-21,16.45
mercadinho,2025-06-22,credito_4x,3,4,17.04,0.035,2025-09-20,16.45
mercadinho,2025-06-22,credito_4x,4,4,17.04,0.035,2025-10-20,16.45
mercadinho,2025-06-23,pix,1,1,2327.35,0.0,2025-06-23,2327.35
mercadinho,2025-06-23,debito,1,1,1617.76,0.012,2025-06-24,1598.34
mercadinho,2025-06-23,credito_vista,1,1,754.89,0.025,2025-07-23,736.02
mercadinho,2025-06-23,credito_4x,1,4,32.4,0.035,2025-07-23,31.27
mercadinho,2025-06-23,credito_4x,2,4,32.4,0.035,2025-08-22,31.27
mercadinho,2025-06-23,credito_4x,3,4,32.4,0.035,2025-09-21,31.27
mercadinho,2025-06-23,credito_4x,4,4,32.4,0.035,2025-10-21,31.27
mercadinho,2025-06-24,pix,1,1,1727.06,0.0,2025-06-24,1727.06
mercadinho,2025-06-24,debito,1,1,1514.48,0.012,2025-06-25,1496.3
mercadinho,2025-06-24,credito_vista,1,1,841.23,0.025,2025-07-24,820.2
mercadinho,2025-06-24,credito_4x,1,4,31.71,0.035,2025-07-24,30.6
mercadinho,2025-06-24,credito_4x,2,4,31.71,0.035,2025-08-23,30.6
mercadinho,2025-06-24,credito_4x,3,4,31.71,0.035,2025-09-22,30.6
mercadinho,2025-06-24,credito_4x,4,4,31.71,0.035,2025-10-22,30.6
mercadinho,2025-06-25,pix,1,1,1285.82,0.0,2025-06-25,1285.82
mercadinho,2025-06-25,debito,1,1,973.64,0.012,2025-06-26,961.96
mercadinho,2025-06-25,credito_vista,1,1,798.9,0.025,2025-07-25,778.93
mercadinho,2025-06-25,credito_4x,1,4,20.65,0.035,2025-07-25,19.92
mercadinho,2025-06-25,credito_4x,2,4,20.65,0.035,2025-08-24,19.92
mercadinho,2025-06-25,credito_4x,3,4,20.65,0.035,2025-09-23,19.92
mercadinho,2025-06-25,credito_4x,4,4,20.65,0.035,2025-10-23,19.92
mercadinho,2025-06-26,pix,1,1,1171.23,0.0,2025-06-26,1171.23
mercadinho,2025-06-26,debito,1,1,929.01,0.012,2025-06-27,917.86
mercadinho,2025-06-26,credito_vista,1,1,535.25,0.025,2025-07-26,521.87
mercadinho,2025-06-26,credito_4x,1,4,19.96,0.035,2025-07-26,19.26
mercadinho,2025-06-26,credito_4x,2,4,19.96,0.035,2025-08-25,19.26
mercadinho,2025-06-26,credito_4x,3,4,19.96,0.035,2025-09-24,19.26
mercadinho,2025-06-26,credito_4x,4,4,19.96,0.035,2025-10-24,19.26
mercadinho,2025-06-27,pix,1,1,1908.3,0.0,2025-06-27,1908.3
mercadinho,2025-06-27,debito,1,1,1708.64,0.012,2025-06-28,1688.13
mercadinho,2025-06-27,credito_vista,1,1,833.17,0.025,2025-07-27,812.34
mercadinho,2025-06-27,credito_4x,1,4,41.91,0.035,2025-07-27,40.44
mercadinho,2025-06-27,credito_4x,2,4,41.91,0.035,2025-08-26,40.44
mercadinho,2025-06-27,credito_4x,3,4,41.91,0.035,2025-09-25,40.44
mercadinho,2025-06-27,credito_4x,4,4,41.91,0.035,2025-10-25,40.44
mercadinho,2025-06-28,pix,1,1,1608.24,0.0,2025-06-28,1608.24
mercadinho,2025-06-28,debito,1,1,1741.03,0.012,2025-06-29,1720.14
mercadinho,2025-06-28,credito_vista,1,1,791.19,0.025,2025-07-28,771.41
mercadinho,2025-06-28,credito_4x,1,4,24.74,0.035,2025-07-28,23.88
mercadinho,2025-06-28,credito_4x,2,4,24.74,0.035,2025-08-27,23.88
mercadinho,2025-06-28,credito_4x,3,4,24.74,0.035,2025-09-26,23.88
mercadinho,2025-06-28,credito_4x,4,4,24.74,0.035,2025-10-26,23.88
mercadinho,2025-06-29,pix,1,1,841.17,0.0,2025-06-29,841.17
mercadinho,2025-06-29,debito,1,1,722.05,0.012,2025-06-30,713.39
mercadinho,2025-06-29,credito_vista,1,1,456.14,0.025,2025-07-29,444.73
mercadinho,2025-06-29,credito_4x,1,4,15.94,0.035,2025-07-29,15.38
mercadinho,2025-06-29,credito_4x,2,4,15.94,0.035,2025-08-28,15.38
mercadinho,2025-06-29,credito_4x,3,4,15.94,0.035,2025-09-27,15.38
mercadinho,2025-06-29,credito_4x,4,4,15.94,0.035,2025-10-27,15.38
mercadinho,2025-06-30,pix,1,1,1345.08,0.0,2025-06-30,1345.08
mercadinho,2025-06-30,debito,1,1,1171.27,0.012,2025-07-01,1157.21
mercadinho,2025-06-30,credito_vista,1,1,654.1,0.025,2025-07-30,637.75
mercadinho,2025-06-30,credito_4x,1,4,38.86,0.035,2025-07-30,37.5
mercadinho,2025-06-30,credito_4x,2,4,38.86,0.035,2025-08-29,37.5
mercadinho,2025-06-30,credito_4x,3,4,38.86,0.035,2025-09-28,37.5
mercadinho,2025-06-30,credito_4x,4,4,38.86,0.035,2025-10-28,37.5
mercadinho,2025-07-01,pix,1,1,2406.41,0.0,2025-07-01,2406.41
mercadinho,2025-07-01,debito,1,1,1565.32,0.012,2025-07-02,1546.54
mercadinho,2025-07-01,credito_vista,1,1,991.7,0.025,2025-07-31,966.91
mercadinho,2025-07-01,credito_4x,1,4,82.43,0.035,2025-07-31,79.54
mercadinho,2025-07-01,credito_4x,2,4,82.43,0.035,2025-08-30,79.54
mercadinho,2025-07-01,credito_4x,3,4,82.43,0.035,2025-09-29,79.54
mercadinho,2025-07-01,credito_4x,4,4,82.43,0.035,2025-10-29,79.54
mercadinho,2025-07-02,pix,1,1,2604.1,0.0,2025-07-02,2604.1
mercadinho,2025-07-02,debito,1,1,2223.55,0.012,2025-07-03,2196.87
mercadinho,2025-07-02,credito_vista,1,1,1038.71,0.025,2025-08-01,1012.74
mercadinho,2025-07-02,credito_4x,1,4,67.06,0.035,2025-08-01,64.72
mercadinho,2025-07-02,credito_4x,2,4,67.06,0.035,2025-08-31,64.72
mercadinho,2025-07-02,credito_4x,3,4,67.06,0.035,2025-09-30,64.72
mercadinho,2025-07-02,credito_4x,4,4,67.06,0.035,2025-10-30,64.72
mercadinho,2025-07-03,pix,1,1,2120.14,0.0,2025-07-03,2120.14
mercadinho,2025-07-03,debito,1,1,2444.85,0.012,2025-07-04,2415.51
mercadinho,2025-07-03,credito_vista,1,1,1345.61,0.025,2025-08-02,1311.97
mercadinho,2025-07-03,credito_4x,1,4,45.09,0.035,2025-08-02,43.51
mercadinho,2025-07-03,credito_4x,2,4,45.09,0.035,2025-09-01,43.51
mercadinho,2025-07-03,credito_4x,3,4,45.09,0.035,2025-10-01,43.51
mercadinho,2025-07-03,credito_4x,4,4,45.09,0.035,2025-10-31,43.51
mercadinho,2025-07-04,pix,1,1,3253.55,0.0,2025-07-04,3253.55
mercadinho,2025-07-04,debito,1,1,2818.05,0.012,2025-07-05,2784.23
mercadinho,2025-07-04,credito_vista,1,1,1782.52,0.025,2025-08-03,1737.96
mercadinho,2025-07-04,credito_4x,1,4,45.68,0.035,2025-08-03,44.08
mercadinho,2025-07-04,credito_4x,2,4,45.68,0.035,2025-09-02,44.08
mercadinho,2025-07-04,credito_4x,3,4,45.68,0.035,2025-10-02,44.08
mercadinho,2025-07-04,credito_4x,4,4,45.68,0.035,2025-11-01,44.08
mercadinho,2025-07-05,pix,1,1,3572.73,0.0,2025-07-05,3572.73
mercadinho,2025-07-05,debito,1,1,2487.69,0.012,2025-07-06,2457.84
mercadinho,2025-07-05,credito_vista,1,1,1846.3,0.025,2025-08-04,1800.14
mercadinho,2025-07-05,credito_4x,1,4,109.5,0.035,2025-08-04,105.67
mercadinho,2025-07-05,credito_4x,2,4,109.5,0.035,2025-09-03,105.67
mercadinho,2025-07-05,credito_4x,3,4,109.5,0.035,2025-10-03,105.67
mercadinho,2025-07-05,credito_4x,4,4,109.5,0.035,2025-11-02,105.67
mercadinho,2025-07-06,pix,1,1,1524.37,0.0,2025-07-06,1524.37
mercadinho,2025-07-06,debito,1,1,1198.19,0.012,2025-07-07,1183.81
mercadinho,2025-07-06,credito_vista,1,1,726.69,0.025,2025-08-05,708.53
mercadinho,2025-07-06,credito_4x,1,4,36.4,0.035,2025-08-05,35.12
mercadinho,2025-07-06,credito_4x,2,4,36.4,0.035,2025-09-04,35.12
mercadinho,2025-07-06,credito_4x,3,4,36.4,0.035,2025-10-04,35.12
mercadinho,2025-07-06,credito_4x,4,4,36.4,0.035,2025-11-03,35.12
mercadinho,2025-07-07,pix,1,1,1882.32,0.0,2025-07-07,1882.32
mercadinho,2025-07-07,debito,1,1,1779.44,0.012,2025-07-08,1758.09
mercadinho,2025-07-07,credito_vista,1,1,1113.85,0.025,2025-08-06,1086.01
mercadinho,2025-07-07,credito_4x,1,4,47.99,0.035,2025-08-06,46.31
mercadinho,2025-07-07,credito_4x,2,4,47.99,0.035,2025-09-05,46.31
mercadinho,2025-07-07,credito_4x,3,4,47.99,0.035,2025-10-05,46.31
mercadinho,2025-07-07,credito_4x,4,4,47.99,0.035,2025-11-04,46.31
mercadinho,2025-07-08,pix,1,1,2157.4,0.0,2025-07-08,2157.4
mercadinho,2025-07-08,debito,1,1,1825.4,0.012,2025-07-09,1803.49
mercadinho,2025-07-08,credito_vista,1,1,1109.27,0.025,2025-08-07,1081.54
mercadinho,2025-07-08,credito_4x,1,4,49.13,0.035,2025-08-07,47.41
mercadinho,2025-07-08,credito_4x,2,4,49.13,0.035,2025-09-06,47.41
mercadinho,2025-07-08,credito_4x,3,4,49.13,0.035,2025-10-06,47.41
mercadinho,2025-07-08,credito_4x,4,4,49.13,0.035,2025-11-05,47.41
mercadinho,2025-07-09,pix,1,1,2130.93,0.0,2025-07-09,2130.93
mercadinho,2025-07-09,debito,1,1,1935.03,0.012,2025-07-10,1911.81
mercadinho,2025-07-09,credito_vista,1,1,916.69,0.025,2025-08-08,893.77
mercadinho,2025-07-09,credito_4x,1,4,87.56,0.035,2025-08-08,84.49
mercadinho,2025-07-09,credito_4x,2,4,87.56,0.035,2025-09-07,84.49
mercadinho,2025-07-09,credito_4x,3,4,87.56,0.035,2025-10-07,84.49
mercadinho,2025-07-09,credito_4x,4,4,87.56,0.035,2025-11-06,84.49
mercadinho,2025-07-10,pix,1,1,2840.49,0.0,2025-07-10,2840.49
mercadinho,2025-07-10,debito,1,1,2198.32,0.012,2025-07-11,2171.94
mercadinho,2025-07-10,credito_vista,1,1,1193.08,0.025,2025-08-09,1163.26
mercadinho,2025-07-10,credito_4x,1,4,51.48,0.035,2025-08-09,49.68
mercadinho,2025-07-10,credito_4x,2,4,51.48,0.035,2025-09-08,49.68
mercadinho,2025-07-10,credito_4x,3,4,51.48,0.035,2025-10-08,49.68
mercadinho,2025-07-10,credito_4x,4,4,51.48,0.035,2025-11-07,49.68
mercadinho,2025-07-11,pix,1,1,2278.02,0.0,2025-07-11,2278.02
mercadinho,2025-07-11,debito,1,1,1865.5,0.012,2025-07-12,1843.11
mercadinho,2025-07-11,credito_vista,1,1,1031.01,0.025,2025-08-10,1005.24
mercadinho,2025-07-11,credito_4x,1,4,34.29,0.035,2025-08-10,33.09
mercadinho,2025-07-11,credito_4x,2,4,34.29,0.035,2025-09-09,33.09
mercadinho,2025-07-11,credito_4x,3,4,34.29,0.035,2025-10-09,33.09
mercadinho,2025-07-11,credito_4x,4,4,34.29,0.035,2025-11-08,33.09
mercadinho,2025-07-12,pix,1,1,2874.29,0.0,2025-07-12,2874.29
mercadinho,2025-07-12,debito,1,1,2159.47,0.012,2025-07-13,2133.55
mercadinho,2025-07-12,credito_vista,1,1,1072.54,0.025,2025-08-11,1045.73
mercadinho,2025-07-12,credito_4x,1,4,79.6,0.035,2025-08-11,76.81
mercadinho,2025-07-12,credito_4x,2,4,79.6,0.035,2025-09-10,76.81
mercadinho,2025-07-12,credito_4x,3,4,79.6,0.035,2025-10-10,76.81
mercadinho,2025-07-12,credito_4x,4,4,79.6,0.035,2025-11-09,76.81
mercadinho,2025-07-13,pix,1,1,1052.75,0.0,2025-07-13,1052.75
mercadinho,2025-07-13,debito,1,1,951.5,0.012,2025-07-14,940.08
mercadinho,2025-07-13,credito_vista,1,1,571.38,0.025,2025-08-12,557.1
mercadinho,2025-07-13,credito_4x,1,4,41.02,0.035,2025-08-12,39.59
mercadinho,2025-07-13,credito_4x,2,4,41.02,0.035,2025-09-11,39.59
mercadinho,2025-07-13,credito_4x,3,4,41.02,0.035,2025-10-11,39.59
mercadinho,2025-07-13,credito_4x,4,4,41.02,0.035,2025-11-10,39.59
mercadinho,2025-07-14,pix,1,1,1853.02,0.0,2025-07-14,1853.02
mercadinho,2025-07-14,debito,1,1,1893.13,0.012,2025-07-15,1870.41
mercadinho,2025-07-14,credito_vista,1,1,1160.5,0.025,2025-08-13,1131.49
mercadinho,2025-07-14,credito_4x,1,4,79.66,0.035,2025-08-13,76.88
mercadinho,2025-07-14,credito_4x,2,4,79.66,0.035,2025-09-12,76.88
mercadinho,2025-07-14,credito_4x,3,4,79.66,0.035,2025-10-12,76.88
mercadinho,2025-07-14,credito_4x,4,4,79.66,0.035,2025-11-11,76.88
mercadinho,2025-07-15,pix,1,1,1919.9,0.0,2025-07-15,1919.9
mercadinho,2025-07-15,debito,1,1,1390.74,0.012,2025-07-16,1374.05
mercadinho,2025-07-15,credito_vista,1,1,663.51,0.025,2025-08-14,646.92
mercadinho,2025-07-15,credito_4x,1,4,50.35,0.035,2025-08-14,48.59
mercadinho,2025-07-15,credito_4x,2,4,50.35,0.035,2025-09-13,48.59
mercadinho,2025-07-15,credito_4x,3,4,50.35,0.035,2025-10-13,48.59
mercadinho,2025-07-15,credito_4x,4,4,50.35,0.035,2025-11-12,48.59
mercadinho,2025-07-16,pix,1,1,2264.54,0.0,2025-07-16,2264.54
mercadinho,2025-07-16,debito,1,1,1323.51,0.012,2025-07-17,1307.63
mercadinho,2025-07-16,credito_vista,1,1,791.52,0.025,2025-08-15,771.73
mercadinho,2025-07-16,credito_4x,1,4,49.39,0.035,2025-08-15,47.66
mercadinho,2025-07-16,credito_4x,2,4,49.39,0.035,2025-09-14,47.66
mercadinho,2025-07-16,credito_4x,3,4,49.39,0.035,2025-10-14,47.66
mercadinho,2025-07-16,credito_4x,4,4,49.39,0.035,2025-11-13,47.66
mercadinho,2025-07-17,pix,1,1,1547.77,0.0,2025-07-17,1547.77
mercadinho,2025-07-17,debito,1,1,1224.57,0.012,2025-07-18,1209.87
mercadinho,2025-07-17,credito_vista,1,1,706.05,0.025,2025-08-16,688.4
mercadinho,2025-07-17,credito_4x,1,4,52.09,0.035,2025-08-16,50.27
mercadinho,2025-07-17,credito_4x,2,4,52.09,0.035,2025-09-15,50.27
mercadinho,2025-07-17,credito_4x,3,4,52.09,0.035,2025-10-15,50.27
mercadinho,2025-07-17,credito_4x,4,4,52.09,0.035,2025-11-14,50.27
mercadinho,2025-07-18,pix,1,1,1996.27,0.0,2025-07-18,1996.27
mercadinho,2025-07-18,debito,1,1,1543.12,0.012,2025-07-19,1524.6
mercadinho,2025-07-18,credito_vista,1,1,909.26,0.025,2025-08-17,886.53
mercadinho,2025-07-18,credito_4x,1,4,51.21,0.035,2025-08-17,49.42
mercadinho,2025-07-18,credito_4x,2,4,51.21,0.035,2025-09-16,49.42
mercadinho,2025-07-18,credito_4x,3,4,51.21,0.035,2025-10-16,49.42
mercadinho,2025-07-18,credito_4x,4,4,51.21,0.035,2025-11-15,49.42
mercadinho,2025-07-19,pix,1,1,1961.3,0.0,2025-07-19,1961.3
mercadinho,2025-07-19,debito,1,1,1767.79,0.012,2025-07-20,1746.57
mercadinho,2025-07-19,credito_vista,1,1,856.34,0.025,2025-08-18,834.93
mercadinho,2025-07-19,credito_4x,1,4,51.23,0.035,2025-08-18,49.44
mercadinho,2025-07-19,credito_4x,2,4,51.23,0.035,2025-09-17,49.44
mercadinho,2025-07-19,credito_4x,3,4,51.23,0.035,2025-10-17,49.44
mercadinho,2025-07-19,credito_4x,4,4,51.23,0.035,2025-11-16,49.44
mercadinho,2025-07-20,pix,1,1,1240.09,0.0,2025-07-20,1240.09
mercadinho,2025-07-20,debito,1,1,1070.38,0.012,2025-07-21,1057.54
mercadinho,2025-07-20,credito_vista,1,1,466.34,0.025,2025-08-19,454.68
mercadinho,2025-07-20,credito_4x,1,4,22.36,0.035,2025-08-19,21.58
mercadinho,2025-07-20,credito_4x,2,4,22.36,0.035,2025-09-18,21.58
mercadinho,2025-07-20,credito_4x,3,4,22.36,0.035,2025-10-18,21.58
mercadinho,2025-07-20,credito_4x,4,4,22.36,0.035,2025-11-17,21.58
mercadinho,2025-07-21,pix,1,1,2142.19,0.0,2025-07-21,2142.19
mercadinho,2025-07-21,debito,1,1,1517.46,0.012,2025-07-22,1499.25
mercadinho,2025-07-21,credito_vista,1,1,1078.63,0.025,2025-08-20,1051.66
mercadinho,2025-07-21,credito_4x,1,4,54.93,0.035,2025-08-20,53.01
mercadinho,2025-07-21,credito_4x,2,4,54.93,0.035,2025-09-19,53.01
mercadinho,2025-07-21,credito_4x,3,4,54.93,0.035,2025-10-19,53.01
mercadinho,2025-07-21,credito_4x,4,4,54.93,0.035,2025-11-18,53.01
mercadinho,2025-07-22,pix,1,1,1908.94,0.0,2025-07-22,1908.94
mercadinho,2025-07-22,debito,1,1,1475.34,0.012,2025-07-23,1457.64
mercadinho,2025-07-22,credito_vista,1,1,1043.7,0.025,2025-08-21,1017.6
mercadinho,2025-07-22,credito_4x,1,4,36.59,0.035,2025-08-21,35.31
mercadinho,2025-07-22,credito_4x,2,4,36.59,0.035,2025-09-20,35.31
mercadinho,2025-07-22,credito_4x,3,4,36.59,0.035,2025-10-20,35.31
mercadinho,2025-07-22,credito_4x,4,4,36.59,0.035,2025-11-19,35.31
mercadinho,2025-07-23,pix,1,1,1831.0,0.0,2025-07-23,1831.0
mercadinho,2025-07-23,debito,1,1,1263.14,0.012,2025-07-24,1247.98
mercadinho,2025-07-23,credito_vista,1,1,666.08,0.025,2025-08-22,649.42
mercadinho,2025-07-23,credito_4x,1,4,37.2,0.035,2025-08-22,35.9
mercadinho,2025-07-23,credito_4x,2,4,37.2,0.035,2025-09-21,35.9
mercadinho,2025-07-23,credito_4x,3,4,37.2,0.035,2025-10-21,35.9
mercadinho,2025-07-23,credito_4x,4,4,37.2,0.035,2025-11-20,35.9
mercadinho,2025-07-24,pix,1,1,1838.77,0.0,2025-07-24,1838.77
mercadinho,2025-07-24,debito,1,1,1534.06,0.012,2025-07-25,1515.65
mercadinho,2025-07-24,credito_vista,1,1,637.45,0.025,2025-08-23,621.51
mercadinho,2025-07-24,credito_4x,1,4,37.5,0.035,2025-08-23,36.19
mercadinho,2025-07-24,credito_4x,2,4,37.5,0.035,2025-09-22,36.19
mercadinho,2025-07-24,credito_4x,3,4,37.5,0.035,2025-10-22,36.19
mercadinho,2025-07-24,credito_4x,4,4,37.5,0.035,2025-11-21,36.19
mercadinho,2025-07-25,pix,1,1,1829.72,0.0,2025-07-25,1829.72
mercadinho,2025-07-25,debito,1,1,1163.25,0.012,2025-07-26,1149.29
mercadinho,2025-07-25,credito_vista,1,1,820.06,0.025,2025-08-24,799.56
mercadinho,2025-07-25,credito_4x,1,4,79.97,0.035,2025-08-24,77.17
mercadinho,2025-07-25,credito_4x,2,4,79.97,0.035,2025-09-23,77.17
mercadinho,2025-07-25,credito_4x,3,4,79.97,0.035,2025-10-23,77.17
mercadinho,2025-07-25,credito_4x,4,4,79.97,0.035,2025-11-22,77.17
mercadinho,2025-07-26,pix,1,1,2518.15,0.0,2025-07-26,2518.15
mercadinho,2025-07-26,debito,1,1,1498.7,0.012,2025-07-27,1480.71
mercadinho,2025-07-26,credito_vista,1,1,1092.4,0.025,2025-08-25,1065.09
mercadinho,2025-07-26,credito_4x,1,4,61.68,0.035,2025-08-25,59.52
mercadinho,2025-07-26,credito_4x,2,4,61.68,0.035,2025-09-24,59.52
mercadinho,2025-07-26,credito_4x,3,4,61.68,0.035,2025-10-24,59.52
mercadinho,2025-07-26,credito_4x,4,4,61.68,0.035,2025-11-23,59.52
mercadinho,2025-07-27,pix,1,1,1053.34,0.0,2025-07-27,1053.34
mercadinho,2025-07-27,debito,1,1,708.53,0.012,2025-07-28,700.03
mercadinho,2025-07-27,credito_vista,1,1,484.05,0.025,2025-08-26,471.95
mercadinho,2025-07-27,credito_4x,1,4,24.26,0.035,2025-08-26,23.41
mercadinho,2025-07-27,credito_4x,2,4,24.26,0.035,2025-09-25,23.41
mercadinho,2025-07-27,credito_4x,3,4,24.26,0.035,2025-10-25,23.41
mercadinho,2025-07-27,credito_4x,4,4,24.26,0.035,2025-11-24,23.41
mercadinho,2025-07-28,pix,1,1,1485.51,0.0,2025-07-28,1485.51
mercadinho,2025-07-28,debito,1,1,1319.47,0.012,2025-07-29,1303.64
mercadinho,2025-07-28,credito_vista,1,1,825.17,0.025,2025-08-27,804.54
mercadinho,2025-07-28,credito_4x,1,4,37.56,0.035,2025-08-27,36.24
mercadinho,2025-07-28,credito_4x,2,4,37.56,0.035,2025-09-26,36.24
mercadinho,2025-07-28,credito_4x,3,4,37.56,0.035,2025-10-26,36.24
mercadinho,2025-07-28,credito_4x,4,4,37.56,0.035,2025-11-25,36.24
mercadinho,2025-07-29,pix,1,1,1423.75,0.0,2025-07-29,1423.75
mercadinho,2025-07-29,debito,1,1,1042.41,0.012,2025-07-30,1029.9
mercadinho,2025-07-29,credito_vista,1,1,640.4,0.025,2025-08-28,624.39
mercadinho,2025-07-29,credito_4x,1,4,40.88,0.035,2025-08-28,39.45
mercadinho,2025-07-29,credito_4x,2,4,40.88,0.035,2025-09-27,39.45
mercadinho,2025-07-29,credito_4x,3,4,40.88,0.035,2025-10-27,39.45
mercadinho,2025-07-29,credito_4x,4,4,40.88,0.035,2025-11-26,39.45
mercadinho,2025-07-30,pix,1,1,1696.77,0.0,2025-07-30,1696.77
mercadinho,2025-07-30,debito,1,1,1025.86,0.012,2025-07-31,1013.55
mercadinho,2025-07-30,credito_vista,1,1,747.42,0.025,2025-08-29,728.73
mercadinho,2025-07-30,credito_4x,1,4,28.5,0.035,2025-08-29,27.5
mercadinho,2025-07-30,credito_4x,2,4,28.5,0.035,2025-09-28,27.5
mercadinho,2025-07-30,credito_4x,3,4,28.5,0.035,2025-10-28,27.5
mercadinho,2025-07-30,credito_4x,4,4,28.5,0.035,2025-11-27,27.5
mercadinho,2025-07-31,pix,1,1,1416.55,0.0,2025-07-31,1416.55
mercadinho,2025-07-31,debito,1,1,963.21,0.012,2025-08-01,951.65
mercadinho,2025-07-31,credito_vista,1,1,762.44,0.025,2025-08-30,743.38
mercadinho,2025-07-31,credito_4x,1,4,24.33,0.035,2025-08-30,23.48
mercadinho,2025-07-31,credito_4x,2,4,24.33,0.035,2025-09-29,23.48
mercadinho,2025-07-31,credito_4x,3,4,24.33,0.035,2025-10-29,23.48
mercadinho,2025-07-31,credito_4x,4,4,24.33,0.035,2025-11-28,23.48
mercadinho,2025-08-01,pix,1,1,3224.51,0.0,2025-08-01,3224.51
mercadinho,2025-08-01,debito,1,1,2104.28,0.012,2025-08-02,2079.03
mercadinho,2025-08-01,credito_vista,1,1,1136.92,0.025,2025-08-31,1108.5
mercadinho,2025-08-01,credito_4x,1,4,63.13,0.035,2025-08-31,60.92
mercadinho,2025-08-01,credito_4x,2,4,63.13,0.035,2025-09-30,60.92
mercadinho,2025-08-01,credito_4x,3,4,63.13,0.035,2025-10-30,60.92
mercadinho,2025-08-01,credito_4x,4,4,63.13,0.035,2025-11-29,60.92
mercadinho,2025-08-02,pix,1,1,3040.64,0.0,2025-08-02,3040.64
mercadinho,2025-08-02,debito,1,1,3034.93,0.012,2025-08-03,2998.51
mercadinho,2025-08-02,credito_vista,1,1,1449.75,0.025,2025-09-01,1413.51
mercadinho,2025-08-02,credito_4x,1,4,48.97,0.035,2025-09-01,47.25
mercadinho,2025-08-02,credito_4x,2,4,48.97,0.035,2025-10-01,47.25
mercadinho,2025-08-02,credito_4x,3,4,48.97,0.035,2025-10-31,47.25
mercadinho,2025-08-02,credito_4x,4,4,48.97,0.035,2025-11-30,47.25
mercadinho,2025-08-03,pix,1,1,1272.94,0.0,2025-08-03,1272.94
mercadinho,2025-08-03,debito,1,1,1105.67,0.012,2025-08-04,1092.4
mercadinho,2025-08-03,credito_vista,1,1,498.39,0.025,2025-09-02,485.93
mercadinho,2025-08-03,credito_4x,1,4,36.0,0.035,2025-09-02,34.74
mercadinho,2025-08-03,credito_4x,2,4,36.0,0.035,2025-10-02,34.74
mercadinho,2025-08-03,credito_4x,3,4,36.0,0.035,2025-11-01,34.74
mercadinho,2025-08-03,credito_4x,4,4,36.0,0.035,2025-12-01,34.74
mercadinho,2025-08-04,pix,1,1,2549.68,0.0,2025-08-04,2549.68
mercadinho,2025-08-04,debito,1,1,1996.94,0.012,2025-08-05,1972.98
mercadinho,2025-08-04,credito_vista,1,1,981.83,0.025,2025-09-03,957.28
mercadinho,2025-08-04,credito_4x,1,4,55.81,0.035,2025-09-03,53.85
mercadinho,2025-08-04,credito_4x,2,4,55.81,0.035,2025-10-03,53.85
mercadinho,2025-08-04,credito_4x,3,4,55.81,0.035,2025-11-02,53.85
mercadinho,2025-08-04,credito_4x,4,4,55.81,0.035,2025-12-02,53.85
mercadinho,2025-08-05,pix,1,1,1942.16,0.0,2025-08-05,1942.16
mercadinho,2025-08-05,debito,1,1,1711.03,0.012,2025-08-06,1690.5
mercadinho,2025-08-05,credito_vista,1,1,816.94,0.025,2025-09-04,796.52
mercadinho,2025-08-05,credito_4x,1,4,57.42,0.035,2025-09-04,55.41
mercadinho,2025-08-05,credito_4x,2,4,57.42,0.035,2025-10-04,55.41
mercadinho,2025-08-05,credito_4x,3,4,57.42,0.035,2025-11-03,55.41
mercadinho,2025-08-05,credito_4x,4,4,57.42,0.035,2025-12-03,55.41
mercadinho,2025-08-06,pix,1,1,2516.65,0.0,2025-08-06,2516.65
mercadinho,2025-08-06,debito,1,1,1986.63,0.012,2025-08-07,1962.79
mercadinho,2025-08-06,credito_vista,1,1,1218.15,0.025,2025-09-05,1187.69
mercadinho,2025-08-06,credito_4x,1,4,26.47,0.035,2025-09-05,25.55
mercadinho,2025-08-06,credito_4x,2,4,26.47,0.035,2025-10-05,25.55
mercadinho,2025-08-06,credito_4x,3,4,26.47,0.035,2025-11-04,25.55
mercadinho,2025-08-06,credito_4x,4,4,26.47,0.035,2025-12-04,25.55
mercadinho,2025-08-07,pix,1,1,2318.98,0.0,2025-08-07,2318.98
mercadinho,2025-08-07,debito,1,1,1879.61,0.012,2025-08-08,1857.05
mercadinho,2025-08-07,credito_vista,1,1,1421.2,0.025,2025-09-06,1385.67
mercadinho,2025-08-07,credito_4x,1,4,60.1,0.035,2025-09-06,58.0
mercadinho,2025-08-07,credito_4x,2,4,60.1,0.035,2025-10-06,58.0
mercadinho,2025-08-07,credito_4x,3,4,60.1,0.035,2025-11-05,58.0
mercadinho,2025-08-07,credito_4x,4,4,60.1,0.035,2025-12-05,58.0
mercadinho,2025-08-08,pix,1,1,3191.7,0.0,2025-08-08,3191.7
mercadinho,2025-08-08,debito,1,1,2735.99,0.012,2025-08-09,2703.16
mercadinho,2025-08-08,credito_vista,1,1,1840.64,0.025,2025-09-07,1794.63
mercadinho,2025-08-08,credito_4x,1,4,41.08,0.035,2025-09-07,39.64
mercadinho,2025-08-08,credito_4x,2,4,41.08,0.035,2025-10-07,39.64
mercadinho,2025-08-08,credito_4x,3,4,41.08,0.035,2025-11-06,39.64
mercadinho,2025-08-08,credito_4x,4,4,41.08,0.035,2025-12-06,39.64
mercadinho,2025-08-09,pix,1,1,2619.58,0.0,2025-08-09,2619.58
mercadinho,2025-08-09,debito,1,1,1907.55,0.012,2025-08-10,1884.66
mercadinho,2025-08-09,credito_vista,1,1,1728.85,0.025,2025-09-08,1685.63
mercadinho,2025-08-09,credito_4x,1,4,61.07,0.035,2025-09-08,58.94
mercadinho,2025-08-09,credito_4x,2,4,61.07,0.035,2025-10-08,58.94
mercadinho,2025-08-09,credito_4x,3,4,61.07,0.035,2025-11-07,58.94
mercadinho,2025-08-09,credito_4x,4,4,61.07,0.035,2025-12-07,58.94
mercadinho,2025-08-10,pix,1,1,1708.57,0.0,2025-08-10,1708.57
mercadinho,2025-08-10,debito,1,1,1338.32,0.012,2025-08-11,1322.26
mercadinho,2025-08-10,credito_vista,1,1,679.39,0.025,2025-09-09,662.4
mercadinho,2025-08-10,credito_4x,1,4,57.68,0.035,2025-09-09,55.67
mercadinho,2025-08-10,credito_4x,2,4,57.68,0.035,2025-10-09,55.67
mercadinho,2025-08-10,credito_4x,3,4,57.68,0.035,2025-11-08,55.67
mercadinho,2025-08-10,credito_4x,4,4,57.68,0.035,2025-12-08,55.67
mercadinho,2025-08-11,pix,1,1,1418.1,0.0,2025-08-11,1418.1
mercadinho,2025-08-11,debito,1,1,1343.48,0.012,2025-08-12,1327.36
mercadinho,2025-08-11,credito_vista,1,1,887.7,0.025,2025-09-10,865.5
mercadinho,2025-08-11,credito_4x,1,4,44.44,0.035,2025-09-10,42.88
mercadinho,2025-08-11,credito_4x,2,4,44.44,0.035,2025-10-10,42.88
mercadinho,2025-08-11,credito_4x,3,4,44.44,0.035,2025-11-09,42.88
mercadinho,2025-08-11,credito_4x,4,4,44.44,0.035,2025-12-09,42.88
mercadinho,2025-08-12,pix,1,1,1421.73,0.0,2025-08-12,1421.73
mercadinho,2025-08-12,debito,1,1,1297.62,0.012,2025-08-13,1282.05
mercadinho,2025-08-12,credito_vista,1,1,653.84,0.025,2025-09-11,637.5
mercadinho,2025-08-12,credito_4x,1,4,59.89,0.035,2025-09-11,57.8
mercadinho,2025-08-12,credito_4x,2,4,59.89,0.035,2025-10-11,57.8
mercadinho,2025-08-12,credito_4x,3,4,59.89,0.035,2025-11-10,57.8
mercadinho,2025-08-12,credito_4x,4,4,59.89,0.035,2025-12-10,57.8
mercadinho,2025-08-13,pix,1,1,1500.7,0.0,2025-08-13,1500.7
mercadinho,2025-08-13,debito,1,1,1223.07,0.012,2025-08-14,1208.39
mercadinho,2025-08-13,credito_vista,1,1,930.5,0.025,2025-09-12,907.24
mercadinho,2025-08-13,credito_4x,1,4,47.96,0.035,2025-09-12,46.28
mercadinho,2025-08-13,credito_4x,2,4,47.96,0.035,2025-10-12,46.28
mercadinho,2025-08-13,credito_4x,3,4,47.96,0.035,2025-11-11,46.28
mercadinho,2025-08-13,credito_4x,4,4,47.96,0.035,2025-12-11,46.28
mercadinho,2025-08-14,pix,1,1,1873.77,0.0,2025-08-14,1873.77
mercadinho,2025-08-14,debito,1,1,1652.74,0.012,2025-08-15,1632.91
mercadinho,2025-08-14,credito_vista,1,1,1041.5,0.025,2025-09-13,1015.47
mercadinho,2025-08-14,credito_4x,1,4,77.09,0.035,2025-09-13,74.39
mercadinho,2025-08-14,credito_4x,2,4,77.09,0.035,2025-10-13,74.39
mercadinho,2025-08-14,credito_4x,3,4,77.09,0.035,2025-11-12,74.39
mercadinho,2025-08-14,credito_4x,4,4,77.09,0.035,2025-12-12,74.39
mercadinho,2025-08-15,pix,1,1,2564.52,0.0,2025-08-15,2564.52
mercadinho,2025-08-15,debito,1,1,1781.84,0.012,2025-08-16,1760.46
mercadinho,2025-08-15,credito_vista,1,1,967.29,0.025,2025-09-14,943.11
mercadinho,2025-08-15,credito_4x,1,4,48.34,0.035,2025-09-14,46.64
mercadinho,2025-08-15,credito_4x,2,4,48.34,0.035,2025-10-14,46.64
mercadinho,2025-08-15,credito_4x,3,4,48.34,0.035,2025-11-13,46.64
mercadinho,2025-08-15,credito_4x,4,4,48.34,0.035,2025-12-13,46.64
mercadinho,2025-08-16,pix,1,1,2431.98,0.0,2025-08-16,2431.98
mercadinho,2025-08-16,debito,1,1,1893.69,0.012,2025-08-17,1870.96
mercadinho,2025-08-16,credito_vista,1,1,1354.2,0.025,2025-09-15,1320.35
mercadinho,2025-08-16,credito_4x,1,4,49.85,0.035,2025-09-15,48.11
mercadinho,2025-08-16,credito_4x,2,4,49.85,0.035,2025-10-15,48.11
mercadinho,2025-08-16,credito_4x,3,4,49.85,0.035,2025-11-14,48.11
mercadinho,2025-08-16,credito_4x,4,4,49.85,0.035,2025-12-14,48.11
mercadinho,2025-08-17,pix,1,1,934.14,0.0,2025-08-17,934.14
mercadinho,2025-08-17,debito,1,1,802.1,0.012,2025-08-18,792.47
mercadinho,2025-08-17,credito_vista,1,1,502.31,0.025,2025-09-16,489.75
mercadinho,2025-08-17,credito_4x,1,4,34.31,0.035,2025-09-16,33.11
mercadinho,2025-08-17,credito_4x,2,4,34.31,0.035,2025-10-16,33.11
mercadinho,2025-08-17,credito_4x,3,4,34.31,0.035,2025-11-15,33.11
mercadinho,2025-08-17,credito_4x,4,4,34.31,0.035,2025-12-15,33.11
mercadinho,2025-08-18,pix,1,1,1509.38,0.0,2025-08-18,1509.38
mercadinho,2025-08-18,debito,1,1,1379.81,0.012,2025-08-19,1363.25
mercadinho,2025-08-18,credito_vista,1,1,821.54,0.025,2025-09-17,801.01
mercadinho,2025-08-18,credito_4x,1,4,45.01,0.035,2025-09-17,43.44
mercadinho,2025-08-18,credito_4x,2,4,45.01,0.035,2025-10-17,43.44
mercadinho,2025-08-18,credito_4x,3,4,45.01,0.035,2025-11-16,43.44
mercadinho,2025-08-18,credito_4x,4,4,45.01,0.035,2025-12-16,43.44
mercadinho,2025-08-19,pix,1,1,1805.82,0.0,2025-08-19,1805.82
mercadinho,2025-08-19,debito,1,1,1595.45,0.012,2025-08-20,1576.31
mercadinho,2025-08-19,credito_vista,1,1,984.66,0.025,2025-09-18,960.04
mercadinho,2025-08-19,credito_4x,1,4,38.57,0.035,2025-09-18,37.22
mercadinho,2025-08-19,credito_4x,2,4,38.57,0.035,2025-10-18,37.22
mercadinho,2025-08-19,credito_4x,3,4,38.57,0.035,2025-11-17,37.22
mercadinho,2025-08-19,credito_4x,4,4,38.57,0.035,2025-12-17,37.22
mercadinho,2025-08-20,pix,1,1,1945.2,0.0,2025-08-20,1945.2
mercadinho,2025-08-20,debito,1,1,1520.46,0.012,2025-08-21,1502.21
mercadinho,2025-08-20,credito_vista,1,1,818.38,0.025,2025-09-19,797.92
mercadinho,2025-08-20,credito_4x,1,4,29.04,0.035,2025-09-19,28.02
mercadinho,2025-08-20,credito_4x,2,4,29.04,0.035,2025-10-19,28.02
mercadinho,2025-08-20,credito_4x,3,4,29.04,0.035,2025-11-18,28.02
mercadinho,2025-08-20,credito_4x,4,4,29.04,0.035,2025-12-18,28.02
mercadinho,2025-08-21,pix,1,1,2077.51,0.0,2025-08-21,2077.51
mercadinho,2025-08-21,debito,1,1,1681.8,0.012,2025-08-22,1661.62
mercadinho,2025-08-21,credito_vista,1,1,871.9,0.025,2025-09-20,850.1
mercadinho,2025-08-21,credito_4x,1,4,58.5,0.035,2025-09-20,56.45
mercadinho,2025-08-21,credito_4x,2,4,58.5,0.035,2025-10-20,56.45
mercadinho,2025-08-21,credito_4x,3,4,58.5,0.035,2025-11-19,56.45
mercadinho,2025-08-21,credito_4x,4,4,58.5,0.035,2025-12-19,56.45
mercadinho,2025-08-22,pix,1,1,2480.92,0.0,2025-08-22,2480.92
mercadinho,2025-08-22,debito,1,1,1818.99,0.012,2025-08-23,1797.17
mercadinho,2025-08-22,credito_vista,1,1,1082.4,0.025,2025-09-21,1055.34
mercadinho,2025-08-22,credito_4x,1,4,45.65,0.035,2025-09-21,44.06
mercadinho,2025-08-22,credito_4x,2,4,45.65,0.035,2025-10-21,44.06
mercadinho,2025-08-22,credito_4x,3,4,45.65,0.035,2025-11-20,44.06
mercadinho,2025-08-22,credito_4x,4,4,45.65,0.035,2025-12-20,44.06
mercadinho,2025-08-23,pix,1,1,1796.21,0.0,2025-08-23,1796.21
mercadinho,2025-08-23,debito,1,1,1549.28,0.012,2025-08-24,1530.69
mercadinho,2025-08-23,credito_vista,1,1,898.93,0.025,2025-09-22,876.46
mercadinho,2025-08-23,credito_4x,1,4,40.72,0.035,2025-09-22,39.3
mercadinho,2025-08-23,credito_4x,2,4,40.72,0.035,2025-10-22,39.3
mercadinho,2025-08-23,credito_4x,3,4,40.72,0.035,2025-11-21,39.3
mercadinho,2025-08-23,credito_4x,4,4,40.72,0.035,2025-12-21,39.3
mercadinho,2025-08-24,pix,1,1,914.18,0.0,2025-08-24,914.18
mercadinho,2025-08-24,debito,1,1,842.28,0.012,2025-08-25,832.17
mercadinho,2025-08-24,credito_vista,1,1,429.7,0.025,2025-09-23,418.95
mercadinho,2025-08-24,credito_4x,1,4,14.91,0.035,2025-09-23,14.39
mercadinho,2025-08-24,credito_4x,2,4,14.91,0.035,2025-10-23,14.39
mercadinho,2025-08-24,credito_4x,3,4,14.91,0.035,2025-11-22,14.39
mercadinho,2025-08-24,credito_4x,4,4,14.91,0.035,2025-12-22,14.39
mercadinho,2025-08-25,pix,1,1,1581.5,0.0,2025-08-25,1581.5
mercadinho,2025-08-25,debito,1,1,1054.32,0.012,2025-08-26,1041.67
mercadinho,2025-08-25,credito_vista,1,1,770.22,0.025,2025-09-24,750.96
mercadinho,2025-08-25,credito_4x,1,4,40.32,0.035,2025-09-24,38.9
mercadinho,2025-08-25,credito_4x,2,4,40.32,0.035,2025-10-24,38.9
mercadinho,2025-08-25,credito_4x,3,4,40.32,0.035,2025-11-23,38.9
mercadinho,2025-08-25,credito_4x,4,4,40.32,0.035,2025-12-23,38.9
mercadinho,2025-08-26,pix,1,1,1159.71,0.0,2025-08-26,1159.71
mercadinho,2025-08-26,debito,1,1,945.09,0.012,2025-08-27,933.75
mercadinho,2025-08-26,credito_vista,1,1,659.93,0.025,2025-09-25,643.43
mercadinho,2025-08-26,credito_4x,1,4,50.78,0.035,2025-09-25,49.01
mercadinho,2025-08-26,credito_4x,2,4,50.78,0.035,2025-10-25,49.01
mercadinho,2025-08-26,credito_4x,3,4,50.78,0.035,2025-11-24,49.01
mercadinho,2025-08-26,credito_4x,4,4,50.78,0.035,2025-12-24,49.01
mercadinho,2025-08-27,pix,1,1,1328.32,0.0,2025-08-27,1328.32
mercadinho,2025-08-27,debito,1,1,861.94,0.012,2025-08-28,851.6
mercadinho,2025-08-27,credito_vista,1,1,579.81,0.025,2025-09-26,565.31
mercadinho,2025-08-27,credito_4x,1,4,34.33,0.035,2025-09-26,33.13
mercadinho,2025-08-27,credito_4x,2,4,34.33,0.035,2025-10-26,33.13
mercadinho,2025-08-27,credito_4x,3,4,34.33,0.035,2025-11-25,33.13
mercadinho,2025-08-27,credito_4x,4,4,34.33,0.035,2025-12-25,33.13
mercadinho,2025-08-28,pix,1,1,1183.92,0.0,2025-08-28,1183.92
mercadinho,2025-08-28,debito,1,1,1000.63,0.012,2025-08-29,988.62
mercadinho,2025-08-28,credito_vista,1,1,580.36,0.025,2025-09-27,565.85
mercadinho,2025-08-28,credito_4x,1,4,29.23,0.035,2025-09-27,28.21
mercadinho,2025-08-28,credito_4x,2,4,29.23,0.035,2025-10-27,28.21
mercadinho,2025-08-28,credito_4x,3,4,29.23,0.035,2025-11-26,28.21
mercadinho,2025-08-28,credito_4x,4,4,29.23,0.035,2025-12-26,28.21
mercadinho,2025-08-29,pix,1,1,1735.65,0.0,2025-08-29,1735.65
mercadinho,2025-08-29,debito,1,1,1612.76,0.012,2025-08-30,1593.4
mercadinho,2025-08-29,credito_vista,1,1,919.92,0.025,2025-09-28,896.93
mercadinho,2025-08-29,credito_4x,1,4,40.28,0.035,2025-09-28,38.87
mercadinho,2025-08-29,credito_4x,2,4,40.28,0.035,2025-10-28,38.87
mercadinho,2025-08-29,credito_4x,3,4,40.28,0.035,2025-11-27,38.87
mercadinho,2025-08-29,credito_4x,4,4,40.28,0.035,2025-12-27,38.87
mercadinho,2025-08-30,pix,1,1,2267.72,0.0,2025-08-30,2267.72
mercadinho,2025-08-30,debito,1,1,1534.54,0.012,2025-08-31,1516.13
mercadinho,2025-08-30,credito_vista,1,1,769.39,0.025,2025-09-29,750.15
mercadinho,2025-08-30,credito_4x,1,4,40.84,0.035,2025-09-29,39.41
mercadinho,2025-08-30,credito_4x,2,4,40.84,0.035,2025-10-29,39.41
mercadinho,2025-08-30,credito_4x,3,4,40.84,0.035,2025-11-28,39.41
mercadinho,2025-08-30,credito_4x,4,4,40.84,0.035,2025-12-28,39.41
mercadinho,2025-08-31,pix,1,1,839.72,0.0,2025-08-31,839.72
mercadinho,2025-08-31,debito,1,1,735.43,0.012,2025-09-01,726.61
mercadinho,2025-08-31,credito_vista,1,1,384.55,0.025,2025-09-30,374.93
mercadinho,2025-08-31,credito_4x,1,4,19.23,0.035,2025-09-30,18.56
mercadinho,2025-08-31,credito_4x,2,4,19.23,0.035,2025-10-30,18.56
mercadinho,2025-08-31,credito_4x,3,4,19.23,0.035,2025-11-29,18.56
mercadinho,2025-08-31,credito_4x,4,4,19.23,0.035,2025-12-29,18.56
mercadinho,2025-09-01,pix,1,1,2129.02,0.0,2025-09-01,2129.02
mercadinho,2025-09-01,debito,1,1,2036.4,0.012,2025-09-02,2011.96
mercadinho,2025-09-01,credito_vista,1,1,942.84,0.025,2025-10-01,919.27
mercadinho,2025-09-01,credito_4x,1,4,60.55,0.035,2025-10-01,58.43
mercadinho,2025-09-01,credito_4x,2,4,60.55,0.035,2025-10-31,58.43
mercadinho,2025-09-01,credito_4x,3,4,60.55,0.035,2025-11-30,58.43
mercadinho,2025-09-01,credito_4x,4,4,60.55,0.035,2025-12-30,58.43
mercadinho,2025-09-02,pix,1,1,2036.26,0.0,2025-09-02,2036.26
mercadinho,2025-09-02,debito,1,1,1833.07,0.012,2025-09-03,1811.07
mercadinho,2025-09-02,credito_vista,1,1,1203.1,0.025,2025-10-02,1173.02
mercadinho,2025-09-02,credito_4x,1,4,45.91,0.035,2025-10-02,44.3
mercadinho,2025-09-02,credito_4x,2,4,45.91,0.035,2025-11-01,44.3
mercadinho,2025-09-02,credito_4x,3,4,45.91,0.035,2025-12-01,44.3
mercadinho,2025-09-02,credito_4x,4,4,45.91,0.035,2025-12-31,44.3
mercadinho,2025-09-03,pix,1,1,1866.81,0.0,2025-09-03,1866.81
mercadinho,2025-09-03,debito,1,1,1569.97,0.012,2025-09-04,1551.13
mercadinho,2025-09-03,credito_vista,1,1,860.22,0.025,2025-10-03,838.72
mercadinho,2025-09-03,credito_4x,1,4,43.56,0.035,2025-10-03,42.03
mercadinho,2025-09-03,credito_4x,2,4,43.56,0.035,2025-11-02,42.03
mercadinho,2025-09-03,credito_4x,3,4,43.56,0.035,2025-12-02,42.03
mercadinho,2025-09-03,credito_4x,4,4,43.56,0.035,2026-01-01,42.03
mercadinho,2025-09-04,pix,1,1,2147.52,0.0,2025-09-04,2147.52
mercadinho,2025-09-04,debito,1,1,1881.25,0.012,2025-09-05,1858.67
mercadinho,2025-09-04,credito_vista,1,1,1213.95,0.025,2025-10-04,1183.6
mercadinho,2025-09-04,credito_4x,1,4,29.22,0.035,2025-10-04,28.2
mercadinho,2025-09-04,credito_4x,2,4,29.22,0.035,2025-11-03,28.2
mercadinho,2025-09-04,credito_4x,3,4,29.22,0.035,2025-12-03,28.2
mercadinho,2025-09-04,credito_4x,4,4,29.22,0.035,2026-01-02,28.2
mercadinho,2025-09-05,pix,1,1,2199.28,0.0,2025-09-05,2199.28
mercadinho,2025-09-05,debito,1,1,1646.04,0.012,2025-09-06,1626.28
mercadinho,2025-09-05,credito_vista,1,1,1047.73,0.025,2025-10-05,1021.54
mercadinho,2025-09-05,credito_4x,1,4,43.93,0.035,2025-10-05,42.39
mercadinho,2025-09-05,credito_4x,2,4,43.93,0.035,2025-11-04,42.39
mercadinho,2025-09-05,credito_4x,3,4,43.93,0.035,2025-12-04,42.39
mercadinho,2025-09-05,credito_4x,4,4,43.93,0.035,2026-01-03,42.39
mercadinho,2025-09-06,pix,1,1,2957.11,0.0,2025-09-06,2957.11
mercadinho,2025-09-06,debito,1,1,2005.87,0.012,2025-09-07,1981.8
mercadinho,2025-09-06,credito_vista,1,1,1196.69,0.025,2025-10-06,1166.77
mercadinho,2025-09-06,credito_4x,1,4,60.73,0.035,2025-10-06,58.6
mercadinho,2025-09-06,credito_4x,2,4,60.73,0.035,2025-11-05,58.6
mercadinho,2025-09-06,credito_4x,3,4,60.73,0.035,2025-12-05,58.6
mercadinho,2025-09-06,credito_4x,4,4,60.73,0.035,2026-01-04,58.6
mercadinho,2025-09-07,pix,1,1,1333.29,0.0,2025-09-07,1333.29
mercadinho,2025-09-07,debito,1,1,1095.81,0.012,2025-09-08,1082.66
mercadinho,2025-09-07,credito_vista,1,1,526.86,0.025,2025-10-07,513.69
mercadinho,2025-09-07,credito_4x,1,4,47.92,0.035,2025-10-07,46.24
mercadinho,2025-09-07,credito_4x,2,4,47.92,0.035,2025-11-06,46.24
mercadinho,2025-09-07,credito_4x,3,4,47.92,0.035,2025-12-06,46.24
mercadinho,2025-09-07,credito_4x,4,4,47.92,0.035,2026-01-05,46.24
mercadinho,2025-09-08,pix,1,1,3076.16,0.0,2025-09-08,3076.16
mercadinho,2025-09-08,debito,1,1,2353.77,0.012,2025-09-09,2325.52
mercadinho,2025-09-08,credito_vista,1,1,1324.75,0.025,2025-10-08,1291.63
mercadinho,2025-09-08,credito_4x,1,4,71.31,0.035,2025-10-08,68.82
mercadinho,2025-09-08,credito_4x,2,4,71.31,0.035,2025-11-07,68.82
mercadinho,2025-09-08,credito_4x,3,4,71.31,0.035,2025-12-07,68.82
mercadinho,2025-09-08,credito_4x,4,4,71.31,0.035,2026-01-06,68.82
mercadinho,2025-09-09,pix,1,1,1617.2,0.0,2025-09-09,1617.2
mercadinho,2025-09-09,debito,1,1,1585.88,0.012,2025-09-10,1566.85
mercadinho,2025-09-09,credito_vista,1,1,882.54,0.025,2025-10-09,860.48
mercadinho,2025-09-09,credito_4x,1,4,33.09,0.035,2025-10-09,31.93
mercadinho,2025-09-09,credito_4x,2,4,33.09,0.035,2025-11-08,31.93
mercadinho,2025-09-09,credito_4x,3,4,33.09,0.035,2025-12-08,31.93
mercadinho,2025-09-09,credito_4x,4,4,33.09,0.035,2026-01-07,31.93
mercadinho,2025-09-10,pix,1,1,1955.11,0.0,2025-09-10,1955.11
mercadinho,2025-09-10,debito,1,1,1568.77,0.012,2025-09-11,1549.94
mercadinho,2025-09-10,credito_vista,1,1,693.65,0.025,2025-10-10,676.31
mercadinho,2025-09-10,credito_4x,1,4,71.21,0.035,2025-10-10,68.72
mercadinho,2025-09-10,credito_4x,2,4,71.21,0.035,2025-11-09,68.72
mercadinho,2025-09-10,credito_4x,3,4,71.21,0.035,2025-12-09,68.72
mercadinho,2025-09-10,credito_4x,4,4,71.21,0.035,2026-01-08,68.72
mercadinho,2025-09-11,pix,1,1,1727.37,0.0,2025-09-11,1727.37
mercadinho,2025-09-11,debito,1,1,1484.05,0.012,2025-09-12,1466.24
mercadinho,2025-09-11,credito_vista,1,1,1013.35,0.025,2025-10-11,988.02
mercadinho,2025-09-11,credito_4x,1,4,23.32,0.035,2025-10-11,22.51
mercadinho,2025-09-11,credito_4x,2,4,23.32,0.035,2025-11-10,22.51
mercadinho,2025-09-11,credito_4x,3,4,23.32,0.035,2025-12-10,22.51
mercadinho,2025-09-11,credito_4x,4,4,23.32,0.035,2026-01-09,22.51
mercadinho,2025-09-12,pix,1,1,2497.11,0.0,2025-09-12,2497.11
mercadinho,2025-09-12,debito,1,1,2110.09,0.012,2025-09-13,2084.77
mercadinho,2025-09-12,credito_vista,1,1,1377.23,0.025,2025-10-12,1342.8
mercadinho,2025-09-12,credito_4x,1,4,57.65,0.035,2025-10-12,55.63
mercadinho,2025-09-12,credito_4x,2,4,57.65,0.035,2025-11-11,55.63
mercadinho,2025-09-12,credito_4x,3,4,57.65,0.035,2025-12-11,55.63
mercadinho,2025-09-12,credito_4x,4,4,57.65,0.035,2026-01-10,55.63
mercadinho,2025-09-13,pix,1,1,2129.31,0.0,2025-09-13,2129.31
mercadinho,2025-09-13,debito,1,1,2459.24,0.012,2025-09-14,2429.73
mercadinho,2025-09-13,credito_vista,1,1,1188.65,0.025,2025-10-13,1158.93
mercadinho,2025-09-13,credito_4x,1,4,63.52,0.035,2025-10-13,61.3
mercadinho,2025-09-13,credito_4x,2,4,63.52,0.035,2025-11-12,61.3
mercadinho,2025-09-13,credito_4x,3,4,63.52,0.035,2025-12-12,61.3
mercadinho,2025-09-13,credito_4x,4,4,63.52,0.035,2026-01-11,61.3
mercadinho,2025-09-14,pix,1,1,1018.6,0.0,2025-09-14,1018.6
mercadinho,2025-09-14,debito,1,1,1088.46,0.012,2025-09-15,1075.4
mercadinho,2025-09-14,credito_vista,1,1,518.19,0.025,2025-10-14,505.24
mercadinho,2025-09-14,credito_4x,1,4,21.28,0.035,2025-10-14,20.54
mercadinho,2025-09-14,credito_4x,2,4,21.28,0.035,2025-11-13,20.54
mercadinho,2025-09-14,credito_4x,3,4,21.28,0.035,2025-12-13,20.54
mercadinho,2025-09-14,credito_4x,4,4,21.28,0.035,2026-01-12,20.54
mercadinho,2025-09-15,pix,1,1,1995.17,0.0,2025-09-15,1995.17
mercadinho,2025-09-15,debito,1,1,1262.48,0.012,2025-09-16,1247.33
mercadinho,2025-09-15,credito_vista,1,1,893.09,0.025,2025-10-15,870.76
mercadinho,2025-09-15,credito_4x,1,4,32.49,0.035,2025-10-15,31.35
mercadinho,2025-09-15,credito_4x,2,4,32.49,0.035,2025-11-14,31.35
mercadinho,2025-09-15,credito_4x,3,4,32.49,0.035,2025-12-14,31.35
mercadinho,2025-09-15,credito_4x,4,4,32.49,0.035,2026-01-13,31.35
mercadinho,2025-09-16,pix,1,1,1592.8,0.0,2025-09-16,1592.8
mercadinho,2025-09-16,debito,1,1,1329.95,0.012,2025-09-17,1313.99
mercadinho,2025-09-16,credito_vista,1,1,673.87,0.025,2025-10-16,657.03
mercadinho,2025-09-16,credito_4x,1,4,51.4,0.035,2025-10-16,49.6
mercadinho,2025-09-16,credito_4x,2,4,51.4,0.035,2025-11-15,49.6
mercadinho,2025-09-16,credito_4x,3,4,51.4,0.035,2025-12-15,49.6
mercadinho,2025-09-16,credito_4x,4,4,51.4,0.035,2026-01-14,49.6
mercadinho,2025-09-17,pix,1,1,1536.53,0.0,2025-09-17,1536.53
mercadinho,2025-09-17,debito,1,1,1509.66,0.012,2025-09-18,1491.55
mercadinho,2025-09-17,credito_vista,1,1,845.92,0.025,2025-10-17,824.77
mercadinho,2025-09-17,credito_4x,1,4,36.56,0.035,2025-10-17,35.28
mercadinho,2025-09-17,credito_4x,2,4,36.56,0.035,2025-11-16,35.28
mercadinho,2025-09-17,credito_4x,3,4,36.56,0.035,2025-12-16,35.28
mercadinho,2025-09-17,credito_4x,4,4,36.56,0.035,2026-01-15,35.28
mercadinho,2025-09-18,pix,1,1,1481.12,0.0,2025-09-18,1481.12
mercadinho,2025-09-18,debito,1,1,1495.75,0.012,2025-09-19,1477.8
mercadinho,2025-09-18,credito_vista,1,1,727.63,0.025,2025-10-18,709.44
mercadinho,2025-09-18,credito_4x,1,4,58.23,0.035,2025-10-18,56.19
mercadinho,2025-09-18,credito_4x,2,4,58.23,0.035,2025-11-17,56.19
mercadinho,2025-09-18,credito_4x,3,4,58.23,0.035,2025-12-17,56.19
mercadinho,2025-09-18,credito_4x,4,4,58.23,0.035,2026-01-16,56.19
mercadinho,2025-09-19,pix,1,1,2120.47,0.0,2025-09-19,2120.47
mercadinho,2025-09-19,debito,1,1,1858.8,0.012,2025-09-20,1836.5
mercadinho,2025-09-19,credito_vista,1,1,1368.41,0.025,2025-10-19,1334.2
mercadinho,2025-09-19,credito_4x,1,4,75.18,0.035,2025-10-19,72.55
mercadinho,2025-09-19,credito_4x,2,4,75.18,0.035,2025-11-18,72.55
mercadinho,2025-09-19,credito_4x,3,4,75.18,0.035,2025-12-18,72.55
mercadinho,2025-09-19,credito_4x,4,4,75.18,0.035,2026-01-17,72.55
mercadinho,2025-09-20,pix,1,1,1922.2,0.0,2025-09-20,1922.2
mercadinho,2025-09-20,debito,1,1,1697.56,0.012,2025-09-21,1677.18
mercadinho,2025-09-20,credito_vista,1,1,1038.53,0.025,2025-10-20,1012.56
mercadinho,2025-09-20,credito_4x,1,4,72.94,0.035,2025-10-20,70.38
mercadinho,2025-09-20,credito_4x,2,4,72.94,0.035,2025-11-19,70.38
mercadinho,2025-09-20,credito_4x,3,4,72.94,0.035,2025-12-19,70.38
mercadinho,2025-09-20,credito_4x,4,4,72.94,0.035,2026-01-18,70.38
mercadinho,2025-09-21,pix,1,1,1197.97,0.0,2025-09-21,1197.97
mercadinho,2025-09-21,debito,1,1,916.29,0.012,2025-09-22,905.3
mercadinho,2025-09-21,credito_vista,1,1,539.51,0.025,2025-10-21,526.02
mercadinho,2025-09-21,credito_4x,1,4,24.46,0.035,2025-10-21,23.61
mercadinho,2025-09-21,credito_4x,2,4,24.46,0.035,2025-11-20,23.61
mercadinho,2025-09-21,credito_4x,3,4,24.46,0.035,2025-12-20,23.61
mercadinho,2025-09-21,credito_4x,4,4,24.46,0.035,2026-01-19,23.61
mercadinho,2025-09-22,pix,1,1,1859.55,0.0,2025-09-22,1859.55
mercadinho,2025-09-22,debito,1,1,1425.81,0.012,2025-09-23,1408.71
mercadinho,2025-09-22,credito_vista,1,1,957.54,0.025,2025-10-22,933.6
mercadinho,2025-09-22,credito_4x,1,4,48.8,0.035,2025-10-22,47.09
mercadinho,2025-09-22,credito_4x,2,4,48.8,0.035,2025-11-21,47.09
mercadinho,2025-09-22,credito_4x,3,4,48.8,0.035,2025-12-21,47.09
mercadinho,2025-09-22,credito_4x,4,4,48.8,0.035,2026-01-20,47.09
mercadinho,2025-09-23,pix,1,1,1603.77,0.0,2025-09-23,1603.77
mercadinho,2025-09-23,debito,1,1,1306.94,0.012,2025-09-24,1291.25
mercadinho,2025-09-23,credito_vista,1,1,892.42,0.025,2025-10-23,870.11
mercadinho,2025-09-23,credito_4x,1,4,27.46,0.035,2025-10-23,26.5
mercadinho,2025-09-23,credito_4x,2,4,27.46,0.035,2025-11-22,26.5
mercadinho,2025-09-23,credito_4x,3,4,27.46,0.035,2025-12-22,26.5
mercadinho,2025-09-23,credito_4x,4,4,27.46,0.035,2026-01-21,26.5
mercadinho,2025-09-24,pix,1,1,1268.25,0.0,2025-09-24,1268.25
mercadinho,2025-09-24,debito,1,1,1172.37,0.012,2025-09-25,1158.3
mercadinho,2025-09-24,credito_vista,1,1,767.85,0.025,2025-10-24,748.65
mercadinho,2025-09-24,credito_4x,1,4,33.17,0.035,2025-10-24,32.01
mercadinho,2025-09-24,credito_4x,2,4,33.17,0.035,2025-11-23,32.01
mercadinho,2025-09-24,credito_4x,3,4,33.17,0.035,2025-12-23,32.01
mercadinho,2025-09-24,credito_4x,4,4,33.17,0.035,2026-01-22,32.01
mercadinho,2025-09-25,pix,1,1,1233.92,0.0,2025-09-25,1233.92
mercadinho,2025-09-25,debito,1,1,947.9,0.012,2025-09-26,936.52
mercadinho,2025-09-25,credito_vista,1,1,636.53,0.025,2025-10-25,620.62
mercadinho,2025-09-25,credito_4x,1,4,16.54,0.035,2025-10-25,15.96
mercadinho,2025-09-25,credito_4x,2,4,16.54,0.035,2025-11-24,15.96
mercadinho,2025-09-25,credito_4x,3,4,16.54,0.035,2025-12-24,15.96
mercadinho,2025-09-25,credito_4x,4,4,16.54,0.035,2026-01-23,15.96
mercadinho,2025-09-26,pix,1,1,1764.41,0.0,2025-09-26,1764.41
mercadinho,2025-09-26,debito,1,1,1438.21,0.012,2025-09-27,1420.95
mercadinho,2025-09-26,credito_vista,1,1,911.7,0.025,2025-10-26,888.91
mercadinho,2025-09-26,credito_4x,1,4,90.36,0.035,2025-10-26,87.19
mercadinho,2025-09-26,credito_4x,2,4,90.36,0.035,2025-11-25,87.19
mercadinho,2025-09-26,credito_4x,3,4,90.36,0.035,2025-12-25,87.19
mercadinho,2025-09-26,credito_4x,4,4,90.36,0.035,2026-01-24,87.19
mercadinho,2025-09-27,pix,1,1,1563.38,0.0,2025-09-27,1563.38
mercadinho,2025-09-27,debito,1,1,1659.32,0.012,2025-09-28,1639.41
mercadinho,2025-09-27,credito_vista,1,1,1016.32,0.025,2025-10-27,990.91
mercadinho,2025-09-27,credito_4x,1,4,35.83,0.035,2025-10-27,34.57
mercadinho,2025-09-27,credito_4x,2,4,35.83,0.035,2025-11-26,34.57
mercadinho,2025-09-27,credito_4x,3,4,35.83,0.035,2025-12-26,34.57
mercadinho,2025-09-27,credito_4x,4,4,35.83,0.035,2026-01-25,34.57
mercadinho,2025-09-28,pix,1,1,808.81,0.0,2025-09-28,808.81
mercadinho,2025-09-28,debito,1,1,632.99,0.012,2025-09-29,625.4
mercadinho,2025-09-28,credito_vista,1,1,423.18,0.025,2025-10-28,412.6
mercadinho,2025-09-28,credito_4x,1,4,26.59,0.035,2025-10-28,25.66
mercadinho,2025-09-28,credito_4x,2,4,26.59,0.035,2025-11-27,25.66
mercadinho,2025-09-28,credito_4x,3,4,26.59,0.035,2025-12-27,25.66
mercadinho,2025-09-28,credito_4x,4,4,26.59,0.035,2026-01-26,25.66
mercadinho,2025-09-29,pix,1,1,1149.32,0.0,2025-09-29,1149.32
mercadinho,2025-09-29,debito,1,1,1084.21,0.012,2025-09-30,1071.2
mercadinho,2025-09-29,credito_vista,1,1,730.61,0.025,2025-10-29,712.35
mercadinho,2025-09-29,credito_4x,1,4,24.19,0.035,2025-10-29,23.34
mercadinho,2025-09-29,credito_4x,2,4,24.19,0.035,2025-11-28,23.34
mercadinho,2025-09-29,credito_4x,3,4,24.19,0.035,2025-12-28,23.34
mercadinho,2025-09-29,credito_4x,4,4,24.19,0.035,2026-01-27,23.34
mercadinho,2025-09-30,pix,1,1,1187.48,0.0,2025-09-30,1187.48
mercadinho,2025-09-30,debito,1,1,1110.09,0.012,2025-10-01,1096.77
mercadinho,2025-09-30,credito_vista,1,1,623.24,0.025,2025-10-30,607.66
mercadinho,2025-09-30,credito_4x,1,4,26.66,0.035,2025-10-30,25.72
mercadinho,2025-09-30,credito_4x,2,4,26.66,0.035,2025-11-29,25.72
mercadinho,2025-09-30,credito_4x,3,4,26.66,0.035,2025-12-29,25.72
mercadinho,2025-09-30,credito_4x,4,4,26.66,0.035,2026-01-28,25.72
mercadinho,2025-10-01,pix,1,1,1832.41,0.0,2025-10-01,1832.41
mercadinho,2025-10-01,debito,1,1,1552.71,0.012,2025-10-02,1534.07
mercadinho,2025-10-01,credito_vista,1,1,896.32,0.025,2025-10-31,873.92
mercadinho,2025-10-01,credito_4x,1,4,32.59,0.035,2025-10-31,31.45
mercadinho,2025-10-01,credito_4x,2,4,32.59,0.035,2025-11-30,31.45
mercadinho,2025-10-01,credito_4x,3,4,32.59,0.035,2025-12-30,31.45
mercadinho,2025-10-01,credito_4x,4,4,32.59,0.035,2026-01-29,31.45
mercadinho,2025-10-02,pix,1,1,2699.39,0.0,2025-10-02,2699.39
mercadinho,2025-10-02,debito,1,1,1500.71,0.012,2025-10-03,1482.7
mercadinho,2025-10-02,credito_vista,1,1,960.35,0.025,2025-11-01,936.34
mercadinho,2025-10-02,credito_4x,1,4,68.94,0.035,2025-11-01,66.53
mercadinho,2025-10-02,credito_4x,2,4,68.94,0.035,2025-12-01,66.53
mercadinho,2025-10-02,credito_4x,3,4,68.94,0.035,2025-12-31,66.53
mercadinho,2025-10-02,credito_4x,4,4,68.94,0.035,2026-01-30,66.53
mercadinho,2025-10-03,pix,1,1,2917.65,0.0,2025-10-03,2917.65
mercadinho,2025-10-03,debito,1,1,2201.06,0.012,2025-10-04,2174.65
mercadinho,2025-10-03,credito_vista,1,1,1537.08,0.025,2025-11-02,1498.65
mercadinho,2025-10-03,credito_4x,1,4,80.41,0.035,2025-11-02,77.6
mercadinho,2025-10-03,credito_4x,2,4,80.41,0.035,2025-12-02,77.6
mercadinho,2025-10-03,credito_4x,3,4,80.41,0.035,2026-01-01,77.6
mercadinho,2025-10-03,credito_4x,4,4,80.41,0.035,2026-01-31,77.6
mercadinho,2025-10-04,pix,1,1,3265.6,0.0,2025-10-04,3265.6
mercadinho,2025-10-04,debito,1,1,2688.26,0.012,2025-10-05,2656.0
mercadinho,2025-10-04,credito_vista,1,1,1545.2,0.025,2025-11-03,1506.57
mercadinho,2025-10-04,credito_4x,1,4,69.54,0.035,2025-11-03,67.1
mercadinho,2025-10-04,credito_4x,2,4,69.54,0.035,2025-12-03,67.1
mercadinho,2025-10-04,credito_4x,3,4,69.54,0.035,2026-01-02,67.1
mercadinho,2025-10-04,credito_4x,4,4,69.54,0.035,2026-02-01,67.1
mercadinho,2025-10-05,pix,1,1,1201.0,0.0,2025-10-05,1201.0
mercadinho,2025-10-05,debito,1,1,1052.36,0.012,2025-10-06,1039.73
mercadinho,2025-10-05,credito_vista,1,1,589.01,0.025,2025-11-04,574.28
mercadinho,2025-10-05,credito_4x,1,4,23.87,0.035,2025-11-04,23.04
mercadinho,2025-10-05,credito_4x,2,4,23.87,0.035,2025-12-04,23.04
mercadinho,2025-10-05,credito_4x,3,4,23.87,0.035,2026-01-03,23.04
mercadinho,2025-10-05,credito_4x,4,4,23.87,0.035,2026-02-02,23.04
mercadinho,2025-10-06,pix,1,1,2098.92,0.0,2025-10-06,2098.92
mercadinho,2025-10-06,debito,1,1,1829.79,0.012,2025-10-07,1807.83
mercadinho,2025-10-06,credito_vista,1,1,1278.25,0.025,2025-11-05,1246.3
mercadinho,2025-10-06,credito_4x,1,4,63.01,0.035,2025-11-05,60.8
mercadinho,2025-10-06,credito_4x,2,4,63.01,0.035,2025-12-05,60.8
mercadinho,2025-10-06,credito_4x,3,4,63.01,0.035,2026-01-04,60.8
mercadinho,2025-10-06,credito_4x,4,4,63.01,0.035,2026-02-03,60.8
mercadinho,2025-10-07,pix,1,1,2443.47,0.0,2025-10-07,2443.47
mercadinho,2025-10-07,debito,1,1,1678.14,0.012,2025-10-08,1658.0
mercadinho,2025-10-07,credito_vista,1,1,1046.5,0.025,2025-11-06,1020.33
mercadinho,2025-10-07,credito_4x,1,4,55.28,0.035,2025-11-06,53.34
mercadinho,2025-10-07,credito_4x,2,4,55.28,0.035,2025-12-06,53.34
mercadinho,2025-10-07,credito_4x,3,4,55.28,0.035,2026-01-05,53.34
mercadinho,2025-10-07,credito_4x,4,4,55.28,0.035,2026-02-04,53.34
mercadinho,2025-10-08,pix,1,1,2156.39,0.0,2025-10-08,2156.39
mercadinho,2025-10-08,debito,1,1,1555.63,0.012,2025-10-09,1536.97
mercadinho,2025-10-08,credito_vista,1,1,1027.36,0.025,2025-11-07,1001.67
mercadinho,2025-10-08,credito_4x,1,4,66.88,0.035,2025-11-07,64.54
mercadinho,2025-10-08,credito_4x,2,4,66.88,0.035,2025-12-07,64.54
mercadinho,2025-10-08,credito_4x,3,4,66.88,0.035,2026-01-06,64.54
mercadinho,2025-10-08,credito_4x,4,4,66.88,0.035,2026-02-05,64.54
mercadinho,2025-10-09,pix,1,1,2152.94,0.0,2025-10-09,2152.94
mercadinho,2025-10-09,debito,1,1,1601.63,0.012,2025-10-10,1582.41
mercadinho,2025-10-09,credito_vista,1,1,1226.29,0.025,2025-11-08,1195.63
mercadinho,2025-10-09,credito_4x,1,4,62.35,0.035,2025-11-08,60.17
mercadinho,2025-10-09,credito_4x,2,4,62.35,0.035,2025-12-08,60.17
mercadinho,2025-10-09,credito_4x,3,4,62.35,0.035,2026-01-07,60.17
mercadinho,2025-10-09,credito_4x,4,4,62.35,0.035,2026-02-06,60.17
mercadinho,2025-10-10,pix,1,1,2924.18,0.0,2025-10-10,2924.18
mercadinho,2025-10-10,debito,1,1,2686.36,0.012,2025-10-11,2654.12
mercadinho,2025-10-10,credito_vista,1,1,2039.21,0.025,2025-11-09,1988.23
mercadinho,2025-10-10,credito_4x,1,4,90.99,0.035,2025-11-09,87.8
mercadinho,2025-10-10,credito_4x,2,4,90.99,0.035,2025-12-09,87.8
mercadinho,2025-10-10,credito_4x,3,4,90.99,0.035,2026-01-08,87.8
mercadinho,2025-10-10,credito_4x,4,4,90.99,0.035,2026-02-07,87.8
mercadinho,2025-10-11,pix,1,1,2362.38,0.0,2025-10-11,2362.38
mercadinho,2025-10-11,debito,1,1,1716.8,0.012,2025-10-12,1696.2
mercadinho,2025-10-11,credito_vista,1,1,975.29,0.025,2025-11-10,950.9
mercadinho,2025-10-11,credito_4x,1,4,69.25,0.035,2025-11-10,66.82
mercadinho,2025-10-11,credito_4x,2,4,69.25,0.035,2025-12-10,66.82
mercadinho,2025-10-11,credito_4x,3,4,69.25,0.035,2026-01-09,66.82
mercadinho,2025-10-11,credito_4x,4,4,69.25,0.035,2026-02-08,66.82
mercadinho,2025-10-12,pix,1,1,1103.31,0.0,2025-10-12,1103.31
mercadinho,2025-10-12,debito,1,1,1008.58,0.012,2025-10-13,996.48
mercadinho,2025-10-12,credito_vista,1,1,564.73,0.025,2025-11-11,550.61
mercadinho,2025-10-12,credito_4x,1,4,30.45,0.035,2025-11-11,29.38
mercadinho,2025-10-12,credito_4x,2,4,30.45,0.035,2025-12-11,29.38
mercadinho,2025-10-12,credito_4x,3,4,30.45,0.035,2026-01-10,29.38
mercadinho,2025-10-12,credito_4x,4,4,30.45,0.035,2026-02-09,29.38
mercadinho,2025-10-13,pix,1,1,1561.11,0.0,2025-10-13,1561.11
mercadinho,2025-10-13,debito,1,1,1349.07,0.012,2025-10-14,1332.88
mercadinho,2025-10-13,credito_vista,1,1,859.52,0.025,2025-11-12,838.03
mercadinho,2025-10-13,credito_4x,1,4,35.13,0.035,2025-11-12,33.9
mercadinho,2025-10-13,credito_4x,2,4,35.13,0.035,2025-12-12,33.9
mercadinho,2025-10-13,credito_4x,3,4,35.13,0.035,2026-01-11,33.9
mercadinho,2025-10-13,credito_4x,4,4,35.13,0.035,2026-02-10,33.9
mercadinho,2025-10-14,pix,1,1,1754.14,0.0,2025-10-14,1754.14
mercadinho,2025-10-14,debito,1,1,1516.52,0.012,2025-10-15,1498.33
mercadinho,2025-10-14,credito_vista,1,1,803.4,0.025,2025-11-13,783.32
mercadinho,2025-10-14,credito_4x,1,4,47.13,0.035,2025-11-13,45.48
mercadinho,2025-10-14,credito_4x,2,4,47.13,0.035,2025-12-13,45.48
mercadinho,2025-10-14,credito_4x,3,4,47.13,0.035,2026-01-12,45.48
mercadinho,2025-10-14,credito_4x,4,4,47.13,0.035,2026-02-11,45.48
mercadinho,2025-10-15,pix,1,1,1776.42,0.0,2025-10-15,1776.42
mercadinho,2025-10-15,debito,1,1,1585.71,0.012,2025-10-16,1566.68
mercadinho,2025-10-15,credito_vista,1,1,765.37,0.025,2025-11-14,746.23
mercadinho,2025-10-15,credito_4x,1,4,39.39,0.035,2025-11-14,38.02
mercadinho,2025-10-15,credito_4x,2,4,39.39,0.035,2025-12-14,38.02
mercadinho,2025-10-15,credito_4x,3,4,39.39,0.035,2026-01-13,38.02
mercadinho,2025-10-15,credito_4x,4,4,39.39,0.035,2026-02-12,38.02
mercadinho,2025-10-16,pix,1,1,1579.2,0.0,2025-10-16,1579.2
mercadinho,2025-10-16,debito,1,1,1586.06,0.012,2025-10-17,1567.02
mercadinho,2025-10-16,credito_vista,1,1,685.42,0.025,2025-11-15,668.28
mercadinho,2025-10-16,credito_4x,1,4,36.95,0.035,2025-11-15,35.66
mercadinho,2025-10-16,credito_4x,2,4,36.95,0.035,2025-12-15,35.66
mercadinho,2025-10-16,credito_4x,3,4,36.95,0.035,2026-01-14,35.66
mercadinho,2025-10-16,credito_4x,4,4,36.95,0.035,2026-02-13,35.66
mercadinho,2025-10-17,pix,1,1,1821.62,0.0,2025-10-17,1821.62
mercadinho,2025-10-17,debito,1,1,1572.12,0.012,2025-10-18,1553.26
mercadinho,2025-10-17,credito_vista,1,1,1008.45,0.025,2025-11-16,983.24
mercadinho,2025-10-17,credito_4x,1,4,56.23,0.035,2025-11-16,54.26
mercadinho,2025-10-17,credito_4x,2,4,56.23,0.035,2025-12-16,54.26
mercadinho,2025-10-17,credito_4x,3,4,56.23,0.035,2026-01-15,54.26
mercadinho,2025-10-17,credito_4x,4,4,56.23,0.035,2026-02-14,54.26
mercadinho,2025-10-18,pix,1,1,2087.97,0.0,2025-10-18,2087.97
mercadinho,2025-10-18,debito,1,1,1636.09,0.012,2025-10-19,1616.45
mercadinho,2025-10-18,credito_vista,1,1,698.45,0.025,2025-11-17,680.99
mercadinho,2025-10-18,credito_4x,1,4,79.28,0.035,2025-11-17,76.5
mercadinho,2025-10-18,credito_4x,2,4,79.28,0.035,2025-12-17,76.5
mercadinho,2025-10-18,credito_4x,3,4,79.28,0.035,2026-01-16,76.5
mercadinho,2025-10-18,credito_4x,4,4,79.28,0.035,2026-02-15,76.5
mercadinho,2025-10-19,pix,1,1,1026.95,0.0,2025-10-19,1026.95
mercadinho,2025-10-19,debito,1,1,694.29,0.012,2025-10-20,685.96
mercadinho,2025-10-19,credito_vista,1,1,600.64,0.025,2025-11-18,585.63
mercadinho,2025-10-19,credito_4x,1,4,13.27,0.035,2025-11-18,12.81
mercadinho,2025-10-19,credito_4x,2,4,13.27,0.035,2025-12-18,12.81
mercadinho,2025-10-19,credito_4x,3,4,13.27,0.035,2026-01-17,12.81
mercadinho,2025-10-19,credito_4x,4,4,13.27,0.035,2026-02-16,12.81
mercadinho,2025-10-20,pix,1,1,2304.12,0.0,2025-10-20,2304.12
mercadinho,2025-10-20,debito,1,1,1415.42,0.012,2025-10-21,1398.43
mercadinho,2025-10-20,credito_vista,1,1,810.19,0.025,2025-11-19,789.93
mercadinho,2025-10-20,credito_4x,1,4,33.41,0.035,2025-11-19,32.24
mercadinho,2025-10-20,credito_4x,2,4,33.41,0.035,2025-12-19,32.24
mercadinho,2025-10-20,credito_4x,3,4,33.41,0.035,2026-01-18,32.24
mercadinho,2025-10-20,credito_4x,4,4,33.41,0.035,2026-02-17,32.24
mercadinho,2025-10-21,pix,1,1,1426.06,0.0,2025-10-21,1426.06
mercadinho,2025-10-21,debito,1,1,1378.5,0.012,2025-10-22,1361.96
mercadinho,2025-10-21,credito_vista,1,1,612.21,0.025,2025-11-20,596.91
mercadinho,2025-10-21,credito_4x,1,4,40.25,0.035,2025-11-20,38.84
mercadinho,2025-10-21,credito_4x,2,4,40.25,0.035,2025-12-20,38.84
mercadinho,2025-10-21,credito_4x,3,4,40.25,0.035,2026-01-19,38.84
mercadinho,2025-10-21,credito_4x,4,4,40.25,0.035,2026-02-18,38.84
mercadinho,2025-10-22,pix,1,1,1669.58,0.0,2025-10-22,1669.58
mercadinho,2025-10-22,debito,1,1,1329.33,0.012,2025-10-23,1313.37
mercadinho,2025-10-22,credito_vista,1,1,892.5,0.025,2025-11-21,870.18
mercadinho,2025-10-22,credito_4x,1,4,39.76,0.035,2025-11-21,38.37
mercadinho,2025-10-22,credito_4x,2,4,39.76,0.035,2025-12-21,38.37
mercadinho,2025-10-22,credito_4x,3,4,39.76,0.035,2026-01-20,38.37
mercadinho,2025-10-22,credito_4x,4,4,39.76,0.035,2026-02-19,38.37
mercadinho,2025-10-23,pix,1,1,1511.12,0.0,2025-10-23,1511.12
mercadinho,2025-10-23,debito,1,1,1292.82,0.012,2025-10-24,1277.31
mercadinho,2025-10-23,credito_vista,1,1,659.71,0.025,2025-11-22,643.21
mercadinho,2025-10-23,credito_4x,1,4,34.29,0.035,2025-11-22,33.09
mercadinho,2025-10-23,credito_4x,2,4,34.29,0.035,2025-12-22,33.09
mercadinho,2025-10-23,credito_4x,3,4,34.29,0.035,2026-01-21,33.09
mercadinho,2025-10-23,credito_4x,4,4,34.29,0.035,2026-02-20,33.09
mercadinho,2025-10-24,pix,1,1,2143.92,0.0,2025-10-24,2143.92
mercadinho,2025-10-24,debito,1,1,1854.72,0.012,2025-10-25,1832.46
mercadinho,2025-10-24,credito_vista,1,1,969.07,0.025,2025-11-23,944.84
mercadinho,2025-10-24,credito_4x,1,4,47.95,0.035,2025-11-23,46.28
mercadinho,2025-10-24,credito_4x,2,4,47.95,0.035,2025-12-23,46.28
mercadinho,2025-10-24,credito_4x,3,4,47.95,0.035,2026-01-22,46.28
mercadinho,2025-10-24,credito_4x,4,4,47.95,0.035,2026-02-21,46.28
mercadinho,2025-10-25,pix,1,1,1740.5,0.0,2025-10-25,1740.5
mercadinho,2025-10-25,debito,1,1,1331.68,0.012,2025-10-26,1315.7
mercadinho,2025-10-25,credito_vista,1,1,717.16,0.025,2025-11-24,699.23
mercadinho,2025-10-25,credito_4x,1,4,48.43,0.035,2025-11-24,46.73
mercadinho,2025-10-25,credito_4x,2,4,48.43,0.035,2025-12-24,46.73
mercadinho,2025-10-25,credito_4x,3,4,48.43,0.035,2026-01-23,46.73
mercadinho,2025-10-25,credito_4x,4,4,48.43,0.035,2026-02-22,46.73
mercadinho,2025-10-26,pix,1,1,863.43,0.0,2025-10-26,863.43
mercadinho,2025-10-26,debito,1,1,660.97,0.012,2025-10-27,653.04
mercadinho,2025-10-26,credito_vista,1,1,347.14,0.025,2025-11-25,338.47
mercadinho,2025-10-26,credito_4x,1,4,10.64,0.035,2025-11-25,10.27
mercadinho,2025-10-26,credito_4x,2,4,10.64,0.035,2025-12-25,10.27
mercadinho,2025-10-26,credito_4x,3,4,10.64,0.035,2026-01-24,10.27
mercadinho,2025-10-26,credito_4x,4,4,10.64,0.035,2026-02-23,10.27
mercadinho,2025-10-27,pix,1,1,1495.58,0.0,2025-10-27,1495.58
mercadinho,2025-10-27,debito,1,1,1066.51,0.012,2025-10-28,1053.72
mercadinho,2025-10-27,credito_vista,1,1,545.67,0.025,2025-11-26,532.03
mercadinho,2025-10-27,credito_4x,1,4,25.19,0.035,2025-11-26,24.31
mercadinho,2025-10-27,credito_4x,2,4,25.19,0.035,2025-12-26,24.31
mercadinho,2025-10-27,credito_4x,3,4,25.19,0.035,2026-01-25,24.31
mercadinho,2025-10-27,credito_4x,4,4,25.19,0.035,2026-02-24,24.31
mercadinho,2025-10-28,pix,1,1,1179.39,0.0,2025-10-28,1179.39
mercadinho,2025-10-28,debito,1,1,855.45,0.012,2025-10-29,845.19
mercadinho,2025-10-28,credito_vista,1,1,569.68,0.025,2025-11-27,555.44
mercadinho,2025-10-28,credito_4x,1,4,22.31,0.035,2025-11-27,21.53
mercadinho,2025-10-28,credito_4x,2,4,22.31,0.035,2025-12-27,21.53
mercadinho,2025-10-28,credito_4x,3,4,22.31,0.035,2026-01-26,21.53
mercadinho,2025-10-28,credito_4x,4,4,22.31,0.035,2026-02-25,21.53
mercadinho,2025-10-29,pix,1,1,1164.59,0.0,2025-10-29,1164.59
mercadinho,2025-10-29,debito,1,1,950.77,0.012,2025-10-30,939.36
mercadinho,2025-10-29,credito_vista,1,1,607.94,0.025,2025-11-28,592.74
mercadinho,2025-10-29,credito_4x,1,4,33.64,0.035,2025-11-28,32.47
mercadinho,2025-10-29,credito_4x,2,4,33.64,0.035,2025-12-28,32.47
mercadinho,2025-10-29,credito_4x,3,4,33.64,0.035,2026-01-27,32.47
mercadinho,2025-10-29,credito_4x,4,4,33.64,0.035,2026-02-26,32.47
mercadinho,2025-10-30,pix,1,1,1233.81,0.0,2025-10-30,1233.81
mercadinho,2025-10-30,debito,1,1,901.67,0.012,2025-10-31,890.85
mercadinho,2025-10-30,credito_vista,1,1,684.94,0.025,2025-11-29,667.82
mercadinho,2025-10-30,credito_4x,1,4,25.22,0.035,2025-11-29,24.34
mercadinho,2025-10-30,credito_4x,2,4,25.22,0.035,2025-12-29,24.34
mercadinho,2025-10-30,credito_4x,3,4,25.22,0.035,2026-01-28,24.34
mercadinho,2025-10-30,credito_4x,4,4,25.22,0.035,2026-02-27,24.34
mercadinho,2025-10-31,pix,1,1,1261.03,0.0,2025-10-31,1261.03
mercadinho,2025-10-31,debito,1,1,1321.12,0.012,2025-11-01,1305.27
mercadinho,2025-10-31,credito_vista,1,1,787.2,0.025,2025-11-30,767.52
mercadinho,2025-10-31,credito_4x,1,4,32.86,0.035,2025-11-30,31.71
mercadinho,2025-10-31,credito_4x,2,4,32.86,0.035,2025-12-30,31.71
mercadinho,2025-10-31,credito_4x,3,4,32.86,0.035,2026-01-29,31.71
mercadinho,2025-10-31,credito_4x,4,4,32.86,0.035,2026-02-28,31.71
mercadinho,2025-11-01,pix,1,1,3539.52,0.0,2025-11-01,3539.52
mercadinho,2025-11-01,debito,1,1,2760.18,0.012,2025-11-02,2727.06
mercadinho,2025-11-01,credito_vista,1,1,1860.4,0.025,2025-12-01,1813.89
mercadinho,2025-11-01,credito_4x,1,4,67.68,0.035,2025-12-01,65.31
mercadinho,2025-11-01,credito_4x,2,4,67.68,0.035,2025-12-31,65.31
mercadinho,2025-11-01,credito_4x,3,4,67.68,0.035,2026-01-30,65.31
mercadinho,2025-11-01,credito_4x,4,4,67.68,0.035,2026-03-01,65.31
mercadinho,2025-11-02,pix,1,1,1385.54,0.0,2025-11-02,1385.54
mercadinho,2025-11-02,debito,1,1,991.8,0.012,2025-11-03,979.89
mercadinho,2025-11-02,credito_vista,1,1,566.62,0.025,2025-12-02,552.46
mercadinho,2025-11-02,credito_4x,1,4,50.21,0.035,2025-12-02,48.45
mercadinho,2025-11-02,credito_4x,2,4,50.21,0.035,2026-01-01,48.45
mercadinho,2025-11-02,credito_4x,3,4,50.21,0.035,2026-01-31,48.45
mercadinho,2025-11-02,credito_4x,4,4,50.21,0.035,2026-03-02,48.45
mercadinho,2025-11-03,pix,1,1,1695.15,0.0,2025-11-03,1695.15
mercadinho,2025-11-03,debito,1,1,1698.63,0.012,2025-11-04,1678.25
mercadinho,2025-11-03,credito_vista,1,1,775.4,0.025,2025-12-03,756.01
mercadinho,2025-11-03,credito_4x,1,4,71.37,0.035,2025-12-03,68.88
mercadinho,2025-11-03,credito_4x,2,4,71.37,0.035,2026-01-02,68.88
mercadinho,2025-11-03,credito_4x,3,4,71.37,0.035,2026-02-01,68.88
mercadinho,2025-11-03,credito_4x,4,4,71.37,0.035,2026-03-03,68.88
mercadinho,2025-11-04,pix,1,1,1863.99,0.0,2025-11-04,1863.99
mercadinho,2025-11-04,debito,1,1,1818.6,0.012,2025-11-05,1796.77
mercadinho,2025-11-04,credito_vista,1,1,1058.54,0.025,2025-12-04,1032.07
mercadinho,2025-11-04,credito_4x,1,4,27.17,0.035,2025-12-04,26.22
mercadinho,2025-11-04,credito_4x,2,4,27.17,0.035,2026-01-03,26.22
mercadinho,2025-11-04,credito_4x,3,4,27.17,0.035,2026-02-02,26.22
mercadinho,2025-11-04,credito_4x,4,4,27.17,0.035,2026-03-04,26.22
mercadinho,2025-11-05,pix,1,1,2450.24,0.0,2025-11-05,2450.24
mercadinho,2025-11-05,debito,1,1,1804.27,0.012,2025-11-06,1782.62
mercadinho,2025-11-05,credito_vista,1,1,1214.26,0.025,2025-12-05,1183.91
mercadinho,2025-11-05,credito_4x,1,4,45.1,0.035,2025-12-05,43.53
mercadinho,2025-11-05,credito_4x,2,4,45.1,0.035,2026-01-04,43.53
mercadinho,2025-11-05,credito_4x,3,4,45.1,0.035,2026-02-03,43.53
mercadinho,2025-11-05,credito_4x,4,4,45.1,0.035,2026-03-05,43.53
mercadinho,2025-11-06,pix,1,1,2134.98,0.0,2025-11-06,2134.98
mercadinho,2025-11-06,debito,1,1,1645.31,0.012,2025-11-07,1625.57
mercadinho,2025-11-06,credito_vista,1,1,1030.31,0.025,2025-12-06,1004.55
mercadinho,2025-11-06,credito_4x,1,4,56.59,0.035,2025-12-06,54.61
mercadinho,2025-11-06,credito_4x,2,4,56.59,0.035,2026-01-05,54.61
mercadinho,2025-11-06,credito_4x,3,4,56.59,0.035,2026-02-04,54.61
mercadinho,2025-11-06,credito_4x,4,4,56.59,0.035,2026-03-06,54.61
mercadinho,2025-11-07,pix,1,1,3274.46,0.0,2025-11-07,3274.46
mercadinho,2025-11-07,debito,1,1,2597.45,0.012,2025-11-08,2566.28
mercadinho,2025-11-07,credito_vista,1,1,1707.61,0.025,2025-12-07,1664.92
mercadinho,2025-11-07,credito_4x,1,4,65.49,0.035,2025-12-07,63.2
mercadinho,2025-11-07,credito_4x,2,4,65.49,0.035,2026-01-06,63.2
mercadinho,2025-11-07,credito_4x,3,4,65.49,0.035,2026-02-05,63.2
mercadinho,2025-11-07,credito_4x,4,4,65.49,0.035,2026-03-07,63.2
mercadinho,2025-11-08,pix,1,1,2723.56,0.0,2025-11-08,2723.56
mercadinho,2025-11-08,debito,1,1,2626.8,0.012,2025-11-09,2595.28
mercadinho,2025-11-08,credito_vista,1,1,1318.17,0.025,2025-12-08,1285.22
mercadinho,2025-11-08,credito_4x,1,4,80.19,0.035,2025-12-08,77.38
mercadinho,2025-11-08,credito_4x,2,4,80.19,0.035,2026-01-07,77.38
mercadinho,2025-11-08,credito_4x,3,4,80.19,0.035,2026-02-06,77.38
mercadinho,2025-11-08,credito_4x,4,4,80.19,0.035,2026-03-08,77.38
mercadinho,2025-11-09,pix,1,1,1388.18,0.0,2025-11-09,1388.18
mercadinho,2025-11-09,debito,1,1,1246.3,0.012,2025-11-10,1231.34
mercadinho,2025-11-09,credito_vista,1,1,686.52,0.025,2025-12-09,669.35
mercadinho,2025-11-09,credito_4x,1,4,30.65,0.035,2025-12-09,29.58
mercadinho,2025-11-09,credito_4x,2,4,30.65,0.035,2026-01-08,29.58
mercadinho,2025-11-09,credito_4x,3,4,30.65,0.035,2026-02-07,29.58
mercadinho,2025-11-09,credito_4x,4,4,30.65,0.035,2026-03-09,29.58
mercadinho,2025-11-10,pix,1,1,2785.25,0.0,2025-11-10,2785.25
mercadinho,2025-11-10,debito,1,1,2423.41,0.012,2025-11-11,2394.33
mercadinho,2025-11-10,credito_vista,1,1,972.1,0.025,2025-12-10,947.8
mercadinho,2025-11-10,credito_4x,1,4,39.12,0.035,2025-12-10,37.75
mercadinho,2025-11-10,credito_4x,2,4,39.12,0.035,2026-01-09,37.75
mercadinho,2025-11-10,credito_4x,3,4,39.12,0.035,2026-02-08,37.75
mercadinho,2025-11-10,credito_4x,4,4,39.12,0.035,2026-03-10,37.75
mercadinho,2025-11-11,pix,1,1,1960.41,0.0,2025-11-11,1960.41
mercadinho,2025-11-11,debito,1,1,1306.87,0.012,2025-11-12,1291.18
mercadinho,2025-11-11,credito_vista,1,1,777.86,0.025,2025-12-11,758.41
mercadinho,2025-11-11,credito_4x,1,4,49.92,0.035,2025-12-11,48.17
mercadinho,2025-11-11,credito_4x,2,4,49.92,0.035,2026-01-10,48.17
mercadinho,2025-11-11,credito_4x,3,4,49.92,0.035,2026-02-09,48.17
mercadinho,2025-11-11,credito_4x,4,4,49.92,0.035,2026-03-11,48.17
mercadinho,2025-11-12,pix,1,1,1550.08,0.0,2025-11-12,1550.08
mercadinho,2025-11-12,debito,1,1,1175.43,0.012,2025-11-13,1161.33
mercadinho,2025-11-12,credito_vista,1,1,682.69,0.025,2025-12-12,665.62
mercadinho,2025-11-12,credito_4x,1,4,24.57,0.035,2025-12-12,23.71
mercadinho,2025-11-12,credito_4x,2,4,24.57,0.035,2026-01-11,23.71
mercadinho,2025-11-12,credito_4x,3,4,24.57,0.035,2026-02-10,23.71
mercadinho,2025-11-12,credito_4x,4,4,24.57,0.035,2026-03-12,23.71
mercadinho,2025-11-13,pix,1,1,1645.98,0.0,2025-11-13,1645.98
mercadinho,2025-11-13,debito,1,1,1343.33,0.012,2025-11-14,1327.21
mercadinho,2025-11-13,credito_vista,1,1,750.34,0.025,2025-12-13,731.58
mercadinho,2025-11-13,credito_4x,1,4,34.88,0.035,2025-12-13,33.66
mercadinho,2025-11-13,credito_4x,2,4,34.88,0.035,2026-01-12,33.66
mercadinho,2025-11-13,credito_4x,3,4,34.88,0.035,2026-02-11,33.66
mercadinho,2025-11-13,credito_4x,4,4,34.88,0.035,2026-03-13,33.66
mercadinho,2025-11-14,pix,1,1,2602.93,0.0,2025-11-14,2602.93
mercadinho,2025-11-14,debito,1,1,1784.77,0.012,2025-11-15,1763.35
mercadinho,2025-11-14,credito_vista,1,1,1232.95,0.025,2025-12-14,1202.12
mercadinho,2025-11-14,credito_4x,1,4,91.08,0.035,2025-12-14,87.89
mercadinho,2025-11-14,credito_4x,2,4,91.08,0.035,2026-01-13,87.89
mercadinho,2025-11-14,credito_4x,3,4,91.08,0.035,2026-02-12,87.89
mercadinho,2025-11-14,credito_4x,4,4,91.08,0.035,2026-03-14,87.89
mercadinho,2025-11-15,pix,1,1,2178.11,0.0,2025-11-15,2178.11
mercadinho,2025-11-15,debito,1,1,1826.89,0.012,2025-11-16,1804.97
mercadinho,2025-11-15,credito_vista,1,1,1301.57,0.025,2025-12-15,1269.03
mercadinho,2025-11-15,credito_4x,1,4,54.09,0.035,2025-12-15,52.2
mercadinho,2025-11-15,credito_4x,2,4,54.09,0.035,2026-01-14,52.2
mercadinho,2025-11-15,credito_4x,3,4,54.09,0.035,2026-02-13,52.2
mercadinho,2025-11-15,credito_4x,4,4,54.09,0.035,2026-03-15,52.2
mercadinho,2025-11-16,pix,1,1,1219.39,0.0,2025-11-16,1219.39
mercadinho,2025-11-16,debito,1,1,952.24,0.012,2025-11-17,940.81
mercadinho,2025-11-16,credito_vista,1,1,572.5,0.025,2025-12-16,558.19
mercadinho,2025-11-16,credito_4x,1,4,20.89,0.035,2025-12-16,20.16
mercadinho,2025-11-16,credito_4x,2,4,20.89,0.035,2026-01-15,20.16
mercadinho,2025-11-16,credito_4x,3,4,20.89,0.035,2026-02-14,20.16
mercadinho,2025-11-16,credito_4x,4,4,20.89,0.035,2026-03-16,20.16
mercadinho,2025-11-17,pix,1,1,1767.77,0.0,2025-11-17,1767.77
mercadinho,2025-11-17,debito,1,1,1644.4,0.012,2025-11-18,1624.66
mercadinho,2025-11-17,credito_vista,1,1,741.22,0.025,2025-12-17,722.69
mercadinho,2025-11-17,credito_4x,1,4,41.27,0.035,2025-12-17,39.83
mercadinho,2025-11-17,credito_4x,2,4,41.27,0.035,2026-01-16,39.83
mercadinho,2025-11-17,credito_4x,3,4,41.27,0.035,2026-02-15,39.83
mercadinho,2025-11-17,credito_4x,4,4,41.27,0.035,2026-03-17,39.83
mercadinho,2025-11-18,pix,1,1,1619.52,0.0,2025-11-18,1619.52
mercadinho,2025-11-18,debito,1,1,1538.03,0.012,2025-11-19,1519.58
mercadinho,2025-11-18,credito_vista,1,1,826.8,0.025,2025-12-18,806.13
mercadinho,2025-11-18,credito_4x,1,4,40.01,0.035,2025-12-18,38.61
mercadinho,2025-11-18,credito_4x,2,4,40.01,0.035,2026-01-17,38.61
mercadinho,2025-11-18,credito_4x,3,4,40.01,0.035,2026-02-16,38.61
mercadinho,2025-11-18,credito_4x,4,4,40.01,0.035,2026-03-18,38.61
mercadinho,2025-11-19,pix,1,1,1459.12,0.0,2025-11-19,1459.12
mercadinho,2025-11-19,debito,1,1,1114.45,0.012,2025-11-20,1101.07
mercadinho,2025-11-19,credito_vista,1,1,719.63,0.025,2025-12-19,701.64
mercadinho,2025-11-19,credito_4x,1,4,57.55,0.035,2025-12-19,55.54
mercadinho,2025-11-19,credito_4x,2,4,57.55,0.035,2026-01-18,55.54
mercadinho,2025-11-19,credito_4x,3,4,57.55,0.035,2026-02-17,55.54
mercadinho,2025-11-19,credito_4x,4,4,57.55,0.035,2026-03-19,55.54
mercadinho,2025-11-20,pix,1,1,1901.53,0.0,2025-11-20,1901.53
mercadinho,2025-11-20,debito,1,1,1300.25,0.012,2025-11-21,1284.65
mercadinho,2025-11-20,credito_vista,1,1,709.9,0.025,2025-12-20,692.15
mercadinho,2025-11-20,credito_4x,1,4,33.97,0.035,2025-12-20,32.78
mercadinho,2025-11-20,credito_4x,2,4,33.97,0.035,2026-01-19,32.78
mercadinho,2025-11-20,credito_4x,3,4,33.97,0.035,2026-02-18,32.78
mercadinho,2025-11-20,credito_4x,4,4,33.97,0.035,2026-03-20,32.78
mercadinho,2025-11-21,pix,1,1,2147.2,0.0,2025-11-21,2147.2
mercadinho,2025-11-21,debito,1,1,1593.31,0.012,2025-11-22,1574.19
mercadinho,2025-11-21,credito_vista,1,1,884.32,0.025,2025-12-21,862.21
mercadinho,2025-11-21,credito_4x,1,4,73.86,0.035,2025-12-21,71.28
mercadinho,2025-11-21,credito_4x,2,4,73.86,0.035,2026-01-20,71.28
mercadinho,2025-11-21,credito_4x,3,4,73.86,0.035,2026-02-19,71.28
mercadinho,2025-11-21,credito_4x,4,4,73.86,0.035,2026-03-21,71.28
mercadinho,2025-11-22,pix,1,1,2521.99,0.0,2025-11-22,2521.99
mercadinho,2025-11-22,debito,1,1,2216.05,0.012,2025-11-23,2189.45
mercadinho,2025-11-22,credito_vista,1,1,1314.24,0.025,2025-12-22,1281.38
mercadinho,2025-11-22,credito_4x,1,4,32.32,0.035,2025-12-22,31.19
mercadinho,2025-11-22,credito_4x,2,4,32.32,0.035,2026-01-21,31.19
mercadinho,2025-11-22,credito_4x,3,4,32.32,0.035,2026-02-20,31.19
mercadinho,2025-11-22,credito_4x,4,4,32.32,0.035,2026-03-22,31.19
mercadinho,2025-11-23,pix,1,1,1288.88,0.0,2025-11-23,1288.88
mercadinho,2025-11-23,debito,1,1,804.81,0.012,2025-11-24,795.15
mercadinho,2025-11-23,credito_vista,1,1,434.48,0.025,2025-12-23,423.62
mercadinho,2025-11-23,credito_4x,1,4,22.33,0.035,2025-12-23,21.55
mercadinho,2025-11-23,credito_4x,2,4,22.33,0.035,2026-01-22,21.55
mercadinho,2025-11-23,credito_4x,3,4,22.33,0.035,2026-02-21,21.55
mercadinho,2025-11-23,credito_4x,4,4,22.33,0.035,2026-03-23,21.55
mercadinho,2025-11-24,pix,1,1,1815.79,0.0,2025-11-24,1815.79
mercadinho,2025-11-24,debito,1,1,1816.02,0.012,2025-11-25,1794.23
mercadinho,2025-11-24,credito_vista,1,1,969.38,0.025,2025-12-24,945.14
mercadinho,2025-11-24,credito_4x,1,4,37.96,0.035,2025-12-24,36.63
mercadinho,2025-11-24,credito_4x,2,4,37.96,0.035,2026-01-23,36.63
mercadinho,2025-11-24,credito_4x,3,4,37.96,0.035,2026-02-22,36.63
mercadinho,2025-11-24,credito_4x,4,4,37.96,0.035,2026-03-24,36.63
mercadinho,2025-11-25,pix,1,1,1132.73,0.0,2025-11-25,1132.73
mercadinho,2025-11-25,debito,1,1,1101.76,0.012,2025-11-26,1088.54
mercadinho,2025-11-25,credito_vista,1,1,596.97,0.025,2025-12-25,582.05
mercadinho,2025-11-25,credito_4x,1,4,35.52,0.035,2025-12-25,34.27
mercadinho,2025-11-25,credito_4x,2,4,35.52,0.035,2026-01-24,34.27
mercadinho,2025-11-25,credito_4x,3,4,35.52,0.035,2026-02-23,34.27
mercadinho,2025-11-25,credito_4x,4,4,35.52,0.035,2026-03-25,34.27
mercadinho,2025-11-26,pix,1,1,1240.71,0.0,2025-11-26,1240.71
mercadinho,2025-11-26,debito,1,1,896.86,0.012,2025-11-27,886.1
mercadinho,2025-11-26,credito_vista,1,1,627.51,0.025,2025-12-26,611.82
mercadinho,2025-11-26,credito_4x,1,4,18.46,0.035,2025-12-26,17.82
mercadinho,2025-11-26,credito_4x,2,4,18.46,0.035,2026-01-25,17.82
mercadinho,2025-11-26,credito_4x,3,4,18.46,0.035,2026-02-24,17.82
mercadinho,2025-11-26,credito_4x,4,4,18.46,0.035,2026-03-26,17.82
mercadinho,2025-11-27,pix,1,1,1420.5,0.0,2025-11-27,1420.5
mercadinho,2025-11-27,debito,1,1,1160.94,0.012,2025-11-28,1147.01
mercadinho,2025-11-27,credito_vista,1,1,689.3,0.025,2025-12-27,672.06
mercadinho,2025-11-27,credito_4x,1,4,21.94,0.035,2025-12-27,21.18
mercadinho,2025-11-27,credito_4x,2,4,21.94,0.035,2026-01-26,21.18
mercadinho,2025-11-27,credito_4x,3,4,21.94,0.035,2026-02-25,21.18
mercadinho,2025-11-27,credito_4x,4,4,21.94,0.035,2026-03-27,21.18
mercadinho,2025-11-28,pix,1,1,1774.4,0.0,2025-11-28,1774.4
mercadinho,2025-11-28,debito,1,1,1175.37,0.012,2025-11-29,1161.27
mercadinho,2025-11-28,credito_vista,1,1,591.16,0.025,2025-12-28,576.38
mercadinho,2025-11-28,credito_4x,1,4,40.32,0.035,2025-12-28,38.9
mercadinho,2025-11-28,credito_4x,2,4,40.32,0.035,2026-01-27,38.9
mercadinho,2025-11-28,credito_4x,3,4,40.32,0.035,2026-02-26,38.9
mercadinho,2025-11-28,credito_4x,4,4,40.32,0.035,2026-03-28,38.9
mercadinho,2025-11-29,pix,1,1,2563.29,0.0,2025-11-29,2563.29
mercadinho,2025-11-29,debito,1,1,1421.2,0.012,2025-11-30,1404.14
mercadinho,2025-11-29,credito_vista,1,1,882.93,0.025,2025-12-29,860.86
mercadinho,2025-11-29,credito_4x,1,4,64.71,0.035,2025-12-29,62.45
mercadinho,2025-11-29,credito_4x,2,4,64.71,0.035,2026-01-28,62.45
mercadinho,2025-11-29,credito_4x,3,4,64.71,0.035,2026-02-27,62.45
mercadinho,2025-11-29,credito_4x,4,4,64.71,0.035,2026-03-29,62.45
mercadinho,2025-11-30,pix,1,1,847.85,0.0,2025-11-30,847.85
mercadinho,2025-11-30,debito,1,1,598.08,0.012,2025-12-01,590.91
mercadinho,2025-11-30,credito_vista,1,1,391.11,0.025,2025-12-30,381.34
mercadinho,2025-11-30,credito_4x,1,4,31.36,0.035,2025-12-30,30.26
mercadinho,2025-11-30,credito_4x,2,4,31.36,0.035,2026-01-29,30.26
mercadinho,2025-11-30,credito_4x,3,4,31.36,0.035,2026-02-28,30.26
mercadinho,2025-11-30,credito_4x,4,4,31.36,0.035,2026-03-30,30.26
mercadinho,2025-12-01,pix,1,1,2294.58,0.0,2025-12-01,2294.58
mercadinho,2025-12-01,debito,1,1,2153.68,0.012,2025-12-02,2127.83
mercadinho,2025-12-01,credito_vista,1,1,1058.78,0.025,2025-12-31,1032.31
mercadinho,2025-12-01,credito_4x,1,4,39.85,0.035,2025-12-31,38.46
mercadinho,2025-12-01,credito_4x,2,4,39.85,0.035,2026-01-30,38.46
mercadinho,2025-12-01,credito_4x,3,4,39.85,0.035,2026-03-01,38.46
mercadinho,2025-12-01,credito_4x,4,4,39.85,0.035,2026-03-31,38.46
mercadinho,2025-12-02,pix,1,1,2536.09,0.0,2025-12-02,2536.09
mercadinho,2025-12-02,debito,1,1,1751.69,0.012,2025-12-03,1730.67
mercadinho,2025-12-02,credito_vista,1,1,1090.75,0.025,2026-01-01,1063.48
mercadinho,2025-12-02,credito_4x,1,4,43.02,0.035,2026-01-01,41.51
mercadinho,2025-12-02,credito_4x,2,4,43.02,0.035,2026-01-31,41.51
mercadinho,2025-12-02,credito_4x,3,4,43.02,0.035,2026-03-02,41.51
mercadinho,2025-12-02,credito_4x,4,4,43.02,0.035,2026-04-01,41.51
mercadinho,2025-12-03,pix,1,1,2257.77,0.0,2025-12-03,2257.77
mercadinho,2025-12-03,debito,1,1,1821.48,0.012,2025-12-04,1799.62
mercadinho,2025-12-03,credito_vista,1,1,919.08,0.025,2026-01-02,896.1
mercadinho,2025-12-03,credito_4x,1,4,68.09,0.035,2026-01-02,65.7
mercadinho,2025-12-03,credito_4x,2,4,68.09,0.035,2026-02-01,65.7
mercadinho,2025-12-03,credito_4x,3,4,68.09,0.035,2026-03-03,65.7
mercadinho,2025-12-03,credito_4x,4,4,68.09,0.035,2026-04-02,65.7
mercadinho,2025-12-04,pix,1,1,2090.22,0.0,2025-12-04,2090.22
mercadinho,2025-12-04,debito,1,1,1399.54,0.012,2025-12-05,1382.75
mercadinho,2025-12-04,credito_vista,1,1,915.44,0.025,2026-01-03,892.55
mercadinho,2025-12-04,credito_4x,1,4,65.94,0.035,2026-01-03,63.63
mercadinho,2025-12-04,credito_4x,2,4,65.94,0.035,2026-02-02,63.63
mercadinho,2025-12-04,credito_4x,3,4,65.94,0.035,2026-03-04,63.63
mercadinho,2025-12-04,credito_4x,4,4,65.94,0.035,2026-04-03,63.63
mercadinho,2025-12-05,pix,1,1,2732.76,0.0,2025-12-05,2732.76
mercadinho,2025-12-05,debito,1,1,2074.14,0.012,2025-12-06,2049.25
mercadinho,2025-12-05,credito_vista,1,1,1245.15,0.025,2026-01-04,1214.02
mercadinho,2025-12-05,credito_4x,1,4,52.14,0.035,2026-01-04,50.31
mercadinho,2025-12-05,credito_4x,2,4,52.14,0.035,2026-02-03,50.31
mercadinho,2025-12-05,credito_4x,3,4,52.14,0.035,2026-03-05,50.31
mercadinho,2025-12-05,credito_4x,4,4,52.14,0.035,2026-04-04,50.31
mercadinho,2025-12-06,pix,1,1,3558.04,0.0,2025-12-06,3558.04
mercadinho,2025-12-06,debito,1,1,2870.26,0.012,2025-12-07,2835.82
mercadinho,2025-12-06,credito_vista,1,1,2022.84,0.025,2026-01-05,1972.27
mercadinho,2025-12-06,credito_4x,1,4,58.21,0.035,2026-01-05,56.18
mercadinho,2025-12-06,credito_4x,2,4,58.21,0.035,2026-02-04,56.18
mercadinho,2025-12-06,credito_4x,3,4,58.21,0.035,2026-03-06,56.18
mercadinho,2025-12-06,credito_4x,4,4,58.21,0.035,2026-04-05,56.18
mercadinho,2025-12-07,pix,1,1,1452.71,0.0,2025-12-07,1452.71
mercadinho,2025-12-07,debito,1,1,1062.79,0.012,2025-12-08,1050.03
mercadinho,2025-12-07,credito_vista,1,1,784.21,0.025,2026-01-06,764.6
mercadinho,2025-12-07,credito_4x,1,4,24.53,0.035,2026-01-06,23.67
mercadinho,2025-12-07,credito_4x,2,4,24.53,0.035,2026-02-05,23.67
mercadinho,2025-12-07,credito_4x,3,4,24.53,0.035,2026-03-07,23.67
mercadinho,2025-12-07,credito_4x,4,4,24.53,0.035,2026-04-06,23.67
mercadinho,2025-12-08,pix,1,1,2276.97,0.0,2025-12-08,2276.97
mercadinho,2025-12-08,debito,1,1,1385.17,0.012,2025-12-09,1368.55
mercadinho,2025-12-08,credito_vista,1,1,1187.37,0.025,2026-01-07,1157.69
mercadinho,2025-12-08,credito_4x,1,4,15.31,0.035,2026-01-07,14.77
mercadinho,2025-12-08,credito_4x,2,4,15.31,0.035,2026-02-06,14.77
mercadinho,2025-12-08,credito_4x,3,4,15.31,0.035,2026-03-08,14.77
mercadinho,2025-12-08,credito_4x,4,4,15.31,0.035,2026-04-07,14.77
mercadinho,2025-12-09,pix,1,1,2163.31,0.0,2025-12-09,2163.31
mercadinho,2025-12-09,debito,1,1,1857.11,0.012,2025-12-10,1834.82
mercadinho,2025-12-09,credito_vista,1,1,1281.87,0.025,2026-01-08,1249.82
mercadinho,2025-12-09,credito_4x,1,4,58.34,0.035,2026-01-08,56.3
mercadinho,2025-12-09,credito_4x,2,4,58.34,0.035,2026-02-07,56.3
mercadinho,2025-12-09,credito_4x,3,4,58.34,0.035,2026-03-09,56.3
mercadinho,2025-12-09,credito_4x,4,4,58.34,0.035,2026-04-08,56.3
mercadinho,2025-12-10,pix,1,1,2057.6,0.0,2025-12-10,2057.6
mercadinho,2025-12-10,debito,1,1,1779.89,0.012,2025-12-11,1758.53
mercadinho,2025-12-10,credito_vista,1,1,974.51,0.025,2026-01-09,950.15
mercadinho,2025-12-10,credito_4x,1,4,60.54,0.035,2026-01-09,58.42
mercadinho,2025-12-10,credito_4x,2,4,60.54,0.035,2026-02-08,58.42
mercadinho,2025-12-10,credito_4x,3,4,60.54,0.035,2026-03-10,58.42
mercadinho,2025-12-10,credito_4x,4,4,60.54,0.035,2026-04-09,58.42
mercadinho,2025-12-11,pix,1,1,1576.71,0.0,2025-12-11,1576.71
mercadinho,2025-12-11,debito,1,1,1435.82,0.012,2025-12-12,1418.59
mercadinho,2025-12-11,credito_vista,1,1,851.03,0.025,2026-01-10,829.76
mercadinho,2025-12-11,credito_4x,1,4,39.68,0.035,2026-01-10,38.29
mercadinho,2025-12-11,credito_4x,2,4,39.68,0.035,2026-02-09,38.29
mercadinho,2025-12-11,credito_4x,3,4,39.68,0.035,2026-03-11,38.29
mercadinho,2025-12-11,credito_4x,4,4,39.68,0.035,2026-04-10,38.29
mercadinho,2025-12-12,pix,1,1,2072.53,0.0,2025-12-12,2072.53
mercadinho,2025-12-12,debito,1,1,1589.39,0.012,2025-12-13,1570.32
mercadinho,2025-12-12,credito_vista,1,1,1041.59,0.025,2026-01-11,1015.55
mercadinho,2025-12-12,credito_4x,1,4,45.28,0.035,2026-01-11,43.69
mercadinho,2025-12-12,credito_4x,2,4,45.28,0.035,2026-02-10,43.69
mercadinho,2025-12-12,credito_4x,3,4,45.28,0.035,2026-03-12,43.69
mercadinho,2025-12-12,credito_4x,4,4,45.28,0.035,2026-04-11,43.69
mercadinho,2025-12-13,pix,1,1,2964.49,0.0,2025-12-13,2964.49
mercadinho,2025-12-13,debito,1,1,2172.14,0.012,2025-12-14,2146.08
mercadinho,2025-12-13,credito_vista,1,1,1464.28,0.025,2026-01-12,1427.67
mercadinho,2025-12-13,credito_4x,1,4,50.74,0.035,2026-01-12,48.96
mercadinho,2025-12-13,credito_4x,2,4,50.74,0.035,2026-02-11,48.96
mercadinho,2025-12-13,credito_4x,3,4,50.74,0.035,2026-03-13,48.96
mercadinho,2025-12-13,credito_4x,4,4,50.74,0.035,2026-04-12,48.96
mercadinho,2025-12-14,pix,1,1,845.91,0.0,2025-12-14,845.91
mercadinho,2025-12-14,debito,1,1,807.84,0.012,2025-12-15,798.14
mercadinho,2025-12-14,credito_vista,1,1,438.43,0.025,2026-01-13,427.47
mercadinho,2025-12-14,credito_4x,1,4,10.05,0.035,2026-01-13,9.7
mercadinho,2025-12-14,credito_4x,2,4,10.05,0.035,2026-02-12,9.7
mercadinho,2025-12-14,credito_4x,3,4,10.05,0.035,2026-03-14,9.7
mercadinho,2025-12-14,credito_4x,4,4,10.05,0.035,2026-04-13,9.7
mercadinho,2025-12-15,pix,1,1,1722.0,0.0,2025-12-15,1722.0
mercadinho,2025-12-15,debito,1,1,1543.67,0.012,2025-12-16,1525.15
mercadinho,2025-12-15,credito_vista,1,1,862.68,0.025,2026-01-14,841.11
mercadinho,2025-12-15,credito_4x,1,4,33.07,0.035,2026-01-14,31.91
mercadinho,2025-12-15,credito_4x,2,4,33.07,0.035,2026-02-13,31.91
mercadinho,2025-12-15,credito_4x,3,4,33.07,0.035,2026-03-15,31.91
mercadinho,2025-12-15,credito_4x,4,4,33.07,0.035,2026-04-14,31.91
mercadinho,2025-12-16,pix,1,1,1832.46,0.0,2025-12-16,1832.46
mercadinho,2025-12-16,debito,1,1,1506.49,0.012,2025-12-17,1488.41
mercadinho,2025-12-16,credito_vista,1,1,687.77,0.025,2026-01-15,670.58
mercadinho,2025-12-16,credito_4x,1,4,59.03,0.035,2026-01-15,56.96
mercadinho,2025-12-16,credito_4x,2,4,59.03,0.035,2026-02-14,56.96
mercadinho,2025-12-16,credito_4x,3,4,59.03,0.035,2026-03-16,56.96
mercadinho,2025-12-16,credito_4x,4,4,59.03,0.035,2026-04-15,56.96
mercadinho,2025-12-17,pix,1,1,2146.3,0.0,2025-12-17,2146.3
mercadinho,2025-12-17,debito,1,1,1411.92,0.012,2025-12-18,1394.98
mercadinho,2025-12-17,credito_vista,1,1,1156.29,0.025,2026-01-16,1127.38
mercadinho,2025-12-17,credito_4x,1,4,42.11,0.035,2026-01-16,40.64
mercadinho,2025-12-17,credito_4x,2,4,42.11,0.035,2026-02-15,40.64
mercadinho,2025-12-17,credito_4x,3,4,42.11,0.035,2026-03-17,40.64
mercadinho,2025-12-17,credito_4x,4,4,42.11,0.035,2026-04-16,40.64
mercadinho,2025-12-18,pix,1,1,1866.14,0.0,2025-12-18,1866.14
mercadinho,2025-12-18,debito,1,1,1494.42,0.012,2025-12-19,1476.49
mercadinho,2025-12-18,credito_vista,1,1,1200.79,0.025,2026-01-17,1170.77
mercadinho,2025-12-18,credito_4x,1,4,32.36,0.035,2026-01-17,31.23
mercadinho,2025-12-18,credito_4x,2,4,32.36,0.035,2026-02-16,31.23
mercadinho,2025-12-18,credito_4x,3,4,32.36,0.035,2026-03-18,31.23
mercadinho,2025-12-18,credito_4x,4,4,32.36,0.035,2026-04-17,31.23
mercadinho,2025-12-19,pix,1,1,2096.85,0.0,2025-12-19,2096.85
mercadinho,2025-12-19,debito,1,1,1720.15,0.012,2025-12-20,1699.51
mercadinho,2025-12-19,credito_vista,1,1,1080.57,0.025,2026-01-18,1053.56
mercadinho,2025-12-19,credito_4x,1,4,48.59,0.035,2026-01-18,46.89
mercadinho,2025-12-19,credito_4x,2,4,48.59,0.035,2026-02-17,46.89
mercadinho,2025-12-19,credito_4x,3,4,48.59,0.035,2026-03-19,46.89
mercadinho,2025-12-19,credito_4x,4,4,48.59,0.035,2026-04-18,46.89
mercadinho,2025-12-20,pix,1,1,2972.22,0.0,2025-12-20,2972.22
mercadinho,2025-12-20,debito,1,1,2502.8,0.012,2025-12-21,2472.77
mercadinho,2025-12-20,credito_vista,1,1,1456.0,0.025,2026-01-19,1419.6
mercadinho,2025-12-20,credito_4x,1,4,65.14,0.035,2026-01-19,62.86
mercadinho,2025-12-20,credito_4x,2,4,65.14,0.035,2026-02-18,62.86
mercadinho,2025-12-20,credito_4x,3,4,65.14,0.035,2026-03-20,62.86
mercadinho,2025-12-20,credito_4x,4,4,65.14,0.035,2026-04-19,62.86
mercadinho,2025-12-21,pix,1,1,1008.05,0.0,2025-12-21,1008.05
mercadinho,2025-12-21,debito,1,1,722.77,0.012,2025-12-22,714.1
mercadinho,2025-12-21,credito_vista,1,1,512.45,0.025,2026-01-20,499.64
mercadinho,2025-12-21,credito_4x,1,4,17.64,0.035,2026-01-20,17.02
mercadinho,2025-12-21,credito_4x,2,4,17.64,0.035,2026-02-19,17.02
mercadinho,2025-12-21,credito_4x,3,4,17.64,0.035,2026-03-21,17.02
mercadinho,2025-12-21,credito_4x,4,4,17.64,0.035,2026-04-20,17.02
mercadinho,2025-12-22,pix,1,1,1912.96,0.0,2025-12-22,1912.96
mercadinho,2025-12-22,debito,1,1,1527.81,0.012,2025-12-23,1509.47
mercadinho,2025-12-22,credito_vista,1,1,1068.48,0.025,2026-01-21,1041.77
mercadinho,2025-12-22,credito_4x,1,4,76.21,0.035,2026-01-21,73.54
mercadinho,2025-12-22,credito_4x,2,4,76.21,0.035,2026-02-20,73.54
mercadinho,2025-12-22,credito_4x,3,4,76.21,0.035,2026-03-22,73.54
mercadinho,2025-12-22,credito_4x,4,4,76.21,0.035,2026-04-21,73.54
mercadinho,2025-12-23,pix,1,1,2150.17,0.0,2025-12-23,2150.17
mercadinho,2025-12-23,debito,1,1,1184.15,0.012,2025-12-24,1169.95
mercadinho,2025-12-23,credito_vista,1,1,997.55,0.025,2026-01-22,972.62
mercadinho,2025-12-23,credito_4x,1,4,30.89,0.035,2026-01-22,29.81
mercadinho,2025-12-23,credito_4x,2,4,30.89,0.035,2026-02-21,29.81
mercadinho,2025-12-23,credito_4x,3,4,30.89,0.035,2026-03-23,29.81
mercadinho,2025-12-23,credito_4x,4,4,30.89,0.035,2026-04-22,29.81
mercadinho,2025-12-24,pix,1,1,1975.64,0.0,2025-12-24,1975.64
mercadinho,2025-12-24,debito,1,1,1114.15,0.012,2025-12-25,1100.78
mercadinho,2025-12-24,credito_vista,1,1,591.91,0.025,2026-01-23,577.11
mercadinho,2025-12-24,credito_4x,1,4,49.24,0.035,2026-01-23,47.52
mercadinho,2025-12-24,credito_4x,2,4,49.24,0.035,2026-02-22,47.52
mercadinho,2025-12-24,credito_4x,3,4,49.24,0.035,2026-03-24,47.52
mercadinho,2025-12-24,credito_4x,4,4,49.24,0.035,2026-04-23,47.52
mercadinho,2025-12-25,pix,1,1,1569.89,0.0,2025-12-25,1569.89
mercadinho,2025-12-25,debito,1,1,1256.98,0.012,2025-12-26,1241.9
mercadinho,2025-12-25,credito_vista,1,1,694.24,0.025,2026-01-24,676.88
mercadinho,2025-12-25,credito_4x,1,4,30.87,0.035,2026-01-24,29.79
mercadinho,2025-12-25,credito_4x,2,4,30.87,0.035,2026-02-23,29.79
mercadinho,2025-12-25,credito_4x,3,4,30.87,0.035,2026-03-25,29.79
mercadinho,2025-12-25,credito_4x,4,4,30.87,0.035,2026-04-24,29.79
mercadinho,2025-12-26,pix,1,1,1887.53,0.0,2025-12-26,1887.53
mercadinho,2025-12-26,debito,1,1,1250.8,0.012,2025-12-27,1235.8
mercadinho,2025-12-26,credito_vista,1,1,794.2,0.025,2026-01-25,774.35
mercadinho,2025-12-26,credito_4x,1,4,28.07,0.035,2026-01-25,27.09
mercadinho,2025-12-26,credito_4x,2,4,28.07,0.035,2026-02-24,27.09
mercadinho,2025-12-26,credito_4x,3,4,28.07,0.035,2026-03-26,27.09
mercadinho,2025-12-26,credito_4x,4,4,28.07,0.035,2026-04-25,27.09
mercadinho,2025-12-27,pix,1,1,2153.82,0.0,2025-12-27,2153.82
mercadinho,2025-12-27,debito,1,1,1644.6,0.012,2025-12-28,1624.86
mercadinho,2025-12-27,credito_vista,1,1,1078.97,0.025,2026-01-26,1052.0
mercadinho,2025-12-27,credito_4x,1,4,59.12,0.035,2026-01-26,57.05
mercadinho,2025-12-27,credito_4x,2,4,59.12,0.035,2026-02-25,57.05
mercadinho,2025-12-27,credito_4x,3,4,59.12,0.035,2026-03-27,57.05
mercadinho,2025-12-27,credito_4x,4,4,59.12,0.035,2026-04-26,57.05
mercadinho,2025-12-28,pix,1,1,710.57,0.0,2025-12-28,710.57
mercadinho,2025-12-28,debito,1,1,628.87,0.012,2025-12-29,621.33
mercadinho,2025-12-28,credito_vista,1,1,264.54,0.025,2026-01-27,257.93
mercadinho,2025-12-28,credito_4x,1,4,17.58,0.035,2026-01-27,16.96
mercadinho,2025-12-28,credito_4x,2,4,17.58,0.035,2026-02-26,16.96
mercadinho,2025-12-28,credito_4x,3,4,17.58,0.035,2026-03-28,16.96
mercadinho,2025-12-28,credito_4x,4,4,17.58,0.035,2026-04-27,16.96
mercadinho,2025-12-29,pix,1,1,1460.7,0.0,2025-12-29,1460.7
mercadinho,2025-12-29,debito,1,1,1312.09,0.012,2025-12-30,1296.34
mercadinho,2025-12-29,credito_vista,1,1,778.75,0.025,2026-01-28,759.28
mercadinho,2025-12-29,credito_4x,1,4,40.97,0.035,2026-01-28,39.53
mercadinho,2025-12-29,credito_4x,2,4,40.97,0.035,2026-02-27,39.53
mercadinho,2025-12-29,credito_4x,3,4,40.97,0.035,2026-03-29,39.53
mercadinho,2025-12-29,credito_4x,4,4,40.97,0.035,2026-04-28,39.53
mercadinho,2025-12-30,pix,1,1,1376.46,0.0,2025-12-30,1376.46
mercadinho,2025-12-30,debito,1,1,1049.78,0.012,2025-12-31,1037.18
mercadinho,2025-12-30,credito_vista,1,1,574.32,0.025,2026-01-29,559.97
mercadinho,2025-12-30,credito_4x,1,4,30.46,0.035,2026-01-29,29.39
mercadinho,2025-12-30,credito_4x,2,4,30.46,0.035,2026-02-28,29.39
mercadinho,2025-12-30,credito_4x,3,4,30.46,0.035,2026-03-30,29.39
mercadinho,2025-12-30,credito_4x,4,4,30.46,0.035,2026-04-29,29.39
mercadinho,2025-12-31,pix,1,1,1774.65,0.0,2025-12-31,1774.65
mercadinho,2025-12-31,debito,1,1,1099.42,0.012,2026-01-01,1086.23
mercadinho,2025-12-31,credito_vista,1,1,656.69,0.025,2026-01-30,640.27
mercadinho,2025-12-31,credito_4x,1,4,26.19,0.035,2026-01-30,25.27
mercadinho,2025-12-31,credito_4x,2,4,26.19,0.035,2026-03-01,25.27
mercadinho,2025-12-31,credito_4x,3,4,26.19,0.035,2026-03-31,25.27
mercadinho,2025-12-31,credito_4x,4,4,26.19,0.035,2026-04-30,25.27
mercadinho,2026-01-01,pix,1,1,2166.98,0.0,2026-01-01,2166.98
mercadinho,2026-01-01,debito,1,1,2078.16,0.012,2026-01-02,2053.23
mercadinho,2026-01-01,credito_vista,1,1,1339.11,0.025,2026-01-31,1305.63
mercadinho,2026-01-01,credito_4x,1,4,44.52,0.035,2026-01-31,42.96
mercadinho,2026-01-01,credito_4x,2,4,44.52,0.035,2026-03-02,42.96
mercadinho,2026-01-01,credito_4x,3,4,44.52,0.035,2026-04-01,42.96
mercadinho,2026-01-01,credito_4x,4,4,44.52,0.035,2026-05-01,42.96
mercadinho,2026-01-02,pix,1,1,3523.2,0.0,2026-01-02,3523.2
mercadinho,2026-01-02,debito,1,1,2615.8,0.012,2026-01-03,2584.41
mercadinho,2026-01-02,credito_vista,1,1,1693.54,0.025,2026-02-01,1651.2
mercadinho,2026-01-02,credito_4x,1,4,79.01,0.035,2026-02-01,76.24
mercadinho,2026-01-02,credito_4x,2,4,79.01,0.035,2026-03-03,76.24
mercadinho,2026-01-02,credito_4x,3,4,79.01,0.035,2026-04-02,76.24
mercadinho,2026-01-02,credito_4x,4,4,79.01,0.035,2026-05-02,76.24
mercadinho,2026-01-03,pix,1,1,3561.07,0.0,2026-01-03,3561.07
mercadinho,2026-01-03,debito,1,1,2814.94,0.012,2026-01-04,2781.16
mercadinho,2026-01-03,credito_vista,1,1,1784.16,0.025,2026-02-02,1739.55
mercadinho,2026-01-03,credito_4x,1,4,93.77,0.035,2026-02-02,90.49
mercadinho,2026-01-03,credito_4x,2,4,93.77,0.035,2026-03-04,90.49
mercadinho,2026-01-03,credito_4x,3,4,93.77,0.035,2026-04-03,90.49
mercadinho,2026-01-03,credito_4x,4,4,93.77,0.035,2026-05-03,90.49
mercadinho,2026-01-04,pix,1,1,1334.15,0.0,2026-01-04,1334.15
mercadinho,2026-01-04,debito,1,1,1110.38,0.012,2026-01-05,1097.06
mercadinho,2026-01-04,credito_vista,1,1,862.17,0.025,2026-02-03,840.62
mercadinho,2026-01-04,credito_4x,1,4,33.6,0.035,2026-02-03,32.42
mercadinho,2026-01-04,credito_4x,2,4,33.6,0.035,2026-03-05,32.42
mercadinho,2026-01-04,credito_4x,3,4,33.6,0.035,2026-04-04,32.42
mercadinho,2026-01-04,credito_4x,4,4,33.6,0.035,2026-05-04,32.42
mercadinho,2026-01-05,pix,1,1,2616.28,0.0,2026-01-05,2616.28
mercadinho,2026-01-05,debito,1,1,2453.75,0.012,2026-01-06,2424.3
mercadinho,2026-01-05,credito_vista,1,1,1282.04,0.025,2026-02-04,1249.99
mercadinho,2026-01-05,credito_4x,1,4,59.05,0.035,2026-02-04,56.98
mercadinho,2026-01-05,credito_4x,2,4,59.05,0.035,2026-03-06,56.98
mercadinho,2026-01-05,credito_4x,3,4,59.05,0.035,2026-04-05,56.98
mercadinho,2026-01-05,credito_4x,4,4,59.05,0.035,2026-05-05,56.98
mercadinho,2026-01-06,pix,1,1,2557.7,0.0,2026-01-06,2557.7
mercadinho,2026-01-06,debito,1,1,2035.49,0.012,2026-01-07,2011.06
mercadinho,2026-01-06,credito_vista,1,1,1140.41,0.025,2026-02-05,1111.9
mercadinho,2026-01-06,credito_4x,1,4,59.51,0.035,2026-02-05,57.43
mercadinho,2026-01-06,credito_4x,2,4,59.51,0.035,2026-03-07,57.43
mercadinho,2026-01-06,credito_4x,3,4,59.51,0.035,2026-04-06,57.43
mercadinho,2026-01-06,credito_4x,4,4,59.51,0.035,2026-05-06,57.43
mercadinho,2026-01-07,pix,1,1,2494.6,0.0,2026-01-07,2494.6
mercadinho,2026-01-07,debito,1,1,1840.98,0.012,2026-01-08,1818.89
mercadinho,2026-01-07,credito_vista,1,1,1320.79,0.025,2026-02-06,1287.77
mercadinho,2026-01-07,credito_4x,1,4,36.04,0.035,2026-02-06,34.78
mercadinho,2026-01-07,credito_4x,2,4,36.04,0.035,2026-03-08,34.78
mercadinho,2026-01-07,credito_4x,3,4,36.04,0.035,2026-04-07,34.78
mercadinho,2026-01-07,credito_4x,4,4,36.04,0.035,2026-05-07,34.78
mercadinho,2026-01-08,pix,1,1,1793.17,0.0,2026-01-08,1793.17
mercadinho,2026-01-08,debito,1,1,1573.57,0.012,2026-01-09,1554.69
mercadinho,2026-01-08,credito_vista,1,1,904.56,0.025,2026-02-07,881.94
mercadinho,2026-01-08,credito_4x,1,4,57.07,0.035,2026-02-07,55.08
mercadinho,2026-01-08,credito_4x,2,4,57.07,0.035,2026-03-09,55.08
mercadinho,2026-01-08,credito_4x,3,4,57.07,0.035,2026-04-08,55.08
mercadinho,2026-01-08,credito_4x,4,4,57.07,0.035,2026-05-08,55.08
mercadinho,2026-01-09,pix,1,1,2792.48,0.0,2026-01-09,2792.48
mercadinho,2026-01-09,debito,1,1,2562.98,0.012,2026-01-10,2532.23
mercadinho,2026-01-09,credito_vista,1,1,960.54,0.025,2026-02-08,936.53
mercadinho,2026-01-09,credito_4x,1,4,68.07,0.035,2026-02-08,65.68
mercadinho,2026-01-09,credito_4x,2,4,68.07,0.035,2026-03-10,65.68
mercadinho,2026-01-09,credito_4x,3,4,68.07,0.035,2026-04-09,65.68
mercadinho,2026-01-09,credito_4x,4,4,68.07,0.035,2026-05-09,65.68
mercadinho,2026-01-10,pix,1,1,3870.38,0.0,2026-01-10,3870.38
mercadinho,2026-01-10,debito,1,1,3102.0,0.012,2026-01-11,3064.77
mercadinho,2026-01-10,credito_vista,1,1,1914.53,0.025,2026-02-09,1866.67
mercadinho,2026-01-10,credito_4x,1,4,109.98,0.035,2026-02-09,106.13
mercadinho,2026-01-10,credito_4x,2,4,109.98,0.035,2026-03-11,106.13
mercadinho,2026-01-10,credito_4x,3,4,109.98,0.035,2026-04-10,106.13
mercadinho,2026-01-10,credito_4x,4,4,109.98,0.035,2026-05-10,106.13
mercadinho,2026-01-11,pix,1,1,1022.47,0.0,2026-01-11,1022.47
mercadinho,2026-01-11,debito,1,1,749.26,0.012,2026-01-12,740.27
mercadinho,2026-01-11,credito_vista,1,1,537.96,0.025,2026-02-10,524.51
mercadinho,2026-01-11,credito_4x,1,4,22.96,0.035,2026-02-10,22.15
mercadinho,2026-01-11,credito_4x,2,4,22.96,0.035,2026-03-12,22.15
mercadinho,2026-01-11,credito_4x,3,4,22.96,0.035,2026-04-11,22.15
mercadinho,2026-01-11,credito_4x,4,4,22.96,0.035,2026-05-11,22.15
mercadinho,2026-01-12,pix,1,1,2199.44,0.0,2026-01-12,2199.44
mercadinho,2026-01-12,debito,1,1,1903.45,0.012,2026-01-13,1880.61
mercadinho,2026-01-12,credito_vista,1,1,969.25,0.025,2026-02-11,945.02
mercadinho,2026-01-12,credito_4x,1,4,41.16,0.035,2026-02-11,39.72
mercadinho,2026-01-12,credito_4x,2,4,41.16,0.035,2026-03-13,39.72
mercadinho,2026-01-12,credito_4x,3,4,41.16,0.035,2026-04-12,39.72
mercadinho,2026-01-12,credito_4x,4,4,41.16,0.035,2026-05-12,39.72
mercadinho,2026-01-13,pix,1,1,1893.4,0.0,2026-01-13,1893.4
mercadinho,2026-01-13,debito,1,1,1506.79,0.012,2026-01-14,1488.7
mercadinho,2026-01-13,credito_vista,1,1,1096.95,0.025,2026-02-12,1069.53
mercadinho,2026-01-13,credito_4x,1,4,42.47,0.035,2026-02-12,40.98
mercadinho,2026-01-13,credito_4x,2,4,42.47,0.035,2026-03-14,40.98
mercadinho,2026-01-13,credito_4x,3,4,42.47,0.035,2026-04-13,40.98
mercadinho,2026-01-13,credito_4x,4,4,42.47,0.035,2026-05-13,40.98
mercadinho,2026-01-14,pix,1,1,1591.7,0.0,2026-01-14,1591.7
mercadinho,2026-01-14,debito,1,1,1419.7,0.012,2026-01-15,1402.66
mercadinho,2026-01-14,credito_vista,1,1,866.67,0.025,2026-02-13,845.0
mercadinho,2026-01-14,credito_4x,1,4,42.37,0.035,2026-02-13,40.89
mercadinho,2026-01-14,credito_4x,2,4,42.37,0.035,2026-03-15,40.89
mercadinho,2026-01-14,credito_4x,3,4,42.37,0.035,2026-04-14,40.89
mercadinho,2026-01-14,credito_4x,4,4,42.37,0.035,2026-05-14,40.89
mercadinho,2026-01-15,pix,1,1,1438.4,0.0,2026-01-15,1438.4
mercadinho,2026-01-15,debito,1,1,1500.72,0.012,2026-01-16,1482.71
mercadinho,2026-01-15,credito_vista,1,1,589.55,0.025,2026-02-14,574.81
mercadinho,2026-01-15,credito_4x,1,4,38.27,0.035,2026-02-14,36.93
mercadinho,2026-01-15,credito_4x,2,4,38.27,0.035,2026-03-16,36.93
mercadinho,2026-01-15,credito_4x,3,4,38.27,0.035,2026-04-15,36.93
mercadinho,2026-01-15,credito_4x,4,4,38.27,0.035,2026-05-15,36.93
mercadinho,2026-01-16,pix,1,1,2030.21,0.0,2026-01-16,2030.21
mercadinho,2026-01-16,debito,1,1,2032.26,0.012,2026-01-17,2007.88
mercadinho,2026-01-16,credito_vista,1,1,1136.69,0.025,2026-02-15,1108.27
mercadinho,2026-01-16,credito_4x,1,4,57.38,0.035,2026-02-15,55.37
mercadinho,2026-01-16,credito_4x,2,4,57.38,0.035,2026-03-17,55.37
mercadinho,2026-01-16,credito_4x,3,4,57.38,0.035,2026-04-16,55.37
mercadinho,2026-01-16,credito_4x,4,4,57.38,0.035,2026-05-16,55.37
mercadinho,2026-01-17,pix,1,1,3012.19,0.0,2026-01-17,3012.19
mercadinho,2026-01-17,debito,1,1,2879.17,0.012,2026-01-18,2844.62
mercadinho,2026-01-17,credito_vista,1,1,1416.28,0.025,2026-02-16,1380.87
mercadinho,2026-01-17,credito_4x,1,4,122.04,0.035,2026-02-16,117.76
mercadinho,2026-01-17,credito_4x,2,4,122.04,0.035,2026-03-18,117.76
mercadinho,2026-01-17,credito_4x,3,4,122.04,0.035,2026-04-17,117.76
mercadinho,2026-01-17,credito_4x,4,4,122.04,0.035,2026-05-17,117.76
mercadinho,2026-01-18,pix,1,1,985.12,0.0,2026-01-18,985.12
mercadinho,2026-01-18,debito,1,1,866.29,0.012,2026-01-19,855.9
mercadinho,2026-01-18,credito_vista,1,1,562.51,0.025,2026-02-17,548.45
mercadinho,2026-01-18,credito_4x,1,4,29.12,0.035,2026-02-17,28.1
mercadinho,2026-01-18,credito_4x,2,4,29.12,0.035,2026-03-19,28.1
mercadinho,2026-01-18,credito_4x,3,4,29.12,0.035,2026-04-18,28.1
mercadinho,2026-01-18,credito_4x,4,4,29.12,0.035,2026-05-18,28.1
mercadinho,2026-01-19,pix,1,1,1980.77,0.0,2026-01-19,1980.77
mercadinho,2026-01-19,debito,1,1,1351.29,0.012,2026-01-20,1335.07
mercadinho,2026-01-19,credito_vista,1,1,969.49,0.025,2026-02-18,945.25
mercadinho,2026-01-19,credito_4x,1,4,41.33,0.035,2026-02-18,39.88
mercadinho,2026-01-19,credito_4x,2,4,41.33,0.035,2026-03-20,39.88
mercadinho,2026-01-19,credito_4x,3,4,41.33,0.035,2026-04-19,39.88
mercadinho,2026-01-19,credito_4x,4,4,41.33,0.035,2026-05-19,39.88
mercadinho,2026-01-20,pix,1,1,1634.73,0.0,2026-01-20,1634.73
mercadinho,2026-01-20,debito,1,1,1526.42,0.012,2026-01-21,1508.1
mercadinho,2026-01-20,credito_vista,1,1,635.27,0.025,2026-02-19,619.38
mercadinho,2026-01-20,credito_4x,1,4,40.09,0.035,2026-02-19,38.68
mercadinho,2026-01-20,credito_4x,2,4,40.09,0.035,2026-03-21,38.68
mercadinho,2026-01-20,credito_4x,3,4,40.09,0.035,2026-04-20,38.68
mercadinho,2026-01-20,credito_4x,4,4,40.09,0.035,2026-05-20,38.68
mercadinho,2026-01-21,pix,1,1,1698.81,0.0,2026-01-21,1698.81
mercadinho,2026-01-21,debito,1,1,1863.22,0.012,2026-01-22,1840.87
mercadinho,2026-01-21,credito_vista,1,1,1159.45,0.025,2026-02-20,1130.47
mercadinho,2026-01-21,credito_4x,1,4,53.34,0.035,2026-02-20,51.47
mercadinho,2026-01-21,credito_4x,2,4,53.34,0.035,2026-03-22,51.47
mercadinho,2026-01-21,credito_4x,3,4,53.34,0.035,2026-04-21,51.47
mercadinho,2026-01-21,credito_4x,4,4,53.34,0.035,2026-05-21,51.47
mercadinho,2026-01-22,pix,1,1,1685.25,0.0,2026-01-22,1685.25
mercadinho,2026-01-22,debito,1,1,1641.19,0.012,2026-01-23,1621.5
mercadinho,2026-01-22,credito_vista,1,1,1015.65,0.025,2026-02-21,990.26
mercadinho,2026-01-22,credito_4x,1,4,45.62,0.035,2026-02-21,44.02
mercadinho,2026-01-22,credito_4x,2,4,45.62,0.035,2026-03-23,44.02
mercadinho,2026-01-22,credito_4x,3,4,45.62,0.035,2026-04-22,44.02
mercadinho,2026-01-22,credito_4x,4,4,45.62,0.035,2026-05-22,44.02
mercadinho,2026-01-23,pix,1,1,2622.07,0.0,2026-01-23,2622.07
mercadinho,2026-01-23,debito,1,1,1667.55,0.012,2026-01-24,1647.54
mercadinho,2026-01-23,credito_vista,1,1,1054.26,0.025,2026-02-22,1027.9
mercadinho,2026-01-23,credito_4x,1,4,24.01,0.035,2026-02-22,23.17
mercadinho,2026-01-23,credito_4x,2,4,24.01,0.035,2026-03-24,23.17
mercadinho,2026-01-23,credito_4x,3,4,24.01,0.035,2026-04-23,23.17
mercadinho,2026-01-23,credito_4x,4,4,24.01,0.035,2026-05-23,23.17
mercadinho,2026-01-24,pix,1,1,3050.67,0.0,2026-01-24,3050.67
mercadinho,2026-01-24,debito,1,1,2417.17,0.012,2026-01-25,2388.17
mercadinho,2026-01-24,credito_vista,1,1,1735.84,0.025,2026-02-23,1692.44
mercadinho,2026-01-24,credito_4x,1,4,55.73,0.035,2026-02-23,53.78
mercadinho,2026-01-24,credito_4x,2,4,55.73,0.035,2026-03-25,53.78
mercadinho,2026-01-24,credito_4x,3,4,55.73,0.035,2026-04-24,53.78
mercadinho,2026-01-24,credito_4x,4,4,55.73,0.035,2026-05-24,53.78
mercadinho,2026-01-25,pix,1,1,897.06,0.0,2026-01-25,897.06
mercadinho,2026-01-25,debito,1,1,809.95,0.012,2026-01-26,800.23
mercadinho,2026-01-25,credito_vista,1,1,472.97,0.025,2026-02-24,461.15
mercadinho,2026-01-25,credito_4x,1,4,16.18,0.035,2026-02-24,15.62
mercadinho,2026-01-25,credito_4x,2,4,16.18,0.035,2026-03-26,15.62
mercadinho,2026-01-25,credito_4x,3,4,16.18,0.035,2026-04-25,15.62
mercadinho,2026-01-25,credito_4x,4,4,16.18,0.035,2026-05-25,15.62
mercadinho,2026-01-26,pix,1,1,1456.05,0.0,2026-01-26,1456.05
mercadinho,2026-01-26,debito,1,1,1201.9,0.012,2026-01-27,1187.48
mercadinho,2026-01-26,credito_vista,1,1,552.27,0.025,2026-02-25,538.46
mercadinho,2026-01-26,credito_4x,1,4,41.32,0.035,2026-02-25,39.87
mercadinho,2026-01-26,credito_4x,2,4,41.32,0.035,2026-03-27,39.87
mercadinho,2026-01-26,credito_4x,3,4,41.32,0.035,2026-04-26,39.87
mercadinho,2026-01-26,credito_4x,4,4,41.32,0.035,2026-05-26,39.87
mercadinho,2026-01-27,pix,1,1,1197.63,0.0,2026-01-27,1197.63
mercadinho,2026-01-27,debito,1,1,994.87,0.012,2026-01-28,982.93
mercadinho,2026-01-27,credito_vista,1,1,660.82,0.025,2026-02-26,644.29
mercadinho,2026-01-27,credito_4x,1,4,25.41,0.035,2026-02-26,24.52
mercadinho,2026-01-27,credito_4x,2,4,25.41,0.035,2026-03-28,24.52
mercadinho,2026-01-27,credito_4x,3,4,25.41,0.035,2026-04-27,24.52
mercadinho,2026-01-27,credito_4x,4,4,25.41,0.035,2026-05-27,24.52
mercadinho,2026-01-28,pix,1,1,1418.29,0.0,2026-01-28,1418.29
mercadinho,2026-01-28,debito,1,1,1281.2,0.012,2026-01-29,1265.82
mercadinho,2026-01-28,credito_vista,1,1,867.38,0.025,2026-02-27,845.7
mercadinho,2026-01-28,credito_4x,1,4,48.53,0.035,2026-02-27,46.83
mercadinho,2026-01-28,credito_4x,2,4,48.53,0.035,2026-03-29,46.83
mercadinho,2026-01-28,credito_4x,3,4,48.53,0.035,2026-04-28,46.83
mercadinho,2026-01-28,credito_4x,4,4,48.53,0.035,2026-05-28,46.83
mercadinho,2026-01-29,pix,1,1,1507.22,0.0,2026-01-29,1507.22
mercadinho,2026-01-29,debito,1,1,1170.08,0.012,2026-01-30,1156.04
mercadinho,2026-01-29,credito_vista,1,1,682.65,0.025,2026-02-28,665.58
mercadinho,2026-01-29,credito_4x,1,4,49.47,0.035,2026-02-28,47.74
mercadinho,2026-01-29,credito_4x,2,4,49.47,0.035,2026-03-30,47.74
mercadinho,2026-01-29,credito_4x,3,4,49.47,0.035,2026-04-29,47.74
mercadinho,2026-01-29,credito_4x,4,4,49.47,0.035,2026-05-29,47.74
mercadinho,2026-01-30,pix,1,1,1406.45,0.0,2026-01-30,1406.45
mercadinho,2026-01-30,debito,1,1,1444.97,0.012,2026-01-31,1427.63
mercadinho,2026-01-30,credito_vista,1,1,767.23,0.025,2026-03-01,748.05
mercadinho,2026-01-30,credito_4x,1,4,34.37,0.035,2026-03-01,33.16
mercadinho,2026-01-30,credito_4x,2,4,34.37,0.035,2026-03-31,33.16
mercadinho,2026-01-30,credito_4x,3,4,34.37,0.035,2026-04-30,33.16
mercadinho,2026-01-30,credito_4x,4,4,34.37,0.035,2026-05-30,33.16
mercadinho,2026-01-31,pix,1,1,1736.19,0.0,2026-01-31,1736.19
mercadinho,2026-01-31,debito,1,1,1503.66,0.012,2026-02-01,1485.61
mercadinho,2026-01-31,credito_vista,1,1,751.0,0.025,2026-03-02,732.23
mercadinho,2026-01-31,credito_4x,1,4,25.96,0.035,2026-03-02,25.05
mercadinho,2026-01-31,credito_4x,2,4,25.96,0.035,2026-04-01,25.05
mercadinho,2026-01-31,credito_4x,3,4,25.96,0.035,2026-05-01,25.05
mercadinho,2026-01-31,credito_4x,4,4,25.96,0.035,2026-05-31,25.05
mercadinho,2026-02-01,pix,1,1,1352.37,0.0,2026-02-01,1352.37
mercadinho,2026-02-01,debito,1,1,1037.77,0.012,2026-02-02,1025.32
mercadinho,2026-02-01,credito_vista,1,1,679.2,0.025,2026-03-03,662.22
mercadinho,2026-02-01,credito_4x,1,4,32.39,0.035,2026-03-03,31.26
mercadinho,2026-02-01,credito_4x,2,4,32.39,0.035,2026-04-02,31.26
mercadinho,2026-02-01,credito_4x,3,4,32.39,0.035,2026-05-02,31.26
mercadinho,2026-02-01,credito_4x,4,4,32.39,0.035,2026-06-01,31.26
mercadinho,2026-02-02,pix,1,1,2156.21,0.0,2026-02-02,2156.21
mercadinho,2026-02-02,debito,1,1,2052.07,0.012,2026-02-03,2027.44
mercadinho,2026-02-02,credito_vista,1,1,1009.88,0.025,2026-03-04,984.63
mercadinho,2026-02-02,credito_4x,1,4,76.98,0.035,2026-03-04,74.28
mercadinho,2026-02-02,credito_4x,2,4,76.98,0.035,2026-04-03,74.28
mercadinho,2026-02-02,credito_4x,3,4,76.98,0.035,2026-05-03,74.28
mercadinho,2026-02-02,credito_4x,4,4,76.98,0.035,2026-06-02,74.28
mercadinho,2026-02-03,pix,1,1,1869.53,0.0,2026-02-03,1869.53
mercadinho,2026-02-03,debito,1,1,1383.35,0.012,2026-02-04,1366.74
mercadinho,2026-02-03,credito_vista,1,1,1140.9,0.025,2026-03-05,1112.37
mercadinho,2026-02-03,credito_4x,1,4,37.59,0.035,2026-03-05,36.28
mercadinho,2026-02-03,credito_4x,2,4,37.59,0.035,2026-04-04,36.28
mercadinho,2026-02-03,credito_4x,3,4,37.59,0.035,2026-05-04,36.28
mercadinho,2026-02-03,credito_4x,4,4,37.59,0.035,2026-06-03,36.28
mercadinho,2026-02-04,pix,1,1,2217.08,0.0,2026-02-04,2217.08
mercadinho,2026-02-04,debito,1,1,1642.08,0.012,2026-02-05,1622.37
mercadinho,2026-02-04,credito_vista,1,1,1085.53,0.025,2026-03-06,1058.39
mercadinho,2026-02-04,credito_4x,1,4,36.36,0.035,2026-03-06,35.09
mercadinho,2026-02-04,credito_4x,2,4,36.36,0.035,2026-04-05,35.09
mercadinho,2026-02-04,credito_4x,3,4,36.36,0.035,2026-05-05,35.09
mercadinho,2026-02-04,credito_4x,4,4,36.36,0.035,2026-06-04,35.09
mercadinho,2026-02-05,pix,1,1,2571.25,0.0,2026-02-05,2571.25
mercadinho,2026-02-05,debito,1,1,1749.79,0.012,2026-02-06,1728.79
mercadinho,2026-02-05,credito_vista,1,1,941.09,0.025,2026-03-07,917.57
mercadinho,2026-02-05,credito_4x,1,4,52.51,0.035,2026-03-07,50.67
mercadinho,2026-02-05,credito_4x,2,4,52.51,0.035,2026-04-06,50.67
mercadinho,2026-02-05,credito_4x,3,4,52.51,0.035,2026-05-06,50.67
mercadinho,2026-02-05,credito_4x,4,4,52.51,0.035,2026-06-05,50.67
mercadinho,2026-02-06,pix,1,1,3418.81,0.0,2026-02-06,3418.81
mercadinho,2026-02-06,debito,1,1,2252.67,0.012,2026-02-07,2225.64
mercadinho,2026-02-06,credito_vista,1,1,1264.24,0.025,2026-03-08,1232.63
mercadinho,2026-02-06,credito_4x,1,4,63.87,0.035,2026-03-08,61.63
mercadinho,2026-02-06,credito_4x,2,4,63.87,0.035,2026-04-07,61.63
mercadinho,2026-02-06,credito_4x,3,4,63.87,0.035,2026-05-07,61.63
mercadinho,2026-02-06,credito_4x,4,4,63.87,0.035,2026-06-06,61.63
mercadinho,2026-02-07,pix,1,1,4158.1,0.0,2026-02-07,4158.1
mercadinho,2026-02-07,debito,1,1,3356.81,0.012,2026-02-08,3316.52
mercadinho,2026-02-07,credito_vista,1,1,1888.13,0.025,2026-03-09,1840.92
mercadinho,2026-02-07,credito_4x,1,4,120.31,0.035,2026-03-09,116.1
mercadinho,2026-02-07,credito_4x,2,4,120.31,0.035,2026-04-08,116.1
mercadinho,2026-02-07,credito_4x,3,4,120.31,0.035,2026-05-08,116.1
mercadinho,2026-02-07,credito_4x,4,4,120.31,0.035,2026-06-07,116.1
mercadinho,2026-02-08,pix,1,1,1508.47,0.0,2026-02-08,1508.47
mercadinho,2026-02-08,debito,1,1,1190.02,0.012,2026-02-09,1175.74
mercadinho,2026-02-08,credito_vista,1,1,715.35,0.025,2026-03-10,697.46
mercadinho,2026-02-08,credito_4x,1,4,28.94,0.035,2026-03-10,27.92
mercadinho,2026-02-08,credito_4x,2,4,28.94,0.035,2026-04-09,27.92
mercadinho,2026-02-08,credito_4x,3,4,28.94,0.035,2026-05-09,27.92
mercadinho,2026-02-08,credito_4x,4,4,28.94,0.035,2026-06-08,27.92
mercadinho,2026-02-09,pix,1,1,2995.37,0.0,2026-02-09,2995.37
mercadinho,2026-02-09,debito,1,1,2099.46,0.012,2026-02-10,2074.27
mercadinho,2026-02-09,credito_vista,1,1,995.33,0.025,2026-03-11,970.45
mercadinho,2026-02-09,credito_4x,1,4,38.9,0.035,2026-03-11,37.54
mercadinho,2026-02-09,credito_4x,2,4,38.9,0.035,2026-04-10,37.54
mercadinho,2026-02-09,credito_4x,3,4,38.9,0.035,2026-05-10,37.54
mercadinho,2026-02-09,credito_4x,4,4,38.9,0.035,2026-06-09,37.54
mercadinho,2026-02-10,pix,1,1,2607.91,0.0,2026-02-10,2607.91
mercadinho,2026-02-10,debito,1,1,1883.12,0.012,2026-02-11,1860.52
mercadinho,2026-02-10,credito_vista,1,1,1324.97,0.025,2026-03-12,1291.85
mercadinho,2026-02-10,credito_4x,1,4,57.42,0.035,2026-03-12,55.41
mercadinho,2026-02-10,credito_4x,2,4,57.42,0.035,2026-04-11,55.41
mercadinho,2026-02-10,credito_4x,3,4,57.42,0.035,2026-05-11,55.41
mercadinho,2026-02-10,credito_4x,4,4,57.42,0.035,2026-06-10,55.41
mercadinho,2026-02-11,pix,1,1,2114.41,0.0,2026-02-11,2114.41
mercadinho,2026-02-11,debito,1,1,1292.98,0.012,2026-02-12,1277.46
mercadinho,2026-02-11,credito_vista,1,1,851.89,0.025,2026-03-13,830.59
mercadinho,2026-02-11,credito_4x,1,4,33.12,0.035,2026-03-13,31.96
mercadinho,2026-02-11,credito_4x,2,4,33.12,0.035,2026-04-12,31.96
mercadinho,2026-02-11,credito_4x,3,4,33.12,0.035,2026-05-12,31.96
mercadinho,2026-02-11,credito_4x,4,4,33.12,0.035,2026-06-11,31.96
mercadinho,2026-02-12,pix,1,1,2473.57,0.0,2026-02-12,2473.57
mercadinho,2026-02-12,debito,1,1,1505.55,0.012,2026-02-13,1487.48
mercadinho,2026-02-12,credito_vista,1,1,750.97,0.025,2026-03-14,732.2
mercadinho,2026-02-12,credito_4x,1,4,49.81,0.035,2026-03-14,48.07
mercadinho,2026-02-12,credito_4x,2,4,49.81,0.035,2026-04-13,48.07
mercadinho,2026-02-12,credito_4x,3,4,49.81,0.035,2026-05-13,48.07
mercadinho,2026-02-12,credito_4x,4,4,49.81,0.035,2026-06-12,48.07
mercadinho,2026-02-13,pix,1,1,2283.96,0.0,2026-02-13,2283.96
mercadinho,2026-02-13,debito,1,1,2249.28,0.012,2026-02-14,2222.28
mercadinho,2026-02-13,credito_vista,1,1,1391.88,0.025,2026-03-15,1357.08
mercadinho,2026-02-13,credito_4x,1,4,42.82,0.035,2026-03-15,41.32
mercadinho,2026-02-13,credito_4x,2,4,42.82,0.035,2026-04-14,41.32
mercadinho,2026-02-13,credito_4x,3,4,42.82,0.035,2026-05-14,41.32
mercadinho,2026-02-13,credito_4x,4,4,42.82,0.035,2026-06-13,41.32
mercadinho,2026-02-14,pix,1,1,3121.96,0.0,2026-02-14,3121.96
mercadinho,2026-02-14,debito,1,1,1982.46,0.012,2026-02-15,1958.67
mercadinho,2026-02-14,credito_vista,1,1,1296.99,0.025,2026-03-16,1264.56
mercadinho,2026-02-14,credito_4x,1,4,81.91,0.035,2026-03-16,79.04
mercadinho,2026-02-14,credito_4x,2,4,81.91,0.035,2026-04-15,79.04
mercadinho,2026-02-14,credito_4x,3,4,81.91,0.035,2026-05-15,79.04
mercadinho,2026-02-14,credito_4x,4,4,81.91,0.035,2026-06-14,79.04
mercadinho,2026-02-15,pix,1,1,1601.04,0.0,2026-02-15,1601.04
mercadinho,2026-02-15,debito,1,1,1194.58,0.012,2026-02-16,1180.24
mercadinho,2026-02-15,credito_vista,1,1,609.84,0.025,2026-03-17,594.6
mercadinho,2026-02-15,credito_4x,1,4,58.71,0.035,2026-03-17,56.66
mercadinho,2026-02-15,credito_4x,2,4,58.71,0.035,2026-04-16,56.66
mercadinho,2026-02-15,credito_4x,3,4,58.71,0.035,2026-05-16,56.66
mercadinho,2026-02-15,credito_4x,4,4,58.71,0.035,2026-06-15,56.66
mercadinho,2026-02-16,pix,1,1,2254.29,0.0,2026-02-16,2254.29
mercadinho,2026-02-16,debito,1,1,2156.17,0.012,2026-02-17,2130.3
mercadinho,2026-02-16,credito_vista,1,1,804.02,0.025,2026-03-18,783.92
mercadinho,2026-02-16,credito_4x,1,4,58.75,0.035,2026-03-18,56.69
mercadinho,2026-02-16,credito_4x,2,4,58.75,0.035,2026-04-17,56.69
mercadinho,2026-02-16,credito_4x,3,4,58.75,0.035,2026-05-17,56.69
mercadinho,2026-02-16,credito_4x,4,4,58.75,0.035,2026-06-16,56.69
mercadinho,2026-02-17,pix,1,1,1956.47,0.0,2026-02-17,1956.47
mercadinho,2026-02-17,debito,1,1,1227.17,0.012,2026-02-18,1212.44
mercadinho,2026-02-17,credito_vista,1,1,707.18,0.025,2026-03-19,689.5
mercadinho,2026-02-17,credito_4x,1,4,35.65,0.035,2026-03-19,34.4
mercadinho,2026-02-17,credito_4x,2,4,35.65,0.035,2026-04-18,34.4
mercadinho,2026-02-17,credito_4x,3,4,35.65,0.035,2026-05-18,34.4
mercadinho,2026-02-17,credito_4x,4,4,35.65,0.035,2026-06-17,34.4
mercadinho,2026-02-18,pix,1,1,2016.12,0.0,2026-02-18,2016.12
mercadinho,2026-02-18,debito,1,1,1491.05,0.012,2026-02-19,1473.16
mercadinho,2026-02-18,credito_vista,1,1,950.86,0.025,2026-03-20,927.09
mercadinho,2026-02-18,credito_4x,1,4,59.0,0.035,2026-03-20,56.93
mercadinho,2026-02-18,credito_4x,2,4,59.0,0.035,2026-04-19,56.93
mercadinho,2026-02-18,credito_4x,3,4,59.0,0.035,2026-05-19,56.93
mercadinho,2026-02-18,credito_4x,4,4,59.0,0.035,2026-06-18,56.93
mercadinho,2026-02-19,pix,1,1,1850.8,0.0,2026-02-19,1850.8
mercadinho,2026-02-19,debito,1,1,1492.81,0.012,2026-02-20,1474.9
mercadinho,2026-02-19,credito_vista,1,1,908.84,0.025,2026-03-21,886.12
mercadinho,2026-02-19,credito_4x,1,4,34.65,0.035,2026-03-21,33.44
mercadinho,2026-02-19,credito_4x,2,4,34.65,0.035,2026-04-20,33.44
mercadinho,2026-02-19,credito_4x,3,4,34.65,0.035,2026-05-20,33.44
mercadinho,2026-02-19,credito_4x,4,4,34.65,0.035,2026-06-19,33.44
mercadinho,2026-02-20,pix,1,1,2658.76,0.0,2026-02-20,2658.76
mercadinho,2026-02-20,debito,1,1,2230.09,0.012,2026-02-21,2203.33
mercadinho,2026-02-20,credito_vista,1,1,1128.04,0.025,2026-03-22,1099.84
mercadinho,2026-02-20,credito_4x,1,4,53.73,0.035,2026-03-22,51.85
mercadinho,2026-02-20,credito_4x,2,4,53.73,0.035,2026-04-21,51.85
mercadinho,2026-02-20,credito_4x,3,4,53.73,0.035,2026-05-21,51.85
mercadinho,2026-02-20,credito_4x,4,4,53.73,0.035,2026-06-20,51.85
mercadinho,2026-02-21,pix,1,1,2609.7,0.0,2026-02-21,2609.7
mercadinho,2026-02-21,debito,1,1,1937.49,0.012,2026-02-22,1914.24
mercadinho,2026-02-21,credito_vista,1,1,1032.57,0.025,2026-03-23,1006.76
mercadinho,2026-02-21,credito_4x,1,4,46.87,0.035,2026-03-23,45.23
mercadinho,2026-02-21,credito_4x,2,4,46.87,0.035,2026-04-22,45.23
mercadinho,2026-02-21,credito_4x,3,4,46.87,0.035,2026-05-22,45.23
mercadinho,2026-02-21,credito_4x,4,4,46.87,0.035,2026-06-21,45.23
mercadinho,2026-02-22,pix,1,1,1100.92,0.0,2026-02-22,1100.92
mercadinho,2026-02-22,debito,1,1,772.78,0.012,2026-02-23,763.51
mercadinho,2026-02-22,credito_vista,1,1,582.14,0.025,2026-03-24,567.59
mercadinho,2026-02-22,credito_4x,1,4,23.61,0.035,2026-03-24,22.79
mercadinho,2026-02-22,credito_4x,2,4,23.61,0.035,2026-04-23,22.79
mercadinho,2026-02-22,credito_4x,3,4,23.61,0.035,2026-05-23,22.79
mercadinho,2026-02-22,credito_4x,4,4,23.61,0.035,2026-06-22,22.79
mercadinho,2026-02-23,pix,1,1,2149.79,0.0,2026-02-23,2149.79
mercadinho,2026-02-23,debito,1,1,1588.25,0.012,2026-02-24,1569.19
mercadinho,2026-02-23,credito_vista,1,1,1157.72,0.025,2026-03-25,1128.77
mercadinho,2026-02-23,credito_4x,1,4,74.96,0.035,2026-03-25,72.34
mercadinho,2026-02-23,credito_4x,2,4,74.96,0.035,2026-04-24,72.34
mercadinho,2026-02-23,credito_4x,3,4,74.96,0.035,2026-05-24,72.34
mercadinho,2026-02-23,credito_4x,4,4,74.96,0.035,2026-06-23,72.34
mercadinho,2026-02-24,pix,1,1,1901.62,0.0,2026-02-24,1901.62
mercadinho,2026-02-24,debito,1,1,1974.85,0.012,2026-02-25,1951.15
mercadinho,2026-02-24,credito_vista,1,1,943.03,0.025,2026-03-26,919.45
mercadinho,2026-02-24,credito_4x,1,4,45.53,0.035,2026-03-26,43.94
mercadinho,2026-02-24,credito_4x,2,4,45.53,0.035,2026-04-25,43.94
mercadinho,2026-02-24,credito_4x,3,4,45.53,0.035,2026-05-25,43.94
mercadinho,2026-02-24,credito_4x,4,4,45.53,0.035,2026-06-24,43.94
mercadinho,2026-02-25,pix,1,1,1632.64,0.0,2026-02-25,1632.64
mercadinho,2026-02-25,debito,1,1,1282.28,0.012,2026-02-26,1266.89
mercadinho,2026-02-25,credito_vista,1,1,604.56,0.025,2026-03-27,589.45
mercadinho,2026-02-25,credito_4x,1,4,28.33,0.035,2026-03-27,27.34
mercadinho,2026-02-25,credito_4x,2,4,28.33,0.035,2026-04-26,27.34
mercadinho,2026-02-25,credito_4x,3,4,28.33,0.035,2026-05-26,27.34
mercadinho,2026-02-25,credito_4x,4,4,28.33,0.035,2026-06-25,27.34
mercadinho,2026-02-26,pix,1,1,1633.55,0.0,2026-02-26,1633.55
mercadinho,2026-02-26,debito,1,1,1264.29,0.012,2026-02-27,1249.12
mercadinho,2026-02-26,credito_vista,1,1,906.59,0.025,2026-03-28,883.92
mercadinho,2026-02-26,credito_4x,1,4,37.59,0.035,2026-03-28,36.28
mercadinho,2026-02-26,credito_4x,2,4,37.59,0.035,2026-04-27,36.28
mercadinho,2026-02-26,credito_4x,3,4,37.59,0.035,2026-05-27,36.28
mercadinho,2026-02-26,credito_4x,4,4,37.59,0.035,2026-06-26,36.28
mercadinho,2026-02-27,pix,1,1,2075.82,0.0,2026-02-27,2075.82
mercadinho,2026-02-27,debito,1,1,1473.58,0.012,2026-02-28,1455.9
mercadinho,2026-02-27,credito_vista,1,1,1094.21,0.025,2026-03-29,1066.86
mercadinho,2026-02-27,credito_4x,1,4,21.11,0.035,2026-03-29,20.37
mercadinho,2026-02-27,credito_4x,2,4,21.11,0.035,2026-04-28,20.37
mercadinho,2026-02-27,credito_4x,3,4,21.11,0.035,2026-05-28,20.37
mercadinho,2026-02-27,credito_4x,4,4,21.11,0.035,2026-06-27,20.37
mercadinho,2026-02-28,pix,1,1,2147.6,0.0,2026-02-28,2147.6
mercadinho,2026-02-28,debito,1,1,1817.59,0.012,2026-03-01,1795.78
mercadinho,2026-02-28,credito_vista,1,1,1040.58,0.025,2026-03-30,1014.57
mercadinho,2026-02-28,credito_4x,1,4,47.61,0.035,2026-03-30,45.95
mercadinho,2026-02-28,credito_4x,2,4,47.61,0.035,2026-04-29,45.95
mercadinho,2026-02-28,credito_4x,3,4,47.61,0.035,2026-05-29,45.95
mercadinho,2026-02-28,credito_4x,4,4,47.61,0.035,2026-06-28,45.95
mercadinho,2026-03-01,pix,1,1,1500.03,0.0,2026-03-01,1500.03
mercadinho,2026-03-01,debito,1,1,1230.25,0.012,2026-03-02,1215.49
mercadinho,2026-03-01,credito_vista,1,1,622.46,0.025,2026-03-31,606.9
mercadinho,2026-03-01,credito_4x,1,4,37.74,0.035,2026-03-31,36.42
mercadinho,2026-03-01,credito_4x,2,4,37.74,0.035,2026-04-30,36.42
mercadinho,2026-03-01,credito_4x,3,4,37.74,0.035,2026-05-30,36.42
mercadinho,2026-03-01,credito_4x,4,4,37.74,0.035,2026-06-29,36.42
mercadinho,2026-03-02,pix,1,1,2831.6,0.0,2026-03-02,2831.6
mercadinho,2026-03-02,debito,1,1,2311.82,0.012,2026-03-03,2284.08
mercadinho,2026-03-02,credito_vista,1,1,1223.25,0.025,2026-04-01,1192.67
mercadinho,2026-03-02,credito_4x,1,4,154.87,0.035,2026-04-01,149.45
mercadinho,2026-03-02,credito_4x,2,4,154.87,0.035,2026-05-01,149.45
mercadinho,2026-03-02,credito_4x,3,4,154.87,0.035,2026-05-31,149.45
mercadinho,2026-03-02,credito_4x,4,4,154.87,0.035,2026-06-30,149.45
mercadinho,2026-03-03,pix,1,1,2822.62,0.0,2026-03-03,2822.62
mercadinho,2026-03-03,debito,1,1,1941.08,0.012,2026-03-04,1917.78
mercadinho,2026-03-03,credito_vista,1,1,1327.87,0.025,2026-04-02,1294.67
mercadinho,2026-03-03,credito_4x,1,4,89.3,0.035,2026-04-02,86.17
mercadinho,2026-03-03,credito_4x,2,4,89.3,0.035,2026-05-02,86.17
mercadinho,2026-03-03,credito_4x,3,4,89.3,0.035,2026-06-01,86.17
mercadinho,2026-03-03,credito_4x,4,4,89.3,0.035,2026-07-01,86.17
mercadinho,2026-03-04,pix,1,1,2537.28,0.0,2026-03-04,2537.28
mercadinho,2026-03-04,debito,1,1,1986.85,0.012,2026-03-05,1963.01
mercadinho,2026-03-04,credito_vista,1,1,1047.05,0.025,2026-04-03,1020.87
mercadinho,2026-03-04,credito_4x,1,4,61.19,0.035,2026-04-03,59.05
mercadinho,2026-03-04,credito_4x,2,4,61.19,0.035,2026-05-03,59.05
mercadinho,2026-03-04,credito_4x,3,4,61.19,0.035,2026-06-02,59.05
mercadinho,2026-03-04,credito_4x,4,4,61.19,0.035,2026-07-02,59.05
mercadinho,2026-03-05,pix,1,1,2585.07,0.0,2026-03-05,2585.07
mercadinho,2026-03-05,debito,1,1,2108.36,0.012,2026-03-06,2083.06
mercadinho,2026-03-05,credito_vista,1,1,1167.82,0.025,2026-04-04,1138.62
mercadinho,2026-03-05,credito_4x,1,4,57.83,0.035,2026-04-04,55.8
mercadinho,2026-03-05,credito_4x,2,4,57.83,0.035,2026-05-04,55.8
mercadinho,2026-03-05,credito_4x,3,4,57.83,0.035,2026-06-03,55.8
mercadinho,2026-03-05,credito_4x,4,4,57.83,0.035,2026-07-03,55.8
mercadinho,2026-03-06,pix,1,1,3802.54,0.0,2026-03-06,3802.54
mercadinho,2026-03-06,debito,1,1,3077.38,0.012,2026-03-07,3040.46
mercadinho,2026-03-06,credito_vista,1,1,1541.11,0.025,2026-04-05,1502.58
mercadinho,2026-03-06,credito_4x,1,4,129.07,0.035,2026-04-05,124.56
mercadinho,2026-03-06,credito_4x,2,4,129.07,0.035,2026-05-05,124.56
mercadinho,2026-03-06,credito_4x,3,4,129.07,0.035,2026-06-04,124.56
mercadinho,2026-03-06,credito_4x,4,4,129.07,0.035,2026-07-04,124.56
mercadinho,2026-03-07,pix,1,1,3346.53,0.0,2026-03-07,3346.53
mercadinho,2026-03-07,debito,1,1,3138.97,0.012,2026-03-08,3101.3
mercadinho,2026-03-07,credito_vista,1,1,1875.63,0.025,2026-04-06,1828.74
mercadinho,2026-03-07,credito_4x,1,4,65.41,0.035,2026-04-06,63.13
mercadinho,2026-03-07,credito_4x,2,4,65.41,0.035,2026-05-06,63.13
mercadinho,2026-03-07,credito_4x,3,4,65.41,0.035,2026-06-05,63.13
mercadinho,2026-03-07,credito_4x,4,4,65.41,0.035,2026-07-05,63.13
mercadinho,2026-03-08,pix,1,1,1425.99,0.0,2026-03-08,1425.99
mercadinho,2026-03-08,debito,1,1,1218.91,0.012,2026-03-09,1204.28
mercadinho,2026-03-08,credito_vista,1,1,886.77,0.025,2026-04-07,864.61
mercadinho,2026-03-08,credito_4x,1,4,50.36,0.035,2026-04-07,48.6
mercadinho,2026-03-08,credito_4x,2,4,50.36,0.035,2026-05-07,48.6
mercadinho,2026-03-08,credito_4x,3,4,50.36,0.035,2026-06-06,48.6
mercadinho,2026-03-08,credito_4x,4,4,50.36,0.035,2026-07-06,48.6
mercadinho,2026-03-09,pix,1,1,2982.75,0.0,2026-03-09,2982.75
mercadinho,2026-03-09,debito,1,1,2097.24,0.012,2026-03-10,2072.07
mercadinho,2026-03-09,credito_vista,1,1,1514.57,0.025,2026-04-08,1476.7
mercadinho,2026-03-09,credito_4x,1,4,51.73,0.035,2026-04-08,49.92
mercadinho,2026-03-09,credito_4x,2,4,51.73,0.035,2026-05-08,49.92
mercadinho,2026-03-09,credito_4x,3,4,51.73,0.035,2026-06-07,49.92
mercadinho,2026-03-09,credito_4x,4,4,51.73,0.035,2026-07-07,49.92
mercadinho,2026-03-10,pix,1,1,2493.63,0.0,2026-03-10,2493.63
mercadinho,2026-03-10,debito,1,1,1963.15,0.012,2026-03-11,1939.59
mercadinho,2026-03-10,credito_vista,1,1,1090.29,0.025,2026-04-09,1063.04
mercadinho,2026-03-10,credito_4x,1,4,67.0,0.035,2026-04-09,64.65
mercadinho,2026-03-10,credito_4x,2,4,67.0,0.035,2026-05-09,64.65
mercadinho,2026-03-10,credito_4x,3,4,67.0,0.035,2026-06-08,64.65
mercadinho,2026-03-10,credito_4x,4,4,67.0,0.035,2026-07-08,64.65
mercadinho,2026-03-11,pix,1,1,1884.04,0.0,2026-03-11,1884.04
mercadinho,2026-03-11,debito,1,1,1298.34,0.012,2026-03-12,1282.76
mercadinho,2026-03-11,credito_vista,1,1,830.54,0.025,2026-04-10,809.78
mercadinho,2026-03-11,credito_4x,1,4,50.17,0.035,2026-04-10,48.42
mercadinho,2026-03-11,credito_4x,2,4,50.17,0.035,2026-05-10,48.42
mercadinho,2026-03-11,credito_4x,3,4,50.17,0.035,2026-06-09,48.42
mercadinho,2026-03-11,credito_4x,4,4,50.17,0.035,2026-07-09,48.42
mercadinho,2026-03-12,pix,1,1,1736.33,0.0,2026-03-12,1736.33
mercadinho,2026-03-12,debito,1,1,1875.36,0.012,2026-03-13,1852.86
mercadinho,2026-03-12,credito_vista,1,1,1172.33,0.025,2026-04-11,1143.02
mercadinho,2026-03-12,credito_4x,1,4,58.19,0.035,2026-04-11,56.15
mercadinho,2026-03-12,credito_4x,2,4,58.19,0.035,2026-05-11,56.15
mercadinho,2026-03-12,credito_4x,3,4,58.19,0.035,2026-06-10,56.15
mercadinho,2026-03-12,credito_4x,4,4,58.19,0.035,2026-07-10,56.15
mercadinho,2026-03-13,pix,1,1,2594.55,0.0,2026-03-13,2594.55
mercadinho,2026-03-13,debito,1,1,1984.06,0.012,2026-03-14,1960.25
mercadinho,2026-03-13,credito_vista,1,1,1291.89,0.025,2026-04-12,1259.6
mercadinho,2026-03-13,credito_4x,1,4,37.86,0.035,2026-04-12,36.53
mercadinho,2026-03-13,credito_4x,2,4,37.86,0.035,2026-05-12,36.53
mercadinho,2026-03-13,credito_4x,3,4,37.86,0.035,2026-06-11,36.53
mercadinho,2026-03-13,credito_4x,4,4,37.86,0.035,2026-07-11,36.53
mercadinho,2026-03-14,pix,1,1,3054.58,0.0,2026-03-14,3054.58
mercadinho,2026-03-14,debito,1,1,2812.36,0.012,2026-03-15,2778.61
mercadinho,2026-03-14,credito_vista,1,1,1727.28,0.025,2026-04-13,1684.1
mercadinho,2026-03-14,credito_4x,1,4,106.87,0.035,2026-04-13,103.13
mercadinho,2026-03-14,credito_4x,2,4,106.87,0.035,2026-05-13,103.13
mercadinho,2026-03-14,credito_4x,3,4,106.87,0.035,2026-06-12,103.13
mercadinho,2026-03-14,credito_4x,4,4,106.87,0.035,2026-07-12,103.13
mercadinho,2026-03-15,pix,1,1,1383.17,0.0,2026-03-15,1383.17
mercadinho,2026-03-15,debito,1,1,1154.23,0.012,2026-03-16,1140.37
mercadinho,2026-03-15,credito_vista,1,1,518.21,0.025,2026-04-14,505.26
mercadinho,2026-03-15,credito_4x,1,4,19.41,0.035,2026-04-14,18.73
mercadinho,2026-03-15,credito_4x,2,4,19.41,0.035,2026-05-14,18.73
mercadinho,2026-03-15,credito_4x,3,4,19.41,0.035,2026-06-13,18.73
mercadinho,2026-03-15,credito_4x,4,4,19.41,0.035,2026-07-13,18.73
mercadinho,2026-03-16,pix,1,1,2128.02,0.0,2026-03-16,2128.02
mercadinho,2026-03-16,debito,1,1,1508.01,0.012,2026-03-17,1489.91
mercadinho,2026-03-16,credito_vista,1,1,918.67,0.025,2026-04-15,895.7
mercadinho,2026-03-16,credito_4x,1,4,56.77,0.035,2026-04-15,54.78
mercadinho,2026-03-16,credito_4x,2,4,56.77,0.035,2026-05-15,54.78
mercadinho,2026-03-16,credito_4x,3,4,56.77,0.035,2026-06-14,54.78
mercadinho,2026-03-16,credito_4x,4,4,56.77,0.035,2026-07-14,54.78
mercadinho,2026-03-17,pix,1,1,2086.92,0.0,2026-03-17,2086.92
mercadinho,2026-03-17,debito,1,1,1777.08,0.012,2026-03-18,1755.76
mercadinho,2026-03-17,credito_vista,1,1,867.48,0.025,2026-04-16,845.79
mercadinho,2026-03-17,credito_4x,1,4,51.53,0.035,2026-04-16,49.72
mercadinho,2026-03-17,credito_4x,2,4,51.53,0.035,2026-05-16,49.72
mercadinho,2026-03-17,credito_4x,3,4,51.53,0.035,2026-06-15,49.72
mercadinho,2026-03-17,credito_4x,4,4,51.53,0.035,2026-07-15,49.72
mercadinho,2026-03-18,pix,1,1,1884.97,0.0,2026-03-18,1884.97
mercadinho,2026-03-18,debito,1,1,1669.68,0.012,2026-03-19,1649.65
mercadinho,2026-03-18,credito_vista,1,1,1046.16,0.025,2026-04-17,1020.01
mercadinho,2026-03-18,credito_4x,1,4,36.17,0.035,2026-04-17,34.9
mercadinho,2026-03-18,credito_4x,2,4,36.17,0.035,2026-05-17,34.9
mercadinho,2026-03-18,credito_4x,3,4,36.17,0.035,2026-06-16,34.9
mercadinho,2026-03-18,credito_4x,4,4,36.17,0.035,2026-07-16,34.9
mercadinho,2026-03-19,pix,1,1,2193.12,0.0,2026-03-19,2193.12
mercadinho,2026-03-19,debito,1,1,2100.47,0.012,2026-03-20,2075.27
mercadinho,2026-03-19,credito_vista,1,1,908.12,0.025,2026-04-18,885.42
mercadinho,2026-03-19,credito_4x,1,4,70.21,0.035,2026-04-18,67.75
mercadinho,2026-03-19,credito_4x,2,4,70.21,0.035,2026-05-18,67.75
mercadinho,2026-03-19,credito_4x,3,4,70.21,0.035,2026-06-17,67.75
mercadinho,2026-03-19,credito_4x,4,4,70.21,0.035,2026-07-17,67.75
mercadinho,2026-03-20,pix,1,1,2703.52,0.0,2026-03-20,2703.52
mercadinho,2026-03-20,debito,1,1,1898.53,0.012,2026-03-21,1875.75
mercadinho,2026-03-20,credito_vista,1,1,834.56,0.025,2026-04-19,813.69
mercadinho,2026-03-20,credito_4x,1,4,76.79,0.035,2026-04-19,74.1
mercadinho,2026-03-20,credito_4x,2,4,76.79,0.035,2026-05-19,74.1
mercadinho,2026-03-20,credito_4x,3,4,76.79,0.035,2026-06-18,74.1
mercadinho,2026-03-20,credito_4x,4,4,76.79,0.035,2026-07-18,74.1
mercadinho,2026-03-21,pix,1,1,3188.07,0.0,2026-03-21,3188.07
mercadinho,2026-03-21,debito,1,1,1759.4,0.012,2026-03-22,1738.28
mercadinho,2026-03-21,credito_vista,1,1,1585.86,0.025,2026-04-20,1546.21
mercadinho,2026-03-21,credito_4x,1,4,96.5,0.035,2026-04-20,93.12
mercadinho,2026-03-21,credito_4x,2,4,96.5,0.035,2026-05-20,93.12
mercadinho,2026-03-21,credito_4x,3,4,96.5,0.035,2026-06-19,93.12
mercadinho,2026-03-21,credito_4x,4,4,96.5,0.035,2026-07-19,93.12
mercadinho,2026-03-22,pix,1,1,1115.12,0.0,2026-03-22,1115.12
mercadinho,2026-03-22,debito,1,1,1026.77,0.012,2026-03-23,1014.45
mercadinho,2026-03-22,credito_vista,1,1,620.7,0.025,2026-04-21,605.18
mercadinho,2026-03-22,credito_4x,1,4,29.98,0.035,2026-04-21,28.93
mercadinho,2026-03-22,credito_4x,2,4,29.98,0.035,2026-05-21,28.93
mercadinho,2026-03-22,credito_4x,3,4,29.98,0.035,2026-06-20,28.93
mercadinho,2026-03-22,credito_4x,4,4,29.98,0.035,2026-07-20,28.93
mercadinho,2026-03-23,pix,1,1,2468.38,0.0,2026-03-23,2468.38
mercadinho,2026-03-23,debito,1,1,1677.35,0.012,2026-03-24,1657.22
mercadinho,2026-03-23,credito_vista,1,1,870.53,0.025,2026-04-22,848.77
mercadinho,2026-03-23,credito_4x,1,4,27.45,0.035,2026-04-22,26.49
mercadinho,2026-03-23,credito_4x,2,4,27.45,0.035,2026-05-22,26.49
mercadinho,2026-03-23,credito_4x,3,4,27.45,0.035,2026-06-21,26.49
mercadinho,2026-03-23,credito_4x,4,4,27.45,0.035,2026-07-21,26.49
mercadinho,2026-03-24,pix,1,1,1959.69,0.0,2026-03-24,1959.69
mercadinho,2026-03-24,debito,1,1,1252.77,0.012,2026-03-25,1237.74
mercadinho,2026-03-24,credito_vista,1,1,856.46,0.025,2026-04-23,835.05
mercadinho,2026-03-24,credito_4x,1,4,33.72,0.035,2026-04-23,32.54
mercadinho,2026-03-24,credito_4x,2,4,33.72,0.035,2026-05-23,32.54
mercadinho,2026-03-24,credito_4x,3,4,33.72,0.035,2026-06-22,32.54
mercadinho,2026-03-24,credito_4x,4,4,33.72,0.035,2026-07-22,32.54
mercadinho,2026-03-25,pix,1,1,1574.65,0.0,2026-03-25,1574.65
mercadinho,2026-03-25,debito,1,1,1313.39,0.012,2026-03-26,1297.63
mercadinho,2026-03-25,credito_vista,1,1,732.5,0.025,2026-04-24,714.18
mercadinho,2026-03-25,credito_4x,1,4,21.84,0.035,2026-04-24,21.08
mercadinho,2026-03-25,credito_4x,2,4,21.84,0.035,2026-05-24,21.08
mercadinho,2026-03-25,credito_4x,3,4,21.84,0.035,2026-06-23,21.08
mercadinho,2026-03-25,credito_4x,4,4,21.84,0.035,2026-07-23,21.08
mercadinho,2026-03-26,pix,1,1,1641.12,0.0,2026-03-26,1641.12
mercadinho,2026-03-26,debito,1,1,1243.33,0.012,2026-03-27,1228.41
mercadinho,2026-03-26,credito_vista,1,1,704.94,0.025,2026-04-25,687.32
mercadinho,2026-03-26,credito_4x,1,4,64.05,0.035,2026-04-25,61.81
mercadinho,2026-03-26,credito_4x,2,4,64.05,0.035,2026-05-25,61.81
mercadinho,2026-03-26,credito_4x,3,4,64.05,0.035,2026-06-24,61.81
mercadinho,2026-03-26,credito_4x,4,4,64.05,0.035,2026-07-24,61.81
mercadinho,2026-03-27,pix,1,1,1972.87,0.0,2026-03-27,1972.87
mercadinho,2026-03-27,debito,1,1,1785.21,0.012,2026-03-28,1763.79
mercadinho,2026-03-27,credito_vista,1,1,1102.85,0.025,2026-04-26,1075.28
mercadinho,2026-03-27,credito_4x,1,4,86.82,0.035,2026-04-26,83.78
mercadinho,2026-03-27,credito_4x,2,4,86.82,0.035,2026-05-26,83.78
mercadinho,2026-03-27,credito_4x,3,4,86.82,0.035,2026-06-25,83.78
mercadinho,2026-03-27,credito_4x,4,4,86.82,0.035,2026-07-25,83.78
mercadinho,2026-03-28,pix,1,1,1954.43,0.0,2026-03-28,1954.43
mercadinho,2026-03-28,debito,1,1,2018.26,0.012,2026-03-29,1994.05
mercadinho,2026-03-28,credito_vista,1,1,1002.83,0.025,2026-04-27,977.76
mercadinho,2026-03-28,credito_4x,1,4,47.27,0.035,2026-04-27,45.62
mercadinho,2026-03-28,credito_4x,2,4,47.27,0.035,2026-05-27,45.62
mercadinho,2026-03-28,credito_4x,3,4,47.27,0.035,2026-06-26,45.62
mercadinho,2026-03-28,credito_4x,4,4,47.27,0.035,2026-07-26,45.62
mercadinho,2026-03-29,pix,1,1,884.9,0.0,2026-03-29,884.9
mercadinho,2026-03-29,debito,1,1,788.15,0.012,2026-03-30,778.69
mercadinho,2026-03-29,credito_vista,1,1,368.44,0.025,2026-04-28,359.23
mercadinho,2026-03-29,credito_4x,1,4,20.81,0.035,2026-04-28,20.08
mercadinho,2026-03-29,credito_4x,2,4,20.81,0.035,2026-05-28,20.08
mercadinho,2026-03-29,credito_4x,3,4,20.81,0.035,2026-06-27,20.08
mercadinho,2026-03-29,credito_4x,4,4,20.81,0.035,2026-07-27,20.08
mercadinho,2026-03-30,pix,1,1,1745.05,0.0,2026-03-30,1745.05
mercadinho,2026-03-30,debito,1,1,1405.7,0.012,2026-03-31,1388.83
mercadinho,2026-03-30,credito_vista,1,1,909.02,0.025,2026-04-29,886.3
mercadinho,2026-03-30,credito_4x,1,4,31.21,0.035,2026-04-29,30.12
mercadinho,2026-03-30,credito_4x,2,4,31.21,0.035,2026-05-29,30.12
mercadinho,2026-03-30,credito_4x,3,4,31.21,0.035,2026-06-28,30.12
mercadinho,2026-03-30,credito_4x,4,4,31.21,0.035,2026-07-28,30.12
mercadinho,2026-03-31,pix,1,1,1386.75,0.0,2026-03-31,1386.75
mercadinho,2026-03-31,debito,1,1,978.6,0.012,2026-04-01,966.86
mercadinho,2026-03-31,credito_vista,1,1,732.26,0.025,2026-04-30,713.96
mercadinho,2026-03-31,credito_4x,1,4,33.3,0.035,2026-04-30,32.13
mercadinho,2026-03-31,credito_4x,2,4,33.3,0.035,2026-05-30,32.13
mercadinho,2026-03-31,credito_4x,3,4,33.3,0.035,2026-06-29,32.13
mercadinho,2026-03-31,credito_4x,4,4,33.3,0.035,2026-07-29,32.13
mercadinho,2026-04-01,pix,1,1,2903.1,0.0,2026-04-01,2903.1
mercadinho,2026-04-01,debito,1,1,1811.12,0.012,2026-04-02,1789.39
mercadinho,2026-04-01,credito_vista,1,1,1551.79,0.025,2026-05-01,1513.0
mercadinho,2026-04-01,credito_4x,1,4,71.68,0.035,2026-05-01,69.18
mercadinho,2026-04-01,credito_4x,2,4,71.68,0.035,2026-05-31,69.18
mercadinho,2026-04-01,credito_4x,3,4,71.68,0.035,2026-06-30,69.18
mercadinho,2026-04-01,credito_4x,4,4,71.68,0.035,2026-07-30,69.18
mercadinho,2026-04-02,pix,1,1,2512.58,0.0,2026-04-02,2512.58
mercadinho,2026-04-02,debito,1,1,2741.87,0.012,2026-04-03,2708.97
mercadinho,2026-04-02,credito_vista,1,1,1377.72,0.025,2026-05-02,1343.28
mercadinho,2026-04-02,credito_4x,1,4,66.17,0.035,2026-05-02,63.85
mercadinho,2026-04-02,credito_4x,2,4,66.17,0.035,2026-06-01,63.85
mercadinho,2026-04-02,credito_4x,3,4,66.17,0.035,2026-07-01,63.85
mercadinho,2026-04-02,credito_4x,4,4,66.17,0.035,2026-07-31,63.85
mercadinho,2026-04-03,pix,1,1,3592.35,0.0,2026-04-03,3592.35
mercadinho,2026-04-03,debito,1,1,3450.32,0.012,2026-04-04,3408.91
mercadinho,2026-04-03,credito_vista,1,1,1386.99,0.025,2026-05-03,1352.31
mercadinho,2026-04-03,credito_4x,1,4,81.91,0.035,2026-05-03,79.04
mercadinho,2026-04-03,credito_4x,2,4,81.91,0.035,2026-06-02,79.04
mercadinho,2026-04-03,credito_4x,3,4,81.91,0.035,2026-07-02,79.04
mercadinho,2026-04-03,credito_4x,4,4,81.91,0.035,2026-08-01,79.04
mercadinho,2026-04-04,pix,1,1,4048.34,0.0,2026-04-04,4048.34
mercadinho,2026-04-04,debito,1,1,3128.6,0.012,2026-04-05,3091.06
mercadinho,2026-04-04,credito_vista,1,1,1693.38,0.025,2026-05-04,1651.04
mercadinho,2026-04-04,credito_4x,1,4,42.73,0.035,2026-05-04,41.24
mercadinho,2026-04-04,credito_4x,2,4,42.73,0.035,2026-06-03,41.24
mercadinho,2026-04-04,credito_4x,3,4,42.73,0.035,2026-07-03,41.24
mercadinho,2026-04-04,credito_4x,4,4,42.73,0.035,2026-08-02,41.24
mercadinho,2026-04-05,pix,1,1,1470.61,0.0,2026-04-05,1470.61
mercadinho,2026-04-05,debito,1,1,1272.43,0.012,2026-04-06,1257.16
mercadinho,2026-04-05,credito_vista,1,1,709.07,0.025,2026-05-05,691.35
mercadinho,2026-04-05,credito_4x,1,4,25.12,0.035,2026-05-05,24.24
mercadinho,2026-04-05,credito_4x,2,4,25.12,0.035,2026-06-04,24.24
mercadinho,2026-04-05,credito_4x,3,4,25.12,0.035,2026-07-04,24.24
mercadinho,2026-04-05,credito_4x,4,4,25.12,0.035,2026-08-03,24.24
mercadinho,2026-04-06,pix,1,1,2666.38,0.0,2026-04-06,2666.38
mercadinho,2026-04-06,debito,1,1,2525.84,0.012,2026-04-07,2495.53
mercadinho,2026-04-06,credito_vista,1,1,1154.59,0.025,2026-05-06,1125.72
mercadinho,2026-04-06,credito_4x,1,4,64.89,0.035,2026-05-06,62.61
mercadinho,2026-04-06,credito_4x,2,4,64.89,0.035,2026-06-05,62.61
mercadinho,2026-04-06,credito_4x,3,4,64.89,0.035,2026-07-05,62.61
mercadinho,2026-04-06,credito_4x,4,4,64.89,0.035,2026-08-04,62.61
mercadinho,2026-04-07,pix,1,1,2794.59,0.0,2026-04-07,2794.59
mercadinho,2026-04-07,debito,1,1,1892.22,0.012,2026-04-08,1869.51
mercadinho,2026-04-07,credito_vista,1,1,1226.31,0.025,2026-05-07,1195.65
mercadinho,2026-04-07,credito_4x,1,4,56.03,0.035,2026-05-07,54.07
mercadinho,2026-04-07,credito_4x,2,4,56.03,0.035,2026-06-06,54.07
mercadinho,2026-04-07,credito_4x,3,4,56.03,0.035,2026-07-06,54.07
mercadinho,2026-04-07,credito_4x,4,4,56.03,0.035,2026-08-05,54.07
mercadinho,2026-04-08,pix,1,1,2276.88,0.0,2026-04-08,2276.88
mercadinho,2026-04-08,debito,1,1,2086.68,0.012,2026-04-09,2061.64
mercadinho,2026-04-08,credito_vista,1,1,913.66,0.025,2026-05-08,890.82
mercadinho,2026-04-08,credito_4x,1,4,75.98,0.035,2026-05-08,73.32
mercadinho,2026-04-08,credito_4x,2,4,75.98,0.035,2026-06-07,73.32
mercadinho,2026-04-08,credito_4x,3,4,75.98,0.035,2026-07-07,73.32
mercadinho,2026-04-08,credito_4x,4,4,75.98,0.035,2026-08-06,73.32
mercadinho,2026-04-09,pix,1,1,3056.1,0.0,2026-04-09,3056.1
mercadinho,2026-04-09,debito,1,1,2858.35,0.012,2026-04-10,2824.05
mercadinho,2026-04-09,credito_vista,1,1,1028.41,0.025,2026-05-09,1002.7
mercadinho,2026-04-09,credito_4x,1,4,27.48,0.035,2026-05-09,26.51
mercadinho,2026-04-09,credito_4x,2,4,27.48,0.035,2026-06-08,26.51
mercadinho,2026-04-09,credito_4x,3,4,27.48,0.035,2026-07-08,26.51
mercadinho,2026-04-09,credito_4x,4,4,27.48,0.035,2026-08-07,26.51
mercadinho,2026-04-10,pix,1,1,4261.51,0.0,2026-04-10,4261.51
mercadinho,2026-04-10,debito,1,1,2329.73,0.012,2026-04-11,2301.77
mercadinho,2026-04-10,credito_vista,1,1,1406.39,0.025,2026-05-10,1371.23
mercadinho,2026-04-10,credito_4x,1,4,57.98,0.035,2026-05-10,55.95
mercadinho,2026-04-10,credito_4x,2,4,57.98,0.035,2026-06-09,55.95
mercadinho,2026-04-10,credito_4x,3,4,57.98,0.035,2026-07-09,55.95
mercadinho,2026-04-10,credito_4x,4,4,57.98,0.035,2026-08-08,55.95
mercadinho,2026-04-11,pix,1,1,2436.14,0.0,2026-04-11,2436.14
mercadinho,2026-04-11,debito,1,1,2324.66,0.012,2026-04-12,2296.77
mercadinho,2026-04-11,credito_vista,1,1,1241.18,0.025,2026-05-11,1210.15
mercadinho,2026-04-11,credito_4x,1,4,49.06,0.035,2026-05-11,47.34
mercadinho,2026-04-11,credito_4x,2,4,49.06,0.035,2026-06-10,47.34
mercadinho,2026-04-11,credito_4x,3,4,49.06,0.035,2026-07-10,47.34
mercadinho,2026-04-11,credito_4x,4,4,49.06,0.035,2026-08-09,47.34
mercadinho,2026-04-12,pix,1,1,1664.1,0.0,2026-04-12,1664.1
mercadinho,2026-04-12,debito,1,1,909.02,0.012,2026-04-13,898.12
mercadinho,2026-04-12,credito_vista,1,1,766.17,0.025,2026-05-12,747.02
mercadinho,2026-04-12,credito_4x,1,4,31.52,0.035,2026-05-12,30.42
mercadinho,2026-04-12,credito_4x,2,4,31.52,0.035,2026-06-11,30.42
mercadinho,2026-04-12,credito_4x,3,4,31.52,0.035,2026-07-11,30.42
mercadinho,2026-04-12,credito_4x,4,4,31.52,0.035,2026-08-10,30.42
mercadinho,2026-04-13,pix,1,1,2173.4,0.0,2026-04-13,2173.4
mercadinho,2026-04-13,debito,1,1,1764.14,0.012,2026-04-14,1742.97
mercadinho,2026-04-13,credito_vista,1,1,1052.84,0.025,2026-05-13,1026.52
mercadinho,2026-04-13,credito_4x,1,4,40.53,0.035,2026-05-13,39.11
mercadinho,2026-04-13,credito_4x,2,4,40.53,0.035,2026-06-12,39.11
mercadinho,2026-04-13,credito_4x,3,4,40.53,0.035,2026-07-12,39.11
mercadinho,2026-04-13,credito_4x,4,4,40.53,0.035,2026-08-11,39.11
mercadinho,2026-04-14,pix,1,1,1814.77,0.0,2026-04-14,1814.77
mercadinho,2026-04-14,debito,1,1,1300.04,0.012,2026-04-15,1284.44
mercadinho,2026-04-14,credito_vista,1,1,869.96,0.025,2026-05-14,848.21
mercadinho,2026-04-14,credito_4x,1,4,31.58,0.035,2026-05-14,30.47
mercadinho,2026-04-14,credito_4x,2,4,31.58,0.035,2026-06-13,30.47
mercadinho,2026-04-14,credito_4x,3,4,31.58,0.035,2026-07-13,30.47
mercadinho,2026-04-14,credito_4x,4,4,31.58,0.035,2026-08-12,30.47
mercadinho,2026-04-15,pix,1,1,1757.28,0.0,2026-04-15,1757.28
mercadinho,2026-04-15,debito,1,1,1423.22,0.012,2026-04-16,1406.15
mercadinho,2026-04-15,credito_vista,1,1,818.34,0.025,2026-05-15,797.88
mercadinho,2026-04-15,credito_4x,1,4,58.33,0.035,2026-05-15,56.29
mercadinho,2026-04-15,credito_4x,2,4,58.33,0.035,2026-06-14,56.29
mercadinho,2026-04-15,credito_4x,3,4,58.33,0.035,2026-07-14,56.29
mercadinho,2026-04-15,credito_4x,4,4,58.33,0.035,2026-08-13,56.29
mercadinho,2026-04-16,pix,1,1,2382.19,0.0,2026-04-16,2382.19
mercadinho,2026-04-16,debito,1,1,1821.61,0.012,2026-04-17,1799.75
mercadinho,2026-04-16,credito_vista,1,1,1141.44,0.025,2026-05-16,1112.9
mercadinho,2026-04-16,credito_4x,1,4,58.69,0.035,2026-05-16,56.64
mercadinho,2026-04-16,credito_4x,2,4,58.69,0.035,2026-06-15,56.64
mercadinho,2026-04-16,credito_4x,3,4,58.69,0.035,2026-07-15,56.64
mercadinho,2026-04-16,credito_4x,4,4,58.69,0.035,2026-08-14,56.64
mercadinho,2026-04-17,pix,1,1,3153.67,0.0,2026-04-17,3153.67
mercadinho,2026-04-17,debito,1,1,2626.8,0.012,2026-04-18,2595.28
mercadinho,2026-04-17,credito_vista,1,1,1179.57,0.025,2026-05-17,1150.08
mercadinho,2026-04-17,credito_4x,1,4,54.55,0.035,2026-05-17,52.64
mercadinho,2026-04-17,credito_4x,2,4,54.55,0.035,2026-06-16,52.64
mercadinho,2026-04-17,credito_4x,3,4,54.55,0.035,2026-07-16,52.64
mercadinho,2026-04-17,credito_4x,4,4,54.55,0.035,2026-08-15,52.64
mercadinho,2026-04-18,pix,1,1,2989.77,0.0,2026-04-18,2989.77
mercadinho,2026-04-18,debito,1,1,2554.23,0.012,2026-04-19,2523.58
mercadinho,2026-04-18,credito_vista,1,1,1675.76,0.025,2026-05-18,1633.86
mercadinho,2026-04-18,credito_4x,1,4,65.93,0.035,2026-05-18,63.62
mercadinho,2026-04-18,credito_4x,2,4,65.93,0.035,2026-06-17,63.62
mercadinho,2026-04-18,credito_4x,3,4,65.93,0.035,2026-07-17,63.62
mercadinho,2026-04-18,credito_4x,4,4,65.93,0.035,2026-08-16,63.62
mercadinho,2026-04-19,pix,1,1,1493.56,0.0,2026-04-19,1493.56
mercadinho,2026-04-19,debito,1,1,1005.92,0.012,2026-04-20,993.85
mercadinho,2026-04-19,credito_vista,1,1,707.68,0.025,2026-05-19,689.99
mercadinho,2026-04-19,credito_4x,1,4,22.37,0.035,2026-05-19,21.59
mercadinho,2026-04-19,credito_4x,2,4,22.37,0.035,2026-06-18,21.59
mercadinho,2026-04-19,credito_4x,3,4,22.37,0.035,2026-07-18,21.59
mercadinho,2026-04-19,credito_4x,4,4,22.37,0.035,2026-08-17,21.59
mercadinho,2026-04-20,pix,1,1,2642.8,0.0,2026-04-20,2642.8
mercadinho,2026-04-20,debito,1,1,1718.5,0.012,2026-04-21,1697.87
mercadinho,2026-04-20,credito_vista,1,1,1183.48,0.025,2026-05-20,1153.89
mercadinho,2026-04-20,credito_4x,1,4,42.62,0.035,2026-05-20,41.13
mercadinho,2026-04-20,credito_4x,2,4,42.62,0.035,2026-06-19,41.13
mercadinho,2026-04-20,credito_4x,3,4,42.62,0.035,2026-07-19,41.13
mercadinho,2026-04-20,credito_4x,4,4,42.62,0.035,2026-08-18,41.13
mercadinho,2026-04-21,pix,1,1,2082.21,0.0,2026-04-21,2082.21
mercadinho,2026-04-21,debito,1,1,1702.37,0.012,2026-04-22,1681.94
mercadinho,2026-04-21,credito_vista,1,1,896.64,0.025,2026-05-21,874.23
mercadinho,2026-04-21,credito_4x,1,4,46.06,0.035,2026-05-21,44.44
mercadinho,2026-04-21,credito_4x,2,4,46.06,0.035,2026-06-20,44.44
mercadinho,2026-04-21,credito_4x,3,4,46.06,0.035,2026-07-20,44.44
mercadinho,2026-04-21,credito_4x,4,4,46.06,0.035,2026-08-19,44.44
mercadinho,2026-04-22,pix,1,1,2017.59,0.0,2026-04-22,2017.59
mercadinho,2026-04-22,debito,1,1,1611.02,0.012,2026-04-23,1591.69
mercadinho,2026-04-22,credito_vista,1,1,1006.03,0.025,2026-05-22,980.88
mercadinho,2026-04-22,credito_4x,1,4,31.08,0.035,2026-05-22,30.0
mercadinho,2026-04-22,credito_4x,2,4,31.08,0.035,2026-06-21,30.0
mercadinho,2026-04-22,credito_4x,3,4,31.08,0.035,2026-07-21,30.0
mercadinho,2026-04-22,credito_4x,4,4,31.08,0.035,2026-08-20,30.0
mercadinho,2026-04-23,pix,1,1,2131.63,0.0,2026-04-23,2131.63
mercadinho,2026-04-23,debito,1,1,1609.03,0.012,2026-04-24,1589.72
mercadinho,2026-04-23,credito_vista,1,1,1241.21,0.025,2026-05-23,1210.18
mercadinho,2026-04-23,credito_4x,1,4,32.05,0.035,2026-05-23,30.93
mercadinho,2026-04-23,credito_4x,2,4,32.05,0.035,2026-06-22,30.93
mercadinho,2026-04-23,credito_4x,3,4,32.05,0.035,2026-07-22,30.93
mercadinho,2026-04-23,credito_4x,4,4,32.05,0.035,2026-08-21,30.93
mercadinho,2026-04-24,pix,1,1,2942.25,0.0,2026-04-24,2942.25
mercadinho,2026-04-24,debito,1,1,2024.97,0.012,2026-04-25,2000.67
mercadinho,2026-04-24,credito_vista,1,1,1344.69,0.025,2026-05-24,1311.07
mercadinho,2026-04-24,credito_4x,1,4,48.08,0.035,2026-05-24,46.4
mercadinho,2026-04-24,credito_4x,2,4,48.08,0.035,2026-06-23,46.4
mercadinho,2026-04-24,credito_4x,3,4,48.08,0.035,2026-07-23,46.4
mercadinho,2026-04-24,credito_4x,4,4,48.08,0.035,2026-08-22,46.4
mercadinho,2026-04-25,pix,1,1,1755.39,0.0,2026-04-25,1755.39
mercadinho,2026-04-25,debito,1,1,1882.85,0.012,2026-04-26,1860.26
mercadinho,2026-04-25,credito_vista,1,1,1011.04,0.025,2026-05-25,985.76
mercadinho,2026-04-25,credito_4x,1,4,30.86,0.035,2026-05-25,29.78
mercadinho,2026-04-25,credito_4x,2,4,30.86,0.035,2026-06-24,29.78
mercadinho,2026-04-25,credito_4x,3,4,30.86,0.035,2026-07-24,29.78
mercadinho,2026-04-25,credito_4x,4,4,30.86,0.035,2026-08-23,29.78
mercadinho,2026-04-26,pix,1,1,996.74,0.0,2026-04-26,996.74
mercadinho,2026-04-26,debito,1,1,798.39,0.012,2026-04-27,788.81
mercadinho,2026-04-26,credito_vista,1,1,508.23,0.025,2026-05-26,495.52
mercadinho,2026-04-26,credito_4x,1,4,16.69,0.035,2026-05-26,16.1
mercadinho,2026-04-26,credito_4x,2,4,16.69,0.035,2026-06-25,16.1
mercadinho,2026-04-26,credito_4x,3,4,16.69,0.035,2026-07-25,16.1
mercadinho,2026-04-26,credito_4x,4,4,16.69,0.035,2026-08-24,16.1
mercadinho,2026-04-27,pix,1,1,1738.52,0.0,2026-04-27,1738.52
mercadinho,2026-04-27,debito,1,1,1598.51,0.012,2026-04-28,1579.33
mercadinho,2026-04-27,credito_vista,1,1,810.92,0.025,2026-05-27,790.65
mercadinho,2026-04-27,credito_4x,1,4,69.7,0.035,2026-05-27,67.26
mercadinho,2026-04-27,credito_4x,2,4,69.7,0.035,2026-06-26,67.26
mercadinho,2026-04-27,credito_4x,3,4,69.7,0.035,2026-07-26,67.26
mercadinho,2026-04-27,credito_4x,4,4,69.7,0.035,2026-08-25,67.26
mercadinho,2026-04-28,pix,1,1,1545.59,0.0,2026-04-28,1545.59
mercadinho,2026-04-28,debito,1,1,1256.18,0.012,2026-04-29,1241.1
mercadinho,2026-04-28,credito_vista,1,1,508.67,0.025,2026-05-28,495.95
mercadinho,2026-04-28,credito_4x,1,4,27.83,0.035,2026-05-28,26.86
mercadinho,2026-04-28,credito_4x,2,4,27.83,0.035,2026-06-27,26.86
mercadinho,2026-04-28,credito_4x,3,4,27.83,0.035,2026-07-27,26.86
mercadinho,2026-04-28,credito_4x,4,4,27.83,0.035,2026-08-26,26.86
mercadinho,2026-04-29,pix,1,1,1423.01,0.0,2026-04-29,1423.01
mercadinho,2026-04-29,debito,1,1,1055.63,0.012,2026-04-30,1042.96
mercadinho,2026-04-29,credito_vista,1,1,751.17,0.025,2026-05-29,732.39
mercadinho,2026-04-29,credito_4x,1,4,38.29,0.035,2026-05-29,36.95
mercadinho,2026-04-29,credito_4x,2,4,38.29,0.035,2026-06-28,36.95
mercadinho,2026-04-29,credito_4x,3,4,38.29,0.035,2026-07-28,36.95
mercadinho,2026-04-29,credito_4x,4,4,38.29,0.035,2026-08-27,36.95
mercadinho,2026-04-30,pix,1,1,1522.9,0.0,2026-04-30,1522.9
mercadinho,2026-04-30,debito,1,1,1280.4,0.012,2026-05-01,1265.03
mercadinho,2026-04-30,credito_vista,1,1,769.05,0.025,2026-05-30,749.82
mercadinho,2026-04-30,credito_4x,1,4,69.32,0.035,2026-05-30,66.9
mercadinho,2026-04-30,credito_4x,2,4,69.32,0.035,2026-06-29,66.9
mercadinho,2026-04-30,credito_4x,3,4,69.32,0.035,2026-07-29,66.9
mercadinho,2026-04-30,credito_4x,4,4,69.32,0.035,2026-08-28,66.9
mercadinho,2026-05-01,pix,1,1,2963.37,0.0,2026-05-01,2963.37
mercadinho,2026-05-01,debito,1,1,2351.04,0.012,2026-05-02,2322.83
mercadinho,2026-05-01,credito_vista,1,1,1521.74,0.025,2026-05-31,1483.7
mercadinho,2026-05-01,credito_4x,1,4,98.44,0.035,2026-05-31,94.99
mercadinho,2026-05-01,credito_4x,2,4,98.44,0.035,2026-06-30,94.99
mercadinho,2026-05-01,credito_4x,3,4,98.44,0.035,2026-07-30,94.99
mercadinho,2026-05-01,credito_4x,4,4,98.44,0.035,2026-08-29,94.99
mercadinho,2026-05-02,pix,1,1,3023.98,0.0,2026-05-02,3023.98
mercadinho,2026-05-02,debito,1,1,2622.37,0.012,2026-05-03,2590.91
mercadinho,2026-05-02,credito_vista,1,1,1540.31,0.025,2026-06-01,1501.81
mercadinho,2026-05-02,credito_4x,1,4,82.35,0.035,2026-06-01,79.47
mercadinho,2026-05-02,credito_4x,2,4,82.35,0.035,2026-07-01,79.47
mercadinho,2026-05-02,credito_4x,3,4,82.35,0.035,2026-07-31,79.47
mercadinho,2026-05-02,credito_4x,4,4,82.35,0.035,2026-08-30,79.47
mercadinho,2026-05-03,pix,1,1,1620.98,0.0,2026-05-03,1620.98
mercadinho,2026-05-03,debito,1,1,1536.18,0.012,2026-05-04,1517.75
mercadinho,2026-05-03,credito_vista,1,1,827.23,0.025,2026-06-02,806.55
mercadinho,2026-05-03,credito_4x,1,4,37.24,0.035,2026-06-02,35.94
mercadinho,2026-05-03,credito_4x,2,4,37.24,0.035,2026-07-02,35.94
mercadinho,2026-05-03,credito_4x,3,4,37.24,0.035,2026-08-01,35.94
mercadinho,2026-05-03,credito_4x,4,4,37.24,0.035,2026-08-31,35.94
mercadinho,2026-05-04,pix,1,1,2844.3,0.0,2026-05-04,2844.3
mercadinho,2026-05-04,debito,1,1,1800.01,0.012,2026-05-05,1778.41
mercadinho,2026-05-04,credito_vista,1,1,1362.96,0.025,2026-06-03,1328.89
mercadinho,2026-05-04,credito_4x,1,4,46.39,0.035,2026-06-03,44.77
mercadinho,2026-05-04,credito_4x,2,4,46.39,0.035,2026-07-03,44.77
mercadinho,2026-05-04,credito_4x,3,4,46.39,0.035,2026-08-02,44.77
mercadinho,2026-05-04,credito_4x,4,4,46.39,0.035,2026-09-01,44.77
mercadinho,2026-05-05,pix,1,1,2733.23,0.0,2026-05-05,2733.23
mercadinho,2026-05-05,debito,1,1,1688.88,0.012,2026-05-06,1668.62
mercadinho,2026-05-05,credito_vista,1,1,1280.25,0.025,2026-06-04,1248.24
mercadinho,2026-05-05,credito_4x,1,4,43.24,0.035,2026-06-04,41.72
mercadinho,2026-05-05,credito_4x,2,4,43.24,0.035,2026-07-04,41.72
mercadinho,2026-05-05,credito_4x,3,4,43.24,0.035,2026-08-03,41.72
mercadinho,2026-05-05,credito_4x,4,4,43.24,0.035,2026-09-02,41.72
mercadinho,2026-05-06,pix,1,1,2583.89,0.0,2026-05-06,2583.89
mercadinho,2026-05-06,debito,1,1,1570.67,0.012,2026-05-07,1551.82
mercadinho,2026-05-06,credito_vista,1,1,1089.78,0.025,2026-06-05,1062.54
mercadinho,2026-05-06,credito_4x,1,4,64.82,0.035,2026-06-05,62.55
mercadinho,2026-05-06,credito_4x,2,4,64.82,0.035,2026-07-05,62.55
mercadinho,2026-05-06,credito_4x,3,4,64.82,0.035,2026-08-04,62.55
mercadinho,2026-05-06,credito_4x,4,4,64.82,0.035,2026-09-03,62.55
mercadinho,2026-05-07,pix,1,1,3088.36,0.0,2026-05-07,3088.36
mercadinho,2026-05-07,debito,1,1,2503.94,0.012,2026-05-08,2473.89
mercadinho,2026-05-07,credito_vista,1,1,1185.47,0.025,2026-06-06,1155.84
mercadinho,2026-05-07,credito_4x,1,4,43.92,0.035,2026-06-06,42.38
mercadinho,2026-05-07,credito_4x,2,4,43.92,0.035,2026-07-06,42.38
mercadinho,2026-05-07,credito_4x,3,4,43.92,0.035,2026-08-05,42.38
mercadinho,2026-05-07,credito_4x,4,4,43.92,0.035,2026-09-04,42.38
mercadinho,2026-05-08,pix,1,1,3702.67,0.0,2026-05-08,3702.67
mercadinho,2026-05-08,debito,1,1,2952.26,0.012,2026-05-09,2916.83
mercadinho,2026-05-08,credito_vista,1,1,1475.51,0.025,2026-06-07,1438.62
mercadinho,2026-05-08,credito_4x,1,4,57.5,0.035,2026-06-07,55.48
mercadinho,2026-05-08,credito_4x,2,4,57.5,0.035,2026-07-07,55.48
mercadinho,2026-05-08,credito_4x,3,4,57.5,0.035,2026-08-06,55.48
mercadinho,2026-05-08,credito_4x,4,4,57.5,0.035,2026-09-05,55.48
mercadinho,2026-05-09,pix,1,1,3312.26,0.0,2026-05-09,3312.26
mercadinho,2026-05-09,debito,1,1,2596.36,0.012,2026-05-10,2565.2
mercadinho,2026-05-09,credito_vista,1,1,2051.12,0.025,2026-06-08,1999.84
mercadinho,2026-05-09,credito_4x,1,4,113.76,0.035,2026-06-08,109.78
mercadinho,2026-05-09,credito_4x,2,4,113.76,0.035,2026-07-08,109.78
mercadinho,2026-05-09,credito_4x,3,4,113.76,0.035,2026-08-07,109.78
mercadinho,2026-05-09,credito_4x,4,4,113.76,0.035,2026-09-06,109.78
mercadinho,2026-05-10,pix,1,1,1389.88,0.0,2026-05-10,1389.88
mercadinho,2026-05-10,debito,1,1,1212.88,0.012,2026-05-11,1198.32
mercadinho,2026-05-10,credito_vista,1,1,555.19,0.025,2026-06-09,541.31
mercadinho,2026-05-10,credito_4x,1,4,24.83,0.035,2026-06-09,23.96
mercadinho,2026-05-10,credito_4x,2,4,24.83,0.035,2026-07-09,23.96
mercadinho,2026-05-10,credito_4x,3,4,24.83,0.035,2026-08-08,23.96
mercadinho,2026-05-10,credito_4x,4,4,24.83,0.035,2026-09-07,23.96
mercadinho,2026-05-11,pix,1,1,2202.32,0.0,2026-05-11,2202.32
mercadinho,2026-05-11,debito,1,1,1599.64,0.012,2026-05-12,1580.44
mercadinho,2026-05-11,credito_vista,1,1,945.48,0.025,2026-06-10,921.85
mercadinho,2026-05-11,credito_4x,1,4,30.82,0.035,2026-06-10,29.75
mercadinho,2026-05-11,credito_4x,2,4,30.82,0.035,2026-07-10,29.75
mercadinho,2026-05-11,credito_4x,3,4,30.82,0.035,2026-08-09,29.75
mercadinho,2026-05-11,credito_4x,4,4,30.82,0.035,2026-09-08,29.75
mercadinho,2026-05-12,pix,1,1,2141.16,0.0,2026-05-12,2141.16
mercadinho,2026-05-12,debito,1,1,1654.43,0.012,2026-05-13,1634.58
mercadinho,2026-05-12,credito_vista,1,1,877.52,0.025,2026-06-11,855.59
mercadinho,2026-05-12,credito_4x,1,4,37.31,0.035,2026-06-11,36.01
mercadinho,2026-05-12,credito_4x,2,4,37.31,0.035,2026-07-11,36.01
mercadinho,2026-05-12,credito_4x,3,4,37.31,0.035,2026-08-10,36.01
mercadinho,2026-05-12,credito_4x,4,4,37.31,0.035,2026-09-09,36.01
mercadinho,2026-05-13,pix,1,1,2179.63,0.0,2026-05-13,2179.63
mercadinho,2026-05-13,debito,1,1,1456.48,0.012,2026-05-14,1439.0
mercadinho,2026-05-13,credito_vista,1,1,745.51,0.025,2026-06-12,726.87
mercadinho,2026-05-13,credito_4x,1,4,65.89,0.035,2026-06-12,63.59
mercadinho,2026-05-13,credito_4x,2,4,65.89,0.035,2026-07-12,63.59
mercadinho,2026-05-13,credito_4x,3,4,65.89,0.035,2026-08-11,63.59
mercadinho,2026-05-13,credito_4x,4,4,65.89,0.035,2026-09-10,63.59
mercadinho,2026-05-14,pix,1,1,2112.22,0.0,2026-05-14,2112.22
mercadinho,2026-05-14,debito,1,1,1399.32,0.012,2026-05-15,1382.53
mercadinho,2026-05-14,credito_vista,1,1,1171.87,0.025,2026-06-13,1142.58
mercadinho,2026-05-14,credito_4x,1,4,41.19,0.035,2026-06-13,39.75
mercadinho,2026-05-14,credito_4x,2,4,41.19,0.035,2026-07-13,39.75
mercadinho,2026-05-14,credito_4x,3,4,41.19,0.035,2026-08-12,39.75
mercadinho,2026-05-14,credito_4x,4,4,41.19,0.035,2026-09-11,39.75
mercadinho,2026-05-15,pix,1,1,2548.17,0.0,2026-05-15,2548.17
mercadinho,2026-05-15,debito,1,1,2316.68,0.012,2026-05-16,2288.88
mercadinho,2026-05-15,credito_vista,1,1,1070.22,0.025,2026-06-14,1043.46
mercadinho,2026-05-15,credito_4x,1,4,45.59,0.035,2026-06-14,43.99
mercadinho,2026-05-15,credito_4x,2,4,45.59,0.035,2026-07-14,43.99
mercadinho,2026-05-15,credito_4x,3,4,45.59,0.035,2026-08-13,43.99
mercadinho,2026-05-15,credito_4x,4,4,45.59,0.035,2026-09-12,43.99
mercadinho,2026-05-16,pix,1,1,3032.96,0.0,2026-05-16,3032.96
mercadinho,2026-05-16,debito,1,1,2411.85,0.012,2026-05-17,2382.9
mercadinho,2026-05-16,credito_vista,1,1,1584.97,0.025,2026-06-15,1545.35
mercadinho,2026-05-16,credito_4x,1,4,45.9,0.035,2026-06-15,44.3
mercadinho,2026-05-16,credito_4x,2,4,45.9,0.035,2026-07-15,44.3
mercadinho,2026-05-16,credito_4x,3,4,45.9,0.035,2026-08-14,44.3
mercadinho,2026-05-16,credito_4x,4,4,45.9,0.035,2026-09-13,44.3
mercadinho,2026-05-17,pix,1,1,1417.92,0.0,2026-05-17,1417.92
mercadinho,2026-05-17,debito,1,1,801.47,0.012,2026-05-18,791.85
mercadinho,2026-05-17,credito_vista,1,1,529.27,0.025,2026-06-16,516.04
mercadinho,2026-05-17,credito_4x,1,4,27.66,0.035,2026-06-16,26.69
mercadinho,2026-05-17,credito_4x,2,4,27.66,0.035,2026-07-16,26.69
mercadinho,2026-05-17,credito_4x,3,4,27.66,0.035,2026-08-15,26.69
mercadinho,2026-05-17,credito_4x,4,4,27.66,0.035,2026-09-14,26.69
mercadinho,2026-05-18,pix,1,1,2237.69,0.0,2026-05-18,2237.69
mercadinho,2026-05-18,debito,1,1,1645.21,0.012,2026-05-19,1625.47
mercadinho,2026-05-18,credito_vista,1,1,1100.89,0.025,2026-06-17,1073.37
mercadinho,2026-05-18,credito_4x,1,4,65.8,0.035,2026-06-17,63.49
mercadinho,2026-05-18,credito_4x,2,4,65.8,0.035,2026-07-17,63.49
mercadinho,2026-05-18,credito_4x,3,4,65.8,0.035,2026-08-16,63.49
mercadinho,2026-05-18,credito_4x,4,4,65.8,0.035,2026-09-15,63.49
mercadinho,2026-05-19,pix,1,1,1684.23,0.0,2026-05-19,1684.23
mercadinho,2026-05-19,debito,1,1,1268.72,0.012,2026-05-20,1253.5
mercadinho,2026-05-19,credito_vista,1,1,926.21,0.025,2026-06-18,903.05
mercadinho,2026-05-19,credito_4x,1,4,53.05,0.035,2026-06-18,51.2
mercadinho,2026-05-19,credito_4x,2,4,53.05,0.035,2026-07-18,51.2
mercadinho,2026-05-19,credito_4x,3,4,53.05,0.035,2026-08-17,51.2
mercadinho,2026-05-19,credito_4x,4,4,53.05,0.035,2026-09-16,51.2
mercadinho,2026-05-20,pix,1,1,2254.3,0.0,2026-05-20,2254.3
mercadinho,2026-05-20,debito,1,1,1936.68,0.012,2026-05-21,1913.44
mercadinho,2026-05-20,credito_vista,1,1,1244.44,0.025,2026-06-19,1213.33
mercadinho,2026-05-20,credito_4x,1,4,64.7,0.035,2026-06-19,62.44
mercadinho,2026-05-20,credito_4x,2,4,64.7,0.035,2026-07-19,62.44
mercadinho,2026-05-20,credito_4x,3,4,64.7,0.035,2026-08-18,62.44
mercadinho,2026-05-20,credito_4x,4,4,64.7,0.035,2026-09-17,62.44
mercadinho,2026-05-21,pix,1,1,1921.01,0.0,2026-05-21,1921.01
mercadinho,2026-05-21,debito,1,1,1608.24,0.012,2026-05-22,1588.95
mercadinho,2026-05-21,credito_vista,1,1,934.99,0.025,2026-06-20,911.62
mercadinho,2026-05-21,credito_4x,1,4,42.78,0.035,2026-06-20,41.28
mercadinho,2026-05-21,credito_4x,2,4,42.78,0.035,2026-07-20,41.28
mercadinho,2026-05-21,credito_4x,3,4,42.78,0.035,2026-08-19,41.28
mercadinho,2026-05-21,credito_4x,4,4,42.78,0.035,2026-09-18,41.28
mercadinho,2026-05-22,pix,1,1,2461.88,0.0,2026-05-22,2461.88
mercadinho,2026-05-22,debito,1,1,2008.85,0.012,2026-05-23,1984.74
mercadinho,2026-05-22,credito_vista,1,1,1392.4,0.025,2026-06-21,1357.59
mercadinho,2026-05-22,credito_4x,1,4,54.21,0.035,2026-06-21,52.31
mercadinho,2026-05-22,credito_4x,2,4,54.21,0.035,2026-07-21,52.31
mercadinho,2026-05-22,credito_4x,3,4,54.21,0.035,2026-08-20,52.31
mercadinho,2026-05-22,credito_4x,4,4,54.21,0.035,2026-09-19,52.31
mercadinho,2026-05-23,pix,1,1,3240.82,0.0,2026-05-23,3240.82
mercadinho,2026-05-23,debito,1,1,2211.38,0.012,2026-05-24,2184.84
mercadinho,2026-05-23,credito_vista,1,1,1326.17,0.025,2026-06-22,1293.02
mercadinho,2026-05-23,credito_4x,1,4,66.89,0.035,2026-06-22,64.55
mercadinho,2026-05-23,credito_4x,2,4,66.89,0.035,2026-07-22,64.55
mercadinho,2026-05-23,credito_4x,3,4,66.89,0.035,2026-08-21,64.55
mercadinho,2026-05-23,credito_4x,4,4,66.89,0.035,2026-09-20,64.55
mercadinho,2026-05-24,pix,1,1,1068.32,0.0,2026-05-24,1068.32
mercadinho,2026-05-24,debito,1,1,970.96,0.012,2026-05-25,959.3
mercadinho,2026-05-24,credito_vista,1,1,571.45,0.025,2026-06-23,557.17
mercadinho,2026-05-24,credito_4x,1,4,31.84,0.035,2026-06-23,30.73
mercadinho,2026-05-24,credito_4x,2,4,31.84,0.035,2026-07-23,30.73
mercadinho,2026-05-24,credito_4x,3,4,31.84,0.035,2026-08-22,30.73
mercadinho,2026-05-24,credito_4x,4,4,31.84,0.035,2026-09-21,30.73
mercadinho,2026-05-25,pix,1,1,1567.63,0.0,2026-05-25,1567.63
mercadinho,2026-05-25,debito,1,1,1330.31,0.012,2026-05-26,1314.34
mercadinho,2026-05-25,credito_vista,1,1,765.72,0.025,2026-06-24,746.57
mercadinho,2026-05-25,credito_4x,1,4,33.45,0.035,2026-06-24,32.28
mercadinho,2026-05-25,credito_4x,2,4,33.45,0.035,2026-07-24,32.28
mercadinho,2026-05-25,credito_4x,3,4,33.45,0.035,2026-08-23,32.28
mercadinho,2026-05-25,credito_4x,4,4,33.45,0.035,2026-09-22,32.28
mercadinho,2026-05-26,pix,1,1,1349.59,0.0,2026-05-26,1349.59
mercadinho,2026-05-26,debito,1,1,1168.89,0.012,2026-05-27,1154.86
mercadinho,2026-05-26,credito_vista,1,1,803.39,0.025,2026-06-25,783.31
mercadinho,2026-05-26,credito_4x,1,4,26.7,0.035,2026-06-25,25.76
mercadinho,2026-05-26,credito_4x,2,4,26.7,0.035,2026-07-25,25.76
mercadinho,2026-05-26,credito_4x,3,4,26.7,0.035,2026-08-24,25.76
mercadinho,2026-05-26,credito_4x,4,4,26.7,0.035,2026-09-23,25.76
mercadinho,2026-05-27,pix,1,1,1403.13,0.0,2026-05-27,1403.13
mercadinho,2026-05-27,debito,1,1,962.31,0.012,2026-05-28,950.76
mercadinho,2026-05-27,credito_vista,1,1,627.86,0.025,2026-06-26,612.16
mercadinho,2026-05-27,credito_4x,1,4,30.14,0.035,2026-06-26,29.09
mercadinho,2026-05-27,credito_4x,2,4,30.14,0.035,2026-07-26,29.09
mercadinho,2026-05-27,credito_4x,3,4,30.14,0.035,2026-08-25,29.09
mercadinho,2026-05-27,credito_4x,4,4,30.14,0.035,2026-09-24,29.09
mercadinho,2026-05-28,pix,1,1,1731.43,0.0,2026-05-28,1731.43
mercadinho,2026-05-28,debito,1,1,1213.71,0.012,2026-05-29,1199.14
mercadinho,2026-05-28,credito_vista,1,1,730.71,0.025,2026-06-27,712.45
mercadinho,2026-05-28,credito_4x,1,4,21.63,0.035,2026-06-27,20.87
mercadinho,2026-05-28,credito_4x,2,4,21.63,0.035,2026-07-27,20.87
mercadinho,2026-05-28,credito_4x,3,4,21.63,0.035,2026-08-26,20.87
mercadinho,2026-05-28,credito_4x,4,4,21.63,0.035,2026-09-25,20.87
mercadinho,2026-05-29,pix,1,1,1519.98,0.0,2026-05-29,1519.98
mercadinho,2026-05-29,debito,1,1,1337.37,0.012,2026-05-30,1321.32
mercadinho,2026-05-29,credito_vista,1,1,713.78,0.025,2026-06-28,695.94
mercadinho,2026-05-29,credito_4x,1,4,46.95,0.035,2026-06-28,45.31
mercadinho,2026-05-29,credito_4x,2,4,46.95,0.035,2026-07-28,45.31
mercadinho,2026-05-29,credito_4x,3,4,46.95,0.035,2026-08-27,45.31
mercadinho,2026-05-29,credito_4x,4,4,46.95,0.035,2026-09-26,45.31
mercadinho,2026-05-30,pix,1,1,2514.43,0.0,2026-05-30,2514.43
mercadinho,2026-05-30,debito,1,1,1959.65,0.012,2026-05-31,1936.14
mercadinho,2026-05-30,credito_vista,1,1,1149.48,0.025,2026-06-29,1120.75
mercadinho,2026-05-30,credito_4x,1,4,74.02,0.035,2026-06-29,71.43
mercadinho,2026-05-30,credito_4x,2,4,74.02,0.035,2026-07-29,71.43
mercadinho,2026-05-30,credito_4x,3,4,74.02,0.035,2026-08-28,71.43
mercadinho,2026-05-30,credito_4x,4,4,74.02,0.035,2026-09-27,71.43
mercadinho,2026-05-31,pix,1,1,969.28,0.0,2026-05-31,969.28
mercadinho,2026-05-31,debito,1,1,829.96,0.012,2026-06-01,820.0
mercadinho,2026-05-31,credito_vista,1,1,428.88,0.025,2026-06-30,418.15
mercadinho,2026-05-31,credito_4x,1,4,24.89,0.035,2026-06-30,24.02
mercadinho,2026-05-31,credito_4x,2,4,24.89,0.035,2026-07-30,24.02
mercadinho,2026-05-31,credito_4x,3,4,24.89,0.035,2026-08-29,24.02
mercadinho,2026-05-31,credito_4x,4,4,24.89,0.035,2026-09-28,24.02
mercadinho,2026-06-01,pix,1,1,2752.43,0.0,2026-06-01,2752.43
mercadinho,2026-06-01,debito,1,1,2244.87,0.012,2026-06-02,2217.93
mercadinho,2026-06-01,credito_vista,1,1,1331.73,0.025,2026-07-01,1298.44
mercadinho,2026-06-01,credito_4x,1,4,106.82,0.035,2026-07-01,103.08
mercadinho,2026-06-01,credito_4x,2,4,106.82,0.035,2026-07-31,103.08
mercadinho,2026-06-01,credito_4x,3,4,106.82,0.035,2026-08-30,103.08
mercadinho,2026-06-01,credito_4x,4,4,106.82,0.035,2026-09-29,103.08
mercadinho,2026-06-02,pix,1,1,2014.53,0.0,2026-06-02,2014.53
mercadinho,2026-06-02,debito,1,1,1822.7,0.012,2026-06-03,1800.83
mercadinho,2026-06-02,credito_vista,1,1,748.24,0.025,2026-07-02,729.53
mercadinho,2026-06-02,credito_4x,1,4,39.46,0.035,2026-07-02,38.08
mercadinho,2026-06-02,credito_4x,2,4,39.46,0.035,2026-08-01,38.08
mercadinho,2026-06-02,credito_4x,3,4,39.46,0.035,2026-08-31,38.08
mercadinho,2026-06-02,credito_4x,4,4,39.46,0.035,2026-09-30,38.08
mercadinho,2026-06-03,pix,1,1,2170.42,0.0,2026-06-03,2170.42
mercadinho,2026-06-03,debito,1,1,1776.5,0.012,2026-06-04,1755.18
mercadinho,2026-06-03,credito_vista,1,1,1155.51,0.025,2026-07-03,1126.62
mercadinho,2026-06-03,credito_4x,1,4,44.44,0.035,2026-07-03,42.88
mercadinho,2026-06-03,credito_4x,2,4,44.44,0.035,2026-08-02,42.88
mercadinho,2026-06-03,credito_4x,3,4,44.44,0.035,2026-09-01,42.88
mercadinho,2026-06-03,credito_4x,4,4,44.44,0.035,2026-10-01,42.88
mercadinho,2026-06-04,pix,1,1,2663.09,0.0,2026-06-04,2663.09
mercadinho,2026-06-04,debito,1,1,2185.37,0.012,2026-06-05,2159.15
mercadinho,2026-06-04,credito_vista,1,1,1656.33,0.025,2026-07-04,1614.92
mercadinho,2026-06-04,credito_4x,1,4,90.92,0.035,2026-07-04,87.73
mercadinho,2026-06-04,credito_4x,2,4,90.92,0.035,2026-08-03,87.73
mercadinho,2026-06-04,credito_4x,3,4,90.92,0.035,2026-09-02,87.73
mercadinho,2026-06-04,credito_4x,4,4,90.92,0.035,2026-10-02,87.73
mercadinho,2026-06-05,pix,1,1,4226.44,0.0,2026-06-05,4226.44
mercadinho,2026-06-05,debito,1,1,4190.49,0.012,2026-06-06,4140.2
mercadinho,2026-06-05,credito_vista,1,1,1980.33,0.025,2026-07-05,1930.82
mercadinho,2026-06-05,credito_4x,1,4,64.95,0.035,2026-07-05,62.68
mercadinho,2026-06-05,credito_4x,2,4,64.95,0.035,2026-08-04,62.68
mercadinho,2026-06-05,credito_4x,3,4,64.95,0.035,2026-09-03,62.68
mercadinho,2026-06-05,credito_4x,4,4,64.95,0.035,2026-10-03,62.68
mercadinho,2026-06-06,pix,1,1,3860.99,0.0,2026-06-06,3860.99
mercadinho,2026-06-06,debito,1,1,3410.04,0.012,2026-06-07,3369.12
mercadinho,2026-06-06,credito_vista,1,1,1714.52,0.025,2026-07-06,1671.65
mercadinho,2026-06-06,credito_4x,1,4,111.81,0.035,2026-07-06,107.9
mercadinho,2026-06-06,credito_4x,2,4,111.81,0.035,2026-08-05,107.9
mercadinho,2026-06-06,credito_4x,3,4,111.81,0.035,2026-09-04,107.9
mercadinho,2026-06-06,credito_4x,4,4,111.81,0.035,2026-10-04,107.9
mercadinho,2026-06-07,pix,1,1,1648.63,0.0,2026-06-07,1648.63
mercadinho,2026-06-07,debito,1,1,1458.13,0.012,2026-06-08,1440.63
mercadinho,2026-06-07,credito_vista,1,1,716.28,0.025,2026-07-07,698.37
mercadinho,2026-06-07,credito_4x,1,4,39.65,0.035,2026-07-07,38.26
mercadinho,2026-06-07,credito_4x,2,4,39.65,0.035,2026-08-06,38.26
mercadinho,2026-06-07,credito_4x,3,4,39.65,0.035,2026-09-05,38.26
mercadinho,2026-06-07,credito_4x,4,4,39.65,0.035,2026-10-05,38.26
mercadinho,2026-06-08,pix,1,1,2551.16,0.0,2026-06-08,2551.16
mercadinho,2026-06-08,debito,1,1,2176.24,0.012,2026-06-09,2150.13
mercadinho,2026-06-08,credito_vista,1,1,1690.51,0.025,2026-07-08,1648.25
mercadinho,2026-06-08,credito_4x,1,4,55.0,0.035,2026-07-08,53.07
mercadinho,2026-06-08,credito_4x,2,4,55.0,0.035,2026-08-07,53.07
mercadinho,2026-06-08,credito_4x,3,4,55.0,0.035,2026-09-06,53.07
mercadinho,2026-06-08,credito_4x,4,4,55.0,0.035,2026-10-06,53.07
mercadinho,2026-06-09,pix,1,1,2038.27,0.0,2026-06-09,2038.27
mercadinho,2026-06-09,debito,1,1,1866.91,0.012,2026-06-10,1844.51
mercadinho,2026-06-09,credito_vista,1,1,1097.87,0.025,2026-07-09,1070.42
mercadinho,2026-06-09,credito_4x,1,4,53.54,0.035,2026-07-09,51.67
mercadinho,2026-06-09,credito_4x,2,4,53.54,0.035,2026-08-08,51.67
mercadinho,2026-06-09,credito_4x,3,4,53.54,0.035,2026-09-07,51.67
mercadinho,2026-06-09,credito_4x,4,4,53.54,0.035,2026-10-07,51.67
mercadinho,2026-06-10,pix,1,1,2713.16,0.0,2026-06-10,2713.16
mercadinho,2026-06-10,debito,1,1,1984.06,0.012,2026-06-11,1960.26
mercadinho,2026-06-10,credito_vista,1,1,1331.23,0.025,2026-07-10,1297.95
mercadinho,2026-06-10,credito_4x,1,4,58.16,0.035,2026-07-10,56.12
mercadinho,2026-06-10,credito_4x,2,4,58.16,0.035,2026-08-09,56.12
mercadinho,2026-06-10,credito_4x,3,4,58.16,0.035,2026-09-08,56.12
mercadinho,2026-06-10,credito_4x,4,4,58.16,0.035,2026-10-08,56.12
mercadinho,2026-06-11,pix,1,1,1564.23,0.0,2026-06-11,1564.23
mercadinho,2026-06-11,debito,1,1,1550.76,0.012,2026-06-12,1532.15
mercadinho,2026-06-11,credito_vista,1,1,855.55,0.025,2026-07-11,834.16
mercadinho,2026-06-11,credito_4x,1,4,48.08,0.035,2026-07-11,46.4
mercadinho,2026-06-11,credito_4x,2,4,48.08,0.035,2026-08-10,46.4
mercadinho,2026-06-11,credito_4x,3,4,48.08,0.035,2026-09-09,46.4
mercadinho,2026-06-11,credito_4x,4,4,48.08,0.035,2026-10-09,46.4
mercadinho,2026-06-12,pix,1,1,1854.62,0.0,2026-06-12,1854.62
mercadinho,2026-06-12,debito,1,1,1832.86,0.012,2026-06-13,1810.86
mercadinho,2026-06-12,credito_vista,1,1,1321.63,0.025,2026-07-12,1288.59
mercadinho,2026-06-12,credito_4x,1,4,31.27,0.035,2026-07-12,30.18
mercadinho,2026-06-12,credito_4x,2,4,31.27,0.035,2026-08-11,30.18
mercadinho,2026-06-12,credito_4x,3,4,31.27,0.035,2026-09-10,30.18
mercadinho,2026-06-12,credito_4x,4,4,31.27,0.035,2026-10-10,30.18
mercadinho,2026-06-13,pix,1,1,2493.97,0.0,2026-06-13,2493.97
mercadinho,2026-06-13,debito,1,1,1869.18,0.012,2026-06-14,1846.75
mercadinho,2026-06-13,credito_vista,1,1,1071.87,0.025,2026-07-13,1045.07
mercadinho,2026-06-13,credito_4x,1,4,67.01,0.035,2026-07-13,64.66
mercadinho,2026-06-13,credito_4x,2,4,67.01,0.035,2026-08-12,64.66
mercadinho,2026-06-13,credito_4x,3,4,67.01,0.035,2026-09-11,64.66
mercadinho,2026-06-13,credito_4x,4,4,67.01,0.035,2026-10-11,64.66
mercadinho,2026-06-14,pix,1,1,1301.11,0.0,2026-06-14,1301.11
mercadinho,2026-06-14,debito,1,1,1118.03,0.012,2026-06-15,1104.61
mercadinho,2026-06-14,credito_vista,1,1,489.24,0.025,2026-07-14,477.01
mercadinho,2026-06-14,credito_4x,1,4,40.62,0.035,2026-07-14,39.2
mercadinho,2026-06-14,credito_4x,2,4,40.62,0.035,2026-08-13,39.2
mercadinho,2026-06-14,credito_4x,3,4,40.62,0.035,2026-09-12,39.2
mercadinho,2026-06-14,credito_4x,4,4,40.62,0.035,2026-10-12,39.2
mercadinho,2026-06-15,pix,1,1,2226.72,0.0,2026-06-15,2226.72
mercadinho,2026-06-15,debito,1,1,1465.82,0.012,2026-06-16,1448.23
mercadinho,2026-06-15,credito_vista,1,1,962.18,0.025,2026-07-15,938.12
mercadinho,2026-06-15,credito_4x,1,4,52.04,0.035,2026-07-15,50.22
mercadinho,2026-06-15,credito_4x,2,4,52.04,0.035,2026-08-14,50.22
mercadinho,2026-06-15,credito_4x,3,4,52.04,0.035,2026-09-13,50.22
mercadinho,2026-06-15,credito_4x,4,4,52.04,0.035,2026-10-13,50.22
mercadinho,2026-06-16,pix,1,1,1825.06,0.0,2026-06-16,1825.06
mercadinho,2026-06-16,debito,1,1,1514.47,0.012,2026-06-17,1496.3
mercadinho,2026-06-16,credito_vista,1,1,831.58,0.025,2026-07-16,810.79
mercadinho,2026-06-16,credito_4x,1,4,73.45,0.035,2026-07-16,70.88
mercadinho,2026-06-16,credito_4x,2,4,73.45,0.035,2026-08-15,70.88
mercadinho,2026-06-16,credito_4x,3,4,73.45,0.035,2026-09-14,70.88
mercadinho,2026-06-16,credito_4x,4,4,73.45,0.035,2026-10-14,70.88
mercadinho,2026-06-17,pix,1,1,2117.29,0.0,2026-06-17,2117.29
mercadinho,2026-06-17,debito,1,1,1408.08,0.012,2026-06-18,1391.18
mercadinho,2026-06-17,credito_vista,1,1,776.67,0.025,2026-07-17,757.25
mercadinho,2026-06-17,credito_4x,1,4,26.66,0.035,2026-07-17,25.73
mercadinho,2026-06-17,credito_4x,2,4,26.66,0.035,2026-08-16,25.73
mercadinho,2026-06-17,credito_4x,3,4,26.66,0.035,2026-09-15,25.73
mercadinho,2026-06-17,credito_4x,4,4,26.66,0.035,2026-10-15,25.73
mercadinho,2026-06-18,pix,1,1,1882.44,0.0,2026-06-18,1882.44
mercadinho,2026-06-18,debito,1,1,1427.23,0.012,2026-06-19,1410.1
mercadinho,2026-06-18,credito_vista,1,1,697.05,0.025,2026-07-18,679.62
mercadinho,2026-06-18,credito_4x,1,4,28.35,0.035,2026-07-18,27.36
mercadinho,2026-06-18,credito_4x,2,4,28.35,0.035,2026-08-17,27.36
mercadinho,2026-06-18,credito_4x,3,4,28.35,0.035,2026-09-16,27.36
mercadinho,2026-06-18,credito_4x,4,4,28.35,0.035,2026-10-16,27.36
mercadinho,2026-06-19,pix,1,1,2219.95,0.0,2026-06-19,2219.95
mercadinho,2026-06-19,debito,1,1,1829.62,0.012,2026-06-20,1807.66
mercadinho,2026-06-19,credito_vista,1,1,1157.68,0.025,2026-07-19,1128.74
mercadinho,2026-06-19,credito_4x,1,4,50.24,0.035,2026-07-19,48.48
mercadinho,2026-06-19,credito_4x,2,4,50.24,0.035,2026-08-18,48.48
mercadinho,2026-06-19,credito_4x,3,4,50.24,0.035,2026-09-17,48.48
mercadinho,2026-06-19,credito_4x,4,4,50.24,0.035,2026-10-17,48.48
mercadinho,2026-06-20,pix,1,1,2661.35,0.0,2026-06-20,2661.35
mercadinho,2026-06-20,debito,1,1,1920.3,0.012,2026-06-21,1897.25
mercadinho,2026-06-20,credito_vista,1,1,1168.31,0.025,2026-07-20,1139.1
mercadinho,2026-06-20,credito_4x,1,4,83.27,0.035,2026-07-20,80.35
mercadinho,2026-06-20,credito_4x,2,4,83.27,0.035,2026-08-19,80.35
mercadinho,2026-06-20,credito_4x,3,4,83.27,0.035,2026-09-18,80.35
mercadinho,2026-06-20,credito_4x,4,4,83.27,0.035,2026-10-18,80.35
mercadinho,2026-06-21,pix,1,1,1099.91,0.0,2026-06-21,1099.91
mercadinho,2026-06-21,debito,1,1,827.66,0.012,2026-06-22,817.73
mercadinho,2026-06-21,credito_vista,1,1,355.83,0.025,2026-07-21,346.93
mercadinho,2026-06-21,credito_4x,1,4,25.7,0.035,2026-07-21,24.8
mercadinho,2026-06-21,credito_4x,2,4,25.7,0.035,2026-08-20,24.8
mercadinho,2026-06-21,credito_4x,3,4,25.7,0.035,2026-09-19,24.8
mercadinho,2026-06-21,credito_4x,4,4,25.7,0.035,2026-10-19,24.8
mercadinho,2026-06-22,pix,1,1,2108.46,0.0,2026-06-22,2108.46
mercadinho,2026-06-22,debito,1,1,1483.89,0.012,2026-06-23,1466.08
mercadinho,2026-06-22,credito_vista,1,1,701.84,0.025,2026-07-22,684.3
mercadinho,2026-06-22,credito_4x,1,4,78.55,0.035,2026-07-22,75.8
mercadinho,2026-06-22,credito_4x,2,4,78.55,0.035,2026-08-21,75.8
mercadinho,2026-06-22,credito_4x,3,4,78.55,0.035,2026-09-20,75.8
mercadinho,2026-06-22,credito_4x,4,4,78.55,0.035,2026-10-20,75.8
mercadinho,2026-06-23,pix,1,1,1482.72,0.0,2026-06-23,1482.72
mercadinho,2026-06-23,debito,1,1,1251.09,0.012,2026-06-24,1236.08
mercadinho,2026-06-23,credito_vista,1,1,1073.67,0.025,2026-07-23,1046.82
mercadinho,2026-06-23,credito_4x,1,4,26.05,0.035,2026-07-23,25.13
mercadinho,2026-06-23,credito_4x,2,4,26.05,0.035,2026-08-22,25.13
mercadinho,2026-06-23,credito_4x,3,4,26.05,0.035,2026-09-21,25.13
mercadinho,2026-06-23,credito_4x,4,4,26.05,0.035,2026-10-21,25.13
mercadinho,2026-06-24,pix,1,1,1737.3,0.0,2026-06-24,1737.3
mercadinho,2026-06-24,debito,1,1,1636.54,0.012,2026-06-25,1616.91
mercadinho,2026-06-24,credito_vista,1,1,1073.86,0.025,2026-07-24,1047.01
mercadinho,2026-06-24,credito_4x,1,4,46.57,0.035,2026-07-24,44.94
mercadinho,2026-06-24,credito_4x,2,4,46.57,0.035,2026-08-23,44.94
mercadinho,2026-06-24,credito_4x,3,4,46.57,0.035,2026-09-22,44.94
mercadinho,2026-06-24,credito_4x,4,4,46.57,0.035,2026-10-22,44.94
mercadinho,2026-06-25,pix,1,1,1768.25,0.0,2026-06-25,1768.25
mercadinho,2026-06-25,debito,1,1,1241.63,0.012,2026-06-26,1226.73
mercadinho,2026-06-25,credito_vista,1,1,519.87,0.025,2026-07-25,506.88
mercadinho,2026-06-25,credito_4x,1,4,50.59,0.035,2026-07-25,48.82
mercadinho,2026-06-25,credito_4x,2,4,50.59,0.035,2026-08-24,48.82
mercadinho,2026-06-25,credito_4x,3,4,50.59,0.035,2026-09-23,48.82
mercadinho,2026-06-25,credito_4x,4,4,50.59,0.035,2026-10-23,48.82
mercadinho,2026-06-26,pix,1,1,1623.79,0.0,2026-06-26,1623.79
mercadinho,2026-06-26,debito,1,1,1271.04,0.012,2026-06-27,1255.78
mercadinho,2026-06-26,credito_vista,1,1,727.53,0.025,2026-07-26,709.34
mercadinho,2026-06-26,credito_4x,1,4,45.77,0.035,2026-07-26,44.17
mercadinho,2026-06-26,credito_4x,2,4,45.77,0.035,2026-08-25,44.17
mercadinho,2026-06-26,credito_4x,3,4,45.77,0.035,2026-09-24,44.17
mercadinho,2026-06-26,credito_4x,4,4,45.77,0.035,2026-10-24,44.17
mercadinho,2026-06-27,pix,1,1,2071.17,0.0,2026-06-27,2071.17
mercadinho,2026-06-27,debito,1,1,1571.43,0.012,2026-06-28,1552.58
mercadinho,2026-06-27,credito_vista,1,1,977.06,0.025,2026-07-27,952.63
mercadinho,2026-06-27,credito_4x,1,4,31.25,0.035,2026-07-27,30.16
mercadinho,2026-06-27,credito_4x,2,4,31.25,0.035,2026-08-26,30.16
mercadinho,2026-06-27,credito_4x,3,4,31.25,0.035,2026-09-25,30.16
mercadinho,2026-06-27,credito_4x,4,4,31.25,0.035,2026-10-25,30.16
mercadinho,2026-06-28,pix,1,1,1098.74,0.0,2026-06-28,1098.74
mercadinho,2026-06-28,debito,1,1,811.96,0.012,2026-06-29,802.21
mercadinho,2026-06-28,credito_vista,1,1,457.47,0.025,2026-07-28,446.03
mercadinho,2026-06-28,credito_4x,1,4,28.38,0.035,2026-07-28,27.38
mercadinho,2026-06-28,credito_4x,2,4,28.38,0.035,2026-08-27,27.38
mercadinho,2026-06-28,credito_4x,3,4,28.38,0.035,2026-09-26,27.38
mercadinho,2026-06-28,credito_4x,4,4,28.38,0.035,2026-10-26,27.38
mercadinho,2026-06-29,pix,1,1,1418.73,0.0,2026-06-29,1418.73
mercadinho,2026-06-29,debito,1,1,1088.97,0.012,2026-06-30,1075.9
mercadinho,2026-06-29,credito_vista,1,1,645.47,0.025,2026-07-29,629.33
mercadinho,2026-06-29,credito_4x,1,4,36.7,0.035,2026-07-29,35.41
mercadinho,2026-06-29,credito_4x,2,4,36.7,0.035,2026-08-28,35.41
mercadinho,2026-06-29,credito_4x,3,4,36.7,0.035,2026-09-27,35.41
mercadinho,2026-06-29,credito_4x,4,4,36.7,0.035,2026-10-27,35.41
mercadinho,2026-06-30,pix,1,1,1544.8,0.0,2026-06-30,1544.8
mercadinho,2026-06-30,debito,1,1,1235.3,0.012,2026-07-01,1220.48
mercadinho,2026-06-30,credito_vista,1,1,592.13,0.025,2026-07-30,577.32
mercadinho,2026-06-30,credito_4x,1,4,18.83,0.035,2026-07-30,18.17
mercadinho,2026-06-30,credito_4x,2,4,18.83,0.035,2026-08-29,18.17
mercadinho,2026-06-30,credito_4x,3,4,18.83,0.035,2026-09-28,18.17
mercadinho,2026-06-30,credito_4x,4,4,18.83,0.035,2026-10-28,18.17
mercadinho,2026-07-01,pix,1,1,2224.52,0.0,2026-07-01,2224.52
mercadinho,2026-07-01,debito,1,1,2051.73,0.012,2026-07-02,2027.11
mercadinho,2026-07-01,credito_vista,1,1,952.13,0.025,2026-07-31,928.33
mercadinho,2026-07-01,credito_4x,1,4,98.15,0.035,2026-07-31,94.72
mercadinho,2026-07-01,credito_4x,2,4,98.15,0.035,2026-08-30,94.72
mercadinho,2026-07-01,credito_4x,3,4,98.15,0.035,2026-09-29,94.72
mercadinho,2026-07-01,credito_4x,4,4,98.15,0.035,2026-10-29,94.72
mercadinho,2026-07-02,pix,1,1,2635.67,0.0,2026-07-02,2635.67
mercadinho,2026-07-02,debito,1,1,1906.49,0.012,2026-07-03,1883.61
mercadinho,2026-07-02,credito_vista,1,1,1230.57,0.025,2026-08-01,1199.81
mercadinho,2026-07-02,credito_4x,1,4,32.69,0.035,2026-08-01,31.54
mercadinho,2026-07-02,credito_4x,2,4,32.69,0.035,2026-08-31,31.54
mercadinho,2026-07-02,credito_4x,3,4,32.69,0.035,2026-09-30,31.54
mercadinho,2026-07-02,credito_4x,4,4,32.69,0.035,2026-10-30,31.54
mercadinho,2026-07-03,pix,1,1,2772.98,0.0,2026-07-03,2772.98
mercadinho,2026-07-03,debito,1,1,2436.06,0.012,2026-07-04,2406.83
mercadinho,2026-07-03,credito_vista,1,1,1378.0,0.025,2026-08-02,1343.55
mercadinho,2026-07-03,credito_4x,1,4,63.45,0.035,2026-08-02,61.23
mercadinho,2026-07-03,credito_4x,2,4,63.45,0.035,2026-09-01,61.23
mercadinho,2026-07-03,credito_4x,3,4,63.45,0.035,2026-10-01,61.23
mercadinho,2026-07-03,credito_4x,4,4,63.45,0.035,2026-10-31,61.23
mercadinho,2026-07-04,pix,1,1,2920.34,0.0,2026-07-04,2920.34
mercadinho,2026-07-04,debito,1,1,2500.14,0.012,2026-07-05,2470.14
mercadinho,2026-07-04,credito_vista,1,1,1345.38,0.025,2026-08-03,1311.74
mercadinho,2026-07-04,credito_4x,1,4,86.66,0.035,2026-08-03,83.63
mercadinho,2026-07-04,credito_4x,2,4,86.66,0.035,2026-09-02,83.63
mercadinho,2026-07-04,credito_4x,3,4,86.66,0.035,2026-10-02,83.63
mercadinho,2026-07-04,credito_4x,4,4,86.66,0.035,2026-11-01,83.63
mercadinho,2026-07-05,pix,1,1,1237.45,0.0,2026-07-05,1237.45
mercadinho,2026-07-05,debito,1,1,1185.75,0.012,2026-07-06,1171.52
mercadinho,2026-07-05,credito_vista,1,1,626.01,0.025,2026-08-04,610.36
mercadinho,2026-07-05,credito_4x,1,4,38.48,0.035,2026-08-04,37.13
mercadinho,2026-07-05,credito_4x,2,4,38.48,0.035,2026-09-03,37.13
mercadinho,2026-07-05,credito_4x,3,4,38.48,0.035,2026-10-03,37.13
mercadinho,2026-07-05,credito_4x,4,4,38.48,0.035,2026-11-02,37.13
mercadinho,2026-07-06,pix,1,1,2151.04,0.0,2026-07-06,2151.04
mercadinho,2026-07-06,debito,1,1,1838.2,0.012,2026-07-07,1816.14
mercadinho,2026-07-06,credito_vista,1,1,1406.92,0.025,2026-08-05,1371.75
mercadinho,2026-07-06,credito_4x,1,4,52.7,0.035,2026-08-05,50.85
mercadinho,2026-07-06,credito_4x,2,4,52.7,0.035,2026-09-04,50.85
mercadinho,2026-07-06,credito_4x,3,4,52.7,0.035,2026-10-04,50.85
mercadinho,2026-07-06,credito_4x,4,4,52.7,0.035,2026-11-03,50.85
mercadinho,2026-07-07,pix,1,1,2071.12,0.0,2026-07-07,2071.12
mercadinho,2026-07-07,debito,1,1,1714.54,0.012,2026-07-08,1693.96
mercadinho,2026-07-07,credito_vista,1,1,974.52,0.025,2026-08-06,950.15
mercadinho,2026-07-07,credito_4x,1,4,54.96,0.035,2026-08-06,53.03
mercadinho,2026-07-07,credito_4x,2,4,54.96,0.035,2026-09-05,53.03
mercadinho,2026-07-07,credito_4x,3,4,54.96,0.035,2026-10-05,53.03
mercadinho,2026-07-07,credito_4x,4,4,54.96,0.035,2026-11-04,53.03
mercadinho,2026-07-08,pix,1,1,1881.87,0.0,2026-07-08,1881.87
mercadinho,2026-07-08,debito,1,1,1462.25,0.012,2026-07-09,1444.7
mercadinho,2026-07-08,credito_vista,1,1,809.9,0.025,2026-08-07,789.65
mercadinho,2026-07-08,credito_4x,1,4,50.98,0.035,2026-08-07,49.2
mercadinho,2026-07-08,credito_4x,2,4,50.98,0.035,2026-09-06,49.2
mercadinho,2026-07-08,credito_4x,3,4,50.98,0.035,2026-10-06,49.2
mercadinho,2026-07-08,credito_4x,4,4,50.98,0.035,2026-11-05,49.2
mercadinho,2026-07-09,pix,1,1,2572.4,0.0,2026-07-09,2572.4
mercadinho,2026-07-09,debito,1,1,2144.1,0.012,2026-07-10,2118.37
mercadinho,2026-07-09,credito_vista,1,1,1029.27,0.025,2026-08-08,1003.54
mercadinho,2026-07-09,credito_4x,1,4,47.12,0.035,2026-08-08,45.47
mercadinho,2026-07-09,credito_4x,2,4,47.12,0.035,2026-09-07,45.47
mercadinho,2026-07-09,credito_4x,3,4,47.12,0.035,2026-10-07,45.47
mercadinho,2026-07-09,credito_4x,4,4,47.12,0.035,2026-11-06,45.47
mercadinho,2026-07-10,pix,1,1,3201.43,0.0,2026-07-10,3201.43
mercadinho,2026-07-10,debito,1,1,2423.89,0.012,2026-07-11,2394.8
mercadinho,2026-07-10,credito_vista,1,1,1416.53,0.025,2026-08-09,1381.11
mercadinho,2026-07-10,credito_4x,1,4,62.7,0.035,2026-08-09,60.51
mercadinho,2026-07-10,credito_4x,2,4,62.7,0.035,2026-09-08,60.51
mercadinho,2026-07-10,credito_4x,3,4,62.7,0.035,2026-10-08,60.51
mercadinho,2026-07-10,credito_4x,4,4,62.7,0.035,2026-11-07,60.51
mercadinho,2026-07-11,pix,1,1,1911.08,0.0,2026-07-11,1911.08
mercadinho,2026-07-11,debito,1,1,1881.86,0.012,2026-07-12,1859.28
mercadinho,2026-07-11,credito_vista,1,1,1172.19,0.025,2026-08-10,1142.89
mercadinho,2026-07-11,credito_4x,1,4,48.21,0.035,2026-08-10,46.52
mercadinho,2026-07-11,credito_4x,2,4,48.21,0.035,2026-09-09,46.52
mercadinho,2026-07-11,credito_4x,3,4,48.21,0.035,2026-10-09,46.52
mercadinho,2026-07-11,credito_4x,4,4,48.21,0.035,2026-11-08,46.52
mercadinho,2026-07-12,pix,1,1,877.76,0.0,2026-07-12,877.76
mercadinho,2026-07-12,debito,1,1,833.65,0.012,2026-07-13,823.65
mercadinho,2026-07-12,credito_vista,1,1,602.33,0.025,2026-08-11,587.27
mercadinho,2026-07-12,credito_4x,1,4,19.38,0.035,2026-08-11,18.7
mercadinho,2026-07-12,credito_4x,2,4,19.38,0.035,2026-09-10,18.7
mercadinho,2026-07-12,credito_4x,3,4,19.38,0.035,2026-10-10,18.7
mercadinho,2026-07-12,credito_4x,4,4,19.38,0.035,2026-11-09,18.7
mercadinho,2026-07-13,pix,1,1,1729.35,0.0,2026-07-13,1729.35
mercadinho,2026-07-13,debito,1,1,1594.36,0.012,2026-07-14,1575.23
mercadinho,2026-07-13,credito_vista,1,1,801.86,0.025,2026-08-12,781.81
mercadinho,2026-07-13,credito_4x,1,4,21.7,0.035,2026-08-12,20.94
mercadinho,2026-07-13,credito_4x,2,4,21.7,0.035,2026-09-11,20.94
mercadinho,2026-07-13,credito_4x,3,4,21.7,0.035,2026-10-11,20.94
mercadinho,2026-07-13,credito_4x,4,4,21.7,0.035,2026-11-10,20.94
mercadinho,2026-07-14,pix,1,1,1475.82,0.0,2026-07-14,1475.82
mercadinho,2026-07-14,debito,1,1,955.25,0.012,2026-07-15,943.78
mercadinho,2026-07-14,credito_vista,1,1,842.98,0.025,2026-08-13,821.9
mercadinho,2026-07-14,credito_4x,1,4,42.48,0.035,2026-08-13,40.99
mercadinho,2026-07-14,credito_4x,2,4,42.48,0.035,2026-09-12,40.99
mercadinho,2026-07-14,credito_4x,3,4,42.48,0.035,2026-10-12,40.99
mercadinho,2026-07-14,credito_4x,4,4,42.48,0.035,2026-11-11,40.99
mercadinho,2026-07-15,pix,1,1,1390.94,0.0,2026-07-15,1390.94
mercadinho,2026-07-15,debito,1,1,920.18,0.012,2026-07-16,909.14
mercadinho,2026-07-15,credito_vista,1,1,740.37,0.025,2026-08-14,721.86
mercadinho,2026-07-15,credito_4x,1,4,28.04,0.035,2026-08-14,27.05
mercadinho,2026-07-15,credito_4x,2,4,28.04,0.035,2026-09-13,27.05
mercadinho,2026-07-15,credito_4x,3,4,28.04,0.035,2026-10-13,27.05
mercadinho,2026-07-15,credito_4x,4,4,28.04,0.035,2026-11-12,27.05
mercadinho,2026-07-16,pix,1,1,1647.35,0.0,2026-07-16,1647.35
mercadinho,2026-07-16,debito,1,1,1235.74,0.012,2026-07-17,1220.91
mercadinho,2026-07-16,credito_vista,1,1,778.06,0.025,2026-08-15,758.6
mercadinho,2026-07-16,credito_4x,1,4,38.58,0.035,2026-08-15,37.22
mercadinho,2026-07-16,credito_4x,2,4,38.58,0.035,2026-09-14,37.22
mercadinho,2026-07-16,credito_4x,3,4,38.58,0.035,2026-10-14,37.22
mercadinho,2026-07-16,credito_4x,4,4,38.58,0.035,2026-11-13,37.22
mercadinho,2026-07-17,pix,1,1,2099.2,0.0,2026-07-17,2099.2
mercadinho,2026-07-17,debito,1,1,1502.7,0.012,2026-07-18,1484.67
mercadinho,2026-07-17,credito_vista,1,1,1237.53,0.025,2026-08-16,1206.59
mercadinho,2026-07-17,credito_4x,1,4,21.18,0.035,2026-08-16,20.44
mercadinho,2026-07-17,credito_4x,2,4,21.18,0.035,2026-09-15,20.44
mercadinho,2026-07-17,credito_4x,3,4,21.18,0.035,2026-10-15,20.44
mercadinho,2026-07-17,credito_4x,4,4,21.18,0.035,2026-11-14,20.44
mercadinho,2026-07-18,pix,1,1,2143.82,0.0,2026-07-18,2143.82
mercadinho,2026-07-18,debito,1,1,1816.94,0.012,2026-07-19,1795.13
mercadinho,2026-07-18,credito_vista,1,1,770.36,0.025,2026-08-17,751.1
mercadinho,2026-07-18,credito_4x,1,4,39.46,0.035,2026-08-17,38.08
mercadinho,2026-07-18,credito_4x,2,4,39.46,0.035,2026-09-16,38.08
mercadinho,2026-07-18,credito_4x,3,4,39.46,0.035,2026-10-16,38.08
mercadinho,2026-07-18,credito_4x,4,4,39.46,0.035,2026-11-15,38.08
mercadinho,2026-07-19,pix,1,1,944.24,0.0,2026-07-19,944.24
mercadinho,2026-07-19,debito,1,1,822.2,0.012,2026-07-20,812.33
mercadinho,2026-07-19,credito_vista,1,1,595.65,0.025,2026-08-18,580.76
mercadinho,2026-07-19,credito_4x,1,4,31.61,0.035,2026-08-18,30.51
mercadinho,2026-07-19,credito_4x,2,4,31.61,0.035,2026-09-17,30.51
mercadinho,2026-07-19,credito_4x,3,4,31.61,0.035,2026-10-17,30.51
mercadinho,2026-07-19,credito_4x,4,4,31.61,0.035,2026-11-16,30.51
mercadinho,2026-07-20,pix,1,1,2267.63,0.0,2026-07-20,2267.63
mercadinho,2026-07-20,debito,1,1,1652.1,0.012,2026-07-21,1632.27
mercadinho,2026-07-20,credito_vista,1,1,721.13,0.025,2026-08-19,703.1
mercadinho,2026-07-20,credito_4x,1,4,32.6,0.035,2026-08-19,31.46
mercadinho,2026-07-20,credito_4x,2,4,32.6,0.035,2026-09-18,31.46
mercadinho,2026-07-20,credito_4x,3,4,32.6,0.035,2026-10-18,31.46
mercadinho,2026-07-20,credito_4x,4,4,32.6,0.035,2026-11-17,31.46
mercadinho,2026-07-21,pix,1,1,1714.52,0.0,2026-07-21,1714.52
mercadinho,2026-07-21,debito,1,1,1268.8,0.012,2026-07-22,1253.58
mercadinho,2026-07-21,credito_vista,1,1,942.68,0.025,2026-08-20,919.11
mercadinho,2026-07-21,credito_4x,1,4,65.5,0.035,2026-08-20,63.2
mercadinho,2026-07-21,credito_4x,2,4,65.5,0.035,2026-09-19,63.2
mercadinho,2026-07-21,credito_4x,3,4,65.5,0.035,2026-10-19,63.2
mercadinho,2026-07-21,credito_4x,4,4,65.5,0.035,2026-11-18,63.2
mercadinho,2026-07-22,pix,1,1,1644.11,0.0,2026-07-22,1644.11
mercadinho,2026-07-22,debito,1,1,1112.19,0.012,2026-07-23,1098.84
mercadinho,2026-07-22,credito_vista,1,1,901.71,0.025,2026-08-21,879.17
mercadinho,2026-07-22,credito_4x,1,4,37.84,0.035,2026-08-21,36.52
mercadinho,2026-07-22,credito_4x,2,4,37.84,0.035,2026-09-20,36.52
mercadinho,2026-07-22,credito_4x,3,4,37.84,0.035,2026-10-20,36.52
mercadinho,2026-07-22,credito_4x,4,4,37.84,0.035,2026-11-19,36.52
mercadinho,2026-07-23,pix,1,1,1413.63,0.0,2026-07-23,1413.63
mercadinho,2026-07-23,debito,1,1,1213.82,0.012,2026-07-24,1199.25
mercadinho,2026-07-23,credito_vista,1,1,568.06,0.025,2026-08-22,553.86
mercadinho,2026-07-23,credito_4x,1,4,28.64,0.035,2026-08-22,27.64
mercadinho,2026-07-23,credito_4x,2,4,28.64,0.035,2026-09-21,27.64
mercadinho,2026-07-23,credito_4x,3,4,28.64,0.035,2026-10-21,27.64
mercadinho,2026-07-23,credito_4x,4,4,28.64,0.035,2026-11-20,27.64
mercadinho,2026-07-24,pix,1,1,2215.6,0.0,2026-07-24,2215.6
mercadinho,2026-07-24,debito,1,1,1856.82,0.012,2026-07-25,1834.53
mercadinho,2026-07-24,credito_vista,1,1,1112.58,0.025,2026-08-23,1084.76
mercadinho,2026-07-24,credito_4x,1,4,60.65,0.035,2026-08-23,58.52
mercadinho,2026-07-24,credito_4x,2,4,60.65,0.035,2026-09-22,58.52
mercadinho,2026-07-24,credito_4x,3,4,60.65,0.035,2026-10-22,58.52
mercadinho,2026-07-24,credito_4x,4,4,60.65,0.035,2026-11-21,58.52
mercadinho,2026-07-25,pix,1,1,1909.41,0.0,2026-07-25,1909.41
mercadinho,2026-07-25,debito,1,1,1356.25,0.012,2026-07-26,1339.97
mercadinho,2026-07-25,credito_vista,1,1,925.57,0.025,2026-08-24,902.43
mercadinho,2026-07-25,credito_4x,1,4,44.58,0.035,2026-08-24,43.02
mercadinho,2026-07-25,credito_4x,2,4,44.58,0.035,2026-09-23,43.02
mercadinho,2026-07-25,credito_4x,3,4,44.58,0.035,2026-10-23,43.02
mercadinho,2026-07-25,credito_4x,4,4,44.58,0.035,2026-11-22,43.02
mercadinho,2026-07-26,pix,1,1,766.69,0.0,2026-07-26,766.69
mercadinho,2026-07-26,debito,1,1,673.35,0.012,2026-07-27,665.27
mercadinho,2026-07-26,credito_vista,1,1,393.99,0.025,2026-08-25,384.14
mercadinho,2026-07-26,credito_4x,1,4,21.94,0.035,2026-08-25,21.17
mercadinho,2026-07-26,credito_4x,2,4,21.94,0.035,2026-09-24,21.17
mercadinho,2026-07-26,credito_4x,3,4,21.94,0.035,2026-10-24,21.17
mercadinho,2026-07-26,credito_4x,4,4,21.94,0.035,2026-11-23,21.17
mercadinho,2026-07-27,pix,1,1,1578.8,0.0,2026-07-27,1578.8
mercadinho,2026-07-27,debito,1,1,1356.08,0.012,2026-07-28,1339.81
mercadinho,2026-07-27,credito_vista,1,1,727.79,0.025,2026-08-26,709.6
mercadinho,2026-07-27,credito_4x,1,4,45.97,0.035,2026-08-26,44.36
mercadinho,2026-07-27,credito_4x,2,4,45.97,0.035,2026-09-25,44.36
mercadinho,2026-07-27,credito_4x,3,4,45.97,0.035,2026-10-25,44.36
mercadinho,2026-07-27,credito_4x,4,4,45.97,0.035,2026-11-24,44.36
mercadinho,2026-07-28,pix,1,1,1051.89,0.0,2026-07-28,1051.89
mercadinho,2026-07-28,debito,1,1,932.22,0.012,2026-07-29,921.03
mercadinho,2026-07-28,credito_vista,1,1,549.76,0.025,2026-08-27,536.02
mercadinho,2026-07-28,credito_4x,1,4,34.59,0.035,2026-08-27,33.38
mercadinho,2026-07-28,credito_4x,2,4,34.59,0.035,2026-09-26,33.38
mercadinho,2026-07-28,credito_4x,3,4,34.59,0.035,2026-10-26,33.38
mercadinho,2026-07-28,credito_4x,4,4,34.59,0.035,2026-11-25,33.38
mercadinho,2026-07-29,pix,1,1,776.11,0.0,2026-07-29,776.11
mercadinho,2026-07-29,debito,1,1,770.17,0.012,2026-07-30,760.93
mercadinho,2026-07-29,credito_vista,1,1,471.89,0.025,2026-08-28,460.09
mercadinho,2026-07-29,credito_4x,1,4,13.68,0.035,2026-08-28,13.2
mercadinho,2026-07-29,credito_4x,2,4,13.68,0.035,2026-09-27,13.2
mercadinho,2026-07-29,credito_4x,3,4,13.68,0.035,2026-10-27,13.2
mercadinho,2026-07-29,credito_4x,4,4,13.68,0.035,2026-11-26,13.2
mercadinho,2026-07-30,pix,1,1,1193.21,0.0,2026-07-30,1193.21
mercadinho,2026-07-30,debito,1,1,845.25,0.012,2026-07-31,835.11
mercadinho,2026-07-30,credito_vista,1,1,604.97,0.025,2026-08-29,589.85
mercadinho,2026-07-30,credito_4x,1,4,23.32,0.035,2026-08-29,22.5
mercadinho,2026-07-30,credito_4x,2,4,23.32,0.035,2026-09-28,22.5
mercadinho,2026-07-30,credito_4x,3,4,23.32,0.035,2026-10-28,22.5
mercadinho,2026-07-30,credito_4x,4,4,23.32,0.035,2026-11-27,22.5
mercadinho,2026-07-31,pix,1,1,1576.51,0.0,2026-07-31,1576.51
mercadinho,2026-07-31,debito,1,1,1227.14,0.012,2026-08-01,1212.41
mercadinho,2026-07-31,credito_vista,1,1,1065.21,0.025,2026-08-30,1038.58
mercadinho,2026-07-31,credito_4x,1,4,34.08,0.035,2026-08-30,32.89
mercadinho,2026-07-31,credito_4x,2,4,34.08,0.035,2026-09-29,32.89
mercadinho,2026-07-31,credito_4x,3,4,34.08,0.035,2026-10-29,32.89
mercadinho,2026-07-31,credito_4x,4,4,34.08,0.035,2026-11-28,32.89
mercadinho,2026-08-01,pix,1,1,2796.54,0.0,2026-08-01,2796.54
mercadinho,2026-08-01,debito,1,1,2558.82,0.012,2026-08-02,2528.11
mercadinho,2026-08-01,credito_vista,1,1,1577.65,0.025,2026-08-31,1538.21
mercadinho,2026-08-01,credito_4x,1,4,70.85,0.035,2026-08-31,68.37
mercadinho,2026-08-01,credito_4x,2,4,70.85,0.035,2026-09-30,68.37
mercadinho,2026-08-01,credito_4x,3,4,70.85,0.035,2026-10-30,68.37
mercadinho,2026-08-01,credito_4x,4,4,70.85,0.035,2026-11-29,68.37
mercadinho,2026-08-02,pix,1,1,1126.15,0.0,2026-08-02,1126.15
mercadinho,2026-08-02,debito,1,1,1059.08,0.012,2026-08-03,1046.37
mercadinho,2026-08-02,credito_vista,1,1,458.33,0.025,2026-09-01,446.87
mercadinho,2026-08-02,credito_4x,1,4,15.75,0.035,2026-09-01,15.2
mercadinho,2026-08-02,credito_4x,2,4,15.75,0.035,2026-10-01,15.2
mercadinho,2026-08-02,credito_4x,3,4,15.75,0.035,2026-10-31,15.2
mercadinho,2026-08-02,credito_4x,4,4,15.75,0.035,2026-11-30,15.2
mercadinho,2026-08-03,pix,1,1,2269.37,0.0,2026-08-03,2269.37
mercadinho,2026-08-03,debito,1,1,1543.73,0.012,2026-08-04,1525.21
mercadinho,2026-08-03,credito_vista,1,1,1000.16,0.025,2026-09-02,975.16
mercadinho,2026-08-03,credito_4x,1,4,66.34,0.035,2026-09-02,64.01
mercadinho,2026-08-03,credito_4x,2,4,66.34,0.035,2026-10-02,64.01
mercadinho,2026-08-03,credito_4x,3,4,66.34,0.035,2026-11-01,64.01
mercadinho,2026-08-03,credito_4x,4,4,66.34,0.035,2026-12-01,64.01
mercadinho,2026-08-04,pix,1,1,2245.34,0.0,2026-08-04,2245.34
mercadinho,2026-08-04,debito,1,1,1723.63,0.012,2026-08-05,1702.95
mercadinho,2026-08-04,credito_vista,1,1,904.89,0.025,2026-09-03,882.26
mercadinho,2026-08-04,credito_4x,1,4,71.5,0.035,2026-09-03,69.0
mercadinho,2026-08-04,credito_4x,2,4,71.5,0.035,2026-10-03,69.0
mercadinho,2026-08-04,credito_4x,3,4,71.5,0.035,2026-11-02,69.0
mercadinho,2026-08-04,credito_4x,4,4,71.5,0.035,2026-12-02,69.0
mercadinho,2026-08-05,pix,1,1,2015.19,0.0,2026-08-05,2015.19
mercadinho,2026-08-05,debito,1,1,1318.42,0.012,2026-08-06,1302.6
mercadinho,2026-08-05,credito_vista,1,1,1220.0,0.025,2026-09-04,1189.5
mercadinho,2026-08-05,credito_4x,1,4,31.11,0.035,2026-09-04,30.02
mercadinho,2026-08-05,credito_4x,2,4,31.11,0.035,2026-10-04,30.02
mercadinho,2026-08-05,credito_4x,3,4,31.11,0.035,2026-11-03,30.02
mercadinho,2026-08-05,credito_4x,4,4,31.11,0.035,2026-12-03,30.02
mercadinho,2026-08-06,pix,1,1,2725.9,0.0,2026-08-06,2725.9
mercadinho,2026-08-06,debito,1,1,2040.44,0.012,2026-08-07,2015.95
mercadinho,2026-08-06,credito_vista,1,1,926.4,0.025,2026-09-05,903.24
mercadinho,2026-08-06,credito_4x,1,4,54.8,0.035,2026-09-05,52.88
mercadinho,2026-08-06,credito_4x,2,4,54.8,0.035,2026-10-05,52.88
mercadinho,2026-08-06,credito_4x,3,4,54.8,0.035,2026-11-04,52.88
mercadinho,2026-08-06,credito_4x,4,4,54.8,0.035,2026-12-04,52.88
mercadinho,2026-08-07,pix,1,1,2853.59,0.0,2026-08-07,2853.59
mercadinho,2026-08-07,debito,1,1,2035.91,0.012,2026-08-08,2011.47
mercadinho,2026-08-07,credito_vista,1,1,1485.16,0.025,2026-09-06,1448.03
mercadinho,2026-08-07,credito_4x,1,4,88.41,0.035,2026-09-06,85.32
mercadinho,2026-08-07,credito_4x,2,4,88.41,0.035,2026-10-06,85.32
mercadinho,2026-08-07,credito_4x,3,4,88.41,0.035,2026-11-05,85.32
mercadinho,2026-08-07,credito_4x,4,4,88.41,0.035,2026-12-05,85.32
mercadinho,2026-08-08,pix,1,1,3158.28,0.0,2026-08-08,3158.28
mercadinho,2026-08-08,debito,1,1,2470.76,0.012,2026-08-09,2441.11
mercadinho,2026-08-08,credito_vista,1,1,1617.32,0.025,2026-09-07,1576.89
mercadinho,2026-08-08,credito_4x,1,4,28.08,0.035,2026-09-07,27.1
mercadinho,2026-08-08,credito_4x,2,4,28.08,0.035,2026-10-07,27.1
mercadinho,2026-08-08,credito_4x,3,4,28.08,0.035,2026-11-06,27.1
mercadinho,2026-08-08,credito_4x,4,4,28.08,0.035,2026-12-06,27.1
mercadinho,2026-08-09,pix,1,1,1314.53,0.0,2026-08-09,1314.53
mercadinho,2026-08-09,debito,1,1,1065.79,0.012,2026-08-10,1053.0
mercadinho,2026-08-09,credito_vista,1,1,650.25,0.025,2026-09-08,633.99
mercadinho,2026-08-09,credito_4x,1,4,18.97,0.035,2026-09-08,18.31
mercadinho,2026-08-09,credito_4x,2,4,18.97,0.035,2026-10-08,18.31
mercadinho,2026-08-09,credito_4x,3,4,18.97,0.035,2026-11-07,18.31
mercadinho,2026-08-09,credito_4x,4,4,18.97,0.035,2026-12-07,18.31
mercadinho,2026-08-10,pix,1,1,2337.0,0.0,2026-08-10,2337.0
mercadinho,2026-08-10,debito,1,1,2044.46,0.012,2026-08-11,2019.93
mercadinho,2026-08-10,credito_vista,1,1,1421.72,0.025,2026-09-09,1386.18
mercadinho,2026-08-10,credito_4x,1,4,56.99,0.035,2026-09-09,54.99
mercadinho,2026-08-10,credito_4x,2,4,56.99,0.035,2026-10-09,54.99
mercadinho,2026-08-10,credito_4x,3,4,56.99,0.035,2026-11-08,54.99
mercadinho,2026-08-10,credito_4x,4,4,56.99,0.035,2026-12-08,54.99
mercadinho,2026-08-11,pix,1,1,1554.51,0.0,2026-08-11,1554.51
mercadinho,2026-08-11,debito,1,1,1679.66,0.012,2026-08-12,1659.5
mercadinho,2026-08-11,credito_vista,1,1,775.51,0.025,2026-09-10,756.13
mercadinho,2026-08-11,credito_4x,1,4,39.42,0.035,2026-09-10,38.04
mercadinho,2026-08-11,credito_4x,2,4,39.42,0.035,2026-10-10,38.04
mercadinho,2026-08-11,credito_4x,3,4,39.42,0.035,2026-11-09,38.04
mercadinho,2026-08-11,credito_4x,4,4,39.42,0.035,2026-12-09,38.04
mercadinho,2026-08-12,pix,1,1,1885.17,0.0,2026-08-12,1885.17
mercadinho,2026-08-12,debito,1,1,1373.96,0.012,2026-08-13,1357.47
mercadinho,2026-08-12,credito_vista,1,1,852.77,0.025,2026-09-11,831.45
mercadinho,2026-08-12,credito_4x,1,4,29.37,0.035,2026-09-11,28.34
mercadinho,2026-08-12,credito_4x,2,4,29.37,0.035,2026-10-11,28.34
mercadinho,2026-08-12,credito_4x,3,4,29.37,0.035,2026-11-10,28.34
mercadinho,2026-08-12,credito_4x,4,4,29.37,0.035,2026-12-10,28.34
mercadinho,2026-08-13,pix,1,1,1738.22,0.0,2026-08-13,1738.22
mercadinho,2026-08-13,debito,1,1,1663.96,0.012,2026-08-14,1643.99
mercadinho,2026-08-13,credito_vista,1,1,864.95,0.025,2026-09-12,843.32
mercadinho,2026-08-13,credito_4x,1,4,42.77,0.035,2026-09-12,41.27
mercadinho,2026-08-13,credito_4x,2,4,42.77,0.035,2026-10-12,41.27
mercadinho,2026-08-13,credito_4x,3,4,42.77,0.035,2026-11-11,41.27
mercadinho,2026-08-13,credito_4x,4,4,42.77,0.035,2026-12-11,41.27
mercadinho,2026-08-14,pix,1,1,2271.03,0.0,2026-08-14,2271.03
mercadinho,2026-08-14,debito,1,1,1639.03,0.012,2026-08-15,1619.36
mercadinho,2026-08-14,credito_vista,1,1,1286.73,0.025,2026-09-13,1254.56
mercadinho,2026-08-14,credito_4x,1,4,52.09,0.035,2026-09-13,50.26
mercadinho,2026-08-14,credito_4x,2,4,52.09,0.035,2026-10-13,50.26
mercadinho,2026-08-14,credito_4x,3,4,52.09,0.035,2026-11-12,50.26
mercadinho,2026-08-14,credito_4x,4,4,52.09,0.035,2026-12-12,50.26
mercadinho,2026-08-15,pix,1,1,2334.98,0.0,2026-08-15,2334.98
mercadinho,2026-08-15,debito,1,1,1739.67,0.012,2026-08-16,1718.8
mercadinho,2026-08-15,credito_vista,1,1,1231.25,0.025,2026-09-14,1200.47
mercadinho,2026-08-15,credito_4x,1,4,39.2,0.035,2026-09-14,37.83
mercadinho,2026-08-15,credito_4x,2,4,39.2,0.035,2026-10-14,37.83
mercadinho,2026-08-15,credito_4x,3,4,39.2,0.035,2026-11-13,37.83
mercadinho,2026-08-15,credito_4x,4,4,39.2,0.035,2026-12-13,37.83
mercadinho,2026-08-16,pix,1,1,1098.96,0.0,2026-08-16,1098.96
mercadinho,2026-08-16,debito,1,1,745.07,0.012,2026-08-17,736.13
mercadinho,2026-08-16,credito_vista,1,1,472.36,0.025,2026-09-15,460.56
mercadinho,2026-08-16,credito_4x,1,4,25.39,0.035,2026-09-15,24.5
mercadinho,2026-08-16,credito_4x,2,4,25.39,0.035,2026-10-15,24.5
mercadinho,2026-08-16,credito_4x,3,4,25.39,0.035,2026-11-14,24.5
mercadinho,2026-08-16,credito_4x,4,4,25.39,0.035,2026-12-14,24.5
mercadinho,2026-08-17,pix,1,1,1836.22,0.0,2026-08-17,1836.22
mercadinho,2026-08-17,debito,1,1,1592.74,0.012,2026-08-18,1573.63
mercadinho,2026-08-17,credito_vista,1,1,786.74,0.025,2026-09-16,767.07
mercadinho,2026-08-17,credito_4x,1,4,41.26,0.035,2026-09-16,39.81
mercadinho,2026-08-17,credito_4x,2,4,41.26,0.035,2026-10-16,39.81
mercadinho,2026-08-17,credito_4x,3,4,41.26,0.035,2026-11-15,39.81
mercadinho,2026-08-17,credito_4x,4,4,41.26,0.035,2026-12-15,39.81
mercadinho,2026-08-18,pix,1,1,1975.1,0.0,2026-08-18,1975.1
mercadinho,2026-08-18,debito,1,1,1776.25,0.012,2026-08-19,1754.94
mercadinho,2026-08-18,credito_vista,1,1,990.03,0.025,2026-09-17,965.28
mercadinho,2026-08-18,credito_4x,1,4,58.18,0.035,2026-09-17,56.15
mercadinho,2026-08-18,credito_4x,2,4,58.18,0.035,2026-10-17,56.15
mercadinho,2026-08-18,credito_4x,3,4,58.18,0.035,2026-11-16,56.15
mercadinho,2026-08-18,credito_4x,4,4,58.18,0.035,2026-12-16,56.15
mercadinho,2026-08-19,pix,1,1,1396.83,0.0,2026-08-19,1396.83
mercadinho,2026-08-19,debito,1,1,1213.92,0.012,2026-08-20,1199.36
mercadinho,2026-08-19,credito_vista,1,1,822.23,0.025,2026-09-18,801.67
mercadinho,2026-08-19,credito_4x,1,4,32.62,0.035,2026-09-18,31.48
mercadinho,2026-08-19,credito_4x,2,4,32.62,0.035,2026-10-18,31.48
mercadinho,2026-08-19,credito_4x,3,4,32.62,0.035,2026-11-17,31.48
mercadinho,2026-08-19,credito_4x,4,4,32.62,0.035,2026-12-17,31.48
mercadinho,2026-08-20,pix,1,1,1842.88,0.0,2026-08-20,1842.88
mercadinho,2026-08-20,debito,1,1,1208.93,0.012,2026-08-21,1194.43
mercadinho,2026-08-20,credito_vista,1,1,923.82,0.025,2026-09-19,900.72
mercadinho,2026-08-20,credito_4x,1,4,43.75,0.035,2026-09-19,42.22
mercadinho,2026-08-20,credito_4x,2,4,43.75,0.035,2026-10-19,42.22
mercadinho,2026-08-20,credito_4x,3,4,43.75,0.035,2026-11-18,42.22
mercadinho,2026-08-20,credito_4x,4,4,43.75,0.035,2026-12-18,42.22
mercadinho,2026-08-21,pix,1,1,2491.13,0.0,2026-08-21,2491.13
mercadinho,2026-08-21,debito,1,1,1841.23,0.012,2026-08-22,1819.14
mercadinho,2026-08-21,credito_vista,1,1,861.41,0.025,2026-09-20,839.87
mercadinho,2026-08-21,credito_4x,1,4,67.49,0.035,2026-09-20,65.12
mercadinho,2026-08-21,credito_4x,2,4,67.49,0.035,2026-10-20,65.12
mercadinho,2026-08-21,credito_4x,3,4,67.49,0.035,2026-11-19,65.12
mercadinho,2026-08-21,credito_4x,4,4,67.49,0.035,2026-12-19,65.12
mercadinho,2026-08-22,pix,1,1,2430.27,0.0,2026-08-22,2430.27
mercadinho,2026-08-22,debito,1,1,1789.13,0.012,2026-08-23,1767.66
mercadinho,2026-08-22,credito_vista,1,1,1259.21,0.025,2026-09-21,1227.73
mercadinho,2026-08-22,credito_4x,1,4,98.13,0.035,2026-09-21,94.69
mercadinho,2026-08-22,credito_4x,2,4,98.13,0.035,2026-10-21,94.69
mercadinho,2026-08-22,credito_4x,3,4,98.13,0.035,2026-11-20,94.69
mercadinho,2026-08-22,credito_4x,4,4,98.13,0.035,2026-12-20,94.69
mercadinho,2026-08-23,pix,1,1,1156.47,0.0,2026-08-23,1156.47
mercadinho,2026-08-23,debito,1,1,944.86,0.012,2026-08-24,933.52
mercadinho,2026-08-23,credito_vista,1,1,662.13,0.025,2026-09-22,645.57
mercadinho,2026-08-23,credito_4x,1,4,26.95,0.035,2026-09-22,26.0
mercadinho,2026-08-23,credito_4x,2,4,26.95,0.035,2026-10-22,26.0
mercadinho,2026-08-23,credito_4x,3,4,26.95,0.035,2026-11-21,26.0
mercadinho,2026-08-23,credito_4x,4,4,26.95,0.035,2026-12-21,26.0
mercadinho,2026-08-24,pix,1,1,1982.0,0.0,2026-08-24,1982.0
mercadinho,2026-08-24,debito,1,1,1454.4,0.012,2026-08-25,1436.95
mercadinho,2026-08-24,credito_vista,1,1,826.63,0.025,2026-09-23,805.97
mercadinho,2026-08-24,credito_4x,1,4,32.71,0.035,2026-09-23,31.56
mercadinho,2026-08-24,credito_4x,2,4,32.71,0.035,2026-10-23,31.56
mercadinho,2026-08-24,credito_4x,3,4,32.71,0.035,2026-11-22,31.56
mercadinho,2026-08-24,credito_4x,4,4,32.71,0.035,2026-12-22,31.56
mercadinho,2026-08-25,pix,1,1,1337.17,0.0,2026-08-25,1337.17
mercadinho,2026-08-25,debito,1,1,962.6,0.012,2026-08-26,951.05
mercadinho,2026-08-25,credito_vista,1,1,575.23,0.025,2026-09-24,560.85
mercadinho,2026-08-25,credito_4x,1,4,41.74,0.035,2026-09-24,40.28
mercadinho,2026-08-25,credito_4x,2,4,41.74,0.035,2026-10-24,40.28
mercadinho,2026-08-25,credito_4x,3,4,41.74,0.035,2026-11-23,40.28
mercadinho,2026-08-25,credito_4x,4,4,41.74,0.035,2026-12-23,40.28
mercadinho,2026-08-26,pix,1,1,1522.87,0.0,2026-08-26,1522.87
mercadinho,2026-08-26,debito,1,1,1052.05,0.012,2026-08-27,1039.42
mercadinho,2026-08-26,credito_vista,1,1,689.86,0.025,2026-09-25,672.61
mercadinho,2026-08-26,credito_4x,1,4,25.35,0.035,2026-09-25,24.47
mercadinho,2026-08-26,credito_4x,2,4,25.35,0.035,2026-10-25,24.47
mercadinho,2026-08-26,credito_4x,3,4,25.35,0.035,2026-11-24,24.47
mercadinho,2026-08-26,credito_4x,4,4,25.35,0.035,2026-12-24,24.47
mercadinho,2026-08-27,pix,1,1,1633.19,0.0,2026-08-27,1633.19
mercadinho,2026-08-27,debito,1,1,1380.86,0.012,2026-08-28,1364.29
mercadinho,2026-08-27,credito_vista,1,1,719.23,0.025,2026-09-26,701.25
mercadinho,2026-08-27,credito_4x,1,4,33.38,0.035,2026-09-26,32.21
mercadinho,2026-08-27,credito_4x,2,4,33.38,0.035,2026-10-26,32.21
mercadinho,2026-08-27,credito_4x,3,4,33.38,0.035,2026-11-25,32.21
mercadinho,2026-08-27,credito_4x,4,4,33.38,0.035,2026-12-25,32.21
mercadinho,2026-08-28,pix,1,1,2049.7,0.0,2026-08-28,2049.7
mercadinho,2026-08-28,debito,1,1,1556.9,0.012,2026-08-29,1538.22
mercadinho,2026-08-28,credito_vista,1,1,892.3,0.025,2026-09-27,869.99
mercadinho,2026-08-28,credito_4x,1,4,41.54,0.035,2026-09-27,40.08
mercadinho,2026-08-28,credito_4x,2,4,41.54,0.035,2026-10-27,40.08
mercadinho,2026-08-28,credito_4x,3,4,41.54,0.035,2026-11-26,40.08
mercadinho,2026-08-28,credito_4x,4,4,41.54,0.035,2026-12-26,40.08
mercadinho,2026-08-29,pix,1,1,1848.72,0.0,2026-08-29,1848.72
mercadinho,2026-08-29,debito,1,1,1678.84,0.012,2026-08-30,1658.69
mercadinho,2026-08-29,credito_vista,1,1,878.01,0.025,2026-09-28,856.06
mercadinho,2026-08-29,credito_4x,1,4,27.2,0.035,2026-09-28,26.25
mercadinho,2026-08-29,credito_4x,2,4,27.2,0.035,2026-10-28,26.25
mercadinho,2026-08-29,credito_4x,3,4,27.2,0.035,2026-11-27,26.25
mercadinho,2026-08-29,credito_4x,4,4,27.2,0.035,2026-12-27,26.25
mercadinho,2026-08-30,pix,1,1,751.14,0.0,2026-08-30,751.14
mercadinho,2026-08-30,debito,1,1,666.7,0.012,2026-08-31,658.7
mercadinho,2026-08-30,credito_vista,1,1,432.25,0.025,2026-09-29,421.44
mercadinho,2026-08-30,credito_4x,1,4,25.09,0.035,2026-09-29,24.21
mercadinho,2026-08-30,credito_4x,2,4,25.09,0.035,2026-10-29,24.21
mercadinho,2026-08-30,credito_4x,3,4,25.09,0.035,2026-11-28,24.21
mercadinho,2026-08-30,credito_4x,4,4,25.09,0.035,2026-12-28,24.21
mercadinho,2026-08-31,pix,1,1,1230.61,0.0,2026-08-31,1230.61
mercadinho,2026-08-31,debito,1,1,1197.36,0.012,2026-09-01,1182.99
mercadinho,2026-08-31,credito_vista,1,1,845.32,0.025,2026-09-30,824.19
mercadinho,2026-08-31,credito_4x,1,4,42.66,0.035,2026-09-30,41.17
mercadinho,2026-08-31,credito_4x,2,4,42.66,0.035,2026-10-30,41.17
mercadinho,2026-08-31,credito_4x,3,4,42.66,0.035,2026-11-29,41.17
mercadinho,2026-08-31,credito_4x,4,4,42.66,0.035,2026-12-29,41.17
mercadinho,2026-09-01,pix,1,1,2236.25,0.0,2026-09-01,2236.25
mercadinho,2026-09-01,debito,1,1,1826.48,0.012,2026-09-02,1804.57
mercadinho,2026-09-01,credito_vista,1,1,1061.48,0.025,2026-10-01,1034.95
mercadinho,2026-09-01,credito_4x,1,4,43.14,0.035,2026-10-01,41.63
mercadinho,2026-09-01,credito_4x,2,4,43.14,0.035,2026-10-31,41.63
mercadinho,2026-09-01,credito_4x,3,4,43.14,0.035,2026-11-30,41.63
mercadinho,2026-09-01,credito_4x,4,4,43.14,0.035,2026-12-30,41.63
mercadinho,2026-09-02,pix,1,1,2213.09,0.0,2026-09-02,2213.09
mercadinho,2026-09-02,debito,1,1,1474.35,0.012,2026-09-03,1456.66
mercadinho,2026-09-02,credito_vista,1,1,980.19,0.025,2026-10-02,955.68
mercadinho,2026-09-02,credito_4x,1,4,26.75,0.035,2026-10-02,25.81
mercadinho,2026-09-02,credito_4x,2,4,26.75,0.035,2026-11-01,25.81
mercadinho,2026-09-02,credito_4x,3,4,26.75,0.035,2026-12-01,25.81
mercadinho,2026-09-02,credito_4x,4,4,26.75,0.035,2026-12-31,25.81
mercadinho,2026-09-03,pix,1,1,2707.05,0.0,2026-09-03,2707.05
mercadinho,2026-09-03,debito,1,1,2006.38,0.012,2026-09-04,1982.3
mercadinho,2026-09-03,credito_vista,1,1,945.32,0.025,2026-10-03,921.69
mercadinho,2026-09-03,credito_4x,1,4,85.75,0.035,2026-10-03,82.75
mercadinho,2026-09-03,credito_4x,2,4,85.75,0.035,2026-11-02,82.75
mercadinho,2026-09-03,credito_4x,3,4,85.75,0.035,2026-12-02,82.75
mercadinho,2026-09-03,credito_4x,4,4,85.75,0.035,2027-01-01,82.75
mercadinho,2026-09-04,pix,1,1,2897.4,0.0,2026-09-04,2897.4
mercadinho,2026-09-04,debito,1,1,2067.93,0.012,2026-09-05,2043.11
mercadinho,2026-09-04,credito_vista,1,1,1784.61,0.025,2026-10-04,1740.0
mercadinho,2026-09-04,credito_4x,1,4,61.8,0.035,2026-10-04,59.64
mercadinho,2026-09-04,credito_4x,2,4,61.8,0.035,2026-11-03,59.64
mercadinho,2026-09-04,credito_4x,3,4,61.8,0.035,2026-12-03,59.64
mercadinho,2026-09-04,credito_4x,4,4,61.8,0.035,2027-01-02,59.64
mercadinho,2026-09-05,pix,1,1,3166.62,0.0,2026-09-05,3166.62
mercadinho,2026-09-05,debito,1,1,2828.98,0.012,2026-09-06,2795.04
mercadinho,2026-09-05,credito_vista,1,1,1376.89,0.025,2026-10-05,1342.47
mercadinho,2026-09-05,credito_4x,1,4,66.68,0.035,2026-10-05,64.34
mercadinho,2026-09-05,credito_4x,2,4,66.68,0.035,2026-11-04,64.34
mercadinho,2026-09-05,credito_4x,3,4,66.68,0.035,2026-12-04,64.34
mercadinho,2026-09-05,credito_4x,4,4,66.68,0.035,2027-01-03,64.34
mercadinho,2026-09-06,pix,1,1,1207.33,0.0,2026-09-06,1207.33
mercadinho,2026-09-06,debito,1,1,1059.23,0.012,2026-09-07,1046.52
mercadinho,2026-09-06,credito_vista,1,1,490.13,0.025,2026-10-06,477.87
mercadinho,2026-09-06,credito_4x,1,4,28.08,0.035,2026-10-06,27.1
mercadinho,2026-09-06,credito_4x,2,4,28.08,0.035,2026-11-05,27.1
mercadinho,2026-09-06,credito_4x,3,4,28.08,0.035,2026-12-05,27.1
mercadinho,2026-09-06,credito_4x,4,4,28.08,0.035,2027-01-04,27.1
mercadinho,2026-09-07,pix,1,1,2675.13,0.0,2026-09-07,2675.13
mercadinho,2026-09-07,debito,1,1,1852.4,0.012,2026-09-08,1830.17
mercadinho,2026-09-07,credito_vista,1,1,994.95,0.025,2026-10-07,970.07
mercadinho,2026-09-07,credito_4x,1,4,65.51,0.035,2026-10-07,63.22
mercadinho,2026-09-07,credito_4x,2,4,65.51,0.035,2026-11-06,63.22
mercadinho,2026-09-07,credito_4x,3,4,65.51,0.035,2026-12-06,63.22
mercadinho,2026-09-07,credito_4x,4,4,65.51,0.035,2027-01-05,63.22
mercadinho,2026-09-08,pix,1,1,1744.3,0.0,2026-09-08,1744.3
mercadinho,2026-09-08,debito,1,1,1445.47,0.012,2026-09-09,1428.12
mercadinho,2026-09-08,credito_vista,1,1,760.65,0.025,2026-10-08,741.63
mercadinho,2026-09-08,credito_4x,1,4,65.97,0.035,2026-10-08,63.66
mercadinho,2026-09-08,credito_4x,2,4,65.97,0.035,2026-11-07,63.66
mercadinho,2026-09-08,credito_4x,3,4,65.97,0.035,2026-12-07,63.66
mercadinho,2026-09-08,credito_4x,4,4,65.97,0.035,2027-01-06,63.66
mercadinho,2026-09-09,pix,1,1,2053.97,0.0,2026-09-09,2053.97
mercadinho,2026-09-09,debito,1,1,1770.93,0.012,2026-09-10,1749.67
mercadinho,2026-09-09,credito_vista,1,1,856.72,0.025,2026-10-09,835.3
mercadinho,2026-09-09,credito_4x,1,4,52.99,0.035,2026-10-09,51.13
mercadinho,2026-09-09,credito_4x,2,4,52.99,0.035,2026-11-08,51.13
mercadinho,2026-09-09,credito_4x,3,4,52.99,0.035,2026-12-08,51.13
mercadinho,2026-09-09,credito_4x,4,4,52.99,0.035,2027-01-07,51.13
mercadinho,2026-09-10,pix,1,1,2023.05,0.0,2026-09-10,2023.05
mercadinho,2026-09-10,debito,1,1,1908.1,0.012,2026-09-11,1885.21
mercadinho,2026-09-10,credito_vista,1,1,995.55,0.025,2026-10-10,970.66
mercadinho,2026-09-10,credito_4x,1,4,58.0,0.035,2026-10-10,55.97
mercadinho,2026-09-10,credito_4x,2,4,58.0,0.035,2026-11-09,55.97
mercadinho,2026-09-10,credito_4x,3,4,58.0,0.035,2026-12-09,55.97
mercadinho,2026-09-10,credito_4x,4,4,58.0,0.035,2027-01-08,55.97
mercadinho,2026-09-11,pix,1,1,2519.37,0.0,2026-09-11,2519.37
mercadinho,2026-09-11,debito,1,1,1525.13,0.012,2026-09-12,1506.83
mercadinho,2026-09-11,credito_vista,1,1,1228.53,0.025,2026-10-11,1197.82
mercadinho,2026-09-11,credito_4x,1,4,54.0,0.035,2026-10-11,52.11
mercadinho,2026-09-11,credito_4x,2,4,54.0,0.035,2026-11-10,52.11
mercadinho,2026-09-11,credito_4x,3,4,54.0,0.035,2026-12-10,52.11
mercadinho,2026-09-11,credito_4x,4,4,54.0,0.035,2027-01-09,52.11
mercadinho,2026-09-12,pix,1,1,3043.06,0.0,2026-09-12,3043.06
mercadinho,2026-09-12,debito,1,1,2393.29,0.012,2026-09-13,2364.57
mercadinho,2026-09-12,credito_vista,1,1,1428.37,0.025,2026-10-12,1392.66
mercadinho,2026-09-12,credito_4x,1,4,57.92,0.035,2026-10-12,55.89
mercadinho,2026-09-12,credito_4x,2,4,57.92,0.035,2026-11-11,55.89
mercadinho,2026-09-12,credito_4x,3,4,57.92,0.035,2026-12-11,55.89
mercadinho,2026-09-12,credito_4x,4,4,57.92,0.035,2027-01-10,55.89
mercadinho,2026-09-13,pix,1,1,1158.68,0.0,2026-09-13,1158.68
mercadinho,2026-09-13,debito,1,1,782.12,0.012,2026-09-14,772.73
mercadinho,2026-09-13,credito_vista,1,1,642.97,0.025,2026-10-13,626.9
mercadinho,2026-09-13,credito_4x,1,4,30.38,0.035,2026-10-13,29.32
mercadinho,2026-09-13,credito_4x,2,4,30.38,0.035,2026-11-12,29.32
mercadinho,2026-09-13,credito_4x,3,4,30.38,0.035,2026-12-12,29.32
mercadinho,2026-09-13,credito_4x,4,4,30.38,0.035,2027-01-11,29.32
mercadinho,2026-09-14,pix,1,1,2386.17,0.0,2026-09-14,2386.17
mercadinho,2026-09-14,debito,1,1,1581.08,0.012,2026-09-15,1562.1
mercadinho,2026-09-14,credito_vista,1,1,952.38,0.025,2026-10-14,928.57
mercadinho,2026-09-14,credito_4x,1,4,51.26,0.035,2026-10-14,49.47
mercadinho,2026-09-14,credito_4x,2,4,51.26,0.035,2026-11-13,49.47
mercadinho,2026-09-14,credito_4x,3,4,51.26,0.035,2026-12-13,49.47
mercadinho,2026-09-14,credito_4x,4,4,51.26,0.035,2027-01-12,49.47
