negocio,data,modalidade,valor_bruto
bar,2025-01-03,pix,2180.16
bar,2025-01-03,debito,1966.71
bar,2025-01-03,credito_vista,1880.48
bar,2025-01-03,credito_4x,737.67
bar,2025-01-04,pix,1795.84
bar,2025-01-04,debito,2088.95
bar,2025-01-04,credito_vista,1476.81
bar,2025-01-04,credito_4x,670.94
bar,2025-01-05,pix,1133.01
bar,2025-01-05,debito,1032.58
bar,2025-01-05,credito_vista,709.99
bar,2025-01-05,credito_4x,607.85
bar,2025-01-06,pix,1204.03
bar,2025-01-06,debito,1123.26
bar,2025-01-06,credito_vista,795.37
bar,2025-01-06,credito_4x,454.54
bar,2025-01-07,pix,875.33
bar,2025-01-07,debito,719.32
bar,2025-01-07,credito_vista,581.35
bar,2025-01-07,credito_4x,202.82
bar,2025-01-08,pix,1263.18
bar,2025-01-08,debito,703.69
bar,2025-01-08,credito_vista,729.45
bar,2025-01-08,credito_4x,374.49
bar,2025-01-09,pix,1294.85
bar,2025-01-09,debito,1220.16
bar,2025-01-09,credito_vista,1359.56
bar,2025-01-09,credito_4x,477.82
bar,2025-01-10,pix,1996.11
bar,2025-01-10,debito,2022.72
bar,2025-01-10,credito_vista,1453.1
bar,2025-01-10,credito_4x,744.72
bar,2025-01-11,pix,2449.15
bar,2025-01-11,debito,1628.68
bar,2025-01-11,credito_vista,1794.07
bar,2025-01-11,credito_4x,666.39
bar,2025-01-12,pix,911.34
bar,2025-01-12,debito,819.65
bar,2025-01-12,credito_vista,593.31
bar,2025-01-12,credito_4x,179.57
bar,2025-01-13,pix,987.03
bar,2025-01-13,debito,1059.03
bar,2025-01-13,credito_vista,728.02
bar,2025-01-13,credito_4x,479.93
bar,2025-01-14,pix,1123.87
bar,2025-01-14,debito,1006.7
bar,2025-01-14,credito_vista,961.52
bar,2025-01-14,credito_4x,351.63
bar,2025-01-15,pix,1274.59
bar,2025-01-15,debito,861.25
bar,2025-01-15,credito_vista,949.93
bar,2025-01-15,credito_4x,448.27
bar,2025-01-16,pix,1341.44
bar,2025-01-16,debito,1306.95
bar,2025-01-16,credito_vista,1437.45
bar,2025-01-16,credito_4x,492.09
bar,2025-01-17,pix,2150.28
bar,2025-01-17,debito,1803.12
bar,2025-01-17,credito_vista,1615.81
bar,2025-01-17,credito_4x,834.44
bar,2025-01-18,pix,1688.42
bar,2025-01-18,debito,1958.98
bar,2025-01-18,credito_vista,1368.57
bar,2025-01-18,credito_4x,742.89
bar,2025-01-19,pix,1236.79
bar,2025-01-19,debito,778.36
bar,2025-01-19,credito_vista,761.89
bar,2025-01-19,credito_4x,278.89
bar,2025-01-20,pix,947.4
bar,2025-01-20,debito,552.39
bar,2025-01-20,credito_vista,638.43
bar,2025-01-20,credito_4x,343.99
bar,2025-01-21,pix,1287.92
bar,2025-01-21,debito,1013.44
bar,2025-01-21,credito_vista,908.61
bar,2025-01-21,credito_4x,309.79
bar,2025-01-22,pix,1381.07
bar,2025-01-22,debito,955.25
bar,2025-01-22,credito_vista,857.65
bar,2025-01-22,credito_4x,308.37
bar,2025-01-23,pix,1227.37
bar,2025-01-23,debito,995.05
bar,2025-01-23,credito_vista,1189.73
bar,2025-01-23,credito_4x,426.88
bar,2025-01-24,pix,1955.72
bar,2025-01-24,debito,1373.4
bar,2025-01-24,credito_vista,1332.34
bar,2025-01-24,credito_4x,755.94
bar,2025-01-25,pix,1938.22
bar,2025-01-25,debito,2297.91
bar,2025-01-25,credito_vista,2152.18
bar,2025-01-25,credito_4x,710.74
bar,2025-01-26,pix,865.07
bar,2025-01-26,debito,809.87
bar,2025-01-26,credito_vista,621.0
bar,2025-01-26,credito_4x,270.7
bar,2025-01-27,pix,843.76
bar,2025-01-27,debito,736.93
bar,2025-01-27,credito_vista,603.23
bar,2025-01-27,credito_4x,277.59
bar,2025-01-28,pix,1032.75
bar,2025-01-28,debito,768.08
bar,2025-01-28,credito_vista,642.63
bar,2025-01-28,credito_4x,229.08
bar,2025-01-29,pix,1137.09
bar,2025-01-29,debito,1096.21
bar,2025-01-29,credito_vista,914.62
bar,2025-01-29,credito_4x,309.04
bar,2025-01-30,pix,1077.71
bar,2025-01-30,debito,932.19
bar,2025-01-30,credito_vista,1164.0
bar,2025-01-30,credito_4x,604.37
bar,2025-01-31,pix,2029.15
bar,2025-01-31,debito,1375.99
bar,2025-01-31,credito_vista,1914.02
bar,2025-01-31,credito_4x,492.83
bar,2025-02-01,pix,2460.98
bar,2025-02-01,debito,2394.56
bar,2025-02-01,credito_vista,2045.58
bar,2025-02-01,credito_4x,965.81
bar,2025-02-02,pix,1302.54
bar,2025-02-02,debito,1200.53
bar,2025-02-02,credito_vista,1268.72
bar,2025-02-02,credito_4x,504.2
bar,2025-02-03,pix,914.58
bar,2025-02-03,debito,823.8
bar,2025-02-03,credito_vista,863.01
bar,2025-02-03,credito_4x,440.88
bar,2025-02-04,pix,921.65
bar,2025-02-04,debito,967.78
bar,2025-02-04,credito_vista,886.52
bar,2025-02-04,credito_4x,431.89
bar,2025-02-05,pix,1122.36
bar,2025-02-05,debito,911.93
bar,2025-02-05,credito_vista,1173.68
bar,2025-02-05,credito_4x,253.05
bar,2025-02-06,pix,1600.07
bar,2025-02-06,debito,1382.42
bar,2025-02-06,credito_vista,1298.36
bar,2025-02-06,credito_4x,537.23
bar,2025-02-07,pix,2803.85
bar,2025-02-07,debito,2292.63
bar,2025-02-07,credito_vista,1975.58
bar,2025-02-07,credito_4x,807.84
bar,2025-02-08,pix,2470.13
bar,2025-02-08,debito,2110.35
bar,2025-02-08,credito_vista,1739.11
bar,2025-02-08,credito_4x,996.5
bar,2025-02-09,pix,952.99
bar,2025-02-09,debito,841.29
bar,2025-02-09,credito_vista,778.7
bar,2025-02-09,credito_4x,275.9
bar,2025-02-10,pix,1001.83
bar,2025-02-10,debito,793.57
bar,2025-02-10,credito_vista,735.51
bar,2025-02-10,credito_4x,328.43
bar,2025-02-11,pix,1152.65
bar,2025-02-11,debito,1107.58
bar,2025-02-11,credito_vista,918.82
bar,2025-02-11,credito_4x,312.58
bar,2025-02-12,pix,1424.87
bar,2025-02-12,debito,1075.43
bar,2025-02-12,credito_vista,1039.17
bar,2025-02-12,credito_4x,471.64
bar,2025-02-13,pix,1577.21
bar,2025-02-13,debito,1311.26
bar,2025-02-13,credito_vista,893.57
bar,2025-02-13,credito_4x,584.0
bar,2025-02-14,pix,1732.05
bar,2025-02-14,debito,1457.74
bar,2025-02-14,credito_vista,1446.78
bar,2025-02-14,credito_4x,915.35
bar,2025-02-15,pix,2171.54
bar,2025-02-15,debito,2019.76
bar,2025-02-15,credito_vista,1815.83
bar,2025-02-15,credito_4x,1041.94
bar,2025-02-16,pix,1006.47
bar,2025-02-16,debito,884.44
bar,2025-02-16,credito_vista,687.87
bar,2025-02-16,credito_4x,456.29
bar,2025-02-17,pix,893.48
bar,2025-02-17,debito,939.24
bar,2025-02-17,credito_vista,845.56
bar,2025-02-17,credito_4x,405.14
bar,2025-02-18,pix,1012.33
bar,2025-02-18,debito,956.53
bar,2025-02-18,credito_vista,1045.67
bar,2025-02-18,credito_4x,605.47
bar,2025-02-19,pix,1225.11
bar,2025-02-19,debito,1133.3
bar,2025-02-19,credito_vista,966.09
bar,2025-02-19,credito_4x,428.79
bar,2025-02-20,pix,1407.02
bar,2025-02-20,debito,1219.91
bar,2025-02-20,credito_vista,1243.51
bar,2025-02-20,credito_4x,605.36
bar,2025-02-21,pix,2035.04
bar,2025-02-21,debito,1828.88
bar,2025-02-21,credito_vista,1561.67
bar,2025-02-21,credito_4x,842.5
bar,2025-02-22,pix,2408.75
bar,2025-02-22,debito,2165.25
bar,2025-02-22,credito_vista,2032.98
bar,2025-02-22,credito_4x,542.84
bar,2025-02-23,pix,885.74
bar,2025-02-23,debito,968.37
bar,2025-02-23,credito_vista,1060.59
bar,2025-02-23,credito_4x,369.83
bar,2025-02-24,pix,728.51
bar,2025-02-24,debito,731.4
bar,2025-02-24,credito_vista,665.53
bar,2025-02-24,credito_4x,220.98
bar,2025-02-25,pix,1066.35
bar,2025-02-25,debito,723.51
bar,2025-02-25,credito_vista,691.24
bar,2025-02-25,credito_4x,277.66
bar,2025-02-26,pix,975.18
bar,2025-02-26,debito,954.74
bar,2025-02-26,credito_vista,712.26
bar,2025-02-26,credito_4x,412.45
bar,2025-02-27,pix,1187.98
bar,2025-02-27,debito,942.75
bar,2025-02-27,credito_vista,836.76
bar,2025-02-27,credito_4x,356.08
bar,2025-02-28,pix,1594.36
bar,2025-02-28,debito,1822.92
bar,2025-02-28,credito_vista,1356.84
bar,2025-02-28,credito_4x,608.65
bar,2025-03-01,pix,2808.81
bar,2025-03-01,debito,3094.79
bar,2025-03-01,credito_vista,2212.36
bar,2025-03-01,credito_4x,1160.48
bar,2025-03-02,pix,1046.01
bar,2025-03-02,debito,828.1
bar,2025-03-02,credito_vista,615.75
bar,2025-03-02,credito_4x,396.62
bar,2025-03-03,pix,1223.35
bar,2025-03-03,debito,1208.04
bar,2025-03-03,credito_vista,915.64
bar,2025-03-03,credito_4x,454.61
bar,2025-03-04,pix,868.58
bar,2025-03-04,debito,793.66
bar,2025-03-04,credito_vista,680.17
bar,2025-03-04,credito_4x,318.13
bar,2025-03-05,pix,1385.96
bar,2025-03-05,debito,935.79
bar,2025-03-05,credito_vista,1091.97
bar,2025-03-05,credito_4x,419.52
bar,2025-03-06,pix,1597.57
bar,2025-03-06,debito,1369.17
bar,2025-03-06,credito_vista,1193.32
bar,2025-03-06,credito_4x,463.68
bar,2025-03-07,pix,2610.93
bar,2025-03-07,debito,2078.07
bar,2025-03-07,credito_vista,1916.77
bar,2025-03-07,credito_4x,893.57
bar,2025-03-08,pix,2185.14
bar,2025-03-08,debito,2279.06
bar,2025-03-08,credito_vista,2655.44
bar,2025-03-08,credito_4x,1302.96
bar,2025-03-09,pix,1399.46
bar,2025-03-09,debito,1146.48
bar,2025-03-09,credito_vista,748.78
bar,2025-03-09,credito_4x,433.26
bar,2025-03-10,pix,1082.96
bar,2025-03-10,debito,775.88
bar,2025-03-10,credito_vista,876.82
bar,2025-03-10,credito_4x,423.3
bar,2025-03-11,pix,952.29
bar,2025-03-11,debito,853.75
bar,2025-03-11,credito_vista,956.34
bar,2025-03-11,credito_4x,260.77
bar,2025-03-12,pix,1422.39
bar,2025-03-12,debito,987.98
bar,2025-03-12,credito_vista,1002.66
bar,2025-03-12,credito_4x,744.45
bar,2025-03-13,pix,1538.25
bar,2025-03-13,debito,1006.47
bar,2025-03-13,credito_vista,1062.41
bar,2025-03-13,credito_4x,393.44
bar,2025-03-14,pix,1645.62
bar,2025-03-14,debito,1406.69
bar,2025-03-14,credito_vista,1390.1
bar,2025-03-14,credito_4x,643.56
bar,2025-03-15,pix,1676.69
bar,2025-03-15,debito,1730.12
bar,2025-03-15,credito_vista,1497.16
bar,2025-03-15,credito_4x,858.97
bar,2025-03-16,pix,925.03
bar,2025-03-16,debito,898.39
bar,2025-03-16,credito_vista,562.59
bar,2025-03-16,credito_4x,233.84
bar,2025-03-17,pix,1124.48
bar,2025-03-17,debito,969.68
bar,2025-03-17,credito_vista,827.71
bar,2025-03-17,credito_4x,345.09
bar,2025-03-18,pix,1254.9
bar,2025-03-18,debito,929.48
bar,2025-03-18,credito_vista,832.5
bar,2025-03-18,credito_4x,311.42
bar,2025-03-19,pix,995.6
bar,2025-03-19,debito,1312.42
bar,2025-03-19,credito_vista,1220.4
bar,2025-03-19,credito_4x,548.78
bar,2025-03-20,pix,1409.54
bar,2025-03-20,debito,1002.97
bar,2025-03-20,credito_vista,1092.54
bar,2025-03-20,credito_4x,360.9
bar,2025-03-21,pix,2138.97
bar,2025-03-21,debito,1557.77
bar,2025-03-21,credito_vista,1750.77
bar,2025-03-21,credito_4x,1009.33
bar,2025-03-22,pix,2531.59
bar,2025-03-22,debito,2197.29
bar,2025-03-22,credito_vista,2217.22
bar,2025-03-22,credito_4x,668.66
bar,2025-03-23,pix,811.9
bar,2025-03-23,debito,999.15
bar,2025-03-23,credito_vista,791.11
bar,2025-03-23,credito_4x,303.04
bar,2025-03-24,pix,1134.57
bar,2025-03-24,debito,876.98
bar,2025-03-24,credito_vista,882.57
bar,2025-03-24,credito_4x,362.11
bar,2025-03-25,pix,819.78
bar,2025-03-25,debito,748.38
bar,2025-03-25,credito_vista,690.33
bar,2025-03-25,credito_4x,389.02
bar,2025-03-26,pix,1044.05
bar,2025-03-26,debito,822.73
bar,2025-03-26,credito_vista,951.11
bar,2025-03-26,credito_4x,332.73
bar,2025-03-27,pix,941.64
bar,2025-03-27,debito,1145.54
bar,2025-03-27,credito_vista,989.38
bar,2025-03-27,credito_4x,435.06
bar,2025-03-28,pix,1811.45
bar,2025-03-28,debito,1267.15
bar,2025-03-28,credito_vista,907.27
bar,2025-03-28,credito_4x,680.66
bar,2025-03-29,pix,2378.47
bar,2025-03-29,debito,1857.17
bar,2025-03-29,credito_vista,1443.22
bar,2025-03-29,credito_4x,1055.57
bar,2025-03-30,pix,650.71
bar,2025-03-30,debito,875.1
bar,2025-03-30,credito_vista,655.09
bar,2025-03-30,credito_4x,371.95
bar,2025-03-31,pix,863.58
bar,2025-03-31,debito,861.19
bar,2025-03-31,credito_vista,661.47
bar,2025-03-31,credito_4x,365.51
bar,2025-04-01,pix,1326.5
bar,2025-04-01,debito,937.08
bar,2025-04-01,credito_vista,1244.19
bar,2025-04-01,credito_4x,348.83
bar,2025-04-02,pix,1536.74
bar,2025-04-02,debito,991.68
bar,2025-04-02,credito_vista,1112.88
bar,2025-04-02,credito_4x,709.06
bar,2025-04-03,pix,1807.88
bar,2025-04-03,debito,1331.59
bar,2025-04-03,credito_vista,1352.28
bar,2025-04-03,credito_4x,520.46
bar,2025-04-04,pix,2816.9
bar,2025-04-04,debito,1588.52
bar,2025-04-04,credito_vista,1608.07
bar,2025-04-04,credito_4x,840.17
bar,2025-04-05,pix,2535.54
bar,2025-04-05,debito,2127.43
bar,2025-04-05,credito_vista,1722.19
bar,2025-04-05,credito_4x,803.86
bar,2025-04-06,pix,1123.21
bar,2025-04-06,debito,927.76
bar,2025-04-06,credito_vista,808.55
bar,2025-04-06,credito_4x,458.86
bar,2025-04-07,pix,933.07
bar,2025-04-07,debito,763.38
bar,2025-04-07,credito_vista,499.12
bar,2025-04-07,credito_4x,312.95
bar,2025-04-08,pix,1009.71
bar,2025-04-08,debito,988.55
bar,2025-04-08,credito_vista,485.64
bar,2025-04-08,credito_4x,333.43
bar,2025-04-09,pix,1158.22
bar,2025-04-09,debito,807.84
bar,2025-04-09,credito_vista,764.62
bar,2025-04-09,credito_4x,538.32
bar,2025-04-10,pix,1319.55
bar,2025-04-10,debito,1310.88
bar,2025-04-10,credito_vista,926.96
bar,2025-04-10,credito_4x,318.52
bar,2025-04-11,pix,2166.87
bar,2025-04-11,debito,1733.8
bar,2025-04-11,credito_vista,1899.67
bar,2025-04-11,credito_4x,902.5
bar,2025-04-12,pix,1908.05
bar,2025-04-12,debito,1972.8
bar,2025-04-12,credito_vista,1628.56
bar,2025-04-12,credito_4x,520.14
bar,2025-04-13,pix,1029.14
bar,2025-04-13,debito,752.49
bar,2025-04-13,credito_vista,675.13
bar,2025-04-13,credito_4x,422.31
bar,2025-04-14,pix,1099.0
bar,2025-04-14,debito,1149.27
bar,2025-04-14,credito_vista,1046.06
bar,2025-04-14,credito_4x,352.26
bar,2025-04-15,pix,983.91
bar,2025-04-15,debito,988.36
bar,2025-04-15,credito_vista,588.88
bar,2025-04-15,credito_4x,533.48
bar,2025-04-16,pix,1299.28
bar,2025-04-16,debito,1238.02
bar,2025-04-16,credito_vista,988.49
bar,2025-04-16,credito_4x,588.69
bar,2025-04-17,pix,1150.11
bar,2025-04-17,debito,1092.9
bar,2025-04-17,credito_vista,894.01
bar,2025-04-17,credito_4x,422.98
bar,2025-04-18,pix,2101.28
bar,2025-04-18,debito,1794.5
bar,2025-04-18,credito_vista,1427.77
bar,2025-04-18,credito_4x,799.07
bar,2025-04-19,pix,2217.11
bar,2025-04-19,debito,1495.93
bar,2025-04-19,credito_vista,1293.99
bar,2025-04-19,credito_4x,969.1
bar,2025-04-20,pix,810.6
bar,2025-04-20,debito,876.68
bar,2025-04-20,credito_vista,670.77
bar,2025-04-20,credito_4x,535.26
bar,2025-04-21,pix,1282.23
bar,2025-04-21,debito,1029.34
bar,2025-04-21,credito_vista,811.75
bar,2025-04-21,credito_4x,308.36
bar,2025-04-22,pix,892.94
bar,2025-04-22,debito,716.17
bar,2025-04-22,credito_vista,569.87
bar,2025-04-22,credito_4x,239.57
bar,2025-04-23,pix,1292.5
bar,2025-04-23,debito,1042.12
bar,2025-04-23,credito_vista,1044.15
bar,2025-04-23,credito_4x,560.72
bar,2025-04-24,pix,1491.86
bar,2025-04-24,debito,1147.11
bar,2025-04-24,credito_vista,1091.36
bar,2025-04-24,credito_4x,549.31
bar,2025-04-25,pix,1466.85
bar,2025-04-25,debito,1610.84
bar,2025-04-25,credito_vista,1742.07
bar,2025-04-25,credito_4x,349.09
bar,2025-04-26,pix,1559.58
bar,2025-04-26,debito,1518.27
bar,2025-04-26,credito_vista,1189.73
bar,2025-04-26,credito_4x,634.12
bar,2025-04-27,pix,1089.21
bar,2025-04-27,debito,731.4
bar,2025-04-27,credito_vista,695.62
bar,2025-04-27,credito_4x,250.86
bar,2025-04-28,pix,943.58
bar,2025-04-28,debito,723.67
bar,2025-04-28,credito_vista,590.74
bar,2025-04-28,credito_4x,261.1
bar,2025-04-29,pix,984.65
bar,2025-04-29,debito,946.56
bar,2025-04-29,credito_vista,749.27
bar,2025-04-29,credito_4x,352.51
bar,2025-04-30,pix,1044.91
bar,2025-04-30,debito,1032.89
bar,2025-04-30,credito_vista,845.87
bar,2025-04-30,credito_4x,407.27
bar,2025-05-01,pix,1837.31
bar,2025-05-01,debito,1601.61
bar,2025-05-01,credito_vista,1662.08
bar,2025-05-01,credito_4x,521.44
bar,2025-05-02,pix,2268.74
bar,2025-05-02,debito,1915.04
bar,2025-05-02,credito_vista,1478.56
bar,2025-05-02,credito_4x,1005.35
bar,2025-05-03,pix,2422.69
bar,2025-05-03,debito,1869.5
bar,2025-05-03,credito_vista,1600.17
bar,2025-05-03,credito_4x,564.38
bar,2025-05-04,pix,1366.62
bar,2025-05-04,debito,940.26
bar,2025-05-04,credito_vista,754.85
bar,2025-05-04,credito_4x,363.48
bar,2025-05-05,pix,1213.84
bar,2025-05-05,debito,975.54
bar,2025-05-05,credito_vista,749.45
bar,2025-05-05,credito_4x,504.99
bar,2025-05-06,pix,1223.48
bar,2025-05-06,debito,1448.37
bar,2025-05-06,credito_vista,1153.03
bar,2025-05-06,credito_4x,473.03
bar,2025-05-07,pix,1542.8
bar,2025-05-07,debito,1324.15
bar,2025-05-07,credito_vista,1310.5
bar,2025-05-07,credito_4x,372.98
bar,2025-05-08,pix,1405.51
bar,2025-05-08,debito,1281.31
bar,2025-05-08,credito_vista,1391.22
bar,2025-05-08,credito_4x,680.83
bar,2025-05-09,pix,3194.78
bar,2025-05-09,debito,2506.37
bar,2025-05-09,credito_vista,1783.43
bar,2025-05-09,credito_4x,918.33
bar,2025-05-10,pix,2221.15
bar,2025-05-10,debito,1824.79
bar,2025-05-10,credito_vista,1442.83
bar,2025-05-10,credito_4x,755.02
bar,2025-05-11,pix,955.75
bar,2025-05-11,debito,673.65
bar,2025-05-11,credito_vista,760.23
bar,2025-05-11,credito_4x,340.91
bar,2025-05-12,pix,829.32
bar,2025-05-12,debito,782.17
bar,2025-05-12,credito_vista,652.41
bar,2025-05-12,credito_4x,335.06
bar,2025-05-13,pix,976.59
bar,2025-05-13,debito,1000.24
bar,2025-05-13,credito_vista,669.93
bar,2025-05-13,credito_4x,396.27
bar,2025-05-14,pix,996.65
bar,2025-05-14,debito,828.7
bar,2025-05-14,credito_vista,730.66
bar,2025-05-14,credito_4x,348.61
bar,2025-05-15,pix,1527.73
bar,2025-05-15,debito,1476.96
bar,2025-05-15,credito_vista,1079.99
bar,2025-05-15,credito_4x,393.25
bar,2025-05-16,pix,2061.47
bar,2025-05-16,debito,1659.86
bar,2025-05-16,credito_vista,1558.24
bar,2025-05-16,credito_4x,748.47
bar,2025-05-17,pix,1771.62
bar,2025-05-17,debito,1526.02
bar,2025-05-17,credito_vista,1339.9
bar,2025-05-17,credito_4x,721.57
bar,2025-05-18,pix,1094.6
bar,2025-05-18,debito,698.04
bar,2025-05-18,credito_vista,586.71
bar,2025-05-18,credito_4x,168.84
bar,2025-05-19,pix,1290.81
bar,2025-05-19,debito,875.53
bar,2025-05-19,credito_vista,766.03
bar,2025-05-19,credito_4x,212.8
bar,2025-05-20,pix,1279.32
bar,2025-05-20,debito,1086.07
bar,2025-05-20,credito_vista,917.79
bar,2025-05-20,credito_4x,337.2
bar,2025-05-21,pix,1326.36
bar,2025-05-21,debito,1682.44
bar,2025-05-21,credito_vista,1228.88
bar,2025-05-21,credito_4x,495.23
bar,2025-05-22,pix,2051.8
bar,2025-05-22,debito,1672.85
bar,2025-05-22,credito_vista,1259.76
bar,2025-05-22,credito_4x,860.74
bar,2025-05-23,pix,2138.03
bar,2025-05-23,debito,1828.75
bar,2025-05-23,credito_vista,2049.49
bar,2025-05-23,credito_4x,572.5
bar,2025-05-24,pix,1798.15
bar,2025-05-24,debito,1703.29
bar,2025-05-24,credito_vista,1715.92
bar,2025-05-24,credito_4x,606.81
bar,2025-05-25,pix,529.23
bar,2025-05-25,debito,509.19
bar,2025-05-25,credito_vista,590.16
bar,2025-05-25,credito_4x,201.67
bar,2025-05-26,pix,912.09
bar,2025-05-26,debito,713.4
bar,2025-05-26,credito_vista,752.81
bar,2025-05-26,credito_4x,418.19
bar,2025-05-27,pix,1022.34
bar,2025-05-27,debito,578.27
bar,2025-05-27,credito_vista,566.11
bar,2025-05-27,credito_4x,360.43
bar,2025-05-28,pix,998.59
bar,2025-05-28,debito,814.93
bar,2025-05-28,credito_vista,899.19
bar,2025-05-28,credito_4x,343.3
bar,2025-05-29,pix,1011.6
bar,2025-05-29,debito,1109.43
bar,2025-05-29,credito_vista,691.13
bar,2025-05-29,credito_4x,492.98
bar,2025-05-30,pix,1900.69
bar,2025-05-30,debito,1501.23
bar,2025-05-30,credito_vista,1386.08
bar,2025-05-30,credito_4x,644.55
bar,2025-05-31,pix,2427.07
bar,2025-05-31,debito,2242.16
bar,2025-05-31,credito_vista,1846.96
bar,2025-05-31,credito_4x,580.46
bar,2025-06-01,pix,1172.56
bar,2025-06-01,debito,1097.79
bar,2025-06-01,credito_vista,665.97
bar,2025-06-01,credito_4x,409.32
bar,2025-06-02,pix,995.58
bar,2025-06-02,debito,984.23
bar,2025-06-02,credito_vista,776.04
bar,2025-06-02,credito_4x,432.06
bar,2025-06-03,pix,979.51
bar,2025-06-03,debito,815.42
bar,2025-06-03,credito_vista,856.21
bar,2025-06-03,credito_4x,301.43
bar,2025-06-04,pix,1001.14
bar,2025-06-04,debito,865.2
bar,2025-06-04,credito_vista,768.48
bar,2025-06-04,credito_4x,328.87
bar,2025-06-05,pix,1434.45
bar,2025-06-05,debito,1325.16
bar,2025-06-05,credito_vista,983.8
bar,2025-06-05,credito_4x,353.55
bar,2025-06-06,pix,1959.54
bar,2025-06-06,debito,2033.78
bar,2025-06-06,credito_vista,1783.42
bar,2025-06-06,credito_4x,907.64
bar,2025-06-07,pix,3120.59
bar,2025-06-07,debito,3223.78
bar,2025-06-07,credito_vista,2115.67
bar,2025-06-07,credito_4x,938.54
bar,2025-06-08,pix,1179.34
bar,2025-06-08,debito,874.71
bar,2025-06-08,credito_vista,874.01
bar,2025-06-08,credito_4x,382.18
bar,2025-06-09,pix,1280.24
bar,2025-06-09,debito,954.81
bar,2025-06-09,credito_vista,798.53
bar,2025-06-09,credito_4x,688.11
bar,2025-06-10,pix,882.77
bar,2025-06-10,debito,1082.79
bar,2025-06-10,credito_vista,843.6
bar,2025-06-10,credito_4x,402.56
bar,2025-06-11,pix,1073.62
bar,2025-06-11,debito,927.48
bar,2025-06-11,credito_vista,713.5
bar,2025-06-11,credito_4x,223.56
bar,2025-06-12,pix,1096.66
bar,2025-06-12,debito,1032.63
bar,2025-06-12,credito_vista,769.67
bar,2025-06-12,credito_4x,513.05
bar,2025-06-13,pix,1875.23
bar,2025-06-13,debito,1330.64
bar,2025-06-13,credito_vista,1486.01
bar,2025-06-13,credito_4x,729.41
bar,2025-06-14,pix,3756.77
bar,2025-06-14,debito,1886.39
bar,2025-06-14,credito_vista,1683.23
bar,2025-06-14,credito_4x,1519.68
bar,2025-06-15,pix,725.02
bar,2025-06-15,debito,826.87
bar,2025-06-15,credito_vista,782.15
bar,2025-06-15,credito_4x,235.37
bar,2025-06-16,pix,977.66
bar,2025-06-16,debito,1010.93
bar,2025-06-16,credito_vista,801.73
bar,2025-06-16,credito_4x,505.22
bar,2025-06-17,pix,1115.32
bar,2025-06-17,debito,641.43
bar,2025-06-17,credito_vista,624.31
bar,2025-06-17,credito_4x,327.7
bar,2025-06-18,pix,1180.74
bar,2025-06-18,debito,997.19
bar,2025-06-18,credito_vista,1049.92
bar,2025-06-18,credito_4x,814.82
bar,2025-06-19,pix,1595.15
bar,2025-06-19,debito,1161.75
bar,2025-06-19,credito_vista,1016.85
bar,2025-06-19,credito_4x,414.95
bar,2025-06-20,pix,1951.57
bar,2025-06-20,debito,1580.86
bar,2025-06-20,credito_vista,1550.97
bar,2025-06-20,credito_4x,812.43
bar,2025-06-21,pix,2092.7
bar,2025-06-21,debito,1938.39
bar,2025-06-21,credito_vista,1545.83
bar,2025-06-21,credito_4x,1037.34
bar,2025-06-22,pix,937.64
bar,2025-06-22,debito,722.92
bar,2025-06-22,credito_vista,697.8
bar,2025-06-22,credito_4x,264.33
bar,2025-06-23,pix,1112.01
bar,2025-06-23,debito,906.99
bar,2025-06-23,credito_vista,783.75
bar,2025-06-23,credito_4x,296.75
bar,2025-06-24,pix,981.73
bar,2025-06-24,debito,859.78
bar,2025-06-24,credito_vista,740.74
bar,2025-06-24,credito_4x,314.72
bar,2025-06-25,pix,1025.88
bar,2025-06-25,debito,590.41
bar,2025-06-25,credito_vista,623.27
bar,2025-06-25,credito_4x,345.87
bar,2025-06-26,pix,803.77
bar,2025-06-26,debito,829.45
bar,2025-06-26,credito_vista,902.24
bar,2025-06-26,credito_4x,323.12
bar,2025-06-27,pix,1958.15
bar,2025-06-27,debito,1440.1
bar,2025-06-27,credito_vista,1567.7
bar,2025-06-27,credito_4x,565.36
bar,2025-06-28,pix,2929.33
bar,2025-06-28,debito,1971.21
bar,2025-06-28,credito_vista,1517.55
bar,2025-06-28,credito_4x,932.29
bar,2025-06-29,pix,834.88
bar,2025-06-29,debito,691.68
bar,2025-06-29,credito_vista,752.2
bar,2025-06-29,credito_4x,380.57
bar,2025-06-30,pix,910.86
bar,2025-06-30,debito,790.0
bar,2025-06-30,credito_vista,600.03
bar,2025-06-30,credito_4x,247.0
bar,2025-07-01,pix,1250.75
bar,2025-07-01,debito,825.67
bar,2025-07-01,credito_vista,749.96
bar,2025-07-01,credito_4x,712.19
bar,2025-07-02,pix,1695.29
bar,2025-07-02,debito,1293.46
bar,2025-07-02,credito_vista,1178.2
bar,2025-07-02,credito_4x,426.64
bar,2025-07-03,pix,1484.52
bar,2025-07-03,debito,1131.08
bar,2025-07-03,credito_vista,1253.6
bar,2025-07-03,credito_4x,559.99
bar,2025-07-04,pix,2181.96
bar,2025-07-04,debito,1408.89
bar,2025-07-04,credito_vista,1753.13
bar,2025-07-04,credito_4x,790.51
bar,2025-07-05,pix,2348.3
bar,2025-07-05,debito,2706.59
bar,2025-07-05,credito_vista,2006.13
bar,2025-07-05,credito_4x,1340.11
bar,2025-07-06,pix,1147.48
bar,2025-07-06,debito,874.92
bar,2025-07-06,credito_vista,911.51
bar,2025-07-06,credito_4x,417.35
bar,2025-07-07,pix,1355.45
bar,2025-07-07,debito,1239.28
bar,2025-07-07,credito_vista,780.81
bar,2025-07-07,credito_4x,494.12
bar,2025-07-08,pix,1079.99
bar,2025-07-08,debito,935.53
bar,2025-07-08,credito_vista,1095.37
bar,2025-07-08,credito_4x,347.51
bar,2025-07-09,pix,1035.7
bar,2025-07-09,debito,917.85
bar,2025-07-09,credito_vista,807.32
bar,2025-07-09,credito_4x,349.57
bar,2025-07-10,pix,1180.91
bar,2025-07-10,debito,1019.9
bar,2025-07-10,credito_vista,780.3
bar,2025-07-10,credito_4x,399.58
bar,2025-07-11,pix,2927.65
bar,2025-07-11,debito,1960.34
bar,2025-07-11,credito_vista,1741.87
bar,2025-07-11,credito_4x,725.44
bar,2025-07-12,pix,2551.54
bar,2025-07-12,debito,2403.21
bar,2025-07-12,credito_vista,2255.52
bar,2025-07-12,credito_4x,967.46
bar,2025-07-13,pix,1223.38
bar,2025-07-13,debito,661.05
bar,2025-07-13,credito_vista,591.21
bar,2025-07-13,credito_4x,287.39
bar,2025-07-14,pix,919.12
bar,2025-07-14,debito,676.75
bar,2025-07-14,credito_vista,730.21
bar,2025-07-14,credito_4x,347.13
bar,2025-07-15,pix,1271.97
bar,2025-07-15,debito,895.26
bar,2025-07-15,credito_vista,1069.93
bar,2025-07-15,credito_4x,463.58
bar,2025-07-16,pix,1272.58
bar,2025-07-16,debito,677.51
bar,2025-07-16,credito_vista,615.94
bar,2025-07-16,credito_4x,299.49
bar,2025-07-17,pix,1054.73
bar,2025-07-17,debito,888.65
bar,2025-07-17,credito_vista,840.96
bar,2025-07-17,credito_4x,536.81
bar,2025-07-18,pix,1867.41
bar,2025-07-18,debito,1524.45
bar,2025-07-18,credito_vista,1784.38
bar,2025-07-18,credito_4x,1236.37
bar,2025-07-19,pix,2265.28
bar,2025-07-19,debito,1480.73
bar,2025-07-19,credito_vista,1621.26
bar,2025-07-19,credito_4x,697.1
bar,2025-07-20,pix,930.21
bar,2025-07-20,debito,729.21
bar,2025-07-20,credito_vista,739.11
bar,2025-07-20,credito_4x,416.19
bar,2025-07-21,pix,824.13
bar,2025-07-21,debito,780.06
bar,2025-07-21,credito_vista,744.48
bar,2025-07-21,credito_4x,396.08
bar,2025-07-22,pix,1022.75
bar,2025-07-22,debito,940.68
bar,2025-07-22,credito_vista,793.38
bar,2025-07-22,credito_4x,406.99
bar,2025-07-23,pix,1376.36
bar,2025-07-23,debito,959.14
bar,2025-07-23,credito_vista,1062.2
bar,2025-07-23,credito_4x,731.03
bar,2025-07-24,pix,1483.37
bar,2025-07-24,debito,957.64
bar,2025-07-24,credito_vista,932.14
bar,2025-07-24,credito_4x,484.39
bar,2025-07-25,pix,1779.11
bar,2025-07-25,debito,1934.94
bar,2025-07-25,credito_vista,1240.03
bar,2025-07-25,credito_4x,772.56
bar,2025-07-26,pix,1208.35
bar,2025-07-26,debito,1209.98
bar,2025-07-26,credito_vista,972.18
bar,2025-07-26,credito_4x,595.45
bar,2025-07-27,pix,918.34
bar,2025-07-27,debito,696.7
bar,2025-07-27,credito_vista,718.68
bar,2025-07-27,credito_4x,163.44
bar,2025-07-28,pix,755.11
bar,2025-07-28,debito,651.57
bar,2025-07-28,credito_vista,617.35
bar,2025-07-28,credito_4x,170.96
bar,2025-07-29,pix,773.88
bar,2025-07-29,debito,658.69
bar,2025-07-29,credito_vista,571.42
bar,2025-07-29,credito_4x,193.71
bar,2025-07-30,pix,776.26
bar,2025-07-30,debito,807.09
bar,2025-07-30,credito_vista,740.5
bar,2025-07-30,credito_4x,319.79
bar,2025-07-31,pix,1070.55
bar,2025-07-31,debito,921.09
bar,2025-07-31,credito_vista,799.03
bar,2025-07-31,credito_4x,438.23
bar,2025-08-01,pix,2496.54
bar,2025-08-01,debito,2489.76
bar,2025-08-01,credito_vista,1536.97
bar,2025-08-01,credito_4x,681.64
bar,2025-08-02,pix,1290.01
bar,2025-08-02,debito,1609.35
bar,2025-08-02,credito_vista,1849.96
bar,2025-08-02,credito_4x,844.02
bar,2025-08-03,pix,1046.61
bar,2025-08-03,debito,933.81
bar,2025-08-03,credito_vista,774.41
bar,2025-08-03,credito_4x,310.91
bar,2025-08-04,pix,1127.71
bar,2025-08-04,debito,752.42
bar,2025-08-04,credito_vista,772.85
bar,2025-08-04,credito_4x,174.17
bar,2025-08-05,pix,882.86
bar,2025-08-05,debito,993.86
bar,2025-08-05,credito_vista,790.1
bar,2025-08-05,credito_4x,435.79
bar,2025-08-06,pix,1150.82
bar,2025-08-06,debito,1441.22
bar,2025-08-06,credito_vista,1081.95
bar,2025-08-06,credito_4x,576.0
bar,2025-08-07,pix,1175.96
bar,2025-08-07,debito,1411.08
bar,2025-08-07,credito_vista,1144.38
bar,2025-08-07,credito_4x,726.33
bar,2025-08-08,pix,2817.28
bar,2025-08-08,debito,2128.01
bar,2025-08-08,credito_vista,1667.9
bar,2025-08-08,credito_4x,938.07
bar,2025-08-09,pix,2261.79
bar,2025-08-09,debito,1978.28
bar,2025-08-09,credito_vista,1416.81
bar,2025-08-09,credito_4x,1115.8
bar,2025-08-10,pix,1086.3
bar,2025-08-10,debito,688.69
bar,2025-08-10,credito_vista,615.72
bar,2025-08-10,credito_4x,323.35
bar,2025-08-11,pix,866.65
bar,2025-08-11,debito,798.33
bar,2025-08-11,credito_vista,696.05
bar,2025-08-11,credito_4x,298.83
bar,2025-08-12,pix,906.77
bar,2025-08-12,debito,997.07
bar,2025-08-12,credito_vista,664.25
bar,2025-08-12,credito_4x,485.17
bar,2025-08-13,pix,1099.79
bar,2025-08-13,debito,920.86
bar,2025-08-13,credito_vista,952.14
bar,2025-08-13,credito_4x,451.37
bar,2025-08-14,pix,1034.52
bar,2025-08-14,debito,867.74
bar,2025-08-14,credito_vista,891.73
bar,2025-08-14,credito_4x,324.94
bar,2025-08-15,pix,2361.96
bar,2025-08-15,debito,1326.81
bar,2025-08-15,credito_vista,1525.18
bar,2025-08-15,credito_4x,543.24
bar,2025-08-16,pix,2515.11
bar,2025-08-16,debito,1628.14
bar,2025-08-16,credito_vista,1829.07
bar,2025-08-16,credito_4x,504.14
bar,2025-08-17,pix,1335.5
bar,2025-08-17,debito,923.61
bar,2025-08-17,credito_vista,1126.06
bar,2025-08-17,credito_4x,385.73
bar,2025-08-18,pix,1127.91
bar,2025-08-18,debito,978.07
bar,2025-08-18,credito_vista,1011.89
bar,2025-08-18,credito_4x,386.97
bar,2025-08-19,pix,949.75
bar,2025-08-19,debito,698.46
bar,2025-08-19,credito_vista,557.04
bar,2025-08-19,credito_4x,347.78
bar,2025-08-20,pix,1020.82
bar,2025-08-20,debito,976.83
bar,2025-08-20,credito_vista,756.27
bar,2025-08-20,credito_4x,418.5
bar,2025-08-21,pix,1003.48
bar,2025-08-21,debito,993.82
bar,2025-08-21,credito_vista,612.62
bar,2025-08-21,credito_4x,279.68
bar,2025-08-22,pix,1774.98
bar,2025-08-22,debito,1349.36
bar,2025-08-22,credito_vista,1296.57
bar,2025-08-22,credito_4x,725.16
bar,2025-08-23,pix,2284.82
bar,2025-08-23,debito,2083.04
bar,2025-08-23,credito_vista,1619.38
bar,2025-08-23,credito_4x,533.04
bar,2025-08-24,pix,1078.1
bar,2025-08-24,debito,1026.66
bar,2025-08-24,credito_vista,773.08
bar,2025-08-24,credito_4x,336.0
bar,2025-08-25,pix,689.49
bar,2025-08-25,debito,672.57
bar,2025-08-25,credito_vista,536.67
bar,2025-08-25,credito_4x,281.15
bar,2025-08-26,pix,834.35
bar,2025-08-26,debito,723.21
bar,2025-08-26,credito_vista,569.78
bar,2025-08-26,credito_4x,235.96
bar,2025-08-27,pix,635.16
bar,2025-08-27,debito,558.92
bar,2025-08-27,credito_vista,536.35
bar,2025-08-27,credito_4x,281.37
bar,2025-08-28,pix,1196.34
bar,2025-08-28,debito,809.99
bar,2025-08-28,credito_vista,843.05
bar,2025-08-28,credito_4x,384.2
bar,2025-08-29,pix,1436.37
bar,2025-08-29,debito,1272.38
bar,2025-08-29,credito_vista,1061.84
bar,2025-08-29,credito_4x,479.17
bar,2025-08-30,pix,1895.23
bar,2025-08-30,debito,1230.13
bar,2025-08-30,credito_vista,1340.23
bar,2025-08-30,credito_4x,666.31
bar,2025-08-31,pix,793.61
bar,2025-08-31,debito,618.19
bar,2025-08-31,credito_vista,517.77
bar,2025-08-31,credito_4x,187.15
bar,2025-09-01,pix,1017.4
bar,2025-09-01,debito,818.58
bar,2025-09-01,credito_vista,802.54
bar,2025-09-01,credito_4x,296.4
bar,2025-09-02,pix,957.3
bar,2025-09-02,debito,661.68
bar,2025-09-02,credito_vista,564.95
bar,2025-09-02,credito_4x,163.27
bar,2025-09-03,pix,848.13
bar,2025-09-03,debito,819.63
bar,2025-09-03,credito_vista,834.21
bar,2025-09-03,credito_4x,314.04
bar,2025-09-04,pix,2073.51
bar,2025-09-04,debito,1219.89
bar,2025-09-04,credito_vista,1375.25
bar,2025-09-04,credito_4x,652.34
bar,2025-09-05,pix,1781.71
bar,2025-09-05,debito,1388.99
bar,2025-09-05,credito_vista,1326.93
bar,2025-09-05,credito_4x,466.37
bar,2025-09-06,pix,2000.1
bar,2025-09-06,debito,1586.79
bar,2025-09-06,credito_vista,1356.6
bar,2025-09-06,credito_4x,725.05
bar,2025-09-07,pix,1279.0
bar,2025-09-07,debito,965.13
bar,2025-09-07,credito_vista,1103.65
bar,2025-09-07,credito_4x,436.44
bar,2025-09-08,pix,1235.97
bar,2025-09-08,debito,1173.76
bar,2025-09-08,credito_vista,1210.58
bar,2025-09-08,credito_4x,637.09
bar,2025-09-09,pix,975.06
bar,2025-09-09,debito,689.36
bar,2025-09-09,credito_vista,705.59
bar,2025-09-09,credito_4x,247.46
bar,2025-09-10,pix,1253.29
bar,2025-09-10,debito,882.53
bar,2025-09-10,credito_vista,783.76
bar,2025-09-10,credito_4x,478.96
bar,2025-09-11,pix,1515.94
bar,2025-09-11,debito,928.1
bar,2025-09-11,credito_vista,976.56
bar,2025-09-11,credito_4x,419.87
bar,2025-09-12,pix,2772.92
bar,2025-09-12,debito,1898.86
bar,2025-09-12,credito_vista,1534.64
bar,2025-09-12,credito_4x,812.6
bar,2025-09-13,pix,2021.26
bar,2025-09-13,debito,1393.65
bar,2025-09-13,credito_vista,1224.06
bar,2025-09-13,credito_4x,598.79
bar,2025-09-14,pix,775.46
bar,2025-09-14,debito,705.13
bar,2025-09-14,credito_vista,620.89
bar,2025-09-14,credito_4x,488.23
bar,2025-09-15,pix,938.27
bar,2025-09-15,debito,879.57
bar,2025-09-15,credito_vista,842.13
bar,2025-09-15,credito_4x,341.06
bar,2025-09-16,pix,1166.23
bar,2025-09-16,debito,822.87
bar,2025-09-16,credito_vista,681.86
bar,2025-09-16,credito_4x,395.4
bar,2025-09-17,pix,980.12
bar,2025-09-17,debito,761.19
bar,2025-09-17,credito_vista,944.03
bar,2025-09-17,credito_4x,392.04
bar,2025-09-18,pix,1214.86
bar,2025-09-18,debito,1023.54
bar,2025-09-18,credito_vista,945.2
bar,2025-09-18,credito_4x,387.23
bar,2025-09-19,pix,1487.2
bar,2025-09-19,debito,1361.14
bar,2025-09-19,credito_vista,1197.16
bar,2025-09-19,credito_4x,368.09
bar,2025-09-20,pix,1793.45
bar,2025-09-20,debito,1599.56
bar,2025-09-20,credito_vista,1784.43
bar,2025-09-20,credito_4x,737.33
bar,2025-09-21,pix,813.93
bar,2025-09-21,debito,638.5
bar,2025-09-21,credito_vista,817.49
bar,2025-09-21,credito_4x,305.81
bar,2025-09-22,pix,727.59
bar,2025-09-22,debito,861.67
bar,2025-09-22,credito_vista,897.06
bar,2025-09-22,credito_4x,289.46
bar,2025-09-23,pix,899.15
bar,2025-09-23,debito,749.91
bar,2025-09-23,credito_vista,580.55
bar,2025-09-23,credito_4x,404.45
bar,2025-09-24,pix,1267.1
bar,2025-09-24,debito,968.23
bar,2025-09-24,credito_vista,923.34
bar,2025-09-24,credito_4x,327.59
bar,2025-09-25,pix,1195.25
bar,2025-09-25,debito,1089.57
bar,2025-09-25,credito_vista,1017.56
bar,2025-09-25,credito_4x,469.68
bar,2025-09-26,pix,1946.71
bar,2025-09-26,debito,1476.73
bar,2025-09-26,credito_vista,963.21
bar,2025-09-26,credito_4x,727.31
bar,2025-09-27,pix,1865.8
bar,2025-09-27,debito,1802.18
bar,2025-09-27,credito_vista,1428.02
bar,2025-09-27,credito_4x,708.79
bar,2025-09-28,pix,738.5
bar,2025-09-28,debito,740.88
bar,2025-09-28,credito_vista,742.46
bar,2025-09-28,credito_4x,209.5
bar,2025-09-29,pix,829.58
bar,2025-09-29,debito,555.43
bar,2025-09-29,credito_vista,722.32
bar,2025-09-29,credito_4x,304.66
bar,2025-09-30,pix,753.75
bar,2025-09-30,debito,564.59
bar,2025-09-30,credito_vista,763.92
bar,2025-09-30,credito_4x,222.18
bar,2025-10-01,pix,1147.91
bar,2025-10-01,debito,979.39
bar,2025-10-01,credito_vista,1156.45
bar,2025-10-01,credito_4x,465.62
bar,2025-10-02,pix,1383.03
bar,2025-10-02,debito,1076.37
bar,2025-10-02,credito_vista,1047.0
bar,2025-10-02,credito_4x,435.77
bar,2025-10-03,pix,2904.3
bar,2025-10-03,debito,2121.62
bar,2025-10-03,credito_vista,1858.75
bar,2025-10-03,credito_4x,1138.83
bar,2025-10-04,pix,2884.23
bar,2025-10-04,debito,2729.06
bar,2025-10-04,credito_vista,1873.31
bar,2025-10-04,credito_4x,841.95
bar,2025-10-05,pix,1050.55
bar,2025-10-05,debito,839.9
bar,2025-10-05,credito_vista,777.14
bar,2025-10-05,credito_4x,451.26
bar,2025-10-06,pix,977.04
bar,2025-10-06,debito,755.0
bar,2025-10-06,credito_vista,578.45
bar,2025-10-06,credito_4x,300.52
bar,2025-10-07,pix,932.89
bar,2025-10-07,debito,842.9
bar,2025-10-07,credito_vista,648.28
bar,2025-10-07,credito_4x,208.21
bar,2025-10-08,pix,1368.09
bar,2025-10-08,debito,1177.21
bar,2025-10-08,credito_vista,1070.09
bar,2025-10-08,credito_4x,605.69
bar,2025-10-09,pix,1554.57
bar,2025-10-09,debito,1008.72
bar,2025-10-09,credito_vista,991.48
bar,2025-10-09,credito_4x,606.17
bar,2025-10-10,pix,2327.86
bar,2025-10-10,debito,1664.6
bar,2025-10-10,credito_vista,1856.28
bar,2025-10-10,credito_4x,702.62
bar,2025-10-11,pix,1262.61
bar,2025-10-11,debito,1267.21
bar,2025-10-11,credito_vista,1622.86
bar,2025-10-11,credito_4x,374.38
bar,2025-10-12,pix,1220.98
bar,2025-10-12,debito,902.24
bar,2025-10-12,credito_vista,702.25
bar,2025-10-12,credito_4x,230.99
bar,2025-10-13,pix,781.13
bar,2025-10-13,debito,799.79
bar,2025-10-13,credito_vista,846.09
bar,2025-10-13,credito_4x,439.79
bar,2025-10-14,pix,885.44
bar,2025-10-14,debito,660.66
bar,2025-10-14,credito_vista,600.25
bar,2025-10-14,credito_4x,250.9
bar,2025-10-15,pix,1141.03
bar,2025-10-15,debito,812.13
bar,2025-10-15,credito_vista,692.09
bar,2025-10-15,credito_4x,384.94
bar,2025-10-16,pix,1475.22
bar,2025-10-16,debito,899.77
bar,2025-10-16,credito_vista,943.72
bar,2025-10-16,credito_4x,471.08
bar,2025-10-17,pix,1822.55
bar,2025-10-17,debito,1610.19
bar,2025-10-17,credito_vista,1796.73
bar,2025-10-17,credito_4x,380.5
bar,2025-10-18,pix,2093.19
bar,2025-10-18,debito,1736.66
bar,2025-10-18,credito_vista,1437.69
bar,2025-10-18,credito_4x,607.36
bar,2025-10-19,pix,821.22
bar,2025-10-19,debito,827.26
bar,2025-10-19,credito_vista,707.46
bar,2025-10-19,credito_4x,291.43
bar,2025-10-20,pix,951.03
bar,2025-10-20,debito,810.45
bar,2025-10-20,credito_vista,429.26
bar,2025-10-20,credito_4x,397.75
bar,2025-10-21,pix,899.34
bar,2025-10-21,debito,963.6
bar,2025-10-21,credito_vista,723.98
bar,2025-10-21,credito_4x,362.62
bar,2025-10-22,pix,1318.05
bar,2025-10-22,debito,1203.58
bar,2025-10-22,credito_vista,1061.76
bar,2025-10-22,credito_4x,407.74
bar,2025-10-23,pix,633.13
bar,2025-10-23,debito,739.19
bar,2025-10-23,credito_vista,655.22
bar,2025-10-23,credito_4x,220.78
bar,2025-10-24,pix,1687.29
bar,2025-10-24,debito,1341.8
bar,2025-10-24,credito_vista,1507.33
bar,2025-10-24,credito_4x,847.87
bar,2025-10-25,pix,2134.54
bar,2025-10-25,debito,1542.15
bar,2025-10-25,credito_vista,1461.95
bar,2025-10-25,credito_4x,555.14
bar,2025-10-26,pix,856.34
bar,2025-10-26,debito,751.54
bar,2025-10-26,credito_vista,686.66
bar,2025-10-26,credito_4x,241.33
bar,2025-10-27,pix,754.56
bar,2025-10-27,debito,644.88
bar,2025-10-27,credito_vista,587.11
bar,2025-10-27,credito_4x,307.3
bar,2025-10-28,pix,740.91
bar,2025-10-28,debito,412.01
bar,2025-10-28,credito_vista,583.68
bar,2025-10-28,credito_4x,181.51
bar,2025-10-29,pix,1164.48
bar,2025-10-29,debito,705.83
bar,2025-10-29,credito_vista,764.2
bar,2025-10-29,credito_4x,464.15
bar,2025-10-30,pix,1536.32
bar,2025-10-30,debito,1098.86
bar,2025-10-30,credito_vista,1089.32
bar,2025-10-30,credito_4x,434.09
bar,2025-10-31,pix,1480.08
bar,2025-10-31,debito,796.51
bar,2025-10-31,credito_vista,1221.63
bar,2025-10-31,credito_4x,385.49
bar,2025-11-01,pix,2686.43
bar,2025-11-01,debito,1819.24
bar,2025-11-01,credito_vista,2128.5
bar,2025-11-01,credito_4x,1055.32
bar,2025-11-02,pix,980.12
bar,2025-11-02,debito,824.19
bar,2025-11-02,credito_vista,706.18
bar,2025-11-02,credito_4x,322.86
bar,2025-11-03,pix,1015.6
bar,2025-11-03,debito,791.85
bar,2025-11-03,credito_vista,745.8
bar,2025-11-03,credito_4x,401.59
bar,2025-11-04,pix,1089.34
bar,2025-11-04,debito,661.31
bar,2025-11-04,credito_vista,692.36
bar,2025-11-04,credito_4x,249.51
bar,2025-11-05,pix,1127.75
bar,2025-11-05,debito,942.7
bar,2025-11-05,credito_vista,940.31
bar,2025-11-05,credito_4x,433.77
bar,2025-11-06,pix,1664.52
bar,2025-11-06,debito,1452.12
bar,2025-11-06,credito_vista,1122.98
bar,2025-11-06,credito_4x,607.46
bar,2025-11-07,pix,2596.85
bar,2025-11-07,debito,1723.12
bar,2025-11-07,credito_vista,1394.86
bar,2025-11-07,credito_4x,1022.25
bar,2025-11-08,pix,2704.05
bar,2025-11-08,debito,2383.01
bar,2025-11-08,credito_vista,2638.54
bar,2025-11-08,credito_4x,894.03
bar,2025-11-09,pix,1402.68
bar,2025-11-09,debito,933.96
bar,2025-11-09,credito_vista,848.65
bar,2025-11-09,credito_4x,339.44
bar,2025-11-10,pix,996.0
bar,2025-11-10,debito,964.64
bar,2025-11-10,credito_vista,766.18
bar,2025-11-10,credito_4x,468.73
bar,2025-11-11,pix,1249.0
bar,2025-11-11,debito,1040.37
bar,2025-11-11,credito_vista,842.44
bar,2025-11-11,credito_4x,555.34
bar,2025-11-12,pix,1286.25
bar,2025-11-12,debito,1063.99
bar,2025-11-12,credito_vista,873.03
bar,2025-11-12,credito_4x,310.14
bar,2025-11-13,pix,1369.1
bar,2025-11-13,debito,1185.32
bar,2025-11-13,credito_vista,1104.8
bar,2025-11-13,credito_4x,509.65
bar,2025-11-14,pix,2048.25
bar,2025-11-14,debito,1465.81
bar,2025-11-14,credito_vista,1364.77
bar,2025-11-14,credito_4x,534.17
bar,2025-11-15,pix,1935.64
bar,2025-11-15,debito,1812.61
bar,2025-11-15,credito_vista,1944.12
bar,2025-11-15,credito_4x,626.7
bar,2025-11-16,pix,875.68
bar,2025-11-16,debito,677.18
bar,2025-11-16,credito_vista,660.5
bar,2025-11-16,credito_4x,239.78
bar,2025-11-17,pix,1123.34
bar,2025-11-17,debito,842.88
bar,2025-11-17,credito_vista,839.76
bar,2025-11-17,credito_4x,343.36
bar,2025-11-18,pix,841.36
bar,2025-11-18,debito,709.08
bar,2025-11-18,credito_vista,630.14
bar,2025-11-18,credito_4x,240.55
bar,2025-11-19,pix,1158.1
bar,2025-11-19,debito,1217.48
bar,2025-11-19,credito_vista,1035.16
bar,2025-11-19,credito_4x,316.99
bar,2025-11-20,pix,1281.07
bar,2025-11-20,debito,1085.71
bar,2025-11-20,credito_vista,766.41
bar,2025-11-20,credito_4x,492.41
bar,2025-11-21,pix,2250.3
bar,2025-11-21,debito,1994.36
bar,2025-11-21,credito_vista,1675.07
bar,2025-11-21,credito_4x,784.38
bar,2025-11-22,pix,2100.29
bar,2025-11-22,debito,2316.31
bar,2025-11-22,credito_vista,1810.5
bar,2025-11-22,credito_4x,780.75
bar,2025-11-23,pix,1261.83
bar,2025-11-23,debito,1044.71
bar,2025-11-23,credito_vista,795.82
bar,2025-11-23,credito_4x,409.29
bar,2025-11-24,pix,1024.35
bar,2025-11-24,debito,895.4
bar,2025-11-24,credito_vista,721.33
bar,2025-11-24,credito_4x,422.76
bar,2025-11-25,pix,760.4
bar,2025-11-25,debito,617.85
bar,2025-11-25,credito_vista,507.3
bar,2025-11-25,credito_4x,151.27
bar,2025-11-26,pix,1057.38
bar,2025-11-26,debito,929.28
bar,2025-11-26,credito_vista,718.51
bar,2025-11-26,credito_4x,288.3
bar,2025-11-27,pix,997.07
bar,2025-11-27,debito,768.3
bar,2025-11-27,credito_vista,684.86
bar,2025-11-27,credito_4x,338.19
bar,2025-11-28,pix,1490.9
bar,2025-11-28,debito,1260.73
bar,2025-11-28,credito_vista,1368.02
bar,2025-11-28,credito_4x,647.81
bar,2025-11-29,pix,2052.96
bar,2025-11-29,debito,2060.11
bar,2025-11-29,credito_vista,1852.1
bar,2025-11-29,credito_4x,1039.53
bar,2025-11-30,pix,931.59
bar,2025-11-30,debito,913.51
bar,2025-11-30,credito_vista,649.44
bar,2025-11-30,credito_4x,245.62
bar,2025-12-01,pix,1061.56
bar,2025-12-01,debito,758.6
bar,2025-12-01,credito_vista,663.45
bar,2025-12-01,credito_4x,255.7
bar,2025-12-02,pix,1026.29
bar,2025-12-02,debito,834.71
bar,2025-12-02,credito_vista,691.39
bar,2025-12-02,credito_4x,230.86
bar,2025-12-03,pix,1109.51
bar,2025-12-03,debito,1064.83
bar,2025-12-03,credito_vista,1067.17
bar,2025-12-03,credito_4x,501.01
bar,2025-12-04,pix,1278.37
bar,2025-12-04,debito,798.07
bar,2025-12-04,credito_vista,890.55
bar,2025-12-04,credito_4x,439.66
bar,2025-12-05,pix,1931.61
bar,2025-12-05,debito,1459.79
bar,2025-12-05,credito_vista,1396.05
bar,2025-12-05,credito_4x,939.08
bar,2025-12-06,pix,2617.49
bar,2025-12-06,debito,2049.8
bar,2025-12-06,credito_vista,1957.9
bar,2025-12-06,credito_4x,738.39
bar,2025-12-07,pix,1268.94
bar,2025-12-07,debito,982.31
bar,2025-12-07,credito_vista,1009.41
bar,2025-12-07,credito_4x,354.4
bar,2025-12-08,pix,1190.39
bar,2025-12-08,debito,852.67
bar,2025-12-08,credito_vista,921.8
bar,2025-12-08,credito_4x,401.54
bar,2025-12-09,pix,759.52
bar,2025-12-09,debito,597.82
bar,2025-12-09,credito_vista,572.43
bar,2025-12-09,credito_4x,241.93
bar,2025-12-10,pix,1328.44
bar,2025-12-10,debito,1209.76
bar,2025-12-10,credito_vista,824.92
bar,2025-12-10,credito_4x,562.89
bar,2025-12-11,pix,1432.52
bar,2025-12-11,debito,1036.68
bar,2025-12-11,credito_vista,1018.99
bar,2025-12-11,credito_4x,372.48
bar,2025-12-12,pix,2379.46
bar,2025-12-12,debito,1659.83
bar,2025-12-12,credito_vista,1140.93
bar,2025-12-12,credito_4x,1018.74
bar,2025-12-13,pix,2452.7
bar,2025-12-13,debito,2280.0
bar,2025-12-13,credito_vista,2198.77
bar,2025-12-13,credito_4x,1079.93
bar,2025-12-14,pix,687.21
bar,2025-12-14,debito,587.0
bar,2025-12-14,credito_vista,503.91
bar,2025-12-14,credito_4x,172.23
bar,2025-12-15,pix,880.51
bar,2025-12-15,debito,789.22
bar,2025-12-15,credito_vista,584.43
bar,2025-12-15,credito_4x,323.05
bar,2025-12-16,pix,1345.52
bar,2025-12-16,debito,874.4
bar,2025-12-16,credito_vista,817.06
bar,2025-12-16,credito_4x,265.56
bar,2025-12-17,pix,840.56
bar,2025-12-17,debito,709.35
bar,2025-12-17,credito_vista,799.06
bar,2025-12-17,credito_4x,276.73
bar,2025-12-18,pix,1426.15
bar,2025-12-18,debito,1576.69
bar,2025-12-18,credito_vista,1249.56
bar,2025-12-18,credito_4x,452.52
bar,2025-12-19,pix,2306.31
bar,2025-12-19,debito,1652.48
bar,2025-12-19,credito_vista,1730.09
bar,2025-12-19,credito_4x,523.18
bar,2025-12-20,pix,2119.51
bar,2025-12-20,debito,2365.06
bar,2025-12-20,credito_vista,1833.62
bar,2025-12-20,credito_4x,1011.58
bar,2025-12-21,pix,796.38
bar,2025-12-21,debito,644.79
bar,2025-12-21,credito_vista,693.29
bar,2025-12-21,credito_4x,470.53
bar,2025-12-22,pix,1107.82
bar,2025-12-22,debito,1113.66
bar,2025-12-22,credito_vista,635.74
bar,2025-12-22,credito_4x,343.51
bar,2025-12-23,pix,1057.44
bar,2025-12-23,debito,935.76
bar,2025-12-23,credito_vista,913.13
bar,2025-12-23,credito_4x,644.25
bar,2025-12-24,pix,1210.73
bar,2025-12-24,debito,1146.1
bar,2025-12-24,credito_vista,862.98
bar,2025-12-24,credito_4x,373.99
bar,2025-12-25,pix,928.56
bar,2025-12-25,debito,1209.7
bar,2025-12-25,credito_vista,1063.76
bar,2025-12-25,credito_4x,418.27
bar,2025-12-26,pix,1915.24
bar,2025-12-26,debito,1643.94
bar,2025-12-26,credito_vista,1239.45
bar,2025-12-26,credito_4x,762.86
bar,2025-12-27,pix,1884.67
bar,2025-12-27,debito,1588.06
bar,2025-12-27,credito_vista,969.9
bar,2025-12-27,credito_4x,697.74
bar,2025-12-28,pix,804.69
bar,2025-12-28,debito,574.61
bar,2025-12-28,credito_vista,851.26
bar,2025-12-28,credito_4x,298.93
bar,2025-12-29,pix,876.03
bar,2025-12-29,debito,719.71
bar,2025-12-29,credito_vista,658.0
bar,2025-12-29,credito_4x,277.0
bar,2025-12-30,pix,836.46
bar,2025-12-30,debito,772.82
bar,2025-12-30,credito_vista,909.99
bar,2025-12-30,credito_4x,419.02
bar,2025-12-31,pix,1188.58
bar,2025-12-31,debito,973.19
bar,2025-12-31,credito_vista,1021.56
bar,2025-12-31,credito_4x,442.48
bar,2026-01-01,pix,1186.27
bar,2026-01-01,debito,1075.07
bar,2026-01-01,credito_vista,995.69
bar,2026-01-01,credito_4x,370.65
bar,2026-01-02,pix,2265.94
bar,2026-01-02,debito,1895.21
bar,2026-01-02,credito_vista,1658.22
bar,2026-01-02,credito_4x,647.45
bar,2026-01-03,pix,3124.9
bar,2026-01-03,debito,2349.03
bar,2026-01-03,credito_vista,2620.0
bar,2026-01-03,credito_4x,805.45
bar,2026-01-04,pix,998.75
bar,2026-01-04,debito,810.08
bar,2026-01-04,credito_vista,674.85
bar,2026-01-04,credito_4x,350.15
bar,2026-01-05,pix,1026.58
bar,2026-01-05,debito,778.37
bar,2026-01-05,credito_vista,689.72
bar,2026-01-05,credito_4x,305.05
bar,2026-01-06,pix,1395.68
bar,2026-01-06,debito,850.21
bar,2026-01-06,credito_vista,787.97
bar,2026-01-06,credito_4x,496.11
bar,2026-01-07,pix,1556.12
bar,2026-01-07,debito,1109.88
bar,2026-01-07,credito_vista,1151.12
bar,2026-01-07,credito_4x,562.97
bar,2026-01-08,pix,1207.83
bar,2026-01-08,debito,1403.1
bar,2026-01-08,credito_vista,1197.92
bar,2026-01-08,credito_4x,549.09
bar,2026-01-09,pix,2961.43
bar,2026-01-09,debito,2341.44
bar,2026-01-09,credito_vista,2054.83
bar,2026-01-09,credito_4x,616.13
bar,2026-01-10,pix,2773.36
bar,2026-01-10,debito,1843.81
bar,2026-01-10,credito_vista,2737.15
bar,2026-01-10,credito_4x,935.09
bar,2026-01-11,pix,1279.04
bar,2026-01-11,debito,848.14
bar,2026-01-11,credito_vista,707.34
bar,2026-01-11,credito_4x,459.93
bar,2026-01-12,pix,997.57
bar,2026-01-12,debito,1074.15
bar,2026-01-12,credito_vista,663.42
bar,2026-01-12,credito_4x,436.98
bar,2026-01-13,pix,1545.38
bar,2026-01-13,debito,1158.06
bar,2026-01-13,credito_vista,990.99
bar,2026-01-13,credito_4x,544.24
bar,2026-01-14,pix,1224.68
bar,2026-01-14,debito,909.46
bar,2026-01-14,credito_vista,878.78
bar,2026-01-14,credito_4x,442.38
bar,2026-01-15,pix,1070.35
bar,2026-01-15,debito,718.24
bar,2026-01-15,credito_vista,707.76
bar,2026-01-15,credito_4x,294.04
bar,2026-01-16,pix,2625.58
bar,2026-01-16,debito,2478.24
bar,2026-01-16,credito_vista,1540.01
bar,2026-01-16,credito_4x,919.49
bar,2026-01-17,pix,2374.9
bar,2026-01-17,debito,1660.6
bar,2026-01-17,credito_vista,1296.89
bar,2026-01-17,credito_4x,940.31
bar,2026-01-18,pix,896.41
bar,2026-01-18,debito,1092.87
bar,2026-01-18,credito_vista,740.59
bar,2026-01-18,credito_4x,268.03
bar,2026-01-19,pix,1129.66
bar,2026-01-19,debito,983.32
bar,2026-01-19,credito_vista,939.8
bar,2026-01-19,credito_4x,481.11
bar,2026-01-20,pix,773.91
bar,2026-01-20,debito,784.94
bar,2026-01-20,credito_vista,566.3
bar,2026-01-20,credito_4x,281.77
bar,2026-01-21,pix,1122.25
bar,2026-01-21,debito,708.36
bar,2026-01-21,credito_vista,701.23
bar,2026-01-21,credito_4x,388.31
bar,2026-01-22,pix,1056.99
bar,2026-01-22,debito,616.84
bar,2026-01-22,credito_vista,989.91
bar,2026-01-22,credito_4x,392.82
bar,2026-01-23,pix,1833.29
bar,2026-01-23,debito,1611.52
bar,2026-01-23,credito_vista,1299.06
bar,2026-01-23,credito_4x,671.09
bar,2026-01-24,pix,2498.66
bar,2026-01-24,debito,2334.51
bar,2026-01-24,credito_vista,1787.45
bar,2026-01-24,credito_4x,618.22
bar,2026-01-25,pix,991.76
bar,2026-01-25,debito,881.4
bar,2026-01-25,credito_vista,698.78
bar,2026-01-25,credito_4x,315.58
bar,2026-01-26,pix,883.21
bar,2026-01-26,debito,776.86
bar,2026-01-26,credito_vista,809.81
bar,2026-01-26,credito_4x,321.29
bar,2026-01-27,pix,826.97
bar,2026-01-27,debito,633.56
bar,2026-01-27,credito_vista,512.98
bar,2026-01-27,credito_4x,292.07
bar,2026-01-28,pix,675.2
bar,2026-01-28,debito,589.45
bar,2026-01-28,credito_vista,565.47
bar,2026-01-28,credito_4x,301.38
bar,2026-01-29,pix,1284.21
bar,2026-01-29,debito,1010.85
bar,2026-01-29,credito_vista,1000.91
bar,2026-01-29,credito_4x,383.33
bar,2026-01-30,pix,1652.21
bar,2026-01-30,debito,1765.19
bar,2026-01-30,credito_vista,1246.05
bar,2026-01-30,credito_4x,518.42
bar,2026-01-31,pix,2236.03
bar,2026-01-31,debito,1617.33
bar,2026-01-31,credito_vista,1791.14
bar,2026-01-31,credito_4x,940.09
bar,2026-02-01,pix,1166.68
bar,2026-02-01,debito,1151.66
bar,2026-02-01,credito_vista,897.99
bar,2026-02-01,credito_4x,428.4
bar,2026-02-02,pix,1193.43
bar,2026-02-02,debito,878.74
bar,2026-02-02,credito_vista,905.56
bar,2026-02-02,credito_4x,391.78
bar,2026-02-03,pix,1402.21
bar,2026-02-03,debito,1167.11
bar,2026-02-03,credito_vista,897.27
bar,2026-02-03,credito_4x,477.71
bar,2026-02-04,pix,1581.92
bar,2026-02-04,debito,1003.01
bar,2026-02-04,credito_vista,1046.62
bar,2026-02-04,credito_4x,523.46
bar,2026-02-05,pix,1451.92
bar,2026-02-05,debito,1286.94
bar,2026-02-05,credito_vista,1595.84
bar,2026-02-05,credito_4x,516.77
bar,2026-02-06,pix,2145.05
bar,2026-02-06,debito,1498.78
bar,2026-02-06,credito_vista,1873.22
bar,2026-02-06,credito_4x,623.69
bar,2026-02-07,pix,2695.61
bar,2026-02-07,debito,2009.33
bar,2026-02-07,credito_vista,2161.23
bar,2026-02-07,credito_4x,514.05
bar,2026-02-08,pix,1181.71
bar,2026-02-08,debito,1006.91
bar,2026-02-08,credito_vista,846.6
bar,2026-02-08,credito_4x,384.4
bar,2026-02-09,pix,1129.13
bar,2026-02-09,debito,971.29
bar,2026-02-09,credito_vista,1127.28
bar,2026-02-09,credito_4x,506.38
bar,2026-02-10,pix,1107.45
bar,2026-02-10,debito,877.35
bar,2026-02-10,credito_vista,960.5
bar,2026-02-10,credito_4x,409.94
bar,2026-02-11,pix,1164.17
bar,2026-02-11,debito,1056.93
bar,2026-02-11,credito_vista,1225.04
bar,2026-02-11,credito_4x,518.79
bar,2026-02-12,pix,1360.79
bar,2026-02-12,debito,957.28
bar,2026-02-12,credito_vista,1127.71
bar,2026-02-12,credito_4x,504.17
bar,2026-02-13,pix,2033.01
bar,2026-02-13,debito,1901.88
bar,2026-02-13,credito_vista,1706.8
bar,2026-02-13,credito_4x,532.65
bar,2026-02-14,pix,2926.14
bar,2026-02-14,debito,2023.15
bar,2026-02-14,credito_vista,2082.53
bar,2026-02-14,credito_4x,773.68
bar,2026-02-15,pix,681.88
bar,2026-02-15,debito,510.42
bar,2026-02-15,credito_vista,642.53
bar,2026-02-15,credito_4x,296.19
bar,2026-02-16,pix,901.81
bar,2026-02-16,debito,691.43
bar,2026-02-16,credito_vista,569.08
bar,2026-02-16,credito_4x,288.52
bar,2026-02-17,pix,806.5
bar,2026-02-17,debito,664.03
bar,2026-02-17,credito_vista,718.82
bar,2026-02-17,credito_4x,347.97
bar,2026-02-18,pix,888.56
bar,2026-02-18,debito,685.34
bar,2026-02-18,credito_vista,606.25
bar,2026-02-18,credito_4x,225.32
bar,2026-02-19,pix,1129.13
bar,2026-02-19,debito,845.87
bar,2026-02-19,credito_vista,1260.74
bar,2026-02-19,credito_4x,482.96
bar,2026-02-20,pix,2368.96
bar,2026-02-20,debito,1739.69
bar,2026-02-20,credito_vista,2319.66
bar,2026-02-20,credito_4x,606.7
bar,2026-02-21,pix,1892.57
bar,2026-02-21,debito,2589.22
bar,2026-02-21,credito_vista,1442.16
bar,2026-02-21,credito_4x,761.65
bar,2026-02-22,pix,993.19
bar,2026-02-22,debito,936.25
bar,2026-02-22,credito_vista,786.78
bar,2026-02-22,credito_4x,432.49
bar,2026-02-23,pix,1378.7
bar,2026-02-23,debito,830.98
bar,2026-02-23,credito_vista,845.87
bar,2026-02-23,credito_4x,504.88
bar,2026-02-24,pix,1373.41
bar,2026-02-24,debito,1016.65
bar,2026-02-24,credito_vista,979.89
bar,2026-02-24,credito_4x,565.15
bar,2026-02-25,pix,1006.76
bar,2026-02-25,debito,884.04
bar,2026-02-25,credito_vista,948.08
bar,2026-02-25,credito_4x,476.12
bar,2026-02-26,pix,1573.93
bar,2026-02-26,debito,1177.68
bar,2026-02-26,credito_vista,1198.63
bar,2026-02-26,credito_4x,557.09
bar,2026-02-27,pix,1776.43
bar,2026-02-27,debito,1473.86
bar,2026-02-27,credito_vista,1790.36
bar,2026-02-27,credito_4x,761.13
bar,2026-02-28,pix,2038.71
bar,2026-02-28,debito,1502.36
bar,2026-02-28,credito_vista,1466.56
bar,2026-02-28,credito_4x,517.8
bar,2026-03-01,pix,1062.51
bar,2026-03-01,debito,773.28
bar,2026-03-01,credito_vista,823.63
bar,2026-03-01,credito_4x,420.45
bar,2026-03-02,pix,987.37
bar,2026-03-02,debito,742.21
bar,2026-03-02,credito_vista,643.74
bar,2026-03-02,credito_4x,258.9
bar,2026-03-03,pix,1159.01
bar,2026-03-03,debito,856.72
bar,2026-03-03,credito_vista,732.11
bar,2026-03-03,credito_4x,396.63
bar,2026-03-04,pix,1447.05
bar,2026-03-04,debito,960.74
bar,2026-03-04,credito_vista,1012.06
bar,2026-03-04,credito_4x,473.32
bar,2026-03-05,pix,2024.06
bar,2026-03-05,debito,1339.8
bar,2026-03-05,credito_vista,1150.17
bar,2026-03-05,credito_4x,641.58
bar,2026-03-06,pix,3009.34
bar,2026-03-06,debito,2328.87
bar,2026-03-06,credito_vista,2599.64
bar,2026-03-06,credito_4x,902.78
bar,2026-03-07,pix,2352.82
bar,2026-03-07,debito,1558.06
bar,2026-03-07,credito_vista,1540.4
bar,2026-03-07,credito_4x,698.6
bar,2026-03-08,pix,1258.03
bar,2026-03-08,debito,888.81
bar,2026-03-08,credito_vista,1065.58
bar,2026-03-08,credito_4x,383.96
bar,2026-03-09,pix,1177.05
bar,2026-03-09,debito,675.97
bar,2026-03-09,credito_vista,700.34
bar,2026-03-09,credito_4x,314.4
bar,2026-03-10,pix,1210.25
bar,2026-03-10,debito,1099.97
bar,2026-03-10,credito_vista,1018.3
bar,2026-03-10,credito_4x,573.71
bar,2026-03-11,pix,1210.06
bar,2026-03-11,debito,1023.97
bar,2026-03-11,credito_vista,992.58
bar,2026-03-11,credito_4x,454.75
bar,2026-03-12,pix,1098.79
bar,2026-03-12,debito,800.51
bar,2026-03-12,credito_vista,835.06
bar,2026-03-12,credito_4x,311.52
bar,2026-03-13,pix,2578.65
bar,2026-03-13,debito,2082.13
bar,2026-03-13,credito_vista,1946.79
bar,2026-03-13,credito_4x,697.58
bar,2026-03-14,pix,1668.05
bar,2026-03-14,debito,1833.84
bar,2026-03-14,credito_vista,2097.7
bar,2026-03-14,credito_4x,836.92
bar,2026-03-15,pix,1032.51
bar,2026-03-15,debito,668.09
bar,2026-03-15,credito_vista,652.53
bar,2026-03-15,credito_4x,497.15
bar,2026-03-16,pix,786.72
bar,2026-03-16,debito,768.62
bar,2026-03-16,credito_vista,715.22
bar,2026-03-16,credito_4x,331.8
bar,2026-03-17,pix,1174.45
bar,2026-03-17,debito,808.07
bar,2026-03-17,credito_vista,795.05
bar,2026-03-17,credito_4x,218.89
bar,2026-03-18,pix,1559.49
bar,2026-03-18,debito,1158.51
bar,2026-03-18,credito_vista,907.97
bar,2026-03-18,credito_4x,382.84
bar,2026-03-19,pix,1636.6
bar,2026-03-19,debito,1063.12
bar,2026-03-19,credito_vista,991.8
bar,2026-03-19,credito_4x,400.71
bar,2026-03-20,pix,2304.94
bar,2026-03-20,debito,1981.47
bar,2026-03-20,credito_vista,1557.0
bar,2026-03-20,credito_4x,904.45
bar,2026-03-21,pix,2641.95
bar,2026-03-21,debito,1794.14
bar,2026-03-21,credito_vista,2338.56
bar,2026-03-21,credito_4x,709.18
bar,2026-03-22,pix,1336.6
bar,2026-03-22,debito,1087.59
bar,2026-03-22,credito_vista,983.85
bar,2026-03-22,credito_4x,313.94
bar,2026-03-23,pix,1193.66
bar,2026-03-23,debito,603.12
bar,2026-03-23,credito_vista,877.16
bar,2026-03-23,credito_4x,273.79
bar,2026-03-24,pix,807.94
bar,2026-03-24,debito,852.76
bar,2026-03-24,credito_vista,706.04
bar,2026-03-24,credito_4x,225.88
bar,2026-03-25,pix,1208.61
bar,2026-03-25,debito,1231.77
bar,2026-03-25,credito_vista,944.04
bar,2026-03-25,credito_4x,557.43
bar,2026-03-26,pix,1340.06
bar,2026-03-26,debito,921.49
bar,2026-03-26,credito_vista,881.82
bar,2026-03-26,credito_4x,466.32
bar,2026-03-27,pix,1935.41
bar,2026-03-27,debito,1778.15
bar,2026-03-27,credito_vista,2245.37
bar,2026-03-27,credito_4x,809.74
bar,2026-03-28,pix,2033.01
bar,2026-03-28,debito,2313.88
bar,2026-03-28,credito_vista,1823.88
bar,2026-03-28,credito_4x,597.62
bar,2026-03-29,pix,959.72
bar,2026-03-29,debito,695.09
bar,2026-03-29,credito_vista,853.15
bar,2026-03-29,credito_4x,237.61
bar,2026-03-30,pix,1160.9
bar,2026-03-30,debito,715.26
bar,2026-03-30,credito_vista,778.81
bar,2026-03-30,credito_4x,292.7
bar,2026-03-31,pix,1315.6
bar,2026-03-31,debito,1023.67
bar,2026-03-31,credito_vista,974.76
bar,2026-03-31,credito_4x,566.05
bar,2026-04-01,pix,1798.7
bar,2026-04-01,debito,1491.78
bar,2026-04-01,credito_vista,1723.04
bar,2026-04-01,credito_4x,440.37
bar,2026-04-02,pix,1655.17
bar,2026-04-02,debito,1180.72
bar,2026-04-02,credito_vista,1414.0
bar,2026-04-02,credito_4x,446.56
bar,2026-04-03,pix,2709.5
bar,2026-04-03,debito,1973.7
bar,2026-04-03,credito_vista,1761.36
bar,2026-04-03,credito_4x,820.99
bar,2026-04-04,pix,2886.69
bar,2026-04-04,debito,2363.79
bar,2026-04-04,credito_vista,2624.83
bar,2026-04-04,credito_4x,1218.25
bar,2026-04-05,pix,976.97
bar,2026-04-05,debito,838.34
bar,2026-04-05,credito_vista,864.34
bar,2026-04-05,credito_4x,311.42
bar,2026-04-06,pix,984.92
bar,2026-04-06,debito,1240.41
bar,2026-04-06,credito_vista,981.44
bar,2026-04-06,credito_4x,390.09
bar,2026-04-07,pix,1193.19
bar,2026-04-07,debito,955.3
bar,2026-04-07,credito_vista,1164.86
bar,2026-04-07,credito_4x,342.86
bar,2026-04-08,pix,1479.89
bar,2026-04-08,debito,1223.29
bar,2026-04-08,credito_vista,1198.08
bar,2026-04-08,credito_4x,454.41
bar,2026-04-09,pix,1545.79
bar,2026-04-09,debito,1193.99
bar,2026-04-09,credito_vista,937.8
bar,2026-04-09,credito_4x,390.32
bar,2026-04-10,pix,1908.55
bar,2026-04-10,debito,1500.79
bar,2026-04-10,credito_vista,1305.5
bar,2026-04-10,credito_4x,688.93
bar,2026-04-11,pix,1576.62
bar,2026-04-11,debito,1673.78
bar,2026-04-11,credito_vista,1166.77
bar,2026-04-11,credito_4x,487.07
bar,2026-04-12,pix,856.86
bar,2026-04-12,debito,729.4
bar,2026-04-12,credito_vista,685.23
bar,2026-04-12,credito_4x,320.23
bar,2026-04-13,pix,990.98
bar,2026-04-13,debito,807.6
bar,2026-04-13,credito_vista,820.31
bar,2026-04-13,credito_4x,280.16
bar,2026-04-14,pix,1087.96
bar,2026-04-14,debito,791.83
bar,2026-04-14,credito_vista,793.59
bar,2026-04-14,credito_4x,515.15
bar,2026-04-15,pix,1513.16
bar,2026-04-15,debito,1479.07
bar,2026-04-15,credito_vista,1329.64
bar,2026-04-15,credito_4x,555.72
bar,2026-04-16,pix,1824.12
bar,2026-04-16,debito,1478.42
bar,2026-04-16,credito_vista,1006.27
bar,2026-04-16,credito_4x,615.13
bar,2026-04-17,pix,1834.38
bar,2026-04-17,debito,1428.54
bar,2026-04-17,credito_vista,1592.23
bar,2026-04-17,credito_4x,659.69
bar,2026-04-18,pix,2608.66
bar,2026-04-18,debito,1836.35
bar,2026-04-18,credito_vista,2216.71
bar,2026-04-18,credito_4x,819.34
bar,2026-04-19,pix,1105.65
bar,2026-04-19,debito,827.16
bar,2026-04-19,credito_vista,581.2
bar,2026-04-19,credito_4x,406.12
bar,2026-04-20,pix,1081.15
bar,2026-04-20,debito,724.77
bar,2026-04-20,credito_vista,710.75
bar,2026-04-20,credito_4x,460.0
bar,2026-04-21,pix,946.88
bar,2026-04-21,debito,886.47
bar,2026-04-21,credito_vista,1145.81
bar,2026-04-21,credito_4x,443.96
bar,2026-04-22,pix,1583.38
bar,2026-04-22,debito,1146.03
bar,2026-04-22,credito_vista,868.37
bar,2026-04-22,credito_4x,526.25
bar,2026-04-23,pix,1331.24
bar,2026-04-23,debito,1065.96
bar,2026-04-23,credito_vista,1176.92
bar,2026-04-23,credito_4x,427.58
bar,2026-04-24,pix,2640.94
bar,2026-04-24,debito,1985.98
bar,2026-04-24,credito_vista,2004.82
bar,2026-04-24,credito_4x,828.21
bar,2026-04-25,pix,1656.33
bar,2026-04-25,debito,1659.55
bar,2026-04-25,credito_vista,1413.94
bar,2026-04-25,credito_4x,563.01
bar,2026-04-26,pix,1022.34
bar,2026-04-26,debito,760.74
bar,2026-04-26,credito_vista,788.66
bar,2026-04-26,credito_4x,224.18
bar,2026-04-27,pix,1214.73
bar,2026-04-27,debito,1162.47
bar,2026-04-27,credito_vista,1025.83
bar,2026-04-27,credito_4x,477.2
bar,2026-04-28,pix,1036.18
bar,2026-04-28,debito,818.54
bar,2026-04-28,credito_vista,834.51
bar,2026-04-28,credito_4x,401.36
bar,2026-04-29,pix,1504.74
bar,2026-04-29,debito,1023.59
bar,2026-04-29,credito_vista,1118.49
bar,2026-04-29,credito_4x,469.39
bar,2026-04-30,pix,1306.82
bar,2026-04-30,debito,1073.41
bar,2026-04-30,credito_vista,960.67
bar,2026-04-30,credito_4x,495.92
bar,2026-05-01,pix,3149.65
bar,2026-05-01,debito,1862.21
bar,2026-05-01,credito_vista,1848.47
bar,2026-05-01,credito_4x,812.04
bar,2026-05-02,pix,2520.4
bar,2026-05-02,debito,2411.57
bar,2026-05-02,credito_vista,1988.19
bar,2026-05-02,credito_4x,797.6
bar,2026-05-03,pix,1015.53
bar,2026-05-03,debito,1035.38
bar,2026-05-03,credito_vista,916.6
bar,2026-05-03,credito_4x,349.39
bar,2026-05-04,pix,1064.96
bar,2026-05-04,debito,830.04
bar,2026-05-04,credito_vista,800.49
bar,2026-05-04,credito_4x,308.93
bar,2026-05-05,pix,1297.94
bar,2026-05-05,debito,1167.8
bar,2026-05-05,credito_vista,993.08
bar,2026-05-05,credito_4x,419.72
bar,2026-05-06,pix,1166.6
bar,2026-05-06,debito,838.22
bar,2026-05-06,credito_vista,988.39
bar,2026-05-06,credito_4x,606.63
bar,2026-05-07,pix,1760.91
bar,2026-05-07,debito,1624.7
bar,2026-05-07,credito_vista,1052.0
bar,2026-05-07,credito_4x,632.63
bar,2026-05-08,pix,2732.23
bar,2026-05-08,debito,2067.35
bar,2026-05-08,credito_vista,2434.48
bar,2026-05-08,credito_4x,943.12
bar,2026-05-09,pix,2278.49
bar,2026-05-09,debito,2610.38
bar,2026-05-09,credito_vista,2279.37
bar,2026-05-09,credito_4x,1013.5
bar,2026-05-10,pix,927.79
bar,2026-05-10,debito,911.66
bar,2026-05-10,credito_vista,1004.78
bar,2026-05-10,credito_4x,401.13
bar,2026-05-11,pix,939.05
bar,2026-05-11,debito,984.98
bar,2026-05-11,credito_vista,907.49
bar,2026-05-11,credito_4x,459.06
bar,2026-05-12,pix,1143.48
bar,2026-05-12,debito,793.76
bar,2026-05-12,credito_vista,846.59
bar,2026-05-12,credito_4x,362.22
bar,2026-05-13,pix,1377.26
bar,2026-05-13,debito,1273.34
bar,2026-05-13,credito_vista,935.48
bar,2026-05-13,credito_4x,674.43
bar,2026-05-14,pix,998.11
bar,2026-05-14,debito,873.92
bar,2026-05-14,credito_vista,797.95
bar,2026-05-14,credito_4x,356.65
bar,2026-05-15,pix,2374.15
bar,2026-05-15,debito,1164.1
bar,2026-05-15,credito_vista,1864.89
bar,2026-05-15,credito_4x,641.46
bar,2026-05-16,pix,1611.33
bar,2026-05-16,debito,1400.93
bar,2026-05-16,credito_vista,1441.3
bar,2026-05-16,credito_4x,469.15
bar,2026-05-17,pix,791.19
bar,2026-05-17,debito,658.14
bar,2026-05-17,credito_vista,655.2
bar,2026-05-17,credito_4x,275.81
bar,2026-05-18,pix,1342.21
bar,2026-05-18,debito,812.36
bar,2026-05-18,credito_vista,938.2
bar,2026-05-18,credito_4x,600.78
bar,2026-05-19,pix,1171.07
bar,2026-05-19,debito,1050.2
bar,2026-05-19,credito_vista,1047.4
bar,2026-05-19,credito_4x,455.0
bar,2026-05-20,pix,1271.89
bar,2026-05-20,debito,838.86
bar,2026-05-20,credito_vista,837.09
bar,2026-05-20,credito_4x,368.7
bar,2026-05-21,pix,1158.58
bar,2026-05-21,debito,766.68
bar,2026-05-21,credito_vista,991.35
bar,2026-05-21,credito_4x,299.6
bar,2026-05-22,pix,1380.26
bar,2026-05-22,debito,807.12
bar,2026-05-22,credito_vista,937.53
bar,2026-05-22,credito_4x,391.53
bar,2026-05-23,pix,2288.8
bar,2026-05-23,debito,1789.6
bar,2026-05-23,credito_vista,1759.0
bar,2026-05-23,credito_4x,575.19
bar,2026-05-24,pix,1397.99
bar,2026-05-24,debito,1191.39
bar,2026-05-24,credito_vista,1094.99
bar,2026-05-24,credito_4x,475.76
bar,2026-05-25,pix,990.46
bar,2026-05-25,debito,807.38
bar,2026-05-25,credito_vista,814.1
bar,2026-05-25,credito_4x,311.69
bar,2026-05-26,pix,842.89
bar,2026-05-26,debito,739.43
bar,2026-05-26,credito_vista,814.29
bar,2026-05-26,credito_4x,294.94
bar,2026-05-27,pix,1253.85
bar,2026-05-27,debito,1052.43
bar,2026-05-27,credito_vista,842.66
bar,2026-05-27,credito_4x,410.27
bar,2026-05-28,pix,871.26
bar,2026-05-28,debito,881.83
bar,2026-05-28,credito_vista,811.95
bar,2026-05-28,credito_4x,280.35
bar,2026-05-29,pix,1753.88
bar,2026-05-29,debito,1576.43
bar,2026-05-29,credito_vista,1410.34
bar,2026-05-29,credito_4x,672.44
bar,2026-05-30,pix,1934.51
bar,2026-05-30,debito,2221.77
bar,2026-05-30,credito_vista,1520.79
bar,2026-05-30,credito_4x,662.47
bar,2026-05-31,pix,785.87
bar,2026-05-31,debito,741.8
bar,2026-05-31,credito_vista,825.06
bar,2026-05-31,credito_4x,342.32
bar,2026-06-01,pix,1151.58
bar,2026-06-01,debito,1059.63
bar,2026-06-01,credito_vista,1037.32
bar,2026-06-01,credito_4x,480.96
bar,2026-06-02,pix,1058.99
bar,2026-06-02,debito,1215.63
bar,2026-06-02,credito_vista,1085.68
bar,2026-06-02,credito_4x,393.04
bar,2026-06-03,pix,1498.3
bar,2026-06-03,debito,1356.84
bar,2026-06-03,credito_vista,997.26
bar,2026-06-03,credito_4x,593.61
bar,2026-06-04,pix,1546.18
bar,2026-06-04,debito,819.79
bar,2026-06-04,credito_vista,1130.91
bar,2026-06-04,credito_4x,549.26
bar,2026-06-05,pix,2411.41
bar,2026-06-05,debito,2159.06
bar,2026-06-05,credito_vista,1874.55
bar,2026-06-05,credito_4x,1361.76
bar,2026-06-06,pix,3125.92
bar,2026-06-06,debito,2420.31
bar,2026-06-06,credito_vista,2808.4
bar,2026-06-06,credito_4x,1083.18
bar,2026-06-07,pix,959.17
bar,2026-06-07,debito,778.94
bar,2026-06-07,credito_vista,824.64
bar,2026-06-07,credito_4x,269.85
bar,2026-06-08,pix,958.57
bar,2026-06-08,debito,759.53
bar,2026-06-08,credito_vista,840.49
bar,2026-06-08,credito_4x,312.17
bar,2026-06-09,pix,1264.28
bar,2026-06-09,debito,1208.63
bar,2026-06-09,credito_vista,1142.29
bar,2026-06-09,credito_4x,639.78
bar,2026-06-10,pix,1212.18
bar,2026-06-10,debito,913.66
bar,2026-06-10,credito_vista,1080.02
bar,2026-06-10,credito_4x,692.26
bar,2026-06-11,pix,1798.49
bar,2026-06-11,debito,1503.74
bar,2026-06-11,credito_vista,1045.1
bar,2026-06-11,credito_4x,583.98
bar,2026-06-12,pix,2262.22
bar,2026-06-12,debito,1672.85
bar,2026-06-12,credito_vista,1180.89
bar,2026-06-12,credito_4x,682.86
bar,2026-06-13,pix,3400.81
bar,2026-06-13,debito,1641.8
bar,2026-06-13,credito_vista,2384.49
bar,2026-06-13,credito_4x,913.74
bar,2026-06-14,pix,1112.65
bar,2026-06-14,debito,777.68
bar,2026-06-14,credito_vista,811.34
bar,2026-06-14,credito_4x,349.58
bar,2026-06-15,pix,954.69
bar,2026-06-15,debito,1079.85
bar,2026-06-15,credito_vista,711.54
bar,2026-06-15,credito_4x,358.78
bar,2026-06-16,pix,1223.32
bar,2026-06-16,debito,1032.96
bar,2026-06-16,credito_vista,1210.52
bar,2026-06-16,credito_4x,483.26
bar,2026-06-17,pix,1038.23
bar,2026-06-17,debito,1102.09
bar,2026-06-17,credito_vista,935.49
bar,2026-06-17,credito_4x,349.52
bar,2026-06-18,pix,1478.25
bar,2026-06-18,debito,863.24
bar,2026-06-18,credito_vista,823.3
bar,2026-06-18,credito_4x,307.98
bar,2026-06-19,pix,1598.21
bar,2026-06-19,debito,2007.33
bar,2026-06-19,credito_vista,1629.28
bar,2026-06-19,credito_4x,515.51
bar,2026-06-20,pix,2458.37
bar,2026-06-20,debito,2296.15
bar,2026-06-20,credito_vista,1695.28
bar,2026-06-20,credito_4x,806.79
bar,2026-06-21,pix,966.92
bar,2026-06-21,debito,603.34
bar,2026-06-21,credito_vista,465.64
bar,2026-06-21,credito_4x,236.38
bar,2026-06-22,pix,989.19
bar,2026-06-22,debito,1094.31
bar,2026-06-22,credito_vista,817.39
bar,2026-06-22,credito_4x,349.27
bar,2026-06-23,pix,1304.91
bar,2026-06-23,debito,701.64
bar,2026-06-23,credito_vista,630.99
bar,2026-06-23,credito_4x,280.76
bar,2026-06-24,pix,1566.61
bar,2026-06-24,debito,1233.76
bar,2026-06-24,credito_vista,986.2
bar,2026-06-24,credito_4x,426.42
bar,2026-06-25,pix,803.47
bar,2026-06-25,debito,645.52
bar,2026-06-25,credito_vista,566.73
bar,2026-06-25,credito_4x,298.61
bar,2026-06-26,pix,1504.72
bar,2026-06-26,debito,1263.81
bar,2026-06-26,credito_vista,1441.9
bar,2026-06-26,credito_4x,645.75
bar,2026-06-27,pix,1145.81
bar,2026-06-27,debito,1241.18
bar,2026-06-27,credito_vista,1528.8
bar,2026-06-27,credito_4x,617.55
bar,2026-06-28,pix,744.82
bar,2026-06-28,debito,586.38
bar,2026-06-28,credito_vista,638.1
bar,2026-06-28,credito_4x,353.98
bar,2026-06-29,pix,800.09
bar,2026-06-29,debito,855.53
bar,2026-06-29,credito_vista,727.88
bar,2026-06-29,credito_4x,363.86
bar,2026-06-30,pix,732.43
bar,2026-06-30,debito,848.24
bar,2026-06-30,credito_vista,824.44
bar,2026-06-30,credito_4x,353.6
bar,2026-07-01,pix,1449.35
bar,2026-07-01,debito,917.36
bar,2026-07-01,credito_vista,931.59
bar,2026-07-01,credito_4x,475.04
bar,2026-07-02,pix,1336.0
bar,2026-07-02,debito,1012.02
bar,2026-07-02,credito_vista,952.03
bar,2026-07-02,credito_4x,589.57
bar,2026-07-03,pix,1982.26
bar,2026-07-03,debito,1903.4
bar,2026-07-03,credito_vista,1501.49
bar,2026-07-03,credito_4x,873.23
bar,2026-07-04,pix,1935.46
bar,2026-07-04,debito,1712.06
bar,2026-07-04,credito_vista,1328.81
bar,2026-07-04,credito_4x,706.52
bar,2026-07-05,pix,1079.03
bar,2026-07-05,debito,910.37
bar,2026-07-05,credito_vista,852.57
bar,2026-07-05,credito_4x,394.31
bar,2026-07-06,pix,1161.91
bar,2026-07-06,debito,796.01
bar,2026-07-06,credito_vista,802.82
bar,2026-07-06,credito_4x,452.45
bar,2026-07-07,pix,1309.93
bar,2026-07-07,debito,784.48
bar,2026-07-07,credito_vista,752.05
bar,2026-07-07,credito_4x,462.01
bar,2026-07-08,pix,1343.07
bar,2026-07-08,debito,941.16
bar,2026-07-08,credito_vista,1005.85
bar,2026-07-08,credito_4x,546.29
bar,2026-07-09,pix,1401.01
bar,2026-07-09,debito,1211.53
bar,2026-07-09,credito_vista,1076.17
bar,2026-07-09,credito_4x,439.82
bar,2026-07-10,pix,2926.17
bar,2026-07-10,debito,1846.14
bar,2026-07-10,credito_vista,1927.06
bar,2026-07-10,credito_4x,1166.43
bar,2026-07-11,pix,1848.71
bar,2026-07-11,debito,1823.19
bar,2026-07-11,credito_vista,1593.01
bar,2026-07-11,credito_4x,694.38
bar,2026-07-12,pix,963.25
bar,2026-07-12,debito,823.51
bar,2026-07-12,credito_vista,566.49
bar,2026-07-12,credito_4x,163.87
bar,2026-07-13,pix,814.91
bar,2026-07-13,debito,522.05
bar,2026-07-13,credito_vista,712.97
bar,2026-07-13,credito_4x,287.79
bar,2026-07-14,pix,787.3
bar,2026-07-14,debito,702.57
bar,2026-07-14,credito_vista,615.97
bar,2026-07-14,credito_4x,278.06
bar,2026-07-15,pix,737.09
bar,2026-07-15,debito,920.55
bar,2026-07-15,credito_vista,613.8
bar,2026-07-15,credito_4x,325.56
bar,2026-07-16,pix,1048.66
bar,2026-07-16,debito,948.73
bar,2026-07-16,credito_vista,763.58
bar,2026-07-16,credito_4x,328.43
bar,2026-07-17,pix,2002.99
bar,2026-07-17,debito,1408.5
bar,2026-07-17,credito_vista,1313.87
bar,2026-07-17,credito_4x,651.55
bar,2026-07-18,pix,1747.29
bar,2026-07-18,debito,1724.49
bar,2026-07-18,credito_vista,1641.93
bar,2026-07-18,credito_4x,1176.54
bar,2026-07-19,pix,965.95
bar,2026-07-19,debito,723.25
bar,2026-07-19,credito_vista,714.25
bar,2026-07-19,credito_4x,234.22
bar,2026-07-20,pix,826.83
bar,2026-07-20,debito,739.55
bar,2026-07-20,credito_vista,540.6
bar,2026-07-20,credito_4x,207.42
bar,2026-07-21,pix,1109.05
bar,2026-07-21,debito,726.32
bar,2026-07-21,credito_vista,876.08
bar,2026-07-21,credito_4x,464.64
bar,2026-07-22,pix,1095.03
bar,2026-07-22,debito,898.37
bar,2026-07-22,credito_vista,1090.55
bar,2026-07-22,credito_4x,435.18
bar,2026-07-23,pix,1282.17
bar,2026-07-23,debito,912.36
bar,2026-07-23,credito_vista,854.46
bar,2026-07-23,credito_4x,402.83
bar,2026-07-24,pix,1860.97
bar,2026-07-24,debito,1398.88
bar,2026-07-24,credito_vista,1051.05
bar,2026-07-24,credito_4x,552.86
bar,2026-07-25,pix,1907.51
bar,2026-07-25,debito,1523.02
bar,2026-07-25,credito_vista,1623.97
bar,2026-07-25,credito_4x,734.23
bar,2026-07-26,pix,762.22
bar,2026-07-26,debito,707.64
bar,2026-07-26,credito_vista,606.39
bar,2026-07-26,credito_4x,327.14
bar,2026-07-27,pix,633.04
bar,2026-07-27,debito,546.49
bar,2026-07-27,credito_vista,484.96
bar,2026-07-27,credito_4x,163.25
bar,2026-07-28,pix,896.37
bar,2026-07-28,debito,609.04
bar,2026-07-28,credito_vista,706.79
bar,2026-07-28,credito_4x,261.3
bar,2026-07-29,pix,1107.73
bar,2026-07-29,debito,767.42
bar,2026-07-29,credito_vista,712.2
bar,2026-07-29,credito_4x,352.98
bar,2026-07-30,pix,1127.53
bar,2026-07-30,debito,671.99
bar,2026-07-30,credito_vista,533.87
bar,2026-07-30,credito_4x,398.92
bar,2026-07-31,pix,1588.68
bar,2026-07-31,debito,1125.65
bar,2026-07-31,credito_vista,1468.57
bar,2026-07-31,credito_4x,770.07
bar,2026-08-01,pix,1508.91
bar,2026-08-01,debito,1416.33
bar,2026-08-01,credito_vista,1430.91
bar,2026-08-01,credito_4x,716.05
bar,2026-08-02,pix,1209.63
bar,2026-08-02,debito,966.96
bar,2026-08-02,credito_vista,770.31
bar,2026-08-02,credito_4x,456.98
bar,2026-08-03,pix,1329.29
bar,2026-08-03,debito,1156.33
bar,2026-08-03,credito_vista,796.41
bar,2026-08-03,credito_4x,413.39
bar,2026-08-04,pix,1136.32
bar,2026-08-04,debito,839.26
bar,2026-08-04,credito_vista,890.9
bar,2026-08-04,credito_4x,338.98
bar,2026-08-05,pix,1210.58
bar,2026-08-05,debito,1306.56
bar,2026-08-05,credito_vista,1030.09
bar,2026-08-05,credito_4x,430.42
bar,2026-08-06,pix,1038.2
bar,2026-08-06,debito,801.06
bar,2026-08-06,credito_vista,509.42
bar,2026-08-06,credito_4x,340.42
bar,2026-08-07,pix,1977.32
bar,2026-08-07,debito,1492.51
bar,2026-08-07,credito_vista,1375.93
bar,2026-08-07,credito_4x,462.06
bar,2026-08-08,pix,2692.81
bar,2026-08-08,debito,1677.83
bar,2026-08-08,credito_vista,1687.9
bar,2026-08-08,credito_4x,708.47
bar,2026-08-09,pix,806.65
bar,2026-08-09,debito,810.04
bar,2026-08-09,credito_vista,686.42
bar,2026-08-09,credito_4x,293.33
bar,2026-08-10,pix,1103.42
bar,2026-08-10,debito,860.29
bar,2026-08-10,credito_vista,1023.2
bar,2026-08-10,credito_4x,435.35
bar,2026-08-11,pix,1413.46
bar,2026-08-11,debito,885.79
bar,2026-08-11,credito_vista,1093.95
bar,2026-08-11,credito_4x,515.8
bar,2026-08-12,pix,880.19
bar,2026-08-12,debito,662.15
bar,2026-08-12,credito_vista,845.22
bar,2026-08-12,credito_4x,417.04
bar,2026-08-13,pix,1110.07
bar,2026-08-13,debito,900.4
bar,2026-08-13,credito_vista,932.75
bar,2026-08-13,credito_4x,381.89
bar,2026-08-14,pix,1884.23
bar,2026-08-14,debito,1640.26
bar,2026-08-14,credito_vista,1826.87
bar,2026-08-14,credito_4x,652.38
bar,2026-08-15,pix,2817.0
bar,2026-08-15,debito,2208.37
bar,2026-08-15,credito_vista,2014.4
bar,2026-08-15,credito_4x,898.26
bar,2026-08-16,pix,712.58
bar,2026-08-16,debito,700.26
bar,2026-08-16,credito_vista,534.53
bar,2026-08-16,credito_4x,334.71
bar,2026-08-17,pix,1073.0
bar,2026-08-17,debito,748.8
bar,2026-08-17,credito_vista,822.49
bar,2026-08-17,credito_4x,252.01
bar,2026-08-18,pix,1367.46
bar,2026-08-18,debito,1054.75
bar,2026-08-18,credito_vista,1092.86
bar,2026-08-18,credito_4x,290.32
bar,2026-08-19,pix,886.86
bar,2026-08-19,debito,611.27
bar,2026-08-19,credito_vista,623.59
bar,2026-08-19,credito_4x,424.21
bar,2026-08-20,pix,1028.2
bar,2026-08-20,debito,835.62
bar,2026-08-20,credito_vista,768.0
bar,2026-08-20,credito_4x,421.41
bar,2026-08-21,pix,1917.26
bar,2026-08-21,debito,1493.29
bar,2026-08-21,credito_vista,1363.58
bar,2026-08-21,credito_4x,623.57
bar,2026-08-22,pix,2060.57
bar,2026-08-22,debito,1447.7
bar,2026-08-22,credito_vista,1706.25
bar,2026-08-22,credito_4x,644.31
bar,2026-08-23,pix,1121.74
bar,2026-08-23,debito,795.21
bar,2026-08-23,credito_vista,856.64
bar,2026-08-23,credito_4x,343.18
bar,2026-08-24,pix,921.84
bar,2026-08-24,debito,785.81
bar,2026-08-24,credito_vista,683.11
bar,2026-08-24,credito_4x,485.87
bar,2026-08-25,pix,720.58
bar,2026-08-25,debito,603.13
bar,2026-08-25,credito_vista,461.96
bar,2026-08-25,credito_4x,177.01
bar,2026-08-26,pix,1181.49
bar,2026-08-26,debito,833.39
bar,2026-08-26,credito_vista,928.17
bar,2026-08-26,credito_4x,320.37
bar,2026-08-27,pix,1054.04
bar,2026-08-27,debito,964.66
bar,2026-08-27,credito_vista,739.25
bar,2026-08-27,credito_4x,332.1
bar,2026-08-28,pix,1852.49
bar,2026-08-28,debito,1673.58
bar,2026-08-28,credito_vista,1768.85
bar,2026-08-28,credito_4x,851.58
bar,2026-08-29,pix,2048.41
bar,2026-08-29,debito,1217.58
bar,2026-08-29,credito_vista,1391.28
bar,2026-08-29,credito_4x,497.03
bar,2026-08-30,pix,843.48
bar,2026-08-30,debito,537.32
bar,2026-08-30,credito_vista,533.4
bar,2026-08-30,credito_4x,335.91
bar,2026-08-31,pix,814.61
bar,2026-08-31,debito,859.63
bar,2026-08-31,credito_vista,725.25
bar,2026-08-31,credito_4x,288.33
bar,2026-09-01,pix,1325.23
bar,2026-09-01,debito,947.73
bar,2026-09-01,credito_vista,996.8
bar,2026-09-01,credito_4x,356.0
bar,2026-09-02,pix,1628.83
bar,2026-09-02,debito,955.78
bar,2026-09-02,credito_vista,937.77
bar,2026-09-02,credito_4x,410.26
bar,2026-09-03,pix,965.44
bar,2026-09-03,debito,894.14
bar,2026-09-03,credito_vista,793.4
bar,2026-09-03,credito_4x,422.31
bar,2026-09-04,pix,2558.68
bar,2026-09-04,debito,1453.28
bar,2026-09-04,credito_vista,2029.19
bar,2026-09-04,credito_4x,744.19
bar,2026-09-05,pix,2446.15
bar,2026-09-05,debito,1471.32
bar,2026-09-05,credito_vista,1145.26
bar,2026-09-05,credito_4x,787.23
bar,2026-09-06,pix,1176.58
bar,2026-09-06,debito,777.73
bar,2026-09-06,credito_vista,727.15
bar,2026-09-06,credito_4x,453.09
bar,2026-09-07,pix,824.42
bar,2026-09-07,debito,621.57
bar,2026-09-07,credito_vista,642.69
bar,2026-09-07,credito_4x,291.17
bar,2026-09-08,pix,1026.66
bar,2026-09-08,debito,1064.62
bar,2026-09-08,credito_vista,963.42
bar,2026-09-08,credito_4x,402.86
bar,2026-09-09,pix,1129.5
bar,2026-09-09,debito,1082.32
bar,2026-09-09,credito_vista,676.17
bar,2026-09-09,credito_4x,338.75
bar,2026-09-10,pix,1077.64
bar,2026-09-10,debito,1011.46
bar,2026-09-10,credito_vista,774.06
bar,2026-09-10,credito_4x,448.7
bar,2026-09-11,pix,2167.73
bar,2026-09-11,debito,1626.89
bar,2026-09-11,credito_vista,1779.85
bar,2026-09-11,credito_4x,722.15
bar,2026-09-12,pix,2356.1
bar,2026-09-12,debito,2004.32
bar,2026-09-12,credito_vista,1401.29
bar,2026-09-12,credito_4x,739.0
bar,2026-09-13,pix,821.46
bar,2026-09-13,debito,747.05
bar,2026-09-13,credito_vista,683.48
bar,2026-09-13,credito_4x,238.81
bar,2026-09-14,pix,1131.18
bar,2026-09-14,debito,1010.07
bar,2026-09-14,credito_vista,852.82
bar,2026-09-14,credito_4x,345.29
vestuario,2025-01-03,pix,517.3
vestuario,2025-01-03,debito,1348.21
vestuario,2025-01-03,credito_vista,861.14
vestuario,2025-01-03,credito_4x,2229.66
vestuario,2025-01-04,pix,850.27
vestuario,2025-01-04,debito,1122.84
vestuario,2025-01-04,credito_vista,1792.32
vestuario,2025-01-04,credito_4x,3161.41
vestuario,2025-01-05,pix,224.88
vestuario,2025-01-05,debito,410.27
vestuario,2025-01-05,credito_vista,367.89
vestuario,2025-01-05,credito_4x,1026.99
vestuario,2025-01-06,pix,335.24
vestuario,2025-01-06,debito,316.81
vestuario,2025-01-06,credito_vista,694.04
vestuario,2025-01-06,credito_4x,1153.74
vestuario,2025-01-07,pix,419.41
vestuario,2025-01-07,debito,485.52
vestuario,2025-01-07,credito_vista,763.77
vestuario,2025-01-07,credito_4x,1195.52
vestuario,2025-01-08,pix,176.68
vestuario,2025-01-08,debito,380.42
vestuario,2025-01-08,credito_vista,385.97
vestuario,2025-01-08,credito_4x,999.7
vestuario,2025-01-09,pix,488.34
vestuario,2025-01-09,debito,1084.73
vestuario,2025-01-09,credito_vista,1026.03
vestuario,2025-01-09,credito_4x,2131.07
vestuario,2025-01-10,pix,583.33
vestuario,2025-01-10,debito,721.91
vestuario,2025-01-10,credito_vista,645.79
vestuario,2025-01-10,credito_4x,1756.87
vestuario,2025-01-11,pix,782.87
vestuario,2025-01-11,debito,913.25
vestuario,2025-01-11,credito_vista,1314.57
vestuario,2025-01-11,credito_4x,2878.01
vestuario,2025-01-12,pix,234.44
vestuario,2025-01-12,debito,326.28
vestuario,2025-01-12,credito_vista,395.69
vestuario,2025-01-12,credito_4x,786.75
vestuario,2025-01-13,pix,427.98
vestuario,2025-01-13,debito,582.4
vestuario,2025-01-13,credito_vista,707.58
vestuario,2025-01-13,credito_4x,1531.56
vestuario,2025-01-14,pix,204.91
vestuario,2025-01-14,debito,458.79
vestuario,2025-01-14,credito_vista,412.83
vestuario,2025-01-14,credito_4x,1167.83
vestuario,2025-01-15,pix,303.31
vestuario,2025-01-15,debito,733.32
vestuario,2025-01-15,credito_vista,606.99
vestuario,2025-01-15,credito_4x,1547.32
vestuario,2025-01-16,pix,746.87
vestuario,2025-01-16,debito,774.96
vestuario,2025-01-16,credito_vista,981.52
vestuario,2025-01-16,credito_4x,2422.62
vestuario,2025-01-17,pix,707.41
vestuario,2025-01-17,debito,1074.58
vestuario,2025-01-17,credito_vista,1406.93
vestuario,2025-01-17,credito_4x,2772.68
vestuario,2025-01-18,pix,922.91
vestuario,2025-01-18,debito,1308.73
vestuario,2025-01-18,credito_vista,1410.7
vestuario,2025-01-18,credito_4x,3393.39
vestuario,2025-01-19,pix,256.89
vestuario,2025-01-19,debito,319.87
vestuario,2025-01-19,credito_vista,391.83
vestuario,2025-01-19,credito_4x,780.29
vestuario,2025-01-20,pix,373.36
vestuario,2025-01-20,debito,399.28
vestuario,2025-01-20,credito_vista,435.82
vestuario,2025-01-20,credito_4x,1048.98
vestuario,2025-01-21,pix,324.99
vestuario,2025-01-21,debito,462.35
vestuario,2025-01-21,credito_vista,874.8
vestuario,2025-01-21,credito_4x,1909.24
vestuario,2025-01-22,pix,438.03
vestuario,2025-01-22,debito,782.2
vestuario,2025-01-22,credito_vista,580.77
vestuario,2025-01-22,credito_4x,1355.17
vestuario,2025-01-23,pix,594.96
vestuario,2025-01-23,debito,696.04
vestuario,2025-01-23,credito_vista,773.64
vestuario,2025-01-23,credito_4x,2022.27
vestuario,2025-01-24,pix,517.76
vestuario,2025-01-24,debito,604.49
vestuario,2025-01-24,credito_vista,691.23
vestuario,2025-01-24,credito_4x,1949.79
vestuario,2025-01-25,pix,557.4
vestuario,2025-01-25,debito,709.04
vestuario,2025-01-25,credito_vista,1064.25
vestuario,2025-01-25,credito_4x,2273.83
vestuario,2025-01-26,pix,164.18
vestuario,2025-01-26,debito,171.94
vestuario,2025-01-26,credito_vista,317.98
vestuario,2025-01-26,credito_4x,742.67
vestuario,2025-01-27,pix,307.47
vestuario,2025-01-27,debito,512.64
vestuario,2025-01-27,credito_vista,462.37
vestuario,2025-01-27,credito_4x,1247.42
vestuario,2025-01-28,pix,345.36
vestuario,2025-01-28,debito,447.18
vestuario,2025-01-28,credito_vista,723.19
vestuario,2025-01-28,credito_4x,1314.93
vestuario,2025-01-29,pix,322.15
vestuario,2025-01-29,debito,465.02
vestuario,2025-01-29,credito_vista,551.36
vestuario,2025-01-29,credito_4x,1023.67
vestuario,2025-01-30,pix,262.1
vestuario,2025-01-30,debito,337.26
vestuario,2025-01-30,credito_vista,367.44
vestuario,2025-01-30,credito_4x,1155.06
vestuario,2025-01-31,pix,892.78
vestuario,2025-01-31,debito,801.34
vestuario,2025-01-31,credito_vista,982.43
vestuario,2025-01-31,credito_4x,2236.28
vestuario,2025-02-01,pix,1294.89
vestuario,2025-02-01,debito,1518.38
vestuario,2025-02-01,credito_vista,1796.29
vestuario,2025-02-01,credito_4x,6151.47
vestuario,2025-02-02,pix,205.48
vestuario,2025-02-02,debito,454.1
vestuario,2025-02-02,credito_vista,392.76
vestuario,2025-02-02,credito_4x,1098.55
vestuario,2025-02-03,pix,323.22
vestuario,2025-02-03,debito,366.48
vestuario,2025-02-03,credito_vista,665.5
vestuario,2025-02-03,credito_4x,1115.15
vestuario,2025-02-04,pix,296.06
vestuario,2025-02-04,debito,685.76
vestuario,2025-02-04,credito_vista,681.89
vestuario,2025-02-04,credito_4x,1413.76
vestuario,2025-02-05,pix,677.37
vestuario,2025-02-05,debito,622.95
vestuario,2025-02-05,credito_vista,693.17
vestuario,2025-02-05,credito_4x,2378.22
vestuario,2025-02-06,pix,1138.8
vestuario,2025-02-06,debito,1037.07
vestuario,2025-02-06,credito_vista,754.78
vestuario,2025-02-06,credito_4x,2733.48
vestuario,2025-02-07,pix,597.99
vestuario,2025-02-07,debito,848.52
vestuario,2025-02-07,credito_vista,691.46
vestuario,2025-02-07,credito_4x,1714.8
vestuario,2025-02-08,pix,854.41
vestuario,2025-02-08,debito,1308.8
vestuario,2025-02-08,credito_vista,1545.79
vestuario,2025-02-08,credito_4x,3114.4
vestuario,2025-02-09,pix,322.82
vestuario,2025-02-09,debito,341.94
vestuario,2025-02-09,credito_vista,550.82
vestuario,2025-02-09,credito_4x,845.05
vestuario,2025-02-10,pix,634.37
vestuario,2025-02-10,debito,688.38
vestuario,2025-02-10,credito_vista,896.73
vestuario,2025-02-10,credito_4x,1965.51
vestuario,2025-02-11,pix,333.95
vestuario,2025-02-11,debito,651.74
vestuario,2025-02-11,credito_vista,592.51
vestuario,2025-02-11,credito_4x,1352.03
vestuario,2025-02-12,pix,283.18
vestuario,2025-02-12,debito,545.24
vestuario,2025-02-12,credito_vista,469.12
vestuario,2025-02-12,credito_4x,906.67
vestuario,2025-02-13,pix,382.78
vestuario,2025-02-13,debito,821.37
vestuario,2025-02-13,credito_vista,919.09
vestuario,2025-02-13,credito_4x,2125.63
vestuario,2025-02-14,pix,686.58
vestuario,2025-02-14,debito,1181.04
vestuario,2025-02-14,credito_vista,1255.03
vestuario,2025-02-14,credito_4x,2479.44
vestuario,2025-02-15,pix,955.31
vestuario,2025-02-15,debito,841.04
vestuario,2025-02-15,credito_vista,1322.15
vestuario,2025-02-15,credito_4x,2767.17
vestuario,2025-02-16,pix,218.48
vestuario,2025-02-16,debito,348.4
vestuario,2025-02-16,credito_vista,536.03
vestuario,2025-02-16,credito_4x,735.45
vestuario,2025-02-17,pix,315.07
vestuario,2025-02-17,debito,439.62
vestuario,2025-02-17,credito_vista,545.29
vestuario,2025-02-17,credito_4x,1390.46
vestuario,2025-02-18,pix,205.7
vestuario,2025-02-18,debito,369.54
vestuario,2025-02-18,credito_vista,619.49
vestuario,2025-02-18,credito_4x,1406.0
vestuario,2025-02-19,pix,588.29
vestuario,2025-02-19,debito,669.23
vestuario,2025-02-19,credito_vista,924.8
vestuario,2025-02-19,credito_4x,1969.43
vestuario,2025-02-20,pix,535.21
vestuario,2025-02-20,debito,997.69
vestuario,2025-02-20,credito_vista,743.16
vestuario,2025-02-20,credito_4x,1812.36
vestuario,2025-02-21,pix,645.78
vestuario,2025-02-21,debito,683.33
vestuario,2025-02-21,credito_vista,1313.87
vestuario,2025-02-21,credito_4x,2370.74
vestuario,2025-02-22,pix,1141.55
vestuario,2025-02-22,debito,852.18
vestuario,2025-02-22,credito_vista,1962.64
vestuario,2025-02-22,credito_4x,4080.01
vestuario,2025-02-23,pix,145.37
vestuario,2025-02-23,debito,268.56
vestuario,2025-02-23,credito_vista,267.61
vestuario,2025-02-23,credito_4x,624.39
vestuario,2025-02-24,pix,349.07
vestuario,2025-02-24,debito,556.4
vestuario,2025-02-24,credito_vista,656.25
vestuario,2025-02-24,credito_4x,1097.04
vestuario,2025-02-25,pix,280.68
vestuario,2025-02-25,debito,616.36
vestuario,2025-02-25,credito_vista,522.36
vestuario,2025-02-25,credito_4x,1311.57
vestuario,2025-02-26,pix,235.41
vestuario,2025-02-26,debito,323.3
vestuario,2025-02-26,credito_vista,619.97
vestuario,2025-02-26,credito_4x,1271.29
vestuario,2025-02-27,pix,533.78
vestuario,2025-02-27,debito,536.2
vestuario,2025-02-27,credito_vista,803.42
vestuario,2025-02-27,credito_4x,1773.65
vestuario,2025-02-28,pix,402.26
vestuario,2025-02-28,debito,619.04
vestuario,2025-02-28,credito_vista,658.8
vestuario,2025-02-28,credito_4x,1902.62
vestuario,2025-03-01,pix,776.54
vestuario,2025-03-01,debito,1073.11
vestuario,2025-03-01,credito_vista,1112.02
vestuario,2025-03-01,credito_4x,2647.71
vestuario,2025-03-02,pix,134.7
vestuario,2025-03-02,debito,357.85
vestuario,2025-03-02,credito_vista,593.48
vestuario,2025-03-02,credito_4x,963.39
vestuario,2025-03-03,pix,586.2
vestuario,2025-03-03,debito,617.39
vestuario,2025-03-03,credito_vista,995.77
vestuario,2025-03-03,credito_4x,1530.03
vestuario,2025-03-04,pix,678.23
vestuario,2025-03-04,debito,751.99
vestuario,2025-03-04,credito_vista,1091.99
vestuario,2025-03-04,credito_4x,2086.55
vestuario,2025-03-05,pix,547.38
vestuario,2025-03-05,debito,700.79
vestuario,2025-03-05,credito_vista,1046.35
vestuario,2025-03-05,credito_4x,2106.9
vestuario,2025-03-06,pix,634.06
vestuario,2025-03-06,debito,896.58
vestuario,2025-03-06,credito_vista,1071.83
vestuario,2025-03-06,credito_4x,2359.52
vestuario,2025-03-07,pix,907.41
vestuario,2025-03-07,debito,880.6
vestuario,2025-03-07,credito_vista,1383.15
vestuario,2025-03-07,credito_4x,2620.49
vestuario,2025-03-08,pix,1155.75
vestuario,2025-03-08,debito,1826.73
vestuario,2025-03-08,credito_vista,904.57
vestuario,2025-03-08,credito_4x,3033.68
vestuario,2025-03-09,pix,218.92
vestuario,2025-03-09,debito,329.4
vestuario,2025-03-09,credito_vista,400.09
vestuario,2025-03-09,credito_4x,763.54
vestuario,2025-03-10,pix,683.51
vestuario,2025-03-10,debito,597.22
vestuario,2025-03-10,credito_vista,829.44
vestuario,2025-03-10,credito_4x,1735.07
vestuario,2025-03-11,pix,254.74
vestuario,2025-03-11,debito,474.99
vestuario,2025-03-11,credito_vista,710.21
vestuario,2025-03-11,credito_4x,1579.23
vestuario,2025-03-12,pix,627.81
vestuario,2025-03-12,debito,716.46
vestuario,2025-03-12,credito_vista,1036.49
vestuario,2025-03-12,credito_4x,2354.72
vestuario,2025-03-13,pix,690.6
vestuario,2025-03-13,debito,883.88
vestuario,2025-03-13,credito_vista,991.26
vestuario,2025-03-13,credito_4x,2406.1
vestuario,2025-03-14,pix,557.76
vestuario,2025-03-14,debito,1021.81
vestuario,2025-03-14,credito_vista,1318.41
vestuario,2025-03-14,credito_4x,2353.1
vestuario,2025-03-15,pix,683.81
vestuario,2025-03-15,debito,1111.51
vestuario,2025-03-15,credito_vista,1030.29
vestuario,2025-03-15,credito_4x,3836.43
vestuario,2025-03-16,pix,163.28
vestuario,2025-03-16,debito,286.76
vestuario,2025-03-16,credito_vista,389.79
vestuario,2025-03-16,credito_4x,857.51
vestuario,2025-03-17,pix,306.09
vestuario,2025-03-17,debito,322.99
vestuario,2025-03-17,credito_vista,470.54
vestuario,2025-03-17,credito_4x,1125.13
vestuario,2025-03-18,pix,370.22
vestuario,2025-03-18,debito,446.21
vestuario,2025-03-18,credito_vista,631.0
vestuario,2025-03-18,credito_4x,1670.39
vestuario,2025-03-19,pix,435.73
vestuario,2025-03-19,debito,650.67
vestuario,2025-03-19,credito_vista,904.81
vestuario,2025-03-19,credito_4x,1554.32
vestuario,2025-03-20,pix,462.15
vestuario,2025-03-20,debito,595.39
vestuario,2025-03-20,credito_vista,1078.9
vestuario,2025-03-20,credito_4x,1913.99
vestuario,2025-03-21,pix,522.23
vestuario,2025-03-21,debito,726.9
vestuario,2025-03-21,credito_vista,1319.56
vestuario,2025-03-21,credito_4x,2539.13
vestuario,2025-03-22,pix,1159.61
vestuario,2025-03-22,debito,1439.77
vestuario,2025-03-22,credito_vista,1408.09
vestuario,2025-03-22,credito_4x,3420.58
vestuario,2025-03-23,pix,147.44
vestuario,2025-03-23,debito,348.76
vestuario,2025-03-23,credito_vista,275.25
vestuario,2025-03-23,credito_4x,701.87
vestuario,2025-03-24,pix,225.51
vestuario,2025-03-24,debito,361.74
vestuario,2025-03-24,credito_vista,687.34
vestuario,2025-03-24,credito_4x,1352.16
vestuario,2025-03-25,pix,513.46
vestuario,2025-03-25,debito,655.68
vestuario,2025-03-25,credito_vista,640.05
vestuario,2025-03-25,credito_4x,1745.55
vestuario,2025-03-26,pix,374.75
vestuario,2025-03-26,debito,612.63
vestuario,2025-03-26,credito_vista,796.97
vestuario,2025-03-26,credito_4x,1554.31
vestuario,2025-03-27,pix,408.75
vestuario,2025-03-27,debito,529.6
vestuario,2025-03-27,credito_vista,671.66
vestuario,2025-03-27,credito_4x,1290.29
vestuario,2025-03-28,pix,440.48
vestuario,2025-03-28,debito,578.82
vestuario,2025-03-28,credito_vista,1082.98
vestuario,2025-03-28,credito_4x,1617.27
vestuario,2025-03-29,pix,392.02
vestuario,2025-03-29,debito,837.01
vestuario,2025-03-29,credito_vista,1065.21
vestuario,2025-03-29,credito_4x,2672.22
vestuario,2025-03-30,pix,170.16
vestuario,2025-03-30,debito,231.17
vestuario,2025-03-30,credito_vista,336.31
vestuario,2025-03-30,credito_4x,701.97
vestuario,2025-03-31,pix,508.54
vestuario,2025-03-31,debito,558.3
vestuario,2025-03-31,credito_vista,692.12
vestuario,2025-03-31,credito_4x,1048.08
vestuario,2025-04-01,pix,1024.46
vestuario,2025-04-01,debito,1015.9
vestuario,2025-04-01,credito_vista,1319.03
vestuario,2025-04-01,credito_4x,2698.44
vestuario,2025-04-02,pix,371.68
vestuario,2025-04-02,debito,1007.64
vestuario,2025-04-02,credito_vista,810.78
vestuario,2025-04-02,credito_4x,2100.98
vestuario,2025-04-03,pix,592.53
vestuario,2025-04-03,debito,783.98
vestuario,2025-04-03,credito_vista,1215.62
vestuario,2025-04-03,credito_4x,2653.53
vestuario,2025-04-04,pix,557.97
vestuario,2025-04-04,debito,581.21
vestuario,2025-04-04,credito_vista,837.35
vestuario,2025-04-04,credito_4x,1480.06
vestuario,2025-04-05,pix,876.49
vestuario,2025-04-05,debito,1131.54
vestuario,2025-04-05,credito_vista,1355.25
vestuario,2025-04-05,credito_4x,3184.32
vestuario,2025-04-06,pix,248.84
vestuario,2025-04-06,debito,541.69
vestuario,2025-04-06,credito_vista,510.9
vestuario,2025-04-06,credito_4x,1317.97
vestuario,2025-04-07,pix,483.11
vestuario,2025-04-07,debito,766.87
vestuario,2025-04-07,credito_vista,836.15
vestuario,2025-04-07,credito_4x,1904.98
vestuario,2025-04-08,pix,15.78
vestuario,2025-04-08,debito,22.1
vestuario,2025-04-08,credito_vista,26.56
vestuario,2025-04-08,credito_4x,69.59
vestuario,2025-04-09,pix,725.37
vestuario,2025-04-09,debito,998.29
vestuario,2025-04-09,credito_vista,783.7
vestuario,2025-04-09,credito_4x,2231.24
vestuario,2025-04-10,pix,748.96
vestuario,2025-04-10,debito,1477.58
vestuario,2025-04-10,credito_vista,1333.64
vestuario,2025-04-10,credito_4x,2961.15
vestuario,2025-04-11,pix,269.46
vestuario,2025-04-11,debito,449.7
vestuario,2025-04-11,credito_vista,493.82
vestuario,2025-04-11,credito_4x,1403.36
vestuario,2025-04-12,pix,1522.86
vestuario,2025-04-12,debito,1321.9
vestuario,2025-04-12,credito_vista,1815.37
vestuario,2025-04-12,credito_4x,3639.39
vestuario,2025-04-13,pix,66.13
vestuario,2025-04-13,debito,108.32
vestuario,2025-04-13,credito_vista,180.53
vestuario,2025-04-13,credito_4x,327.7
vestuario,2025-04-14,pix,661.47
vestuario,2025-04-14,debito,757.86
vestuario,2025-04-14,credito_vista,743.42
vestuario,2025-04-14,credito_4x,1590.08
vestuario,2025-04-15,pix,360.73
vestuario,2025-04-15,debito,357.9
vestuario,2025-04-15,credito_vista,704.2
vestuario,2025-04-15,credito_4x,1876.47
vestuario,2025-04-16,pix,275.33
vestuario,2025-04-16,debito,433.06
vestuario,2025-04-16,credito_vista,352.74
vestuario,2025-04-16,credito_4x,629.52
vestuario,2025-04-17,pix,548.03
vestuario,2025-04-17,debito,970.84
vestuario,2025-04-17,credito_vista,1084.18
vestuario,2025-04-17,credito_4x,1668.08
vestuario,2025-04-18,pix,656.59
vestuario,2025-04-18,debito,948.55
vestuario,2025-04-18,credito_vista,1296.28
vestuario,2025-04-18,credito_4x,2947.72
vestuario,2025-04-19,pix,802.19
vestuario,2025-04-19,debito,1367.51
vestuario,2025-04-19,credito_vista,1381.16
vestuario,2025-04-19,credito_4x,3170.64
vestuario,2025-04-20,pix,215.22
vestuario,2025-04-20,debito,373.01
vestuario,2025-04-20,credito_vista,460.06
vestuario,2025-04-20,credito_4x,927.2
vestuario,2025-04-21,pix,359.55
vestuario,2025-04-21,debito,398.86
vestuario,2025-04-21,credito_vista,617.11
vestuario,2025-04-21,credito_4x,1454.22
vestuario,2025-04-22,pix,352.28
vestuario,2025-04-22,debito,298.25
vestuario,2025-04-22,credito_vista,441.34
vestuario,2025-04-22,credito_4x,860.23
vestuario,2025-04-23,pix,336.95
vestuario,2025-04-23,debito,910.18
vestuario,2025-04-23,credito_vista,868.78
vestuario,2025-04-23,credito_4x,1916.96
vestuario,2025-04-24,pix,1057.62
vestuario,2025-04-24,debito,933.17
vestuario,2025-04-24,credito_vista,988.25
vestuario,2025-04-24,credito_4x,2406.61
vestuario,2025-04-25,pix,402.35
vestuario,2025-04-25,debito,965.61
vestuario,2025-04-25,credito_vista,1337.65
vestuario,2025-04-25,credito_4x,2071.31
vestuario,2025-04-26,pix,345.83
vestuario,2025-04-26,debito,494.29
vestuario,2025-04-26,credito_vista,675.72
vestuario,2025-04-26,credito_4x,1354.24
vestuario,2025-04-27,pix,86.88
vestuario,2025-04-27,debito,170.47
vestuario,2025-04-27,credito_vista,236.03
vestuario,2025-04-27,credito_4x,462.98
vestuario,2025-04-28,pix,262.8
vestuario,2025-04-28,debito,423.78
vestuario,2025-04-28,credito_vista,312.76
vestuario,2025-04-28,credito_4x,1075.81
vestuario,2025-04-29,pix,301.75
vestuario,2025-04-29,debito,340.62
vestuario,2025-04-29,credito_vista,265.06
vestuario,2025-04-29,credito_4x,851.9
vestuario,2025-04-30,pix,372.88
vestuario,2025-04-30,debito,586.83
vestuario,2025-04-30,credito_vista,686.07
vestuario,2025-04-30,credito_4x,1249.45
vestuario,2025-05-01,pix,619.1
vestuario,2025-05-01,debito,996.83
vestuario,2025-05-01,credito_vista,892.68
vestuario,2025-05-01,credito_4x,2471.8
vestuario,2025-05-02,pix,654.14
vestuario,2025-05-02,debito,682.0
vestuario,2025-05-02,credito_vista,902.54
vestuario,2025-05-02,credito_4x,1530.15
vestuario,2025-05-03,pix,1298.81
vestuario,2025-05-03,debito,1390.59
vestuario,2025-05-03,credito_vista,1863.31
vestuario,2025-05-03,credito_4x,4031.0
vestuario,2025-05-04,pix,387.97
vestuario,2025-05-04,debito,447.21
vestuario,2025-05-04,credito_vista,517.07
vestuario,2025-05-04,credito_4x,981.47
vestuario,2025-05-05,pix,287.82
vestuario,2025-05-05,debito,589.62
vestuario,2025-05-05,credito_vista,744.34
vestuario,2025-05-05,credito_4x,1599.68
vestuario,2025-05-06,pix,421.79
vestuario,2025-05-06,debito,639.74
vestuario,2025-05-06,credito_vista,898.54
vestuario,2025-05-06,credito_4x,1783.28
vestuario,2025-05-07,pix,456.24
vestuario,2025-05-07,debito,329.72
vestuario,2025-05-07,credito_vista,488.18
vestuario,2025-05-07,credito_4x,1077.78
vestuario,2025-05-08,pix,632.3
vestuario,2025-05-08,debito,653.75
vestuario,2025-05-08,credito_vista,968.98
vestuario,2025-05-08,credito_4x,1985.31
vestuario,2025-05-09,pix,758.85
vestuario,2025-05-09,debito,942.04
vestuario,2025-05-09,credito_vista,1305.72
vestuario,2025-05-09,credito_4x,2490.1
vestuario,2025-05-10,pix,692.24
vestuario,2025-05-10,debito,1375.0
vestuario,2025-05-10,credito_vista,1712.73
vestuario,2025-05-10,credito_4x,3805.96
vestuario,2025-05-11,pix,241.77
vestuario,2025-05-11,debito,454.18
vestuario,2025-05-11,credito_vista,390.62
vestuario,2025-05-11,credito_4x,801.39
vestuario,2025-05-12,pix,538.35
vestuario,2025-05-12,debito,537.14
vestuario,2025-05-12,credito_vista,681.53
vestuario,2025-05-12,credito_4x,1506.3
vestuario,2025-05-13,pix,412.2
vestuario,2025-05-13,debito,608.83
vestuario,2025-05-13,credito_vista,751.5
vestuario,2025-05-13,credito_4x,1325.3
vestuario,2025-05-14,pix,373.12
vestuario,2025-05-14,debito,553.67
vestuario,2025-05-14,credito_vista,1032.59
vestuario,2025-05-14,credito_4x,1740.9
vestuario,2025-05-15,pix,727.1
vestuario,2025-05-15,debito,966.26
vestuario,2025-05-15,credito_vista,1038.15
vestuario,2025-05-15,credito_4x,1986.94
vestuario,2025-05-16,pix,726.02
vestuario,2025-05-16,debito,854.44
vestuario,2025-05-16,credito_vista,840.4
vestuario,2025-05-16,credito_4x,2118.98
vestuario,2025-05-17,pix,619.36
vestuario,2025-05-17,debito,1159.72
vestuario,2025-05-17,credito_vista,1567.0
vestuario,2025-05-17,credito_4x,3265.81
vestuario,2025-05-18,pix,190.92
vestuario,2025-05-18,debito,283.96
vestuario,2025-05-18,credito_vista,374.4
vestuario,2025-05-18,credito_4x,816.85
vestuario,2025-05-19,pix,408.06
vestuario,2025-05-19,debito,388.2
vestuario,2025-05-19,credito_vista,670.9
vestuario,2025-05-19,credito_4x,1180.56
vestuario,2025-05-20,pix,484.65
vestuario,2025-05-20,debito,594.78
vestuario,2025-05-20,credito_vista,560.62
vestuario,2025-05-20,credito_4x,2015.23
vestuario,2025-05-21,pix,445.95
vestuario,2025-05-21,debito,507.34
vestuario,2025-05-21,credito_vista,631.05
vestuario,2025-05-21,credito_4x,1461.07
vestuario,2025-05-22,pix,500.59
vestuario,2025-05-22,debito,646.66
vestuario,2025-05-22,credito_vista,755.92
vestuario,2025-05-22,credito_4x,2276.63
vestuario,2025-05-23,pix,512.37
vestuario,2025-05-23,debito,857.52
vestuario,2025-05-23,credito_vista,1078.6
vestuario,2025-05-23,credito_4x,2200.64
vestuario,2025-05-24,pix,863.13
vestuario,2025-05-24,debito,1126.77
vestuario,2025-05-24,credito_vista,1130.59
vestuario,2025-05-24,credito_4x,2624.8
vestuario,2025-05-25,pix,208.37
vestuario,2025-05-25,debito,203.94
vestuario,2025-05-25,credito_vista,275.82
vestuario,2025-05-25,credito_4x,628.55
vestuario,2025-05-26,pix,375.32
vestuario,2025-05-26,debito,454.09
vestuario,2025-05-26,credito_vista,387.37
vestuario,2025-05-26,credito_4x,1022.72
vestuario,2025-05-27,pix,242.05
vestuario,2025-05-27,debito,300.94
vestuario,2025-05-27,credito_vista,392.47
vestuario,2025-05-27,credito_4x,772.43
vestuario,2025-05-28,pix,396.36
vestuario,2025-05-28,debito,518.94
vestuario,2025-05-28,credito_vista,713.54
vestuario,2025-05-28,credito_4x,1442.78
vestuario,2025-05-29,pix,581.73
vestuario,2025-05-29,debito,583.6
vestuario,2025-05-29,credito_vista,688.3
vestuario,2025-05-29,credito_4x,1452.34
vestuario,2025-05-30,pix,502.41
vestuario,2025-05-30,debito,590.62
vestuario,2025-05-30,credito_vista,1060.25
vestuario,2025-05-30,credito_4x,2324.28
vestuario,2025-05-31,pix,403.51
vestuario,2025-05-31,debito,781.7
vestuario,2025-05-31,credito_vista,1168.98
vestuario,2025-05-31,credito_4x,2084.61
vestuario,2025-06-01,pix,495.22
vestuario,2025-06-01,debito,412.64
vestuario,2025-06-01,credito_vista,515.4
vestuario,2025-06-01,credito_4x,1457.42
vestuario,2025-06-02,pix,446.83
vestuario,2025-06-02,debito,412.69
vestuario,2025-06-02,credito_vista,705.99
vestuario,2025-06-02,credito_4x,1744.42
vestuario,2025-06-03,pix,414.21
vestuario,2025-06-03,debito,597.83
vestuario,2025-06-03,credito_vista,596.75
vestuario,2025-06-03,credito_4x,1487.62
vestuario,2025-06-04,pix,447.81
vestuario,2025-06-04,debito,491.54
vestuario,2025-06-04,credito_vista,811.71
vestuario,2025-06-04,credito_4x,1419.32
vestuario,2025-06-05,pix,394.01
vestuario,2025-06-05,debito,559.24
vestuario,2025-06-05,credito_vista,672.08
vestuario,2025-06-05,credito_4x,1161.11
vestuario,2025-06-06,pix,901.52
vestuario,2025-06-06,debito,1002.66
vestuario,2025-06-06,credito_vista,1750.71
vestuario,2025-06-06,credito_4x,3568.39
vestuario,2025-06-07,pix,1104.58
vestuario,2025-06-07,debito,1651.86
vestuario,2025-06-07,credito_vista,2168.83
vestuario,2025-06-07,credito_4x,4442.76
vestuario,2025-06-08,pix,269.67
vestuario,2025-06-08,debito,415.35
vestuario,2025-06-08,credito_vista,473.08
vestuario,2025-06-08,credito_4x,1131.88
vestuario,2025-06-09,pix,368.8
vestuario,2025-06-09,debito,686.69
vestuario,2025-06-09,credito_vista,528.46
vestuario,2025-06-09,credito_4x,1300.78
vestuario,2025-06-10,pix,588.97
vestuario,2025-06-10,debito,990.27
vestuario,2025-06-10,credito_vista,975.81
vestuario,2025-06-10,credito_4x,2779.69
vestuario,2025-06-11,pix,331.04
vestuario,2025-06-11,debito,549.06
vestuario,2025-06-11,credito_vista,618.9
vestuario,2025-06-11,credito_4x,1656.58
vestuario,2025-06-12,pix,477.7
vestuario,2025-06-12,debito,467.54
vestuario,2025-06-12,credito_vista,731.49
vestuario,2025-06-12,credito_4x,1895.76
vestuario,2025-06-13,pix,1041.32
vestuario,2025-06-13,debito,1239.38
vestuario,2025-06-13,credito_vista,856.96
vestuario,2025-06-13,credito_4x,2855.0
vestuario,2025-06-14,pix,1112.06
vestuario,2025-06-14,debito,1088.7
vestuario,2025-06-14,credito_vista,1180.01
vestuario,2025-06-14,credito_4x,3564.27
vestuario,2025-06-15,pix,471.46
vestuario,2025-06-15,debito,495.96
vestuario,2025-06-15,credito_vista,493.1
vestuario,2025-06-15,credito_4x,1069.51
vestuario,2025-06-16,pix,454.55
vestuario,2025-06-16,debito,519.72
vestuario,2025-06-16,credito_vista,709.43
vestuario,2025-06-16,credito_4x,1509.85
vestuario,2025-06-17,pix,338.37
vestuario,2025-06-17,debito,408.32
vestuario,2025-06-17,credito_vista,651.79
vestuario,2025-06-17,credito_4x,1535.16
vestuario,2025-06-18,pix,405.2
vestuario,2025-06-18,debito,473.34
vestuario,2025-06-18,credito_vista,817.7
vestuario,2025-06-18,credito_4x,1246.67
vestuario,2025-06-19,pix,161.63
vestuario,2025-06-19,debito,504.96
vestuario,2025-06-19,credito_vista,524.32
vestuario,2025-06-19,credito_4x,1050.31
vestuario,2025-06-20,pix,686.49
vestuario,2025-06-20,debito,821.9
vestuario,2025-06-20,credito_vista,816.95
vestuario,2025-06-20,credito_4x,1923.64
vestuario,2025-06-21,pix,745.84
vestuario,2025-06-21,debito,1285.29
vestuario,2025-06-21,credito_vista,1513.37
vestuario,2025-06-21,credito_4x,4003.91
vestuario,2025-06-22,pix,242.79
vestuario,2025-06-22,debito,341.09
vestuario,2025-06-22,credito_vista,413.86
vestuario,2025-06-22,credito_4x,919.97
vestuario,2025-06-23,pix,344.49
vestuario,2025-06-23,debito,449.24
vestuario,2025-06-23,credito_vista,729.97
vestuario,2025-06-23,credito_4x,1499.48
vestuario,2025-06-24,pix,311.85
vestuario,2025-06-24,debito,329.15
vestuario,2025-06-24,credito_vista,592.81
vestuario,2025-06-24,credito_4x,1261.87
vestuario,2025-06-25,pix,473.41
vestuario,2025-06-25,debito,513.14
vestuario,2025-06-25,credito_vista,777.97
vestuario,2025-06-25,credito_4x,1145.39
vestuario,2025-06-26,pix,639.44
vestuario,2025-06-26,debito,688.31
vestuario,2025-06-26,credito_vista,817.42
vestuario,2025-06-26,credito_4x,1617.17
vestuario,2025-06-27,pix,461.72
vestuario,2025-06-27,debito,626.78
vestuario,2025-06-27,credito_vista,1140.55
vestuario,2025-06-27,credito_4x,1809.32
vestuario,2025-06-28,pix,679.29
vestuario,2025-06-28,debito,969.25
vestuario,2025-06-28,credito_vista,1169.52
vestuario,2025-06-28,credito_4x,2276.21
vestuario,2025-06-29,pix,201.82
vestuario,2025-06-29,debito,215.64
vestuario,2025-06-29,credito_vista,218.49
vestuario,2025-06-29,credito_4x,502.76
vestuario,2025-06-30,pix,252.89
vestuario,2025-06-30,debito,535.34
vestuario,2025-06-30,credito_vista,686.7
vestuario,2025-06-30,credito_4x,1445.54
vestuario,2025-07-01,pix,165.89
vestuario,2025-07-01,debito,199.87
vestuario,2025-07-01,credito_vista,253.57
vestuario,2025-07-01,credito_4x,545.75
vestuario,2025-07-02,pix,760.91
vestuario,2025-07-02,debito,583.5
vestuario,2025-07-02,credito_vista,962.54
vestuario,2025-07-02,credito_4x,1990.09
vestuario,2025-07-03,pix,1335.18
vestuario,2025-07-03,debito,1501.69
vestuario,2025-07-03,credito_vista,1364.98
vestuario,2025-07-03,credito_4x,2685.51
vestuario,2025-07-04,pix,365.39
vestuario,2025-07-04,debito,795.81
vestuario,2025-07-04,credito_vista,614.69
vestuario,2025-07-04,credito_4x,1748.39
vestuario,2025-07-05,pix,1058.57
vestuario,2025-07-05,debito,972.88
vestuario,2025-07-05,credito_vista,1515.64
vestuario,2025-07-05,credito_4x,3106.17
vestuario,2025-07-06,pix,206.95
vestuario,2025-07-06,debito,284.47
vestuario,2025-07-06,credito_vista,464.1
vestuario,2025-07-06,credito_4x,1015.38
vestuario,2025-07-07,pix,417.26
vestuario,2025-07-07,debito,660.75
vestuario,2025-07-07,credito_vista,758.97
vestuario,2025-07-07,credito_4x,1312.86
vestuario,2025-07-08,pix,601.05
vestuario,2025-07-08,debito,606.12
vestuario,2025-07-08,credito_vista,1008.64
vestuario,2025-07-08,credito_4x,2355.38
vestuario,2025-07-09,pix,639.99
vestuario,2025-07-09,debito,801.92
vestuario,2025-07-09,credito_vista,1090.31
vestuario,2025-07-09,credito_4x,1814.87
vestuario,2025-07-10,pix,812.69
vestuario,2025-07-10,debito,1116.35
vestuario,2025-07-10,credito_vista,731.36
vestuario,2025-07-10,credito_4x,1857.35
vestuario,2025-07-11,pix,678.11
vestuario,2025-07-11,debito,856.85
vestuario,2025-07-11,credito_vista,1088.81
vestuario,2025-07-11,credito_4x,2596.52
vestuario,2025-07-12,pix,934.32
vestuario,2025-07-12,debito,884.21
vestuario,2025-07-12,credito_vista,1565.81
vestuario,2025-07-12,credito_4x,2553.73
vestuario,2025-07-13,pix,564.09
vestuario,2025-07-13,debito,623.39
vestuario,2025-07-13,credito_vista,538.47
vestuario,2025-07-13,credito_4x,1099.46
vestuario,2025-07-14,pix,384.88
vestuario,2025-07-14,debito,534.41
vestuario,2025-07-14,credito_vista,840.05
vestuario,2025-07-14,credito_4x,1291.69
vestuario,2025-07-15,pix,311.87
vestuario,2025-07-15,debito,702.98
vestuario,2025-07-15,credito_vista,673.85
vestuario,2025-07-15,credito_4x,1580.34
vestuario,2025-07-16,pix,274.84
vestuario,2025-07-16,debito,387.87
vestuario,2025-07-16,credito_vista,485.75
vestuario,2025-07-16,credito_4x,919.56
vestuario,2025-07-17,pix,438.77
vestuario,2025-07-17,debito,605.99
vestuario,2025-07-17,credito_vista,732.1
vestuario,2025-07-17,credito_4x,1463.84
vestuario,2025-07-18,pix,617.89
vestuario,2025-07-18,debito,1311.61
vestuario,2025-07-18,credito_vista,1155.6
vestuario,2025-07-18,credito_4x,2441.76
vestuario,2025-07-19,pix,776.75
vestuario,2025-07-19,debito,624.95
vestuario,2025-07-19,credito_vista,1059.38
vestuario,2025-07-19,credito_4x,1690.38
vestuario,2025-07-20,pix,150.23
vestuario,2025-07-20,debito,193.88
vestuario,2025-07-20,credito_vista,145.82
vestuario,2025-07-20,credito_4x,377.86
vestuario,2025-07-21,pix,313.56
vestuario,2025-07-21,debito,452.41
vestuario,2025-07-21,credito_vista,626.56
vestuario,2025-07-21,credito_4x,1562.35
vestuario,2025-07-22,pix,560.53
vestuario,2025-07-22,debito,746.17
vestuario,2025-07-22,credito_vista,804.14
vestuario,2025-07-22,credito_4x,1943.03
vestuario,2025-07-23,pix,334.76
vestuario,2025-07-23,debito,646.42
vestuario,2025-07-23,credito_vista,761.31
vestuario,2025-07-23,credito_4x,1583.14
vestuario,2025-07-24,pix,490.01
vestuario,2025-07-24,debito,426.99
vestuario,2025-07-24,credito_vista,663.69
vestuario,2025-07-24,credito_4x,1806.61
vestuario,2025-07-25,pix,295.51
vestuario,2025-07-25,debito,306.03
vestuario,2025-07-25,credito_vista,502.98
vestuario,2025-07-25,credito_4x,1021.25
vestuario,2025-07-26,pix,882.34
vestuario,2025-07-26,debito,766.29
vestuario,2025-07-26,credito_vista,966.45
vestuario,2025-07-26,credito_4x,2652.21
vestuario,2025-07-27,pix,169.73
vestuario,2025-07-27,debito,235.69
vestuario,2025-07-27,credito_vista,436.76
vestuario,2025-07-27,credito_4x,699.88
vestuario,2025-07-28,pix,200.73
vestuario,2025-07-28,debito,219.11
vestuario,2025-07-28,credito_vista,345.89
vestuario,2025-07-28,credito_4x,688.16
vestuario,2025-07-29,pix,360.24
vestuario,2025-07-29,debito,522.28
vestuario,2025-07-29,credito_vista,908.45
vestuario,2025-07-29,credito_4x,1381.13
vestuario,2025-07-30,pix,489.59
vestuario,2025-07-30,debito,604.84
vestuario,2025-07-30,credito_vista,733.64
vestuario,2025-07-30,credito_4x,1309.89
vestuario,2025-07-31,pix,572.24
vestuario,2025-07-31,debito,367.31
vestuario,2025-07-31,credito_vista,681.87
vestuario,2025-07-31,credito_4x,2102.76
vestuario,2025-08-01,pix,864.94
vestuario,2025-08-01,debito,1298.57
vestuario,2025-08-01,credito_vista,1173.89
vestuario,2025-08-01,credito_4x,2467.23
vestuario,2025-08-02,pix,882.27
vestuario,2025-08-02,debito,2028.5
vestuario,2025-08-02,credito_vista,1842.11
vestuario,2025-08-02,credito_4x,3086.07
vestuario,2025-08-03,pix,403.68
vestuario,2025-08-03,debito,404.24
vestuario,2025-08-03,credito_vista,325.09
vestuario,2025-08-03,credito_4x,1013.58
vestuario,2025-08-04,pix,573.58
vestuario,2025-08-04,debito,688.24
vestuario,2025-08-04,credito_vista,866.2
vestuario,2025-08-04,credito_4x,1946.82
vestuario,2025-08-05,pix,184.01
vestuario,2025-08-05,debito,337.88
vestuario,2025-08-05,credito_vista,483.42
vestuario,2025-08-05,credito_4x,1173.51
vestuario,2025-08-06,pix,281.27
vestuario,2025-08-06,debito,470.49
vestuario,2025-08-06,credito_vista,614.75
vestuario,2025-08-06,credito_4x,1207.26
vestuario,2025-08-07,pix,448.68
vestuario,2025-08-07,debito,608.9
vestuario,2025-08-07,credito_vista,699.52
vestuario,2025-08-07,credito_4x,1818.54
vestuario,2025-08-08,pix,614.44
vestuario,2025-08-08,debito,879.7
vestuario,2025-08-08,credito_vista,1079.94
vestuario,2025-08-08,credito_4x,2395.7
vestuario,2025-08-09,pix,720.27
vestuario,2025-08-09,debito,1085.87
vestuario,2025-08-09,credito_vista,1988.54
vestuario,2025-08-09,credito_4x,3603.43
vestuario,2025-08-10,pix,204.31
vestuario,2025-08-10,debito,282.51
vestuario,2025-08-10,credito_vista,463.56
vestuario,2025-08-10,credito_4x,1102.06
vestuario,2025-08-11,pix,583.66
vestuario,2025-08-11,debito,601.69
vestuario,2025-08-11,credito_vista,935.1
vestuario,2025-08-11,credito_4x,1472.27
vestuario,2025-08-12,pix,301.27
vestuario,2025-08-12,debito,776.77
vestuario,2025-08-12,credito_vista,726.3
vestuario,2025-08-12,credito_4x,2031.36
vestuario,2025-08-13,pix,328.87
vestuario,2025-08-13,debito,680.12
vestuario,2025-08-13,credito_vista,663.27
vestuario,2025-08-13,credito_4x,945.8
vestuario,2025-08-14,pix,354.83
vestuario,2025-08-14,debito,629.86
vestuario,2025-08-14,credito_vista,1222.25
vestuario,2025-08-14,credito_4x,1579.25
vestuario,2025-08-15,pix,373.3
vestuario,2025-08-15,debito,533.63
vestuario,2025-08-15,credito_vista,808.7
vestuario,2025-08-15,credito_4x,1793.66
vestuario,2025-08-16,pix,823.98
vestuario,2025-08-16,debito,1055.92
vestuario,2025-08-16,credito_vista,945.15
vestuario,2025-08-16,credito_4x,2685.01
vestuario,2025-08-17,pix,288.36
vestuario,2025-08-17,debito,411.41
vestuario,2025-08-17,credito_vista,390.29
vestuario,2025-08-17,credito_4x,639.93
vestuario,2025-08-18,pix,112.79
vestuario,2025-08-18,debito,139.49
vestuario,2025-08-18,credito_vista,132.67
vestuario,2025-08-18,credito_4x,332.88
vestuario,2025-08-19,pix,436.67
vestuario,2025-08-19,debito,864.5
vestuario,2025-08-19,credito_vista,1233.79
vestuario,2025-08-19,credito_4x,2129.75
vestuario,2025-08-20,pix,532.25
vestuario,2025-08-20,debito,619.76
vestuario,2025-08-20,credito_vista,696.43
vestuario,2025-08-20,credito_4x,1778.69
vestuario,2025-08-21,pix,430.41
vestuario,2025-08-21,debito,477.71
vestuario,2025-08-21,credito_vista,716.71
vestuario,2025-08-21,credito_4x,1487.27
vestuario,2025-08-22,pix,762.31
vestuario,2025-08-22,debito,1015.6
vestuario,2025-08-22,credito_vista,1502.88
vestuario,2025-08-22,credito_4x,2835.8
vestuario,2025-08-23,pix,979.11
vestuario,2025-08-23,debito,947.5
vestuario,2025-08-23,credito_vista,1132.92
vestuario,2025-08-23,credito_4x,2226.82
vestuario,2025-08-24,pix,237.48
vestuario,2025-08-24,debito,247.17
vestuario,2025-08-24,credito_vista,389.55
vestuario,2025-08-24,credito_4x,781.67
vestuario,2025-08-25,pix,169.54
vestuario,2025-08-25,debito,280.88
vestuario,2025-08-25,credito_vista,544.51
vestuario,2025-08-25,credito_4x,1098.11
vestuario,2025-08-26,pix,382.08
vestuario,2025-08-26,debito,471.33
vestuario,2025-08-26,credito_vista,718.55
vestuario,2025-08-26,credito_4x,1822.33
vestuario,2025-08-27,pix,385.94
vestuario,2025-08-27,debito,447.44
vestuario,2025-08-27,credito_vista,563.88
vestuario,2025-08-27,credito_4x,1176.53
vestuario,2025-08-28,pix,260.33
vestuario,2025-08-28,debito,408.85
vestuario,2025-08-28,credito_vista,890.05
vestuario,2025-08-28,credito_4x,1462.99
vestuario,2025-08-29,pix,340.6
vestuario,2025-08-29,debito,869.16
vestuario,2025-08-29,credito_vista,825.51
vestuario,2025-08-29,credito_4x,2403.75
vestuario,2025-08-30,pix,735.39
vestuario,2025-08-30,debito,933.17
vestuario,2025-08-30,credito_vista,1046.54
vestuario,2025-08-30,credito_4x,2564.37
vestuario,2025-08-31,pix,227.98
vestuario,2025-08-31,debito,191.01
vestuario,2025-08-31,credito_vista,314.2
vestuario,2025-08-31,credito_4x,566.02
vestuario,2025-09-01,pix,387.03
vestuario,2025-09-01,debito,917.84
vestuario,2025-09-01,credito_vista,978.79
vestuario,2025-09-01,credito_4x,1900.39
vestuario,2025-09-02,pix,531.83
vestuario,2025-09-02,debito,1200.67
vestuario,2025-09-02,credito_vista,1705.46
vestuario,2025-09-02,credito_4x,2127.92
vestuario,2025-09-03,pix,400.4
vestuario,2025-09-03,debito,740.27
vestuario,2025-09-03,credito_vista,1025.15
vestuario,2025-09-03,credito_4x,1878.2
vestuario,2025-09-04,pix,1138.53
vestuario,2025-09-04,debito,706.87
vestuario,2025-09-04,credito_vista,754.65
vestuario,2025-09-04,credito_4x,1706.38
vestuario,2025-09-05,pix,978.14
vestuario,2025-09-05,debito,889.43
vestuario,2025-09-05,credito_vista,1420.42
vestuario,2025-09-05,credito_4x,1937.71
vestuario,2025-09-06,pix,1422.23
vestuario,2025-09-06,debito,1322.32
vestuario,2025-09-06,credito_vista,2187.56
vestuario,2025-09-06,credito_4x,3716.71
vestuario,2025-09-07,pix,181.96
vestuario,2025-09-07,debito,224.9
vestuario,2025-09-07,credito_vista,397.1
vestuario,2025-09-07,credito_4x,834.8
vestuario,2025-09-08,pix,353.31
vestuario,2025-09-08,debito,432.73
vestuario,2025-09-08,credito_vista,921.03
vestuario,2025-09-08,credito_4x,1442.29
vestuario,2025-09-09,pix,280.93
vestuario,2025-09-09,debito,336.79
vestuario,2025-09-09,credito_vista,565.26
vestuario,2025-09-09,credito_4x,1175.24
vestuario,2025-09-10,pix,447.04
vestuario,2025-09-10,debito,545.04
vestuario,2025-09-10,credito_vista,646.35
vestuario,2025-09-10,credito_4x,1151.34
vestuario,2025-09-11,pix,355.33
vestuario,2025-09-11,debito,593.75
vestuario,2025-09-11,credito_vista,621.87
vestuario,2025-09-11,credito_4x,1575.78
vestuario,2025-09-12,pix,466.67
vestuario,2025-09-12,debito,575.78
vestuario,2025-09-12,credito_vista,1119.93
vestuario,2025-09-12,credito_4x,2045.89
vestuario,2025-09-13,pix,776.99
vestuario,2025-09-13,debito,2169.18
vestuario,2025-09-13,credito_vista,1754.98
vestuario,2025-09-13,credito_4x,3189.41
vestuario,2025-09-14,pix,204.93
vestuario,2025-09-14,debito,315.52
vestuario,2025-09-14,credito_vista,450.39
vestuario,2025-09-14,credito_4x,814.73
vestuario,2025-09-15,pix,275.67
vestuario,2025-09-15,debito,420.99
vestuario,2025-09-15,credito_vista,530.77
vestuario,2025-09-15,credito_4x,1042.02
vestuario,2025-09-16,pix,420.99
vestuario,2025-09-16,debito,451.86
vestuario,2025-09-16,credito_vista,541.17
vestuario,2025-09-16,credito_4x,1119.16
vestuario,2025-09-17,pix,671.33
vestuario,2025-09-17,debito,751.16
vestuario,2025-09-17,credito_vista,734.21
vestuario,2025-09-17,credito_4x,2002.51
vestuario,2025-09-18,pix,658.26
vestuario,2025-09-18,debito,1044.22
vestuario,2025-09-18,credito_vista,810.05
vestuario,2025-09-18,credito_4x,1914.8
vestuario,2025-09-19,pix,604.33
vestuario,2025-09-19,debito,944.8
vestuario,2025-09-19,credito_vista,807.98
vestuario,2025-09-19,credito_4x,1926.59
vestuario,2025-09-20,pix,794.4
vestuario,2025-09-20,debito,701.96
vestuario,2025-09-20,credito_vista,945.03
vestuario,2025-09-20,credito_4x,2682.29
vestuario,2025-09-21,pix,285.11
vestuario,2025-09-21,debito,302.51
vestuario,2025-09-21,credito_vista,461.31
vestuario,2025-09-21,credito_4x,942.61
vestuario,2025-09-22,pix,295.08
vestuario,2025-09-22,debito,391.53
vestuario,2025-09-22,credito_vista,563.08
vestuario,2025-09-22,credito_4x,968.25
vestuario,2025-09-23,pix,475.43
vestuario,2025-09-23,debito,621.61
vestuario,2025-09-23,credito_vista,769.22
vestuario,2025-09-23,credito_4x,1409.5
vestuario,2025-09-24,pix,837.78
vestuario,2025-09-24,debito,756.94
vestuario,2025-09-24,credito_vista,965.56
vestuario,2025-09-24,credito_4x,2229.54
vestuario,2025-09-25,pix,462.99
vestuario,2025-09-25,debito,586.49
vestuario,2025-09-25,credito_vista,514.4
vestuario,2025-09-25,credito_4x,1477.21
vestuario,2025-09-26,pix,352.05
vestuario,2025-09-26,debito,628.17
vestuario,2025-09-26,credito_vista,559.15
vestuario,2025-09-26,credito_4x,1356.71
vestuario,2025-09-27,pix,1023.09
vestuario,2025-09-27,debito,982.67
vestuario,2025-09-27,credito_vista,803.72
vestuario,2025-09-27,credito_4x,2267.39
vestuario,2025-09-28,pix,170.76
vestuario,2025-09-28,debito,200.54
vestuario,2025-09-28,credito_vista,301.42
vestuario,2025-09-28,credito_4x,501.67
vestuario,2025-09-29,pix,178.63
vestuario,2025-09-29,debito,280.12
vestuario,2025-09-29,credito_vista,330.41
vestuario,2025-09-29,credito_4x,825.51
vestuario,2025-09-30,pix,340.95
vestuario,2025-09-30,debito,434.75
vestuario,2025-09-30,credito_vista,718.89
vestuario,2025-09-30,credito_4x,1362.15
vestuario,2025-10-01,pix,517.37
vestuario,2025-10-01,debito,758.81
vestuario,2025-10-01,credito_vista,1140.58
vestuario,2025-10-01,credito_4x,2282.75
vestuario,2025-10-02,pix,537.56
vestuario,2025-10-02,debito,534.68
vestuario,2025-10-02,credito_vista,808.14
vestuario,2025-10-02,credito_4x,2024.89
vestuario,2025-10-03,pix,751.97
vestuario,2025-10-03,debito,599.17
vestuario,2025-10-03,credito_vista,984.08
vestuario,2025-10-03,credito_4x,2278.9
vestuario,2025-10-04,pix,579.39
vestuario,2025-10-04,debito,902.61
vestuario,2025-10-04,credito_vista,1368.39
vestuario,2025-10-04,credito_4x,2440.79
vestuario,2025-10-05,pix,218.0
vestuario,2025-10-05,debito,303.63
vestuario,2025-10-05,credito_vista,492.23
vestuario,2025-10-05,credito_4x,811.84
vestuario,2025-10-06,pix,345.38
vestuario,2025-10-06,debito,665.81
vestuario,2025-10-06,credito_vista,714.69
vestuario,2025-10-06,credito_4x,1216.24
vestuario,2025-10-07,pix,337.06
vestuario,2025-10-07,debito,389.65
vestuario,2025-10-07,credito_vista,390.28
vestuario,2025-10-07,credito_4x,1657.86
vestuario,2025-10-08,pix,725.51
vestuario,2025-10-08,debito,929.97
vestuario,2025-10-08,credito_vista,1101.08
vestuario,2025-10-08,credito_4x,2596.83
vestuario,2025-10-09,pix,515.88
vestuario,2025-10-09,debito,665.82
vestuario,2025-10-09,credito_vista,916.01
vestuario,2025-10-09,credito_4x,2535.04
vestuario,2025-10-10,pix,825.27
vestuario,2025-10-10,debito,845.89
vestuario,2025-10-10,credito_vista,1586.02
vestuario,2025-10-10,credito_4x,2421.93
vestuario,2025-10-11,pix,635.46
vestuario,2025-10-11,debito,1144.19
vestuario,2025-10-11,credito_vista,1721.25
vestuario,2025-10-11,credito_4x,3309.11
vestuario,2025-10-12,pix,211.39
vestuario,2025-10-12,debito,276.68
vestuario,2025-10-12,credito_vista,402.29
vestuario,2025-10-12,credito_4x,986.17
vestuario,2025-10-13,pix,367.24
vestuario,2025-10-13,debito,535.67
vestuario,2025-10-13,credito_vista,538.75
vestuario,2025-10-13,credito_4x,1152.6
vestuario,2025-10-14,pix,412.21
vestuario,2025-10-14,debito,679.93
vestuario,2025-10-14,credito_vista,787.66
vestuario,2025-10-14,credito_4x,1335.57
vestuario,2025-10-15,pix,405.6
vestuario,2025-10-15,debito,582.28
vestuario,2025-10-15,credito_vista,711.81
vestuario,2025-10-15,credito_4x,1323.71
vestuario,2025-10-16,pix,478.02
vestuario,2025-10-16,debito,623.19
vestuario,2025-10-16,credito_vista,778.4
vestuario,2025-10-16,credito_4x,2037.63
vestuario,2025-10-17,pix,584.44
vestuario,2025-10-17,debito,691.16
vestuario,2025-10-17,credito_vista,1033.97
vestuario,2025-10-17,credito_4x,2302.46
vestuario,2025-10-18,pix,763.5
vestuario,2025-10-18,debito,693.03
vestuario,2025-10-18,credito_vista,1343.42
vestuario,2025-10-18,credito_4x,2441.08
vestuario,2025-10-19,pix,202.58
vestuario,2025-10-19,debito,155.97
vestuario,2025-10-19,credito_vista,304.5
vestuario,2025-10-19,credito_4x,476.48
vestuario,2025-10-20,pix,376.09
vestuario,2025-10-20,debito,647.09
vestuario,2025-10-20,credito_vista,555.99
vestuario,2025-10-20,credito_4x,1377.95
vestuario,2025-10-21,pix,278.69
vestuario,2025-10-21,debito,624.33
vestuario,2025-10-21,credito_vista,574.44
vestuario,2025-10-21,credito_4x,1431.66
vestuario,2025-10-22,pix,255.71
vestuario,2025-10-22,debito,343.57
vestuario,2025-10-22,credito_vista,411.7
vestuario,2025-10-22,credito_4x,874.18
vestuario,2025-10-23,pix,384.58
vestuario,2025-10-23,debito,704.98
vestuario,2025-10-23,credito_vista,936.36
vestuario,2025-10-23,credito_4x,1963.3
vestuario,2025-10-24,pix,646.91
vestuario,2025-10-24,debito,807.13
vestuario,2025-10-24,credito_vista,1192.05
vestuario,2025-10-24,credito_4x,2578.31
vestuario,2025-10-25,pix,783.62
vestuario,2025-10-25,debito,1458.39
vestuario,2025-10-25,credito_vista,1910.47
vestuario,2025-10-25,credito_4x,3185.01
vestuario,2025-10-26,pix,140.24
vestuario,2025-10-26,debito,185.46
vestuario,2025-10-26,credito_vista,272.46
vestuario,2025-10-26,credito_4x,614.7
vestuario,2025-10-27,pix,225.57
vestuario,2025-10-27,debito,393.6
vestuario,2025-10-27,credito_vista,605.99
vestuario,2025-10-27,credito_4x,856.08
vestuario,2025-10-28,pix,231.53
vestuario,2025-10-28,debito,282.18
vestuario,2025-10-28,credito_vista,385.45
vestuario,2025-10-28,credito_4x,998.71
vestuario,2025-10-29,pix,341.96
vestuario,2025-10-29,debito,463.4
vestuario,2025-10-29,credito_vista,662.4
vestuario,2025-10-29,credito_4x,1314.86
vestuario,2025-10-30,pix,364.48
vestuario,2025-10-30,debito,528.48
vestuario,2025-10-30,credito_vista,750.11
vestuario,2025-10-30,credito_4x,1447.2
vestuario,2025-10-31,pix,340.43
vestuario,2025-10-31,debito,670.07
vestuario,2025-10-31,credito_vista,565.24
vestuario,2025-10-31,credito_4x,1343.39
vestuario,2025-11-01,pix,858.27
vestuario,2025-11-01,debito,1069.63
vestuario,2025-11-01,credito_vista,1766.04
vestuario,2025-11-01,credito_4x,2867.23
vestuario,2025-11-02,pix,142.59
vestuario,2025-11-02,debito,248.96
vestuario,2025-11-02,credito_vista,230.88
vestuario,2025-11-02,credito_4x,462.29
vestuario,2025-11-03,pix,661.07
vestuario,2025-11-03,debito,731.26
vestuario,2025-11-03,credito_vista,896.84
vestuario,2025-11-03,credito_4x,1825.51
vestuario,2025-11-04,pix,278.2
vestuario,2025-11-04,debito,424.27
vestuario,2025-11-04,credito_vista,1014.28
vestuario,2025-11-04,credito_4x,1302.02
vestuario,2025-11-05,pix,372.98
vestuario,2025-11-05,debito,647.35
vestuario,2025-11-05,credito_vista,902.84
vestuario,2025-11-05,credito_4x,1900.04
vestuario,2025-11-06,pix,322.69
vestuario,2025-11-06,debito,548.17
vestuario,2025-11-06,credito_vista,644.38
vestuario,2025-11-06,credito_4x,1424.69
vestuario,2025-11-07,pix,560.13
vestuario,2025-11-07,debito,814.96
vestuario,2025-11-07,credito_vista,832.37
vestuario,2025-11-07,credito_4x,2279.98
vestuario,2025-11-08,pix,1103.98
vestuario,2025-11-08,debito,961.04
vestuario,2025-11-08,credito_vista,1832.6
vestuario,2025-11-08,credito_4x,2549.24
vestuario,2025-11-09,pix,239.01
vestuario,2025-11-09,debito,316.64
vestuario,2025-11-09,credito_vista,402.62
vestuario,2025-11-09,credito_4x,970.92
vestuario,2025-11-10,pix,506.91
vestuario,2025-11-10,debito,586.52
vestuario,2025-11-10,credito_vista,813.4
vestuario,2025-11-10,credito_4x,1898.2
vestuario,2025-11-11,pix,567.41
vestuario,2025-11-11,debito,648.79
vestuario,2025-11-11,credito_vista,821.98
vestuario,2025-11-11,credito_4x,2046.37
vestuario,2025-11-12,pix,497.55
vestuario,2025-11-12,debito,775.16
vestuario,2025-11-12,credito_vista,718.36
vestuario,2025-11-12,credito_4x,1827.38
vestuario,2025-11-13,pix,566.01
vestuario,2025-11-13,debito,740.58
vestuario,2025-11-13,credito_vista,977.79
vestuario,2025-11-13,credito_4x,2147.61
vestuario,2025-11-14,pix,593.38
vestuario,2025-11-14,debito,878.39
vestuario,2025-11-14,credito_vista,1524.89
vestuario,2025-11-14,credito_4x,2795.46
vestuario,2025-11-15,pix,842.07
vestuario,2025-11-15,debito,1262.89
vestuario,2025-11-15,credito_vista,1350.48
vestuario,2025-11-15,credito_4x,3145.16
vestuario,2025-11-16,pix,204.59
vestuario,2025-11-16,debito,286.93
vestuario,2025-11-16,credito_vista,421.45
vestuario,2025-11-16,credito_4x,725.23
vestuario,2025-11-17,pix,502.8
vestuario,2025-11-17,debito,453.49
vestuario,2025-11-17,credito_vista,759.06
vestuario,2025-11-17,credito_4x,1876.68
vestuario,2025-11-18,pix,841.42
vestuario,2025-11-18,debito,541.63
vestuario,2025-11-18,credito_vista,815.96
vestuario,2025-11-18,credito_4x,1665.95
vestuario,2025-11-19,pix,408.61
vestuario,2025-11-19,debito,692.39
vestuario,2025-11-19,credito_vista,888.05
vestuario,2025-11-19,credito_4x,1798.59
vestuario,2025-11-20,pix,246.14
vestuario,2025-11-20,debito,486.01
vestuario,2025-11-20,credito_vista,531.85
vestuario,2025-11-20,credito_4x,1243.36
vestuario,2025-11-21,pix,436.26
vestuario,2025-11-21,debito,513.52
vestuario,2025-11-21,credito_vista,1025.75
vestuario,2025-11-21,credito_4x,1634.59
vestuario,2025-11-22,pix,617.09
vestuario,2025-11-22,debito,1295.16
vestuario,2025-11-22,credito_vista,912.22
vestuario,2025-11-22,credito_4x,2732.16
vestuario,2025-11-23,pix,275.3
vestuario,2025-11-23,debito,396.38
vestuario,2025-11-23,credito_vista,399.67
vestuario,2025-11-23,credito_4x,879.75
vestuario,2025-11-24,pix,435.41
vestuario,2025-11-24,debito,473.17
vestuario,2025-11-24,credito_vista,507.99
vestuario,2025-11-24,credito_4x,1534.01
vestuario,2025-11-25,pix,553.21
vestuario,2025-11-25,debito,678.43
vestuario,2025-11-25,credito_vista,649.15
vestuario,2025-11-25,credito_4x,1352.11
vestuario,2025-11-26,pix,548.93
vestuario,2025-11-26,debito,436.12
vestuario,2025-11-26,credito_vista,858.76
vestuario,2025-11-26,credito_4x,1691.23
vestuario,2025-11-27,pix,438.23
vestuario,2025-11-27,debito,865.47
vestuario,2025-11-27,credito_vista,738.39
vestuario,2025-11-27,credito_4x,1812.94
vestuario,2025-11-28,pix,508.09
vestuario,2025-11-28,debito,882.08
vestuario,2025-11-28,credito_vista,1048.13
vestuario,2025-11-28,credito_4x,2198.89
vestuario,2025-11-29,pix,706.72
vestuario,2025-11-29,debito,576.05
vestuario,2025-11-29,credito_vista,695.84
vestuario,2025-11-29,credito_4x,1798.31
vestuario,2025-11-30,pix,212.49
vestuario,2025-11-30,debito,312.31
vestuario,2025-11-30,credito_vista,205.28
vestuario,2025-11-30,credito_4x,794.29
vestuario,2025-12-01,pix,505.73
vestuario,2025-12-01,debito,450.8
vestuario,2025-12-01,credito_vista,771.66
vestuario,2025-12-01,credito_4x,1330.13
vestuario,2025-12-02,pix,372.93
vestuario,2025-12-02,debito,476.09
vestuario,2025-12-02,credito_vista,437.51
vestuario,2025-12-02,credito_4x,1106.71
vestuario,2025-12-03,pix,410.98
vestuario,2025-12-03,debito,853.91
vestuario,2025-12-03,credito_vista,726.62
vestuario,2025-12-03,credito_4x,1738.81
vestuario,2025-12-04,pix,1117.72
vestuario,2025-12-04,debito,1140.12
vestuario,2025-12-04,credito_vista,1158.41
vestuario,2025-12-04,credito_4x,2305.72
vestuario,2025-12-05,pix,572.0
vestuario,2025-12-05,debito,1258.28
vestuario,2025-12-05,credito_vista,1393.11
vestuario,2025-12-05,credito_4x,2640.4
vestuario,2025-12-06,pix,1372.29
vestuario,2025-12-06,debito,1859.46
vestuario,2025-12-06,credito_vista,1949.76
vestuario,2025-12-06,credito_4x,5082.83
vestuario,2025-12-07,pix,194.89
vestuario,2025-12-07,debito,378.86
vestuario,2025-12-07,credito_vista,554.56
vestuario,2025-12-07,credito_4x,951.86
vestuario,2025-12-08,pix,788.85
vestuario,2025-12-08,debito,1130.61
vestuario,2025-12-08,credito_vista,695.56
vestuario,2025-12-08,credito_4x,2868.69
vestuario,2025-12-09,pix,564.34
vestuario,2025-12-09,debito,633.61
vestuario,2025-12-09,credito_vista,660.8
vestuario,2025-12-09,credito_4x,2081.76
vestuario,2025-12-10,pix,412.87
vestuario,2025-12-10,debito,844.09
vestuario,2025-12-10,credito_vista,761.42
vestuario,2025-12-10,credito_4x,2022.69
vestuario,2025-12-11,pix,388.75
vestuario,2025-12-11,debito,397.25
vestuario,2025-12-11,credito_vista,696.62
vestuario,2025-12-11,credito_4x,1241.94
vestuario,2025-12-12,pix,634.47
vestuario,2025-12-12,debito,858.12
vestuario,2025-12-12,credito_vista,1203.78
vestuario,2025-12-12,credito_4x,2973.65
vestuario,2025-12-13,pix,923.31
vestuario,2025-12-13,debito,1271.04
vestuario,2025-12-13,credito_vista,1001.96
vestuario,2025-12-13,credito_4x,2215.92
vestuario,2025-12-14,pix,188.68
vestuario,2025-12-14,debito,255.78
vestuario,2025-12-14,credito_vista,340.24
vestuario,2025-12-14,credito_4x,685.05
vestuario,2025-12-15,pix,424.74
vestuario,2025-12-15,debito,528.74
vestuario,2025-12-15,credito_vista,989.51
vestuario,2025-12-15,credito_4x,1968.0
vestuario,2025-12-16,pix,363.62
vestuario,2025-12-16,debito,566.2
vestuario,2025-12-16,credito_vista,772.21
vestuario,2025-12-16,credito_4x,2371.6
vestuario,2025-12-17,pix,527.53
vestuario,2025-12-17,debito,847.76
vestuario,2025-12-17,credito_vista,760.94
vestuario,2025-12-17,credito_4x,2163.51
vestuario,2025-12-18,pix,499.61
vestuario,2025-12-18,debito,740.13
vestuario,2025-12-18,credito_vista,724.75
vestuario,2025-12-18,credito_4x,1560.79
vestuario,2025-12-19,pix,381.21
vestuario,2025-12-19,debito,708.44
vestuario,2025-12-19,credito_vista,1116.55
vestuario,2025-12-19,credito_4x,2345.54
vestuario,2025-12-20,pix,510.35
vestuario,2025-12-20,debito,936.95
vestuario,2025-12-20,credito_vista,1533.83
vestuario,2025-12-20,credito_4x,3084.79
vestuario,2025-12-21,pix,212.55
vestuario,2025-12-21,debito,403.73
vestuario,2025-12-21,credito_vista,468.4
vestuario,2025-12-21,credito_4x,944.74
vestuario,2025-12-22,pix,380.98
vestuario,2025-12-22,debito,715.78
vestuario,2025-12-22,credito_vista,960.66
vestuario,2025-12-22,credito_4x,2078.69
vestuario,2025-12-23,pix,413.85
vestuario,2025-12-23,debito,838.73
vestuario,2025-12-23,credito_vista,676.87
vestuario,2025-12-23,credito_4x,1616.27
vestuario,2025-12-24,pix,715.03
vestuario,2025-12-24,debito,909.92
vestuario,2025-12-24,credito_vista,916.82
vestuario,2025-12-24,credito_4x,2447.59
vestuario,2025-12-25,pix,319.91
vestuario,2025-12-25,debito,818.81
vestuario,2025-12-25,credito_vista,602.93
vestuario,2025-12-25,credito_4x,2058.51
vestuario,2025-12-26,pix,417.3
vestuario,2025-12-26,debito,553.74
vestuario,2025-12-26,credito_vista,950.75
vestuario,2025-12-26,credito_4x,1695.34
vestuario,2025-12-27,pix,765.11
vestuario,2025-12-27,debito,750.07
vestuario,2025-12-27,credito_vista,1671.9
vestuario,2025-12-27,credito_4x,2834.61
vestuario,2025-12-28,pix,278.08
vestuario,2025-12-28,debito,475.22
vestuario,2025-12-28,credito_vista,504.86
vestuario,2025-12-28,credito_4x,714.83
vestuario,2025-12-29,pix,619.69
vestuario,2025-12-29,debito,565.4
vestuario,2025-12-29,credito_vista,965.97
vestuario,2025-12-29,credito_4x,1526.0
vestuario,2025-12-30,pix,325.9
vestuario,2025-12-30,debito,573.04
vestuario,2025-12-30,credito_vista,930.63
vestuario,2025-12-30,credito_4x,1597.98
vestuario,2025-12-31,pix,376.06
vestuario,2025-12-31,debito,501.13
vestuario,2025-12-31,credito_vista,572.91
vestuario,2025-12-31,credito_4x,1448.23
vestuario,2026-01-01,pix,692.82
vestuario,2026-01-01,debito,597.54
vestuario,2026-01-01,credito_vista,823.62
vestuario,2026-01-01,credito_4x,2281.05
vestuario,2026-01-02,pix,585.99
vestuario,2026-01-02,debito,1107.14
vestuario,2026-01-02,credito_vista,1546.9
vestuario,2026-01-02,credito_4x,3009.21
vestuario,2026-01-03,pix,877.45
vestuario,2026-01-03,debito,1389.14
vestuario,2026-01-03,credito_vista,2241.9
vestuario,2026-01-03,credito_4x,5625.13
vestuario,2026-01-04,pix,283.31
vestuario,2026-01-04,debito,482.64
vestuario,2026-01-04,credito_vista,536.61
vestuario,2026-01-04,credito_4x,982.58
vestuario,2026-01-05,pix,622.56
vestuario,2026-01-05,debito,494.19
vestuario,2026-01-05,credito_vista,998.57
vestuario,2026-01-05,credito_4x,1970.2
vestuario,2026-01-06,pix,505.23
vestuario,2026-01-06,debito,646.54
vestuario,2026-01-06,credito_vista,904.76
vestuario,2026-01-06,credito_4x,1940.28
vestuario,2026-01-07,pix,542.56
vestuario,2026-01-07,debito,745.85
vestuario,2026-01-07,credito_vista,890.12
vestuario,2026-01-07,credito_4x,1709.97
vestuario,2026-01-08,pix,441.69
vestuario,2026-01-08,debito,1022.16
vestuario,2026-01-08,credito_vista,918.93
vestuario,2026-01-08,credito_4x,2114.22
vestuario,2026-01-09,pix,689.17
vestuario,2026-01-09,debito,1411.2
vestuario,2026-01-09,credito_vista,1136.65
vestuario,2026-01-09,credito_4x,2534.25
vestuario,2026-01-10,pix,1394.75
vestuario,2026-01-10,debito,1783.76
vestuario,2026-01-10,credito_vista,2325.65
vestuario,2026-01-10,credito_4x,4807.85
vestuario,2026-01-11,pix,281.7
vestuario,2026-01-11,debito,240.12
vestuario,2026-01-11,credito_vista,418.0
vestuario,2026-01-11,credito_4x,752.26
vestuario,2026-01-12,pix,254.53
vestuario,2026-01-12,debito,645.3
vestuario,2026-01-12,credito_vista,775.27
vestuario,2026-01-12,credito_4x,1541.97
vestuario,2026-01-13,pix,430.27
vestuario,2026-01-13,debito,407.41
vestuario,2026-01-13,credito_vista,661.16
vestuario,2026-01-13,credito_4x,1240.89
vestuario,2026-01-14,pix,521.88
vestuario,2026-01-14,debito,500.76
vestuario,2026-01-14,credito_vista,1080.81
vestuario,2026-01-14,credito_4x,2050.52
vestuario,2026-01-15,pix,778.26
vestuario,2026-01-15,debito,776.23
vestuario,2026-01-15,credito_vista,1208.99
vestuario,2026-01-15,credito_4x,2429.75
vestuario,2026-01-16,pix,789.18
vestuario,2026-01-16,debito,1036.1
vestuario,2026-01-16,credito_vista,1629.61
vestuario,2026-01-16,credito_4x,3058.15
vestuario,2026-01-17,pix,1082.83
vestuario,2026-01-17,debito,1104.41
vestuario,2026-01-17,credito_vista,1561.36
vestuario,2026-01-17,credito_4x,2944.88
vestuario,2026-01-18,pix,317.17
vestuario,2026-01-18,debito,347.64
vestuario,2026-01-18,credito_vista,398.99
vestuario,2026-01-18,credito_4x,968.72
vestuario,2026-01-19,pix,451.85
vestuario,2026-01-19,debito,584.17
vestuario,2026-01-19,credito_vista,541.55
vestuario,2026-01-19,credito_4x,1526.5
vestuario,2026-01-20,pix,446.87
vestuario,2026-01-20,debito,680.96
vestuario,2026-01-20,credito_vista,1106.48
vestuario,2026-01-20,credito_4x,1581.01
vestuario,2026-01-21,pix,499.08
vestuario,2026-01-21,debito,652.5
vestuario,2026-01-21,credito_vista,1127.11
vestuario,2026-01-21,credito_4x,1596.07
vestuario,2026-01-22,pix,376.12
vestuario,2026-01-22,debito,932.85
vestuario,2026-01-22,credito_vista,770.93
vestuario,2026-01-22,credito_4x,2004.6
vestuario,2026-01-23,pix,503.44
vestuario,2026-01-23,debito,680.68
vestuario,2026-01-23,credito_vista,1178.52
vestuario,2026-01-23,credito_4x,2630.36
vestuario,2026-01-24,pix,1259.53
vestuario,2026-01-24,debito,1183.21
vestuario,2026-01-24,credito_vista,1596.82
vestuario,2026-01-24,credito_4x,3074.25
vestuario,2026-01-25,pix,158.58
vestuario,2026-01-25,debito,225.06
vestuario,2026-01-25,credito_vista,302.15
vestuario,2026-01-25,credito_4x,711.82
vestuario,2026-01-26,pix,185.65
vestuario,2026-01-26,debito,459.61
vestuario,2026-01-26,credito_vista,638.6
vestuario,2026-01-26,credito_4x,1234.44
vestuario,2026-01-27,pix,566.19
vestuario,2026-01-27,debito,796.01
vestuario,2026-01-27,credito_vista,766.08
vestuario,2026-01-27,credito_4x,1765.2
vestuario,2026-01-28,pix,1146.25
vestuario,2026-01-28,debito,719.02
vestuario,2026-01-28,credito_vista,1114.47
vestuario,2026-01-28,credito_4x,1810.66
vestuario,2026-01-29,pix,411.18
vestuario,2026-01-29,debito,410.02
vestuario,2026-01-29,credito_vista,587.0
vestuario,2026-01-29,credito_4x,1045.95
vestuario,2026-01-30,pix,363.13
vestuario,2026-01-30,debito,508.53
vestuario,2026-01-30,credito_vista,605.91
vestuario,2026-01-30,credito_4x,1422.72
vestuario,2026-01-31,pix,758.27
vestuario,2026-01-31,debito,672.71
vestuario,2026-01-31,credito_vista,975.58
vestuario,2026-01-31,credito_4x,1821.88
vestuario,2026-02-01,pix,188.84
vestuario,2026-02-01,debito,426.88
vestuario,2026-02-01,credito_vista,417.45
vestuario,2026-02-01,credito_4x,1088.21
vestuario,2026-02-02,pix,605.43
vestuario,2026-02-02,debito,568.12
vestuario,2026-02-02,credito_vista,1048.79
vestuario,2026-02-02,credito_4x,2403.21
vestuario,2026-02-03,pix,693.16
vestuario,2026-02-03,debito,694.75
vestuario,2026-02-03,credito_vista,1022.5
vestuario,2026-02-03,credito_4x,2235.2
vestuario,2026-02-04,pix,618.74
vestuario,2026-02-04,debito,679.29
vestuario,2026-02-04,credito_vista,942.83
vestuario,2026-02-04,credito_4x,2282.37
vestuario,2026-02-05,pix,907.7
vestuario,2026-02-05,debito,1076.09
vestuario,2026-02-05,credito_vista,927.02
vestuario,2026-02-05,credito_4x,2502.1
vestuario,2026-02-06,pix,522.32
vestuario,2026-02-06,debito,1132.18
vestuario,2026-02-06,credito_vista,1075.01
vestuario,2026-02-06,credito_4x,2209.22
vestuario,2026-02-07,pix,921.89
vestuario,2026-02-07,debito,1423.3
vestuario,2026-02-07,credito_vista,1321.92
vestuario,2026-02-07,credito_4x,3692.56
vestuario,2026-02-08,pix,307.44
vestuario,2026-02-08,debito,411.74
vestuario,2026-02-08,credito_vista,432.08
vestuario,2026-02-08,credito_4x,1029.15
vestuario,2026-02-09,pix,326.26
vestuario,2026-02-09,debito,399.99
vestuario,2026-02-09,credito_vista,598.25
vestuario,2026-02-09,credito_4x,1215.1
vestuario,2026-02-10,pix,400.55
vestuario,2026-02-10,debito,477.01
vestuario,2026-02-10,credito_vista,691.36
vestuario,2026-02-10,credito_4x,1518.5
vestuario,2026-02-11,pix,288.89
vestuario,2026-02-11,debito,336.4
vestuario,2026-02-11,credito_vista,730.41
vestuario,2026-02-11,credito_4x,1450.56
vestuario,2026-02-12,pix,592.06
vestuario,2026-02-12,debito,893.74
vestuario,2026-02-12,credito_vista,1134.1
vestuario,2026-02-12,credito_4x,2221.12
vestuario,2026-02-13,pix,666.82
vestuario,2026-02-13,debito,973.22
vestuario,2026-02-13,credito_vista,1093.34
vestuario,2026-02-13,credito_4x,2514.42
vestuario,2026-02-14,pix,707.07
vestuario,2026-02-14,debito,1149.46
vestuario,2026-02-14,credito_vista,2238.27
vestuario,2026-02-14,credito_4x,3445.11
vestuario,2026-02-15,pix,144.51
vestuario,2026-02-15,debito,159.75
vestuario,2026-02-15,credito_vista,238.18
vestuario,2026-02-15,credito_4x,571.58
vestuario,2026-02-16,pix,408.42
vestuario,2026-02-16,debito,332.24
vestuario,2026-02-16,credito_vista,444.34
vestuario,2026-02-16,credito_4x,1058.64
vestuario,2026-02-17,pix,630.04
vestuario,2026-02-17,debito,577.68
vestuario,2026-02-17,credito_vista,809.17
vestuario,2026-02-17,credito_4x,2042.92
vestuario,2026-02-18,pix,220.67
vestuario,2026-02-18,debito,264.42
vestuario,2026-02-18,credito_vista,278.58
vestuario,2026-02-18,credito_4x,696.03
vestuario,2026-02-19,pix,1097.69
vestuario,2026-02-19,debito,979.21
vestuario,2026-02-19,credito_vista,940.76
vestuario,2026-02-19,credito_4x,2284.96
vestuario,2026-02-20,pix,322.64
vestuario,2026-02-20,debito,486.32
vestuario,2026-02-20,credito_vista,651.45
vestuario,2026-02-20,credito_4x,1544.73
vestuario,2026-02-21,pix,785.82
vestuario,2026-02-21,debito,1198.83
vestuario,2026-02-21,credito_vista,2110.77
vestuario,2026-02-21,credito_4x,3844.99
vestuario,2026-02-22,pix,148.59
vestuario,2026-02-22,debito,242.46
vestuario,2026-02-22,credito_vista,391.72
vestuario,2026-02-22,credito_4x,734.3
vestuario,2026-02-23,pix,507.51
vestuario,2026-02-23,debito,839.02
vestuario,2026-02-23,credito_vista,790.12
vestuario,2026-02-23,credito_4x,1993.52
vestuario,2026-02-24,pix,1306.55
vestuario,2026-02-24,debito,900.98
vestuario,2026-02-24,credito_vista,1083.18
vestuario,2026-02-24,credito_4x,2797.48
vestuario,2026-02-25,pix,243.71
vestuario,2026-02-25,debito,248.47
vestuario,2026-02-25,credito_vista,299.31
vestuario,2026-02-25,credito_4x,759.16
vestuario,2026-02-26,pix,462.69
vestuario,2026-02-26,debito,766.58
vestuario,2026-02-26,credito_vista,1005.86
vestuario,2026-02-26,credito_4x,1742.59
vestuario,2026-02-27,pix,237.48
vestuario,2026-02-27,debito,440.47
vestuario,2026-02-27,credito_vista,552.03
vestuario,2026-02-27,credito_4x,1265.5
vestuario,2026-02-28,pix,1051.53
vestuario,2026-02-28,debito,779.93
vestuario,2026-02-28,credito_vista,1035.78
vestuario,2026-02-28,credito_4x,3182.44
vestuario,2026-03-01,pix,336.85
vestuario,2026-03-01,debito,365.37
vestuario,2026-03-01,credito_vista,563.58
vestuario,2026-03-01,credito_4x,872.67
vestuario,2026-03-02,pix,554.38
vestuario,2026-03-02,debito,441.22
vestuario,2026-03-02,credito_vista,1032.64
vestuario,2026-03-02,credito_4x,2072.13
vestuario,2026-03-03,pix,390.16
vestuario,2026-03-03,debito,672.76
vestuario,2026-03-03,credito_vista,859.33
vestuario,2026-03-03,credito_4x,1466.91
vestuario,2026-03-04,pix,512.29
vestuario,2026-03-04,debito,722.9
vestuario,2026-03-04,credito_vista,831.1
vestuario,2026-03-04,credito_4x,3198.02
vestuario,2026-03-05,pix,521.62
vestuario,2026-03-05,debito,677.88
vestuario,2026-03-05,credito_vista,682.8
vestuario,2026-03-05,credito_4x,1521.98
vestuario,2026-03-06,pix,1194.56
vestuario,2026-03-06,debito,936.12
vestuario,2026-03-06,credito_vista,1494.4
vestuario,2026-03-06,credito_4x,4014.65
vestuario,2026-03-07,pix,969.31
vestuario,2026-03-07,debito,1694.58
vestuario,2026-03-07,credito_vista,1802.41
vestuario,2026-03-07,credito_4x,2820.16
vestuario,2026-03-08,pix,209.56
vestuario,2026-03-08,debito,304.95
vestuario,2026-03-08,credito_vista,356.03
vestuario,2026-03-08,credito_4x,687.83
vestuario,2026-03-09,pix,690.58
vestuario,2026-03-09,debito,668.03
vestuario,2026-03-09,credito_vista,1144.71
vestuario,2026-03-09,credito_4x,2913.88
vestuario,2026-03-10,pix,777.13
vestuario,2026-03-10,debito,990.78
vestuario,2026-03-10,credito_vista,767.12
vestuario,2026-03-10,credito_4x,1665.82
vestuario,2026-03-11,pix,730.58
vestuario,2026-03-11,debito,981.04
vestuario,2026-03-11,credito_vista,1332.13
vestuario,2026-03-11,credito_4x,2392.26
vestuario,2026-03-12,pix,779.92
vestuario,2026-03-12,debito,1075.0
vestuario,2026-03-12,credito_vista,1234.57
vestuario,2026-03-12,credito_4x,2312.13
vestuario,2026-03-13,pix,566.66
vestuario,2026-03-13,debito,692.6
vestuario,2026-03-13,credito_vista,945.36
vestuario,2026-03-13,credito_4x,2010.41
vestuario,2026-03-14,pix,683.86
vestuario,2026-03-14,debito,1128.9
vestuario,2026-03-14,credito_vista,1593.39
vestuario,2026-03-14,credito_4x,3288.13
vestuario,2026-03-15,pix,253.99
vestuario,2026-03-15,debito,356.17
vestuario,2026-03-15,credito_vista,426.42
vestuario,2026-03-15,credito_4x,934.49
vestuario,2026-03-16,pix,593.55
vestuario,2026-03-16,debito,693.07
vestuario,2026-03-16,credito_vista,1127.07
vestuario,2026-03-16,credito_4x,2148.7
vestuario,2026-03-17,pix,507.38
vestuario,2026-03-17,debito,705.23
vestuario,2026-03-17,credito_vista,786.38
vestuario,2026-03-17,credito_4x,1981.85
vestuario,2026-03-18,pix,509.07
vestuario,2026-03-18,debito,689.04
vestuario,2026-03-18,credito_vista,1035.76
vestuario,2026-03-18,credito_4x,1762.67
vestuario,2026-03-19,pix,575.97
vestuario,2026-03-19,debito,718.21
vestuario,2026-03-19,credito_vista,1045.16
vestuario,2026-03-19,credito_4x,1749.97
vestuario,2026-03-20,pix,724.75
vestuario,2026-03-20,debito,515.06
vestuario,2026-03-20,credito_vista,1219.58
vestuario,2026-03-20,credito_4x,2619.39
vestuario,2026-03-21,pix,1111.18
vestuario,2026-03-21,debito,1347.64
vestuario,2026-03-21,credito_vista,1928.7
vestuario,2026-03-21,credito_4x,4430.79
vestuario,2026-03-22,pix,293.48
vestuario,2026-03-22,debito,221.67
vestuario,2026-03-22,credito_vista,632.71
vestuario,2026-03-22,credito_4x,781.84
vestuario,2026-03-23,pix,417.05
vestuario,2026-03-23,debito,638.56
vestuario,2026-03-23,credito_vista,591.73
vestuario,2026-03-23,credito_4x,1484.23
vestuario,2026-03-24,pix,265.32
vestuario,2026-03-24,debito,366.72
vestuario,2026-03-24,credito_vista,859.24
vestuario,2026-03-24,credito_4x,1701.76
vestuario,2026-03-25,pix,482.83
vestuario,2026-03-25,debito,431.38
vestuario,2026-03-25,credito_vista,578.15
vestuario,2026-03-25,credito_4x,1288.8
vestuario,2026-03-26,pix,411.51
vestuario,2026-03-26,debito,414.97
vestuario,2026-03-26,credito_vista,536.35
vestuario,2026-03-26,credito_4x,1071.76
vestuario,2026-03-27,pix,394.26
vestuario,2026-03-27,debito,700.79
vestuario,2026-03-27,credito_vista,700.2
vestuario,2026-03-27,credito_4x,1733.59
vestuario,2026-03-28,pix,929.38
vestuario,2026-03-28,debito,1335.86
vestuario,2026-03-28,credito_vista,1390.35
vestuario,2026-03-28,credito_4x,3840.83
vestuario,2026-03-29,pix,111.98
vestuario,2026-03-29,debito,309.18
vestuario,2026-03-29,credito_vista,443.99
vestuario,2026-03-29,credito_4x,649.07
vestuario,2026-03-30,pix,427.16
vestuario,2026-03-30,debito,429.79
vestuario,2026-03-30,credito_vista,658.47
vestuario,2026-03-30,credito_4x,1743.03
vestuario,2026-03-31,pix,218.5
vestuario,2026-03-31,debito,245.84
vestuario,2026-03-31,credito_vista,338.41
vestuario,2026-03-31,credito_4x,560.68
vestuario,2026-04-01,pix,608.59
vestuario,2026-04-01,debito,1020.85
vestuario,2026-04-01,credito_vista,1049.37
vestuario,2026-04-01,credito_4x,2463.33
vestuario,2026-04-02,pix,887.56
vestuario,2026-04-02,debito,929.74
vestuario,2026-04-02,credito_vista,554.95
vestuario,2026-04-02,credito_4x,2527.67
vestuario,2026-04-03,pix,579.31
vestuario,2026-04-03,debito,625.46
vestuario,2026-04-03,credito_vista,931.42
vestuario,2026-04-03,credito_4x,3316.16
vestuario,2026-04-04,pix,1291.42
vestuario,2026-04-04,debito,1671.29
vestuario,2026-04-04,credito_vista,2179.92
vestuario,2026-04-04,credito_4x,3314.62
vestuario,2026-04-05,pix,252.44
vestuario,2026-04-05,debito,323.43
vestuario,2026-04-05,credito_vista,466.01
vestuario,2026-04-05,credito_4x,996.69
vestuario,2026-04-06,pix,328.65
vestuario,2026-04-06,debito,462.38
vestuario,2026-04-06,credito_vista,348.23
vestuario,2026-04-06,credito_4x,1028.44
vestuario,2026-04-07,pix,832.44
vestuario,2026-04-07,debito,888.4
vestuario,2026-04-07,credito_vista,1096.6
vestuario,2026-04-07,credito_4x,2384.21
vestuario,2026-04-08,pix,503.78
vestuario,2026-04-08,debito,1207.61
vestuario,2026-04-08,credito_vista,907.95
vestuario,2026-04-08,credito_4x,2205.19
vestuario,2026-04-09,pix,654.07
vestuario,2026-04-09,debito,966.02
vestuario,2026-04-09,credito_vista,1082.52
vestuario,2026-04-09,credito_4x,2035.44
vestuario,2026-04-10,pix,402.93
vestuario,2026-04-10,debito,794.13
vestuario,2026-04-10,credito_vista,1590.82
vestuario,2026-04-10,credito_4x,2022.28
vestuario,2026-04-11,pix,585.79
vestuario,2026-04-11,debito,1055.27
vestuario,2026-04-11,credito_vista,1058.89
vestuario,2026-04-11,credito_4x,1971.19
vestuario,2026-04-12,pix,232.12
vestuario,2026-04-12,debito,395.29
vestuario,2026-04-12,credito_vista,414.32
vestuario,2026-04-12,credito_4x,995.82
vestuario,2026-04-13,pix,716.7
vestuario,2026-04-13,debito,808.82
vestuario,2026-04-13,credito_vista,1026.16
vestuario,2026-04-13,credito_4x,2126.57
vestuario,2026-04-14,pix,542.55
vestuario,2026-04-14,debito,617.8
vestuario,2026-04-14,credito_vista,881.03
vestuario,2026-04-14,credito_4x,1791.5
vestuario,2026-04-15,pix,203.89
vestuario,2026-04-15,debito,509.54
vestuario,2026-04-15,credito_vista,576.14
vestuario,2026-04-15,credito_4x,1413.61
vestuario,2026-04-16,pix,503.79
vestuario,2026-04-16,debito,990.17
vestuario,2026-04-16,credito_vista,1059.16
vestuario,2026-04-16,credito_4x,1977.7
vestuario,2026-04-17,pix,385.83
vestuario,2026-04-17,debito,1220.7
vestuario,2026-04-17,credito_vista,1169.53
vestuario,2026-04-17,credito_4x,2343.83
vestuario,2026-04-18,pix,711.77
vestuario,2026-04-18,debito,1934.76
vestuario,2026-04-18,credito_vista,1567.45
vestuario,2026-04-18,credito_4x,4006.9
vestuario,2026-04-19,pix,275.29
vestuario,2026-04-19,debito,544.5
vestuario,2026-04-19,credito_vista,457.54
vestuario,2026-04-19,credito_4x,924.84
vestuario,2026-04-20,pix,141.13
vestuario,2026-04-20,debito,198.98
vestuario,2026-04-20,credito_vista,360.82
vestuario,2026-04-20,credito_4x,484.17
vestuario,2026-04-21,pix,394.19
vestuario,2026-04-21,debito,689.44
vestuario,2026-04-21,credito_vista,955.55
vestuario,2026-04-21,credito_4x,2070.69
vestuario,2026-04-22,pix,265.12
vestuario,2026-04-22,debito,505.05
vestuario,2026-04-22,credito_vista,947.97
vestuario,2026-04-22,credito_4x,1309.48
vestuario,2026-04-23,pix,500.66
vestuario,2026-04-23,debito,531.29
vestuario,2026-04-23,credito_vista,699.54
vestuario,2026-04-23,credito_4x,1235.09
vestuario,2026-04-24,pix,608.73
vestuario,2026-04-24,debito,944.82
vestuario,2026-04-24,credito_vista,1095.56
vestuario,2026-04-24,credito_4x,2315.87
vestuario,2026-04-25,pix,1040.46
vestuario,2026-04-25,debito,961.29
vestuario,2026-04-25,credito_vista,1636.54
vestuario,2026-04-25,credito_4x,2536.3
vestuario,2026-04-26,pix,185.21
vestuario,2026-04-26,debito,191.36
vestuario,2026-04-26,credito_vista,279.05
vestuario,2026-04-26,credito_4x,362.0
vestuario,2026-04-27,pix,472.24
vestuario,2026-04-27,debito,483.01
vestuario,2026-04-27,credito_vista,696.16
vestuario,2026-04-27,credito_4x,1617.93
vestuario,2026-04-28,pix,410.04
vestuario,2026-04-28,debito,645.87
vestuario,2026-04-28,credito_vista,670.77
vestuario,2026-04-28,credito_4x,1785.34
vestuario,2026-04-29,pix,404.88
vestuario,2026-04-29,debito,569.28
vestuario,2026-04-29,credito_vista,701.87
vestuario,2026-04-29,credito_4x,1540.23
vestuario,2026-04-30,pix,262.56
vestuario,2026-04-30,debito,411.34
vestuario,2026-04-30,credito_vista,729.02
vestuario,2026-04-30,credito_4x,1458.46
vestuario,2026-05-01,pix,741.6
vestuario,2026-05-01,debito,950.39
vestuario,2026-05-01,credito_vista,971.29
vestuario,2026-05-01,credito_4x,2126.69
vestuario,2026-05-02,pix,1276.51
vestuario,2026-05-02,debito,2241.58
vestuario,2026-05-02,credito_vista,2280.92
vestuario,2026-05-02,credito_4x,4176.73
vestuario,2026-05-03,pix,141.08
vestuario,2026-05-03,debito,334.28
vestuario,2026-05-03,credito_vista,449.42
vestuario,2026-05-03,credito_4x,602.85
vestuario,2026-05-04,pix,770.53
vestuario,2026-05-04,debito,952.19
vestuario,2026-05-04,credito_vista,926.52
vestuario,2026-05-04,credito_4x,2370.6
vestuario,2026-05-05,pix,387.95
vestuario,2026-05-05,debito,686.39
vestuario,2026-05-05,credito_vista,882.14
vestuario,2026-05-05,credito_4x,2206.84
vestuario,2026-05-06,pix,531.09
vestuario,2026-05-06,debito,684.58
vestuario,2026-05-06,credito_vista,1028.72
vestuario,2026-05-06,credito_4x,2232.3
vestuario,2026-05-07,pix,346.08
vestuario,2026-05-07,debito,464.6
vestuario,2026-05-07,credito_vista,590.4
vestuario,2026-05-07,credito_4x,1769.74
vestuario,2026-05-08,pix,849.48
vestuario,2026-05-08,debito,978.37
vestuario,2026-05-08,credito_vista,1550.47
vestuario,2026-05-08,credito_4x,2518.56
vestuario,2026-05-09,pix,1215.97
vestuario,2026-05-09,debito,1354.99
vestuario,2026-05-09,credito_vista,2534.74
vestuario,2026-05-09,credito_4x,4112.61
vestuario,2026-05-10,pix,203.69
vestuario,2026-05-10,debito,369.91
vestuario,2026-05-10,credito_vista,275.43
vestuario,2026-05-10,credito_4x,763.07
vestuario,2026-05-11,pix,521.64
vestuario,2026-05-11,debito,504.65
vestuario,2026-05-11,credito_vista,1131.47
vestuario,2026-05-11,credito_4x,1658.43
vestuario,2026-05-12,pix,322.66
vestuario,2026-05-12,debito,404.16
vestuario,2026-05-12,credito_vista,1119.68
vestuario,2026-05-12,credito_4x,1877.45
vestuario,2026-05-13,pix,435.66
vestuario,2026-05-13,debito,655.92
vestuario,2026-05-13,credito_vista,559.02
vestuario,2026-05-13,credito_4x,1667.59
vestuario,2026-05-14,pix,548.78
vestuario,2026-05-14,debito,933.36
vestuario,2026-05-14,credito_vista,1070.47
vestuario,2026-05-14,credito_4x,2548.01
vestuario,2026-05-15,pix,374.59
vestuario,2026-05-15,debito,506.11
vestuario,2026-05-15,credito_vista,574.39
vestuario,2026-05-15,credito_4x,1199.6
vestuario,2026-05-16,pix,670.7
vestuario,2026-05-16,debito,1145.23
vestuario,2026-05-16,credito_vista,2075.67
vestuario,2026-05-16,credito_4x,3495.01
vestuario,2026-05-17,pix,294.28
vestuario,2026-05-17,debito,421.79
vestuario,2026-05-17,credito_vista,547.18
vestuario,2026-05-17,credito_4x,1353.46
vestuario,2026-05-18,pix,526.69
vestuario,2026-05-18,debito,935.92
vestuario,2026-05-18,credito_vista,761.27
vestuario,2026-05-18,credito_4x,2290.41
vestuario,2026-05-19,pix,675.96
vestuario,2026-05-19,debito,678.6
vestuario,2026-05-19,credito_vista,681.94
vestuario,2026-05-19,credito_4x,1916.4
vestuario,2026-05-20,pix,448.91
vestuario,2026-05-20,debito,666.64
vestuario,2026-05-20,credito_vista,900.63
vestuario,2026-05-20,credito_4x,1580.95
vestuario,2026-05-21,pix,349.35
vestuario,2026-05-21,debito,911.38
vestuario,2026-05-21,credito_vista,745.99
vestuario,2026-05-21,credito_4x,1673.44
vestuario,2026-05-22,pix,651.23
vestuario,2026-05-22,debito,928.66
vestuario,2026-05-22,credito_vista,979.62
vestuario,2026-05-22,credito_4x,2230.07
vestuario,2026-05-23,pix,946.3
vestuario,2026-05-23,debito,1082.2
vestuario,2026-05-23,credito_vista,1605.8
vestuario,2026-05-23,credito_4x,4022.02
vestuario,2026-05-24,pix,221.74
vestuario,2026-05-24,debito,331.14
vestuario,2026-05-24,credito_vista,355.74
vestuario,2026-05-24,credito_4x,672.16
vestuario,2026-05-25,pix,393.9
vestuario,2026-05-25,debito,451.65
vestuario,2026-05-25,credito_vista,738.2
vestuario,2026-05-25,credito_4x,1683.28
vestuario,2026-05-26,pix,446.49
vestuario,2026-05-26,debito,543.8
vestuario,2026-05-26,credito_vista,854.96
vestuario,2026-05-26,credito_4x,2523.87
vestuario,2026-05-27,pix,462.03
vestuario,2026-05-27,debito,642.7
vestuario,2026-05-27,credito_vista,636.71
vestuario,2026-05-27,credito_4x,1362.31
vestuario,2026-05-28,pix,388.64
vestuario,2026-05-28,debito,252.05
vestuario,2026-05-28,credito_vista,451.07
vestuario,2026-05-28,credito_4x,1368.84
vestuario,2026-05-29,pix,393.3
vestuario,2026-05-29,debito,402.17
vestuario,2026-05-29,credito_vista,744.11
vestuario,2026-05-29,credito_4x,1410.91
vestuario,2026-05-30,pix,551.51
vestuario,2026-05-30,debito,1267.75
vestuario,2026-05-30,credito_vista,1506.08
vestuario,2026-05-30,credito_4x,3211.65
vestuario,2026-05-31,pix,223.58
vestuario,2026-05-31,debito,216.0
vestuario,2026-05-31,credito_vista,361.26
vestuario,2026-05-31,credito_4x,747.73
vestuario,2026-06-01,pix,704.38
vestuario,2026-06-01,debito,658.15
vestuario,2026-06-01,credito_vista,1178.0
vestuario,2026-06-01,credito_4x,2245.05
vestuario,2026-06-02,pix,509.09
vestuario,2026-06-02,debito,735.95
vestuario,2026-06-02,credito_vista,575.94
vestuario,2026-06-02,credito_4x,1938.45
vestuario,2026-06-03,pix,746.38
vestuario,2026-06-03,debito,827.57
vestuario,2026-06-03,credito_vista,1302.03
vestuario,2026-06-03,credito_4x,2454.48
vestuario,2026-06-04,pix,975.05
vestuario,2026-06-04,debito,749.68
vestuario,2026-06-04,credito_vista,1185.51
vestuario,2026-06-04,credito_4x,1919.55
vestuario,2026-06-05,pix,602.31
vestuario,2026-06-05,debito,975.54
vestuario,2026-06-05,credito_vista,1225.75
vestuario,2026-06-05,credito_4x,2229.92
vestuario,2026-06-06,pix,1156.06
vestuario,2026-06-06,debito,1620.34
vestuario,2026-06-06,credito_vista,1330.44
vestuario,2026-06-06,credito_4x,3182.64
vestuario,2026-06-07,pix,177.92
vestuario,2026-06-07,debito,238.3
vestuario,2026-06-07,credito_vista,412.95
vestuario,2026-06-07,credito_4x,825.97
vestuario,2026-06-08,pix,645.16
vestuario,2026-06-08,debito,1080.0
vestuario,2026-06-08,credito_vista,1411.81
vestuario,2026-06-08,credito_4x,2601.25
vestuario,2026-06-09,pix,533.28
vestuario,2026-06-09,debito,689.3
vestuario,2026-06-09,credito_vista,1121.73
vestuario,2026-06-09,credito_4x,1803.41
vestuario,2026-06-10,pix,665.04
vestuario,2026-06-10,debito,905.5
vestuario,2026-06-10,credito_vista,945.8
vestuario,2026-06-10,credito_4x,2602.72
vestuario,2026-06-11,pix,428.07
vestuario,2026-06-11,debito,514.56
vestuario,2026-06-11,credito_vista,966.53
vestuario,2026-06-11,credito_4x,1810.9
vestuario,2026-06-12,pix,429.35
vestuario,2026-06-12,debito,708.76
vestuario,2026-06-12,credito_vista,893.0
vestuario,2026-06-12,credito_4x,1856.28
vestuario,2026-06-13,pix,679.52
vestuario,2026-06-13,debito,1337.22
vestuario,2026-06-13,credito_vista,1329.58
vestuario,2026-06-13,credito_4x,3045.42
vestuario,2026-06-14,pix,229.57
vestuario,2026-06-14,debito,373.37
vestuario,2026-06-14,credito_vista,540.21
vestuario,2026-06-14,credito_4x,1209.26
vestuario,2026-06-15,pix,369.31
vestuario,2026-06-15,debito,438.35
vestuario,2026-06-15,credito_vista,891.72
vestuario,2026-06-15,credito_4x,1278.99
vestuario,2026-06-16,pix,262.03
vestuario,2026-06-16,debito,496.15
vestuario,2026-06-16,credito_vista,444.54
vestuario,2026-06-16,credito_4x,1684.36
vestuario,2026-06-17,pix,352.49
vestuario,2026-06-17,debito,668.25
vestuario,2026-06-17,credito_vista,776.35
vestuario,2026-06-17,credito_4x,2109.99
vestuario,2026-06-18,pix,737.95
vestuario,2026-06-18,debito,779.57
vestuario,2026-06-18,credito_vista,680.92
vestuario,2026-06-18,credito_4x,2456.11
vestuario,2026-06-19,pix,847.29
vestuario,2026-06-19,debito,1320.5
vestuario,2026-06-19,credito_vista,1005.49
vestuario,2026-06-19,credito_4x,3672.83
vestuario,2026-06-20,pix,838.16
vestuario,2026-06-20,debito,917.89
vestuario,2026-06-20,credito_vista,1640.59
vestuario,2026-06-20,credito_4x,3823.82
vestuario,2026-06-21,pix,296.98
vestuario,2026-06-21,debito,403.97
vestuario,2026-06-21,credito_vista,483.35
vestuario,2026-06-21,credito_4x,964.9
vestuario,2026-06-22,pix,331.28
vestuario,2026-06-22,debito,649.07
vestuario,2026-06-22,credito_vista,779.51
vestuario,2026-06-22,credito_4x,2112.98
vestuario,2026-06-23,pix,415.58
vestuario,2026-06-23,debito,410.23
vestuario,2026-06-23,credito_vista,638.12
vestuario,2026-06-23,credito_4x,1185.27
vestuario,2026-06-24,pix,291.37
vestuario,2026-06-24,debito,376.94
vestuario,2026-06-24,credito_vista,855.1
vestuario,2026-06-24,credito_4x,1435.85
vestuario,2026-06-25,pix,246.66
vestuario,2026-06-25,debito,386.33
vestuario,2026-06-25,credito_vista,618.86
vestuario,2026-06-25,credito_4x,1351.3
vestuario,2026-06-26,pix,528.17
vestuario,2026-06-26,debito,394.83
vestuario,2026-06-26,credito_vista,614.72
vestuario,2026-06-26,credito_4x,1359.46
vestuario,2026-06-27,pix,1033.6
vestuario,2026-06-27,debito,863.12
vestuario,2026-06-27,credito_vista,1318.64
vestuario,2026-06-27,credito_4x,3199.52
vestuario,2026-06-28,pix,243.25
vestuario,2026-06-28,debito,286.0
vestuario,2026-06-28,credito_vista,369.23
vestuario,2026-06-28,credito_4x,733.5
vestuario,2026-06-29,pix,382.91
vestuario,2026-06-29,debito,527.42
vestuario,2026-06-29,credito_vista,573.82
vestuario,2026-06-29,credito_4x,1288.32
vestuario,2026-06-30,pix,246.68
vestuario,2026-06-30,debito,224.8
vestuario,2026-06-30,credito_vista,235.94
vestuario,2026-06-30,credito_4x,535.2
vestuario,2026-07-01,pix,1134.78
vestuario,2026-07-01,debito,1106.68
vestuario,2026-07-01,credito_vista,1160.63
vestuario,2026-07-01,credito_4x,2992.25
vestuario,2026-07-02,pix,503.86
vestuario,2026-07-02,debito,641.95
vestuario,2026-07-02,credito_vista,672.13
vestuario,2026-07-02,credito_4x,1755.0
vestuario,2026-07-03,pix,1290.22
vestuario,2026-07-03,debito,1430.75
vestuario,2026-07-03,credito_vista,1297.21
vestuario,2026-07-03,credito_4x,3721.81
vestuario,2026-07-04,pix,543.27
vestuario,2026-07-04,debito,1214.57
vestuario,2026-07-04,credito_vista,1095.19
vestuario,2026-07-04,credito_4x,1985.88
vestuario,2026-07-05,pix,234.29
vestuario,2026-07-05,debito,290.14
vestuario,2026-07-05,credito_vista,427.47
vestuario,2026-07-05,credito_4x,687.47
vestuario,2026-07-06,pix,292.98
vestuario,2026-07-06,debito,260.44
vestuario,2026-07-06,credito_vista,450.61
vestuario,2026-07-06,credito_4x,823.16
vestuario,2026-07-07,pix,539.46
vestuario,2026-07-07,debito,779.59
vestuario,2026-07-07,credito_vista,963.31
vestuario,2026-07-07,credito_4x,1780.99
vestuario,2026-07-08,pix,352.06
vestuario,2026-07-08,debito,594.38
vestuario,2026-07-08,credito_vista,789.25
vestuario,2026-07-08,credito_4x,1280.98
vestuario,2026-07-09,pix,560.76
vestuario,2026-07-09,debito,500.15
vestuario,2026-07-09,credito_vista,684.14
vestuario,2026-07-09,credito_4x,1631.19
vestuario,2026-07-10,pix,476.32
vestuario,2026-07-10,debito,651.71
vestuario,2026-07-10,credito_vista,999.47
vestuario,2026-07-10,credito_4x,1571.12
vestuario,2026-07-11,pix,774.63
vestuario,2026-07-11,debito,1031.34
vestuario,2026-07-11,credito_vista,1754.08
vestuario,2026-07-11,credito_4x,3444.42
vestuario,2026-07-12,pix,317.06
vestuario,2026-07-12,debito,371.29
vestuario,2026-07-12,credito_vista,394.6
vestuario,2026-07-12,credito_4x,860.89
vestuario,2026-07-13,pix,305.89
vestuario,2026-07-13,debito,756.46
vestuario,2026-07-13,credito_vista,770.21
vestuario,2026-07-13,credito_4x,2342.76
vestuario,2026-07-14,pix,321.3
vestuario,2026-07-14,debito,357.75
vestuario,2026-07-14,credito_vista,748.82
vestuario,2026-07-14,credito_4x,1263.01
vestuario,2026-07-15,pix,513.5
vestuario,2026-07-15,debito,557.67
vestuario,2026-07-15,credito_vista,963.0
vestuario,2026-07-15,credito_4x,1479.48
vestuario,2026-07-16,pix,334.01
vestuario,2026-07-16,debito,344.68
vestuario,2026-07-16,credito_vista,771.07
vestuario,2026-07-16,credito_4x,1216.0
vestuario,2026-07-17,pix,526.31
vestuario,2026-07-17,debito,745.4
vestuario,2026-07-17,credito_vista,1013.37
vestuario,2026-07-17,credito_4x,1847.61
vestuario,2026-07-18,pix,638.94
vestuario,2026-07-18,debito,1099.81
vestuario,2026-07-18,credito_vista,1203.6
vestuario,2026-07-18,credito_4x,2322.57
vestuario,2026-07-19,pix,287.67
vestuario,2026-07-19,debito,327.3
vestuario,2026-07-19,credito_vista,287.05
vestuario,2026-07-19,credito_4x,938.68
vestuario,2026-07-20,pix,394.39
vestuario,2026-07-20,debito,779.62
vestuario,2026-07-20,credito_vista,586.12
vestuario,2026-07-20,credito_4x,1869.88
vestuario,2026-07-21,pix,374.98
vestuario,2026-07-21,debito,729.42
vestuario,2026-07-21,credito_vista,936.11
vestuario,2026-07-21,credito_4x,1794.94
vestuario,2026-07-22,pix,345.2
vestuario,2026-07-22,debito,388.17
vestuario,2026-07-22,credito_vista,681.1
vestuario,2026-07-22,credito_4x,1299.0
vestuario,2026-07-23,pix,470.7
vestuario,2026-07-23,debito,853.68
vestuario,2026-07-23,credito_vista,1046.13
vestuario,2026-07-23,credito_4x,2139.78
vestuario,2026-07-24,pix,310.05
vestuario,2026-07-24,debito,733.4
vestuario,2026-07-24,credito_vista,1123.03
vestuario,2026-07-24,credito_4x,2224.19
vestuario,2026-07-25,pix,631.19
vestuario,2026-07-25,debito,820.07
vestuario,2026-07-25,credito_vista,1133.49
vestuario,2026-07-25,credito_4x,1912.63
vestuario,2026-07-26,pix,127.78
vestuario,2026-07-26,debito,305.43
vestuario,2026-07-26,credito_vista,232.77
vestuario,2026-07-26,credito_4x,482.86
vestuario,2026-07-27,pix,253.39
vestuario,2026-07-27,debito,381.97
vestuario,2026-07-27,credito_vista,543.43
vestuario,2026-07-27,credito_4x,940.85
vestuario,2026-07-28,pix,469.95
vestuario,2026-07-28,debito,717.65
vestuario,2026-07-28,credito_vista,795.04
vestuario,2026-07-28,credito_4x,1567.37
vestuario,2026-07-29,pix,265.0
vestuario,2026-07-29,debito,633.68
vestuario,2026-07-29,credito_vista,693.12
vestuario,2026-07-29,credito_4x,1306.78
vestuario,2026-07-30,pix,473.18
vestuario,2026-07-30,debito,674.38
vestuario,2026-07-30,credito_vista,634.19
vestuario,2026-07-30,credito_4x,1348.13
vestuario,2026-07-31,pix,564.3
vestuario,2026-07-31,debito,383.0
vestuario,2026-07-31,credito_vista,821.37
vestuario,2026-07-31,credito_4x,1636.71
vestuario,2026-08-01,pix,1687.63
vestuario,2026-08-01,debito,2092.74
vestuario,2026-08-01,credito_vista,2508.65
vestuario,2026-08-01,credito_4x,4367.42
vestuario,2026-08-02,pix,379.07
vestuario,2026-08-02,debito,477.69
vestuario,2026-08-02,credito_vista,463.61
vestuario,2026-08-02,credito_4x,1185.59
vestuario,2026-08-03,pix,307.65
vestuario,2026-08-03,debito,546.72
vestuario,2026-08-03,credito_vista,1027.03
vestuario,2026-08-03,credito_4x,1316.24
vestuario,2026-08-04,pix,354.7
vestuario,2026-08-04,debito,555.43
vestuario,2026-08-04,credito_vista,845.48
vestuario,2026-08-04,credito_4x,2036.36
vestuario,2026-08-05,pix,598.73
vestuario,2026-08-05,debito,622.87
vestuario,2026-08-05,credito_vista,1136.08
vestuario,2026-08-05,credito_4x,1709.94
vestuario,2026-08-06,pix,463.52
vestuario,2026-08-06,debito,782.19
vestuario,2026-08-06,credito_vista,1305.9
vestuario,2026-08-06,credito_4x,2339.92
vestuario,2026-08-07,pix,638.38
vestuario,2026-08-07,debito,653.98
vestuario,2026-08-07,credito_vista,968.77
vestuario,2026-08-07,credito_4x,2545.11
vestuario,2026-08-08,pix,1062.69
vestuario,2026-08-08,debito,1560.46
vestuario,2026-08-08,credito_vista,1660.2
vestuario,2026-08-08,credito_4x,4019.12
vestuario,2026-08-09,pix,291.83
vestuario,2026-08-09,debito,544.01
vestuario,2026-08-09,credito_vista,759.77
vestuario,2026-08-09,credito_4x,1212.06
vestuario,2026-08-10,pix,192.22
vestuario,2026-08-10,debito,740.3
vestuario,2026-08-10,credito_vista,650.88
vestuario,2026-08-10,credito_4x,1104.29
vestuario,2026-08-11,pix,336.16
vestuario,2026-08-11,debito,355.81
vestuario,2026-08-11,credito_vista,474.87
vestuario,2026-08-11,credito_4x,1390.26
vestuario,2026-08-12,pix,403.86
vestuario,2026-08-12,debito,573.03
vestuario,2026-08-12,credito_vista,620.71
vestuario,2026-08-12,credito_4x,1618.65
vestuario,2026-08-13,pix,471.23
vestuario,2026-08-13,debito,564.38
vestuario,2026-08-13,credito_vista,1119.0
vestuario,2026-08-13,credito_4x,1457.25
vestuario,2026-08-14,pix,628.67
vestuario,2026-08-14,debito,1048.3
vestuario,2026-08-14,credito_vista,1959.84
vestuario,2026-08-14,credito_4x,3261.63
vestuario,2026-08-15,pix,999.81
vestuario,2026-08-15,debito,1346.44
vestuario,2026-08-15,credito_vista,1764.09
vestuario,2026-08-15,credito_4x,3681.31
vestuario,2026-08-16,pix,244.31
vestuario,2026-08-16,debito,359.45
vestuario,2026-08-16,credito_vista,518.73
vestuario,2026-08-16,credito_4x,1044.81
vestuario,2026-08-17,pix,369.82
vestuario,2026-08-17,debito,763.72
vestuario,2026-08-17,credito_vista,616.4
vestuario,2026-08-17,credito_4x,1252.78
vestuario,2026-08-18,pix,441.17
vestuario,2026-08-18,debito,716.43
vestuario,2026-08-18,credito_vista,707.74
vestuario,2026-08-18,credito_4x,1306.68
vestuario,2026-08-19,pix,312.1
vestuario,2026-08-19,debito,443.48
vestuario,2026-08-19,credito_vista,551.22
vestuario,2026-08-19,credito_4x,1131.32
vestuario,2026-08-20,pix,975.22
vestuario,2026-08-20,debito,823.0
vestuario,2026-08-20,credito_vista,716.72
vestuario,2026-08-20,credito_4x,2146.94
vestuario,2026-08-21,pix,454.2
vestuario,2026-08-21,debito,1033.51
vestuario,2026-08-21,credito_vista,1006.58
vestuario,2026-08-21,credito_4x,2791.6
vestuario,2026-08-22,pix,799.53
vestuario,2026-08-22,debito,2005.76
vestuario,2026-08-22,credito_vista,1538.97
vestuario,2026-08-22,credito_4x,3811.29
vestuario,2026-08-23,pix,123.96
vestuario,2026-08-23,debito,347.78
vestuario,2026-08-23,credito_vista,320.39
vestuario,2026-08-23,credito_4x,911.9
vestuario,2026-08-24,pix,483.13
vestuario,2026-08-24,debito,497.78
vestuario,2026-08-24,credito_vista,556.75
vestuario,2026-08-24,credito_4x,1538.32
vestuario,2026-08-25,pix,426.2
vestuario,2026-08-25,debito,500.4
vestuario,2026-08-25,credito_vista,736.38
vestuario,2026-08-25,credito_4x,1205.22
vestuario,2026-08-26,pix,462.62
vestuario,2026-08-26,debito,660.25
vestuario,2026-08-26,credito_vista,576.22
vestuario,2026-08-26,credito_4x,1800.93
vestuario,2026-08-27,pix,338.55
vestuario,2026-08-27,debito,399.32
vestuario,2026-08-27,credito_vista,385.31
vestuario,2026-08-27,credito_4x,1075.22
vestuario,2026-08-28,pix,559.76
vestuario,2026-08-28,debito,889.14
vestuario,2026-08-28,credito_vista,1200.72
vestuario,2026-08-28,credito_4x,1878.91
vestuario,2026-08-29,pix,364.9
vestuario,2026-08-29,debito,714.13
vestuario,2026-08-29,credito_vista,1362.84
vestuario,2026-08-29,credito_4x,2728.87
vestuario,2026-08-30,pix,148.92
vestuario,2026-08-30,debito,231.92
vestuario,2026-08-30,credito_vista,231.55
vestuario,2026-08-30,credito_4x,507.74
vestuario,2026-08-31,pix,154.18
vestuario,2026-08-31,debito,282.63
vestuario,2026-08-31,credito_vista,366.56
vestuario,2026-08-31,credito_4x,601.43
vestuario,2026-09-01,pix,450.5
vestuario,2026-09-01,debito,594.17
vestuario,2026-09-01,credito_vista,1001.01
vestuario,2026-09-01,credito_4x,1801.02
vestuario,2026-09-02,pix,523.22
vestuario,2026-09-02,debito,1346.62
vestuario,2026-09-02,credito_vista,721.87
vestuario,2026-09-02,credito_4x,2942.58
vestuario,2026-09-03,pix,1011.1
vestuario,2026-09-03,debito,1123.13
vestuario,2026-09-03,credito_vista,1368.44
vestuario,2026-09-03,credito_4x,2877.06
vestuario,2026-09-04,pix,617.6
vestuario,2026-09-04,debito,1542.76
vestuario,2026-09-04,credito_vista,1334.46
vestuario,2026-09-04,credito_4x,2534.95
vestuario,2026-09-05,pix,1651.71
vestuario,2026-09-05,debito,1706.05
vestuario,2026-09-05,credito_vista,2095.45
vestuario,2026-09-05,credito_4x,5218.54
vestuario,2026-09-06,pix,319.39
vestuario,2026-09-06,debito,334.39
vestuario,2026-09-06,credito_vista,525.41
vestuario,2026-09-06,credito_4x,896.86
vestuario,2026-09-07,pix,516.8
vestuario,2026-09-07,debito,854.33
vestuario,2026-09-07,credito_vista,1168.66
vestuario,2026-09-07,credito_4x,1966.23
vestuario,2026-09-08,pix,424.39
vestuario,2026-09-08,debito,592.94
vestuario,2026-09-08,credito_vista,923.94
vestuario,2026-09-08,credito_4x,1622.49
vestuario,2026-09-09,pix,651.11
vestuario,2026-09-09,debito,540.36
vestuario,2026-09-09,credito_vista,658.33
vestuario,2026-09-09,credito_4x,1864.24
vestuario,2026-09-10,pix,519.52
vestuario,2026-09-10,debito,1024.76
vestuario,2026-09-10,credito_vista,993.23
vestuario,2026-09-10,credito_4x,1421.5
vestuario,2026-09-11,pix,329.26
vestuario,2026-09-11,debito,487.26
vestuario,2026-09-11,credito_vista,585.7
vestuario,2026-09-11,credito_4x,1183.76
vestuario,2026-09-12,pix,1031.33
vestuario,2026-09-12,debito,1439.81
vestuario,2026-09-12,credito_vista,1506.7
vestuario,2026-09-12,credito_4x,4113.56
vestuario,2026-09-13,pix,263.1
vestuario,2026-09-13,debito,286.99
vestuario,2026-09-13,credito_vista,327.06
vestuario,2026-09-13,credito_4x,645.76
vestuario,2026-09-14,pix,340.87
vestuario,2026-09-14,debito,479.05
vestuario,2026-09-14,credito_vista,452.56
vestuario,2026-09-14,credito_4x,1323.68
mercadinho,2025-01-03,pix,2866.13
mercadinho,2025-01-03,debito,2641.55
mercadinho,2025-01-03,credito_vista,1142.76
mercadinho,2025-01-03,credito_4x,249.0
mercadinho,2025-01-04,pix,3037.07
mercadinho,2025-01-04,debito,2976.39
mercadinho,2025-01-04,credito_vista,1621.76
mercadinho,2025-01-04,credito_4x,166.92
mercadinho,2025-01-05,pix,1704.15
mercadinho,2025-01-05,debito,1413.21
mercadinho,2025-01-05,credito_vista,699.06
mercadinho,2025-01-05,credito_4x,171.83
mercadinho,2025-01-06,pix,2360.56
mercadinho,2025-01-06,debito,2450.59
mercadinho,2025-01-06,credito_vista,1226.76
mercadinho,2025-01-06,credito_4x,201.86
mercadinho,2025-01-07,pix,1619.34
mercadinho,2025-01-07,debito,1082.27
mercadinho,2025-01-07,credito_vista,835.38
mercadinho,2025-01-07,credito_4x,256.6
mercadinho,2025-01-08,pix,2599.35
mercadinho,2025-01-08,debito,2132.67
mercadinho,2025-01-08,credito_vista,1748.06
mercadinho,2025-01-08,credito_4x,340.24
mercadinho,2025-01-09,pix,2411.39
mercadinho,2025-01-09,debito,2070.29
mercadinho,2025-01-09,credito_vista,1172.9
mercadinho,2025-01-09,credito_4x,238.41
mercadinho,2025-01-10,pix,3009.63
mercadinho,2025-01-10,debito,2531.01
mercadinho,2025-01-10,credito_vista,1708.58
mercadinho,2025-01-10,credito_4x,242.07
mercadinho,2025-01-11,pix,3001.7
mercadinho,2025-01-11,debito,2149.93
mercadinho,2025-01-11,credito_vista,1667.51
mercadinho,2025-01-11,credito_4x,215.33
mercadinho,2025-01-12,pix,1170.95
mercadinho,2025-01-12,debito,895.08
mercadinho,2025-01-12,credito_vista,667.38
mercadinho,2025-01-12,credito_4x,115.85
mercadinho,2025-01-13,pix,2402.56
mercadinho,2025-01-13,debito,1653.87
mercadinho,2025-01-13,credito_vista,877.38
mercadinho,2025-01-13,credito_4x,192.68
mercadinho,2025-01-14,pix,1948.05
mercadinho,2025-01-14,debito,1166.84
mercadinho,2025-01-14,credito_vista,846.21
mercadinho,2025-01-14,credito_4x,176.88
mercadinho,2025-01-15,pix,1864.83
mercadinho,2025-01-15,debito,1197.81
mercadinho,2025-01-15,credito_vista,602.92
mercadinho,2025-01-15,credito_4x,128.62
mercadinho,2025-01-16,pix,2058.11
mercadinho,2025-01-16,debito,1542.35
mercadinho,2025-01-16,credito_vista,963.54
mercadinho,2025-01-16,credito_4x,123.11
mercadinho,2025-01-17,pix,2811.14
mercadinho,2025-01-17,debito,2342.22
mercadinho,2025-01-17,credito_vista,1101.66
mercadinho,2025-01-17,credito_4x,267.76
mercadinho,2025-01-18,pix,2170.11
mercadinho,2025-01-18,debito,2428.82
mercadinho,2025-01-18,credito_vista,1059.1
mercadinho,2025-01-18,credito_4x,325.62
mercadinho,2025-01-19,pix,1075.68
mercadinho,2025-01-19,debito,818.75
mercadinho,2025-01-19,credito_vista,587.58
mercadinho,2025-01-19,credito_4x,63.4
mercadinho,2025-01-20,pix,2265.02
mercadinho,2025-01-20,debito,2101.41
mercadinho,2025-01-20,credito_vista,817.64
mercadinho,2025-01-20,credito_4x,213.0
mercadinho,2025-01-21,pix,1722.27
mercadinho,2025-01-21,debito,1436.91
mercadinho,2025-01-21,credito_vista,793.56
mercadinho,2025-01-21,credito_4x,204.79
mercadinho,2025-01-22,pix,1663.12
mercadinho,2025-01-22,debito,1608.83
mercadinho,2025-01-22,credito_vista,729.52
mercadinho,2025-01-22,credito_4x,181.2
mercadinho,2025-01-23,pix,2056.92
mercadinho,2025-01-23,debito,1348.29
mercadinho,2025-01-23,credito_vista,791.44
mercadinho,2025-01-23,credito_4x,228.37
mercadinho,2025-01-24,pix,2535.96
mercadinho,2025-01-24,debito,1683.55
mercadinho,2025-01-24,credito_vista,1216.36
mercadinho,2025-01-24,credito_4x,278.93
mercadinho,2025-01-25,pix,1759.38
mercadinho,2025-01-25,debito,1325.52
mercadinho,2025-01-25,credito_vista,807.24
mercadinho,2025-01-25,credito_4x,238.27
mercadinho,2025-01-26,pix,935.51
mercadinho,2025-01-26,debito,588.62
mercadinho,2025-01-26,credito_vista,390.76
mercadinho,2025-01-26,credito_4x,74.77
mercadinho,2025-01-27,pix,1601.43
mercadinho,2025-01-27,debito,1328.39
mercadinho,2025-01-27,credito_vista,703.63
mercadinho,2025-01-27,credito_4x,135.93
mercadinho,2025-01-28,pix,1389.07
mercadinho,2025-01-28,debito,1305.07
mercadinho,2025-01-28,credito_vista,604.65
mercadinho,2025-01-28,credito_4x,112.95
mercadinho,2025-01-29,pix,1503.43
mercadinho,2025-01-29,debito,1228.37
mercadinho,2025-01-29,credito_vista,874.43
mercadinho,2025-01-29,credito_4x,121.5
mercadinho,2025-01-30,pix,1852.7
mercadinho,2025-01-30,debito,1508.87
mercadinho,2025-01-30,credito_vista,721.58
mercadinho,2025-01-30,credito_4x,84.9
mercadinho,2025-01-31,pix,2240.95
mercadinho,2025-01-31,debito,1694.67
mercadinho,2025-01-31,credito_vista,929.8
mercadinho,2025-01-31,credito_4x,206.18
mercadinho,2025-02-01,pix,3935.73
mercadinho,2025-02-01,debito,3048.82
mercadinho,2025-02-01,credito_vista,1785.32
mercadinho,2025-02-01,credito_4x,309.59
mercadinho,2025-02-02,pix,1617.05
mercadinho,2025-02-02,debito,1153.05
mercadinho,2025-02-02,credito_vista,625.01
mercadinho,2025-02-02,credito_4x,120.65
mercadinho,2025-02-03,pix,2298.67
mercadinho,2025-02-03,debito,1974.78
mercadinho,2025-02-03,credito_vista,1376.18
mercadinho,2025-02-03,credito_4x,212.76
mercadinho,2025-02-04,pix,2688.75
mercadinho,2025-02-04,debito,1755.46
mercadinho,2025-02-04,credito_vista,983.71
mercadinho,2025-02-04,credito_4x,244.49
mercadinho,2025-02-05,pix,2394.38
mercadinho,2025-02-05,debito,1867.62
mercadinho,2025-02-05,credito_vista,1565.14
mercadinho,2025-02-05,credito_4x,172.8
mercadinho,2025-02-06,pix,2940.21
mercadinho,2025-02-06,debito,1931.59
mercadinho,2025-02-06,credito_vista,1349.39
mercadinho,2025-02-06,credito_4x,242.01
mercadinho,2025-02-07,pix,3332.93
mercadinho,2025-02-07,debito,2758.26
mercadinho,2025-02-07,credito_vista,1559.28
mercadinho,2025-02-07,credito_4x,287.93
mercadinho,2025-02-08,pix,3144.93
mercadinho,2025-02-08,debito,3341.28
mercadinho,2025-02-08,credito_vista,1484.97
mercadinho,2025-02-08,credito_4x,305.0
mercadinho,2025-02-09,pix,1713.55
mercadinho,2025-02-09,debito,1193.67
mercadinho,2025-02-09,credito_vista,774.01
mercadinho,2025-02-09,credito_4x,195.47
mercadinho,2025-02-10,pix,3015.23
mercadinho,2025-02-10,debito,2505.74
mercadinho,2025-02-10,credito_vista,1305.15
mercadinho,2025-02-10,credito_4x,262.95
mercadinho,2025-02-11,pix,1977.34
mercadinho,2025-02-11,debito,1841.2
mercadinho,2025-02-11,credito_vista,859.48
mercadinho,2025-02-11,credito_4x,167.99
mercadinho,2025-02-12,pix,1871.2
mercadinho,2025-02-12,debito,1475.8
mercadinho,2025-02-12,credito_vista,931.02
mercadinho,2025-02-12,credito_4x,165.81
mercadinho,2025-02-13,pix,1674.71
mercadinho,2025-02-13,debito,1430.75
mercadinho,2025-02-13,credito_vista,945.78
mercadinho,2025-02-13,credito_4x,254.12
mercadinho,2025-02-14,pix,2143.37
mercadinho,2025-02-14,debito,2129.08
mercadinho,2025-02-14,credito_vista,870.56
mercadinho,2025-02-14,credito_4x,229.57
mercadinho,2025-02-15,pix,2440.45
mercadinho,2025-02-15,debito,2183.36
mercadinho,2025-02-15,credito_vista,1285.75
mercadinho,2025-02-15,credito_4x,229.25
mercadinho,2025-02-16,pix,1236.31
mercadinho,2025-02-16,debito,984.64
mercadinho,2025-02-16,credito_vista,551.31
mercadinho,2025-02-16,credito_4x,126.07
mercadinho,2025-02-17,pix,2091.62
mercadinho,2025-02-17,debito,1687.02
mercadinho,2025-02-17,credito_vista,1220.08
mercadinho,2025-02-17,credito_4x,207.73
mercadinho,2025-02-18,pix,1668.96
mercadinho,2025-02-18,debito,1316.02
mercadinho,2025-02-18,credito_vista,758.4
mercadinho,2025-02-18,credito_4x,104.3
mercadinho,2025-02-19,pix,1685.56
mercadinho,2025-02-19,debito,1541.75
mercadinho,2025-02-19,credito_vista,743.72
mercadinho,2025-02-19,credito_4x,288.23
mercadinho,2025-02-20,pix,1631.24
mercadinho,2025-02-20,debito,1715.06
mercadinho,2025-02-20,credito_vista,1295.77
mercadinho,2025-02-20,credito_4x,198.11
mercadinho,2025-02-21,pix,2608.88
mercadinho,2025-02-21,debito,1689.08
mercadinho,2025-02-21,credito_vista,889.04
mercadinho,2025-02-21,credito_4x,192.41
mercadinho,2025-02-22,pix,3026.14
mercadinho,2025-02-22,debito,2131.29
mercadinho,2025-02-22,credito_vista,1506.05
mercadinho,2025-02-22,credito_4x,249.76
mercadinho,2025-02-23,pix,1269.21
mercadinho,2025-02-23,debito,909.76
mercadinho,2025-02-23,credito_vista,473.66
mercadinho,2025-02-23,credito_4x,101.79
mercadinho,2025-02-24,pix,1864.47
mercadinho,2025-02-24,debito,1573.68
mercadinho,2025-02-24,credito_vista,871.92
mercadinho,2025-02-24,credito_4x,306.74
mercadinho,2025-02-25,pix,1415.84
mercadinho,2025-02-25,debito,1219.88
mercadinho,2025-02-25,credito_vista,675.7
mercadinho,2025-02-25,credito_4x,131.5
mercadinho,2025-02-26,pix,1487.58
mercadinho,2025-02-26,debito,1197.95
mercadinho,2025-02-26,credito_vista,738.7
mercadinho,2025-02-26,credito_4x,137.35
mercadinho,2025-02-27,pix,1421.18
mercadinho,2025-02-27,debito,1146.62
mercadinho,2025-02-27,credito_vista,625.88
mercadinho,2025-02-27,credito_4x,110.06
mercadinho,2025-02-28,pix,1824.61
mercadinho,2025-02-28,debito,1695.0
mercadinho,2025-02-28,credito_vista,697.33
mercadinho,2025-02-28,credito_4x,189.16
mercadinho,2025-03-01,pix,4000.8
mercadinho,2025-03-01,debito,3355.61
mercadinho,2025-03-01,credito_vista,1264.22
mercadinho,2025-03-01,credito_4x,301.66
mercadinho,2025-03-02,pix,1346.23
mercadinho,2025-03-02,debito,1110.35
mercadinho,2025-03-02,credito_vista,815.05
mercadinho,2025-03-02,credito_4x,105.18
mercadinho,2025-03-03,pix,2380.95
mercadinho,2025-03-03,debito,1816.19
mercadinho,2025-03-03,credito_vista,975.52
mercadinho,2025-03-03,credito_4x,167.2
mercadinho,2025-03-04,pix,2215.19
mercadinho,2025-03-04,debito,1735.22
mercadinho,2025-03-04,credito_vista,808.03
mercadinho,2025-03-04,credito_4x,146.06
mercadinho,2025-03-05,pix,2447.31
mercadinho,2025-03-05,debito,1691.31
mercadinho,2025-03-05,credito_vista,1284.18
mercadinho,2025-03-05,credito_4x,133.22
mercadinho,2025-03-06,pix,2236.53
mercadinho,2025-03-06,debito,1984.35
mercadinho,2025-03-06,credito_vista,943.08
mercadinho,2025-03-06,credito_4x,138.03
mercadinho,2025-03-07,pix,3117.24
mercadinho,2025-03-07,debito,2636.03
mercadinho,2025-03-07,credito_vista,1378.53
mercadinho,2025-03-07,credito_4x,240.89
mercadinho,2025-03-08,pix,3956.99
mercadinho,2025-03-08,debito,3729.01
mercadinho,2025-03-08,credito_vista,1677.81
mercadinho,2025-03-08,credito_4x,620.89
mercadinho,2025-03-09,pix,1386.46
mercadinho,2025-03-09,debito,1030.59
mercadinho,2025-03-09,credito_vista,612.06
mercadinho,2025-03-09,credito_4x,135.24
mercadinho,2025-03-10,pix,2598.32
mercadinho,2025-03-10,debito,2190.25
mercadinho,2025-03-10,credito_vista,1110.04
mercadinho,2025-03-10,credito_4x,346.17
mercadinho,2025-03-11,pix,2465.39
mercadinho,2025-03-11,debito,1686.17
mercadinho,2025-03-11,credito_vista,1173.32
mercadinho,2025-03-11,credito_4x,188.91
mercadinho,2025-03-12,pix,2193.5
mercadinho,2025-03-12,debito,1461.2
mercadinho,2025-03-12,credito_vista,884.46
mercadinho,2025-03-12,credito_4x,193.3
mercadinho,2025-03-13,pix,1912.25
mercadinho,2025-03-13,debito,1694.21
mercadinho,2025-03-13,credito_vista,763.76
mercadinho,2025-03-13,credito_4x,242.09
mercadinho,2025-03-14,pix,2730.87
mercadinho,2025-03-14,debito,1859.33
mercadinho,2025-03-14,credito_vista,1046.59
mercadinho,2025-03-14,credito_4x,257.41
mercadinho,2025-03-15,pix,2924.67
mercadinho,2025-03-15,debito,2471.85
mercadinho,2025-03-15,credito_vista,1326.71
mercadinho,2025-03-15,credito_4x,274.4
mercadinho,2025-03-16,pix,1418.13
mercadinho,2025-03-16,debito,1207.66
mercadinho,2025-03-16,credito_vista,601.28
mercadinho,2025-03-16,credito_4x,137.43
mercadinho,2025-03-17,pix,2068.42
mercadinho,2025-03-17,debito,1684.81
mercadinho,2025-03-17,credito_vista,891.37
mercadinho,2025-03-17,credito_4x,124.2
mercadinho,2025-03-18,pix,1834.96
mercadinho,2025-03-18,debito,1293.95
mercadinho,2025-03-18,credito_vista,923.54
mercadinho,2025-03-18,credito_4x,160.39
mercadinho,2025-03-19,pix,1300.36
mercadinho,2025-03-19,debito,1609.78
mercadinho,2025-03-19,credito_vista,869.47
mercadinho,2025-03-19,credito_4x,151.45
mercadinho,2025-03-20,pix,1702.72
mercadinho,2025-03-20,debito,1794.09
mercadinho,2025-03-20,credito_vista,1006.79
mercadinho,2025-03-20,credito_4x,347.24
mercadinho,2025-03-21,pix,2212.71
mercadinho,2025-03-21,debito,1835.74
mercadinho,2025-03-21,credito_vista,927.22
mercadinho,2025-03-21,credito_4x,183.95
mercadinho,2025-03-22,pix,2827.14
mercadinho,2025-03-22,debito,2052.1
mercadinho,2025-03-22,credito_vista,1297.07
mercadinho,2025-03-22,credito_4x,237.67
mercadinho,2025-03-23,pix,1108.6
mercadinho,2025-03-23,debito,929.2
mercadinho,2025-03-23,credito_vista,513.73
mercadinho,2025-03-23,credito_4x,69.79
mercadinho,2025-03-24,pix,2485.85
mercadinho,2025-03-24,debito,1847.39
mercadinho,2025-03-24,credito_vista,1028.78
mercadinho,2025-03-24,credito_4x,227.21
mercadinho,2025-03-25,pix,1259.18
mercadinho,2025-03-25,debito,1140.22
mercadinho,2025-03-25,credito_vista,812.78
mercadinho,2025-03-25,credito_4x,82.64
mercadinho,2025-03-26,pix,1351.33
mercadinho,2025-03-26,debito,1382.14
mercadinho,2025-03-26,credito_vista,786.75
mercadinho,2025-03-26,credito_4x,89.64
mercadinho,2025-03-27,pix,1245.24
mercadinho,2025-03-27,debito,1068.27
mercadinho,2025-03-27,credito_vista,622.41
mercadinho,2025-03-27,credito_4x,133.2
mercadinho,2025-03-28,pix,1846.91
mercadinho,2025-03-28,debito,1583.55
mercadinho,2025-03-28,credito_vista,990.02
mercadinho,2025-03-28,credito_4x,209.81
mercadinho,2025-03-29,pix,1870.05
mercadinho,2025-03-29,debito,1686.52
mercadinho,2025-03-29,credito_vista,801.72
mercadinho,2025-03-29,credito_4x,145.19
mercadinho,2025-03-30,pix,916.81
mercadinho,2025-03-30,debito,734.49
mercadinho,2025-03-30,credito_vista,386.66
mercadinho,2025-03-30,credito_4x,62.98
mercadinho,2025-03-31,pix,1867.15
mercadinho,2025-03-31,debito,1693.27
mercadinho,2025-03-31,credito_vista,985.14
mercadinho,2025-03-31,credito_4x,144.21
mercadinho,2025-04-01,pix,2908.96
mercadinho,2025-04-01,debito,2135.58
mercadinho,2025-04-01,credito_vista,1135.39
mercadinho,2025-04-01,credito_4x,218.51
mercadinho,2025-04-02,pix,2347.33
mercadinho,2025-04-02,debito,2021.66
mercadinho,2025-04-02,credito_vista,1200.55
mercadinho,2025-04-02,credito_4x,208.63
mercadinho,2025-04-03,pix,3554.28
mercadinho,2025-04-03,debito,2765.13
mercadinho,2025-04-03,credito_vista,1497.41
mercadinho,2025-04-03,credito_4x,316.07
mercadinho,2025-04-04,pix,2484.63
mercadinho,2025-04-04,debito,2768.9
mercadinho,2025-04-04,credito_vista,1432.45
mercadinho,2025-04-04,credito_4x,311.63
mercadinho,2025-04-05,pix,3852.77
mercadinho,2025-04-05,debito,3384.64
mercadinho,2025-04-05,credito_vista,2041.55
mercadinho,2025-04-05,credito_4x,353.31
mercadinho,2025-04-06,pix,1298.97
mercadinho,2025-04-06,debito,935.19
mercadinho,2025-04-06,credito_vista,798.58
mercadinho,2025-04-06,credito_4x,97.89
mercadinho,2025-04-07,pix,2375.98
mercadinho,2025-04-07,debito,2377.44
mercadinho,2025-04-07,credito_vista,1273.1
mercadinho,2025-04-07,credito_4x,285.86
mercadinho,2025-04-08,pix,2057.95
mercadinho,2025-04-08,debito,1919.13
mercadinho,2025-04-08,credito_vista,922.62
mercadinho,2025-04-08,credito_4x,165.12
mercadinho,2025-04-09,pix,2868.88
mercadinho,2025-04-09,debito,1735.87
mercadinho,2025-04-09,credito_vista,1235.31
mercadinho,2025-04-09,credito_4x,163.97
mercadinho,2025-04-10,pix,2280.16
mercadinho,2025-04-10,debito,2617.64
mercadinho,2025-04-10,credito_vista,1153.51
mercadinho,2025-04-10,credito_4x,144.24
mercadinho,2025-04-11,pix,2392.24
mercadinho,2025-04-11,debito,2059.31
mercadinho,2025-04-11,credito_vista,1183.41
mercadinho,2025-04-11,credito_4x,196.04
mercadinho,2025-04-12,pix,3259.93
mercadinho,2025-04-12,debito,2532.01
mercadinho,2025-04-12,credito_vista,1344.24
mercadinho,2025-04-12,credito_4x,336.84
mercadinho,2025-04-13,pix,1196.19
mercadinho,2025-04-13,debito,861.92
mercadinho,2025-04-13,credito_vista,574.47
mercadinho,2025-04-13,credito_4x,90.71
mercadinho,2025-04-14,pix,2236.48
mercadinho,2025-04-14,debito,1795.29
mercadinho,2025-04-14,credito_vista,984.68
mercadinho,2025-04-14,credito_4x,200.18
mercadinho,2025-04-15,pix,2033.65
mercadinho,2025-04-15,debito,1799.24
mercadinho,2025-04-15,credito_vista,951.92
mercadinho,2025-04-15,credito_4x,159.79
mercadinho,2025-04-16,pix,1549.84
mercadinho,2025-04-16,debito,1536.14
mercadinho,2025-04-16,credito_vista,667.48
mercadinho,2025-04-16,credito_4x,137.68
mercadinho,2025-04-17,pix,1968.03
mercadinho,2025-04-17,debito,1594.98
mercadinho,2025-04-17,credito_vista,757.35
mercadinho,2025-04-17,credito_4x,128.03
mercadinho,2025-04-18,pix,2497.3
mercadinho,2025-04-18,debito,1958.32
mercadinho,2025-04-18,credito_vista,1260.43
mercadinho,2025-04-18,credito_4x,325.24
mercadinho,2025-04-19,pix,3012.62
mercadinho,2025-04-19,debito,2384.61
mercadinho,2025-04-19,credito_vista,1469.5
mercadinho,2025-04-19,credito_4x,285.61
mercadinho,2025-04-20,pix,1444.47
mercadinho,2025-04-20,debito,1283.54
mercadinho,2025-04-20,credito_vista,442.71
mercadinho,2025-04-20,credito_4x,121.8
mercadinho,2025-04-21,pix,1962.12
mercadinho,2025-04-21,debito,1667.19
mercadinho,2025-04-21,credito_vista,943.65
mercadinho,2025-04-21,credito_4x,361.64
mercadinho,2025-04-22,pix,1978.59
mercadinho,2025-04-22,debito,1456.13
mercadinho,2025-04-22,credito_vista,769.65
mercadinho,2025-04-22,credito_4x,213.04
mercadinho,2025-04-23,pix,1779.23
mercadinho,2025-04-23,debito,1385.46
mercadinho,2025-04-23,credito_vista,847.77
mercadinho,2025-04-23,credito_4x,149.91
mercadinho,2025-04-24,pix,2206.85
mercadinho,2025-04-24,debito,1505.31
mercadinho,2025-04-24,credito_vista,1065.08
mercadinho,2025-04-24,credito_4x,179.79
mercadinho,2025-04-25,pix,1747.07
mercadinho,2025-04-25,debito,1466.46
mercadinho,2025-04-25,credito_vista,919.22
mercadinho,2025-04-25,credito_4x,288.97
mercadinho,2025-04-26,pix,2201.61
mercadinho,2025-04-26,debito,1681.57
mercadinho,2025-04-26,credito_vista,962.86
mercadinho,2025-04-26,credito_4x,116.18
mercadinho,2025-04-27,pix,749.78
mercadinho,2025-04-27,debito,831.87
mercadinho,2025-04-27,credito_vista,392.02
mercadinho,2025-04-27,credito_4x,191.53
mercadinho,2025-04-28,pix,1527.65
mercadinho,2025-04-28,debito,1547.87
mercadinho,2025-04-28,credito_vista,855.87
mercadinho,2025-04-28,credito_4x,102.95
mercadinho,2025-04-29,pix,1426.73
mercadinho,2025-04-29,debito,1051.71
mercadinho,2025-04-29,credito_vista,657.76
mercadinho,2025-04-29,credito_4x,126.67
mercadinho,2025-04-30,pix,1361.46
mercadinho,2025-04-30,debito,1134.26
mercadinho,2025-04-30,credito_vista,618.74
mercadinho,2025-04-30,credito_4x,74.91
mercadinho,2025-05-01,pix,2552.74
mercadinho,2025-05-01,debito,2352.46
mercadinho,2025-05-01,credito_vista,1083.2
mercadinho,2025-05-01,credito_4x,400.56
mercadinho,2025-05-02,pix,2567.14
mercadinho,2025-05-02,debito,1628.7
mercadinho,2025-05-02,credito_vista,970.25
mercadinho,2025-05-02,credito_4x,170.61
mercadinho,2025-05-03,pix,3237.5
mercadinho,2025-05-03,debito,2840.98
mercadinho,2025-05-03,credito_vista,1630.14
mercadinho,2025-05-03,credito_4x,340.17
mercadinho,2025-05-04,pix,1412.41
mercadinho,2025-05-04,debito,997.3
mercadinho,2025-05-04,credito_vista,717.13
mercadinho,2025-05-04,credito_4x,119.91
mercadinho,2025-05-05,pix,2808.45
mercadinho,2025-05-05,debito,2433.01
mercadinho,2025-05-05,credito_vista,1499.86
mercadinho,2025-05-05,credito_4x,448.51
mercadinho,2025-05-06,pix,2585.33
mercadinho,2025-05-06,debito,1744.23
mercadinho,2025-05-06,credito_vista,1056.31
mercadinho,2025-05-06,credito_4x,161.44
mercadinho,2025-05-07,pix,2363.39
mercadinho,2025-05-07,debito,1764.84
mercadinho,2025-05-07,credito_vista,1058.28
mercadinho,2025-05-07,credito_4x,288.17
mercadinho,2025-05-08,pix,2204.31
mercadinho,2025-05-08,debito,2294.66
mercadinho,2025-05-08,credito_vista,1238.66
mercadinho,2025-05-08,credito_4x,334.25
mercadinho,2025-05-09,pix,3067.16
mercadinho,2025-05-09,debito,2549.69
mercadinho,2025-05-09,credito_vista,1362.22
mercadinho,2025-05-09,credito_4x,189.43
mercadinho,2025-05-10,pix,3555.67
mercadinho,2025-05-10,debito,2803.6
mercadinho,2025-05-10,credito_vista,1356.41
mercadinho,2025-05-10,credito_4x,472.47
mercadinho,2025-05-11,pix,1122.62
mercadinho,2025-05-11,debito,837.27
mercadinho,2025-05-11,credito_vista,707.08
mercadinho,2025-05-11,credito_4x,215.52
mercadinho,2025-05-12,pix,1923.29
mercadinho,2025-05-12,debito,1717.54
mercadinho,2025-05-12,credito_vista,991.75
mercadinho,2025-05-12,credito_4x,149.28
mercadinho,2025-05-13,pix,1938.65
mercadinho,2025-05-13,debito,1160.69
mercadinho,2025-05-13,credito_vista,1054.4
mercadinho,2025-05-13,credito_4x,166.55
mercadinho,2025-05-14,pix,1931.61
mercadinho,2025-05-14,debito,1300.05
mercadinho,2025-05-14,credito_vista,734.28
mercadinho,2025-05-14,credito_4x,89.33
mercadinho,2025-05-15,pix,1691.05
mercadinho,2025-05-15,debito,1509.93
mercadinho,2025-05-15,credito_vista,914.24
mercadinho,2025-05-15,credito_4x,82.33
mercadinho,2025-05-16,pix,2752.78
mercadinho,2025-05-16,debito,1884.38
mercadinho,2025-05-16,credito_vista,1126.43
mercadinho,2025-05-16,credito_4x,199.38
mercadinho,2025-05-17,pix,2819.79
mercadinho,2025-05-17,debito,2359.59
mercadinho,2025-05-17,credito_vista,1240.08
mercadinho,2025-05-17,credito_4x,417.32
mercadinho,2025-05-18,pix,1072.58
mercadinho,2025-05-18,debito,831.69
mercadinho,2025-05-18,credito_vista,452.53
mercadinho,2025-05-18,credito_4x,78.25
mercadinho,2025-05-19,pix,2222.68
mercadinho,2025-05-19,debito,1772.97
mercadinho,2025-05-19,credito_vista,1182.3
mercadinho,2025-05-19,credito_4x,167.07
mercadinho,2025-05-20,pix,1800.9
mercadinho,2025-05-20,debito,1656.84
mercadinho,2025-05-20,credito_vista,1022.73
mercadinho,2025-05-20,credito_4x,353.58
mercadinho,2025-05-21,pix,1780.36
mercadinho,2025-05-21,debito,1966.02
mercadinho,2025-05-21,credito_vista,1011.75
mercadinho,2025-05-21,credito_4x,166.6
mercadinho,2025-05-22,pix,2123.49
mercadinho,2025-05-22,debito,1719.81
mercadinho,2025-05-22,credito_vista,907.64
mercadinho,2025-05-22,credito_4x,110.33
mercadinho,2025-05-23,pix,3000.85
mercadinho,2025-05-23,debito,1965.36
mercadinho,2025-05-23,credito_vista,1104.64
mercadinho,2025-05-23,credito_4x,199.49
mercadinho,2025-05-24,pix,3615.19
mercadinho,2025-05-24,debito,2611.34
mercadinho,2025-05-24,credito_vista,1462.01
mercadinho,2025-05-24,credito_4x,349.51
mercadinho,2025-05-25,pix,933.95
mercadinho,2025-05-25,debito,694.95
mercadinho,2025-05-25,credito_vista,345.28
mercadinho,2025-05-25,credito_4x,107.89
mercadinho,2025-05-26,pix,1482.62
mercadinho,2025-05-26,debito,954.4
mercadinho,2025-05-26,credito_vista,854.83
mercadinho,2025-05-26,credito_4x,69.29
mercadinho,2025-05-27,pix,1215.61
mercadinho,2025-05-27,debito,981.47
mercadinho,2025-05-27,credito_vista,575.07
mercadinho,2025-05-27,credito_4x,100.51
mercadinho,2025-05-28,pix,1507.98
mercadinho,2025-05-28,debito,1394.04
mercadinho,2025-05-28,credito_vista,918.84
mercadinho,2025-05-28,credito_4x,164.52
mercadinho,2025-05-29,pix,1801.52
mercadinho,2025-05-29,debito,1368.74
mercadinho,2025-05-29,credito_vista,842.89
mercadinho,2025-05-29,credito_4x,182.87
mercadinho,2025-05-30,pix,1885.26
mercadinho,2025-05-30,debito,1329.17
mercadinho,2025-05-30,credito_vista,750.32
mercadinho,2025-05-30,credito_4x,76.2
mercadinho,2025-05-31,pix,2019.72
mercadinho,2025-05-31,debito,1653.19
mercadinho,2025-05-31,credito_vista,791.54
mercadinho,2025-05-31,credito_4x,155.52
mercadinho,2025-06-01,pix,1648.33
mercadinho,2025-06-01,debito,1017.22
mercadinho,2025-06-01,credito_vista,599.14
mercadinho,2025-06-01,credito_4x,211.79
mercadinho,2025-06-02,pix,3003.85
mercadinho,2025-06-02,debito,2249.98
mercadinho,2025-06-02,credito_vista,1564.39
mercadinho,2025-06-02,credito_4x,232.41
mercadinho,2025-06-03,pix,2283.27
mercadinho,2025-06-03,debito,1637.2
mercadinho,2025-06-03,credito_vista,871.85
mercadinho,2025-06-03,credito_4x,154.63
mercadinho,2025-06-04,pix,1972.18
mercadinho,2025-06-04,debito,1503.04
mercadinho,2025-06-04,credito_vista,860.68
mercadinho,2025-06-04,credito_4x,220.91
mercadinho,2025-06-05,pix,3342.01
mercadinho,2025-06-05,debito,2488.41
mercadinho,2025-06-05,credito_vista,1238.49
mercadinho,2025-06-05,credito_4x,189.02
mercadinho,2025-06-06,pix,3325.5
mercadinho,2025-06-06,debito,2684.26
mercadinho,2025-06-06,credito_vista,1399.21
mercadinho,2025-06-06,credito_4x,272.55
mercadinho,2025-06-07,pix,3820.31
mercadinho,2025-06-07,debito,2950.93
mercadinho,2025-06-07,credito_vista,1779.75
mercadinho,2025-06-07,credito_4x,162.03
mercadinho,2025-06-08,pix,1671.39
mercadinho,2025-06-08,debito,1049.32
mercadinho,2025-06-08,credito_vista,706.34
mercadinho,2025-06-08,credito_4x,67.99
mercadinho,2025-06-09,pix,2745.26
mercadinho,2025-06-09,debito,2305.52
mercadinho,2025-06-09,credito_vista,1243.87
mercadinho,2025-06-09,credito_4x,233.86
mercadinho,2025-06-10,pix,1938.98
mercadinho,2025-06-10,debito,1887.83
mercadinho,2025-06-10,credito_vista,792.06
mercadinho,2025-06-10,credito_4x,165.44
mercadinho,2025-06-11,pix,1618.14
mercadinho,2025-06-11,debito,1293.49
mercadinho,2025-06-11,credito_vista,964.63
mercadinho,2025-06-11,credito_4x,153.83
mercadinho,2025-06-12,pix,1839.9
mercadinho,2025-06-12,debito,1640.1
mercadinho,2025-06-12,credito_vista,960.48
mercadinho,2025-06-12,credito_4x,234.97
mercadinho,2025-06-13,pix,1962.53
mercadinho,2025-06-13,debito,1509.38
mercadinho,2025-06-13,credito_vista,890.76
mercadinho,2025-06-13,credito_4x,102.7
mercadinho,2025-06-14,pix,2702.85
mercadinho,2025-06-14,debito,1913.02
mercadinho,2025-06-14,credito_vista,1273.22
mercadinho,2025-06-14,credito_4x,379.06
mercadinho,2025-06-15,pix,1147.57
mercadinho,2025-06-15,debito,888.08
mercadinho,2025-06-15,credito_vista,513.96
mercadinho,2025-06-15,credito_4x,116.77
mercadinho,2025-06-16,pix,1981.95
mercadinho,2025-06-16,debito,1688.28
mercadinho,2025-06-16,credito_vista,851.17
mercadinho,2025-06-16,credito_4x,169.44
mercadinho,2025-06-17,pix,1703.42
mercadinho,2025-06-17,debito,1401.59
mercadinho,2025-06-17,credito_vista,846.23
mercadinho,2025-06-17,credito_4x,179.61
mercadinho,2025-06-18,pix,1791.11
mercadinho,2025-06-18,debito,1383.02
mercadinho,2025-06-18,credito_vista,656.4
mercadinho,2025-06-18,credito_4x,101.51
mercadinho,2025-06-19,pix,1628.74
mercadinho,2025-06-19,debito,1324.13
mercadinho,2025-06-19,credito_vista,685.48
mercadinho,2025-06-19,credito_4x,116.72
mercadinho,2025-06-20,pix,2307.75
mercadinho,2025-06-20,debito,2357.39
mercadinho,2025-06-20,credito_vista,962.04
mercadinho,2025-06-20,credito_4x,189.02
mercadinho,2025-06-21,pix,2703.92
mercadinho,2025-06-21,debito,2161.45
mercadinho,2025-06-21,credito_vista,1229.5
mercadinho,2025-06-21,credito_4x,126.61
mercadinho,2025-06-22,pix,945.33
mercadinho,2025-06-22,debito,943.75
mercadinho,2025-06-22,credito_vista,410.88
mercadinho,2025-06-22,credito_4x,68.17
mercadinho,2025-06-23,pix,2327.35
mercadinho,2025-06-23,debito,1617.76
mercadinho,2025-06-23,credito_vista,754.89
mercadinho,2025-06-23,credito_4x,129.61
mercadinho,2025-06-24,pix,1727.06
mercadinho,2025-06-24,debito,1514.48
mercadinho,2025-06-24,credito_vista,841.23
mercadinho,2025-06-24,credito_4x,126.84
mercadinho,2025-06-25,pix,1285.82
mercadinho,2025-06-25,debito,973.64
mercadinho,2025-06-25,credito_vista,798.9
mercadinho,2025-06-25,credito_4x,82.58
mercadinho,2025-06-26,pix,1171.23
mercadinho,2025-06-26,debito,929.01
mercadinho,2025-06-26,credito_vista,535.25
mercadinho,2025-06-26,credito_4x,79.85
mercadinho,2025-06-27,pix,1908.3
mercadinho,2025-06-27,debito,1708.64
mercadinho,2025-06-27,credito_vista,833.17
mercadinho,2025-06-27,credito_4x,167.63
mercadinho,2025-06-28,pix,1608.24
mercadinho,2025-06-28,debito,1741.03
mercadinho,2025-06-28,credito_vista,791.19
mercadinho,2025-06-28,credito_4x,98.98
mercadinho,2025-06-29,pix,841.17
mercadinho,2025-06-29,debito,722.05
mercadinho,2025-06-29,credito_vista,456.14
mercadinho,2025-06-29,credito_4x,63.77
mercadinho,2025-06-30,pix,1345.08
mercadinho,2025-06-30,debito,1171.27
mercadinho,2025-06-30,credito_vista,654.1
mercadinho,2025-06-30,credito_4x,155.43
mercadinho,2025-07-01,pix,2406.41
mercadinho,2025-07-01,debito,1565.32
mercadinho,2025-07-01,credito_vista,991.7
mercadinho,2025-07-01,credito_4x,329.71
mercadinho,2025-07-02,pix,2604.1
mercadinho,2025-07-02,debito,2223.55
mercadinho,2025-07-02,credito_vista,1038.71
mercadinho,2025-07-02,credito_4x,268.25
mercadinho,2025-07-03,pix,2120.14
mercadinho,2025-07-03,debito,2444.85
mercadinho,2025-07-03,credito_vista,1345.61
mercadinho,2025-07-03,credito_4x,180.35
mercadinho,2025-07-04,pix,3253.55
mercadinho,2025-07-04,debito,2818.05
mercadinho,2025-07-04,credito_vista,1782.52
mercadinho,2025-07-04,credito_4x,182.73
mercadinho,2025-07-05,pix,3572.73
mercadinho,2025-07-05,debito,2487.69
mercadinho,2025-07-05,credito_vista,1846.3
mercadinho,2025-07-05,credito_4x,438.01
mercadinho,2025-07-06,pix,1524.37
mercadinho,2025-07-06,debito,1198.19
mercadinho,2025-07-06,credito_vista,726.69
mercadinho,2025-07-06,credito_4x,145.58
mercadinho,2025-07-07,pix,1882.32
mercadinho,2025-07-07,debito,1779.44
mercadinho,2025-07-07,credito_vista,1113.85
mercadinho,2025-07-07,credito_4x,191.95
mercadinho,2025-07-08,pix,2157.4
mercadinho,2025-07-08,debito,1825.4
mercadinho,2025-07-08,credito_vista,1109.27
mercadinho,2025-07-08,credito_4x,196.53
mercadinho,2025-07-09,pix,2130.93
mercadinho,2025-07-09,debito,1935.03
mercadinho,2025-07-09,credito_vista,916.69
mercadinho,2025-07-09,credito_4x,350.24
mercadinho,2025-07-10,pix,2840.49
mercadinho,2025-07-10,debito,2198.32
mercadinho,2025-07-10,credito_vista,1193.08
mercadinho,2025-07-10,credito_4x,205.93
mercadinho,2025-07-11,pix,2278.02
mercadinho,2025-07-11,debito,1865.5
mercadinho,2025-07-11,credito_vista,1031.01
mercadinho,2025-07-11,credito_4x,137.14
mercadinho,2025-07-12,pix,2874.29
mercadinho,2025-07-12,debito,2159.47
mercadinho,2025-07-12,credito_vista,1072.54
mercadinho,2025-07-12,credito_4x,318.38
mercadinho,2025-07-13,pix,1052.75
mercadinho,2025-07-13,debito,951.5
mercadinho,2025-07-13,credito_vista,571.38
mercadinho,2025-07-13,credito_4x,164.09
mercadinho,2025-07-14,pix,1853.02
mercadinho,2025-07-14,debito,1893.13
mercadinho,2025-07-14,credito_vista,1160.5
mercadinho,2025-07-14,credito_4x,318.65
mercadinho,2025-07-15,pix,1919.9
mercadinho,2025-07-15,debito,1390.74
mercadinho,2025-07-15,credito_vista,663.51
mercadinho,2025-07-15,credito_4x,201.4
mercadinho,2025-07-16,pix,2264.54
mercadinho,2025-07-16,debito,1323.51
mercadinho,2025-07-16,credito_vista,791.52
mercadinho,2025-07-16,credito_4x,197.55
mercadinho,2025-07-17,pix,1547.77
mercadinho,2025-07-17,debito,1224.57
mercadinho,2025-07-17,credito_vista,706.05
mercadinho,2025-07-17,credito_4x,208.37
mercadinho,2025-07-18,pix,1996.27
mercadinho,2025-07-18,debito,1543.12
mercadinho,2025-07-18,credito_vista,909.26
mercadinho,2025-07-18,credito_4x,204.84
mercadinho,2025-07-19,pix,1961.3
mercadinho,2025-07-19,debito,1767.79
mercadinho,2025-07-19,credito_vista,856.34
mercadinho,2025-07-19,credito_4x,204.93
mercadinho,2025-07-20,pix,1240.09
mercadinho,2025-07-20,debito,1070.38
mercadinho,2025-07-20,credito_vista,466.34
mercadinho,2025-07-20,credito_4x,89.45
mercadinho,2025-07-21,pix,2142.19
mercadinho,2025-07-21,debito,1517.46
mercadinho,2025-07-21,credito_vista,1078.63
mercadinho,2025-07-21,credito_4x,219.74
mercadinho,2025-07-22,pix,1908.94
mercadinho,2025-07-22,debito,1475.34
mercadinho,2025-07-22,credito_vista,1043.7
mercadinho,2025-07-22,credito_4x,146.37
mercadinho,2025-07-23,pix,1831.0
mercadinho,2025-07-23,debito,1263.14
mercadinho,2025-07-23,credito_vista,666.08
mercadinho,2025-07-23,credito_4x,148.82
mercadinho,2025-07-24,pix,1838.77
mercadinho,2025-07-24,debito,1534.06
mercadinho,2025-07-24,credito_vista,637.45
mercadinho,2025-07-24,credito_4x,149.99
mercadinho,2025-07-25,pix,1829.72
mercadinho,2025-07-25,debito,1163.25
mercadinho,2025-07-25,credito_vista,820.06
mercadinho,2025-07-25,credito_4x,319.87
mercadinho,2025-07-26,pix,2518.15
mercadinho,2025-07-26,debito,1498.7
mercadinho,2025-07-26,credito_vista,1092.4
mercadinho,2025-07-26,credito_4x,246.72
mercadinho,2025-07-27,pix,1053.34
mercadinho,2025-07-27,debito,708.53
mercadinho,2025-07-27,credito_vista,484.05
mercadinho,2025-07-27,credito_4x,97.04
mercadinho,2025-07-28,pix,1485.51
mercadinho,2025-07-28,debito,1319.47
mercadinho,2025-07-28,credito_vista,825.17
mercadinho,2025-07-28,credito_4x,150.23
mercadinho,2025-07-29,pix,1423.75
mercadinho,2025-07-29,debito,1042.41
mercadinho,2025-07-29,credito_vista,640.4
mercadinho,2025-07-29,credito_4x,163.51
mercadinho,2025-07-30,pix,1696.77
mercadinho,2025-07-30,debito,1025.86
mercadinho,2025-07-30,credito_vista,747.42
mercadinho,2025-07-30,credito_4x,113.99
mercadinho,2025-07-31,pix,1416.55
mercadinho,2025-07-31,debito,963.21
mercadinho,2025-07-31,credito_vista,762.44
mercadinho,2025-07-31,credito_4x,97.33
mercadinho,2025-08-01,pix,3224.51
mercadinho,2025-08-01,debito,2104.28
mercadinho,2025-08-01,credito_vista,1136.92
mercadinho,2025-08-01,credito_4x,252.51
mercadinho,2025-08-02,pix,3040.64
mercadinho,2025-08-02,debito,3034.93
mercadinho,2025-08-02,credito_vista,1449.75
mercadinho,2025-08-02,credito_4x,195.86
mercadinho,2025-08-03,pix,1272.94
mercadinho,2025-08-03,debito,1105.67
mercadinho,2025-08-03,credito_vista,498.39
mercadinho,2025-08-03,credito_4x,144.0
mercadinho,2025-08-04,pix,2549.68
mercadinho,2025-08-04,debito,1996.94
mercadinho,2025-08-04,credito_vista,981.83
mercadinho,2025-08-04,credito_4x,223.22
mercadinho,2025-08-05,pix,1942.16
mercadinho,2025-08-05,debito,1711.03
mercadinho,2025-08-05,credito_vista,816.94
mercadinho,2025-08-05,credito_4x,229.69
mercadinho,2025-08-06,pix,2516.65
mercadinho,2025-08-06,debito,1986.63
mercadinho,2025-08-06,credito_vista,1218.15
mercadinho,2025-08-06,credito_4x,105.89
mercadinho,2025-08-07,pix,2318.98
mercadinho,2025-08-07,debito,1879.61
mercadinho,2025-08-07,credito_vista,1421.2
mercadinho,2025-08-07,credito_4x,240.41
mercadinho,2025-08-08,pix,3191.7
mercadinho,2025-08-08,debito,2735.99
mercadinho,2025-08-08,credito_vista,1840.64
mercadinho,2025-08-08,credito_4x,164.3
mercadinho,2025-08-09,pix,2619.58
mercadinho,2025-08-09,debito,1907.55
mercadinho,2025-08-09,credito_vista,1728.85
mercadinho,2025-08-09,credito_4x,244.29
mercadinho,2025-08-10,pix,1708.57
mercadinho,2025-08-10,debito,1338.32
mercadinho,2025-08-10,credito_vista,679.39
mercadinho,2025-08-10,credito_4x,230.74
mercadinho,2025-08-11,pix,1418.1
mercadinho,2025-08-11,debito,1343.48
mercadinho,2025-08-11,credito_vista,887.7
mercadinho,2025-08-11,credito_4x,177.74
mercadinho,2025-08-12,pix,1421.73
mercadinho,2025-08-12,debito,1297.62
mercadinho,2025-08-12,credito_vista,653.84
mercadinho,2025-08-12,credito_4x,239.57
mercadinho,2025-08-13,pix,1500.7
mercadinho,2025-08-13,debito,1223.07
mercadinho,2025-08-13,credito_vista,930.5
mercadinho,2025-08-13,credito_4x,191.84
mercadinho,2025-08-14,pix,1873.77
mercadinho,2025-08-14,debito,1652.74
mercadinho,2025-08-14,credito_vista,1041.5
mercadinho,2025-08-14,credito_4x,308.36
mercadinho,2025-08-15,pix,2564.52
mercadinho,2025-08-15,debito,1781.84
mercadinho,2025-08-15,credito_vista,967.29
mercadinho,2025-08-15,credito_4x,193.34
mercadinho,2025-08-16,pix,2431.98
mercadinho,2025-08-16,debito,1893.69
mercadinho,2025-08-16,credito_vista,1354.2
mercadinho,2025-08-16,credito_4x,199.41
mercadinho,2025-08-17,pix,934.14
mercadinho,2025-08-17,debito,802.1
mercadinho,2025-08-17,credito_vista,502.31
mercadinho,2025-08-17,credito_4x,137.25
mercadinho,2025-08-18,pix,1509.38
mercadinho,2025-08-18,debito,1379.81
mercadinho,2025-08-18,credito_vista,821.54
mercadinho,2025-08-18,credito_4x,180.05
mercadinho,2025-08-19,pix,1805.82
mercadinho,2025-08-19,debito,1595.45
mercadinho,2025-08-19,credito_vista,984.66
mercadinho,2025-08-19,credito_4x,154.28
mercadinho,2025-08-20,pix,1945.2
mercadinho,2025-08-20,debito,1520.46
mercadinho,2025-08-20,credito_vista,818.38
mercadinho,2025-08-20,credito_4x,116.15
mercadinho,2025-08-21,pix,2077.51
mercadinho,2025-08-21,debito,1681.8
mercadinho,2025-08-21,credito_vista,871.9
mercadinho,2025-08-21,credito_4x,233.98
mercadinho,2025-08-22,pix,2480.92
mercadinho,2025-08-22,debito,1818.99
mercadinho,2025-08-22,credito_vista,1082.4
mercadinho,2025-08-22,credito_4x,182.61
mercadinho,2025-08-23,pix,1796.21
mercadinho,2025-08-23,debito,1549.28
mercadinho,2025-08-23,credito_vista,898.93
mercadinho,2025-08-23,credito_4x,162.89
mercadinho,2025-08-24,pix,914.18
mercadinho,2025-08-24,debito,842.28
mercadinho,2025-08-24,credito_vista,429.7
mercadinho,2025-08-24,credito_4x,59.66
mercadinho,2025-08-25,pix,1581.5
mercadinho,2025-08-25,debito,1054.32
mercadinho,2025-08-25,credito_vista,770.22
mercadinho,2025-08-25,credito_4x,161.26
mercadinho,2025-08-26,pix,1159.71
mercadinho,2025-08-26,debito,945.09
mercadinho,2025-08-26,credito_vista,659.93
mercadinho,2025-08-26,credito_4x,203.14
mercadinho,2025-08-27,pix,1328.32
mercadinho,2025-08-27,debito,861.94
mercadinho,2025-08-27,credito_vista,579.81
mercadinho,2025-08-27,credito_4x,137.33
mercadinho,2025-08-28,pix,1183.92
mercadinho,2025-08-28,debito,1000.63
mercadinho,2025-08-28,credito_vista,580.36
mercadinho,2025-08-28,credito_4x,116.92
mercadinho,2025-08-29,pix,1735.65
mercadinho,2025-08-29,debito,1612.76
mercadinho,2025-08-29,credito_vista,919.92
mercadinho,2025-08-29,credito_4x,161.14
mercadinho,2025-08-30,pix,2267.72
mercadinho,2025-08-30,debito,1534.54
mercadinho,2025-08-30,credito_vista,769.39
mercadinho,2025-08-30,credito_4x,163.36
mercadinho,2025-08-31,pix,839.72
mercadinho,2025-08-31,debito,735.43
mercadinho,2025-08-31,credito_vista,384.55
mercadinho,2025-08-31,credito_4x,76.93
mercadinho,2025-09-01,pix,2129.02
mercadinho,2025-09-01,debito,2036.4
mercadinho,2025-09-01,credito_vista,942.84
mercadinho,2025-09-01,credito_4x,242.19
mercadinho,2025-09-02,pix,2036.26
mercadinho,2025-09-02,debito,1833.07
mercadinho,2025-09-02,credito_vista,1203.1
mercadinho,2025-09-02,credito_4x,183.63
mercadinho,2025-09-03,pix,1866.81
mercadinho,2025-09-03,debito,1569.97
mercadinho,2025-09-03,credito_vista,860.22
mercadinho,2025-09-03,credito_4x,174.23
mercadinho,2025-09-04,pix,2147.52
mercadinho,2025-09-04,debito,1881.25
mercadinho,2025-09-04,credito_vista,1213.95
mercadinho,2025-09-04,credito_4x,116.89
mercadinho,2025-09-05,pix,2199.28
mercadinho,2025-09-05,debito,1646.04
mercadinho,2025-09-05,credito_vista,1047.73
mercadinho,2025-09-05,credito_4x,175.72
mercadinho,2025-09-06,pix,2957.11
mercadinho,2025-09-06,debito,2005.87
mercadinho,2025-09-06,credito_vista,1196.69
mercadinho,2025-09-06,credito_4x,242.92
mercadinho,2025-09-07,pix,1333.29
mercadinho,2025-09-07,debito,1095.81
mercadinho,2025-09-07,credito_vista,526.86
mercadinho,2025-09-07,credito_4x,191.68
mercadinho,2025-09-08,pix,3076.16
mercadinho,2025-09-08,debito,2353.77
mercadinho,2025-09-08,credito_vista,1324.75
mercadinho,2025-09-08,credito_4x,285.25
mercadinho,2025-09-09,pix,1617.2
mercadinho,2025-09-09,debito,1585.88
mercadinho,2025-09-09,credito_vista,882.54
mercadinho,2025-09-09,credito_4x,132.35
mercadinho,2025-09-10,pix,1955.11
mercadinho,2025-09-10,debito,1568.77
mercadinho,2025-09-10,credito_vista,693.65
mercadinho,2025-09-10,credito_4x,284.84
mercadinho,2025-09-11,pix,1727.37
mercadinho,2025-09-11,debito,1484.05
mercadinho,2025-09-11,credito_vista,1013.35
mercadinho,2025-09-11,credito_4x,93.29
mercadinho,2025-09-12,pix,2497.11
mercadinho,2025-09-12,debito,2110.09
mercadinho,2025-09-12,credito_vista,1377.23
mercadinho,2025-09-12,credito_4x,230.6
mercadinho,2025-09-13,pix,2129.31
mercadinho,2025-09-13,debito,2459.24
mercadinho,2025-09-13,credito_vista,1188.65
mercadinho,2025-09-13,credito_4x,254.09
mercadinho,2025-09-14,pix,1018.6
mercadinho,2025-09-14,debito,1088.46
mercadinho,2025-09-14,credito_vista,518.19
mercadinho,2025-09-14,credito_4x,85.14
mercadinho,2025-09-15,pix,1995.17
mercadinho,2025-09-15,debito,1262.48
mercadinho,2025-09-15,credito_vista,893.09
mercadinho,2025-09-15,credito_4x,129.95
mercadinho,2025-09-16,pix,1592.8
mercadinho,2025-09-16,debito,1329.95
mercadinho,2025-09-16,credito_vista,673.87
mercadinho,2025-09-16,credito_4x,205.61
mercadinho,2025-09-17,pix,1536.53
mercadinho,2025-09-17,debito,1509.66
mercadinho,2025-09-17,credito_vista,845.92
mercadinho,2025-09-17,credito_4x,146.24
mercadinho,2025-09-18,pix,1481.12
mercadinho,2025-09-18,debito,1495.75
mercadinho,2025-09-18,credito_vista,727.63
mercadinho,2025-09-18,credito_4x,232.9
mercadinho,2025-09-19,pix,2120.47
mercadinho,2025-09-19,debito,1858.8
mercadinho,2025-09-19,credito_vista,1368.41
mercadinho,2025-09-19,credito_4x,300.73
mercadinho,2025-09-20,pix,1922.2
mercadinho,2025-09-20,debito,1697.56
mercadinho,2025-09-20,credito_vista,1038.53
mercadinho,2025-09-20,credito_4x,291.75
mercadinho,2025-09-21,pix,1197.97
mercadinho,2025-09-21,debito,916.29
mercadinho,2025-09-21,credito_vista,539.51
mercadinho,2025-09-21,credito_4x,97.85
mercadinho,2025-09-22,pix,1859.55
mercadinho,2025-09-22,debito,1425.81
mercadinho,2025-09-22,credito_vista,957.54
mercadinho,2025-09-22,credito_4x,195.2
mercadinho,2025-09-23,pix,1603.77
mercadinho,2025-09-23,debito,1306.94
mercadinho,2025-09-23,credito_vista,892.42
mercadinho,2025-09-23,credito_4x,109.83
mercadinho,2025-09-24,pix,1268.25
mercadinho,2025-09-24,debito,1172.37
mercadinho,2025-09-24,credito_vista,767.85
mercadinho,2025-09-24,credito_4x,132.67
mercadinho,2025-09-25,pix,1233.92
mercadinho,2025-09-25,debito,947.9
mercadinho,2025-09-25,credito_vista,636.53
mercadinho,2025-09-25,credito_4x,66.17
mercadinho,2025-09-26,pix,1764.41
mercadinho,2025-09-26,debito,1438.21
mercadinho,2025-09-26,credito_vista,911.7
mercadinho,2025-09-26,credito_4x,361.43
mercadinho,2025-09-27,pix,1563.38
mercadinho,2025-09-27,debito,1659.32
mercadinho,2025-09-27,credito_vista,1016.32
mercadinho,2025-09-27,credito_4x,143.3
mercadinho,2025-09-28,pix,808.81
mercadinho,2025-09-28,debito,632.99
mercadinho,2025-09-28,credito_vista,423.18
mercadinho,2025-09-28,credito_4x,106.35
mercadinho,2025-09-29,pix,1149.32
mercadinho,2025-09-29,debito,1084.21
mercadinho,2025-09-29,credito_vista,730.61
mercadinho,2025-09-29,credito_4x,96.76
mercadinho,2025-09-30,pix,1187.48
mercadinho,2025-09-30,debito,1110.09
mercadinho,2025-09-30,credito_vista,623.24
mercadinho,2025-09-30,credito_4x,106.62
mercadinho,2025-10-01,pix,1832.41
mercadinho,2025-10-01,debito,1552.71
mercadinho,2025-10-01,credito_vista,896.32
mercadinho,2025-10-01,credito_4x,130.37
mercadinho,2025-10-02,pix,2699.39
mercadinho,2025-10-02,debito,1500.71
mercadinho,2025-10-02,credito_vista,960.35
mercadinho,2025-10-02,credito_4x,275.77
mercadinho,2025-10-03,pix,2917.65
mercadinho,2025-10-03,debito,2201.06
mercadinho,2025-10-03,credito_vista,1537.08
mercadinho,2025-10-03,credito_4x,321.65
mercadinho,2025-10-04,pix,3265.6
mercadinho,2025-10-04,debito,2688.26
mercadinho,2025-10-04,credito_vista,1545.2
mercadinho,2025-10-04,credito_4x,278.15
mercadinho,2025-10-05,pix,1201.0
mercadinho,2025-10-05,debito,1052.36
mercadinho,2025-10-05,credito_vista,589.01
mercadinho,2025-10-05,credito_4x,95.5
mercadinho,2025-10-06,pix,2098.92
mercadinho,2025-10-06,debito,1829.79
mercadinho,2025-10-06,credito_vista,1278.25
mercadinho,2025-10-06,credito_4x,252.03
mercadinho,2025-10-07,pix,2443.47
mercadinho,2025-10-07,debito,1678.14
mercadinho,2025-10-07,credito_vista,1046.5
mercadinho,2025-10-07,credito_4x,221.11
mercadinho,2025-10-08,pix,2156.39
mercadinho,2025-10-08,debito,1555.63
mercadinho,2025-10-08,credito_vista,1027.36
mercadinho,2025-10-08,credito_4x,267.51
mercadinho,2025-10-09,pix,2152.94
mercadinho,2025-10-09,debito,1601.63
mercadinho,2025-10-09,credito_vista,1226.29
mercadinho,2025-10-09,credito_4x,249.39
mercadinho,2025-10-10,pix,2924.18
mercadinho,2025-10-10,debito,2686.36
mercadinho,2025-10-10,credito_vista,2039.21
mercadinho,2025-10-10,credito_4x,363.94
mercadinho,2025-10-11,pix,2362.38
mercadinho,2025-10-11,debito,1716.8
mercadinho,2025-10-11,credito_vista,975.29
mercadinho,2025-10-11,credito_4x,276.99
mercadinho,2025-10-12,pix,1103.31
mercadinho,2025-10-12,debito,1008.58
mercadinho,2025-10-12,credito_vista,564.73
mercadinho,2025-10-12,credito_4x,121.79
mercadinho,2025-10-13,pix,1561.11
mercadinho,2025-10-13,debito,1349.07
mercadinho,2025-10-13,credito_vista,859.52
mercadinho,2025-10-13,credito_4x,140.53
mercadinho,2025-10-14,pix,1754.14
mercadinho,2025-10-14,debito,1516.52
mercadinho,2025-10-14,credito_vista,803.4
mercadinho,2025-10-14,credito_4x,188.52
mercadinho,2025-10-15,pix,1776.42
mercadinho,2025-10-15,debito,1585.71
mercadinho,2025-10-15,credito_vista,765.37
mercadinho,2025-10-15,credito_4x,157.58
mercadinho,2025-10-16,pix,1579.2
mercadinho,2025-10-16,debito,1586.06
mercadinho,2025-10-16,credito_vista,685.42
mercadinho,2025-10-16,credito_4x,147.8
mercadinho,2025-10-17,pix,1821.62
mercadinho,2025-10-17,debito,1572.12
mercadinho,2025-10-17,credito_vista,1008.45
mercadinho,2025-10-17,credito_4x,224.9
mercadinho,2025-10-18,pix,2087.97
mercadinho,2025-10-18,debito,1636.09
mercadinho,2025-10-18,credito_vista,698.45
mercadinho,2025-10-18,credito_4x,317.12
mercadinho,2025-10-19,pix,1026.95
mercadinho,2025-10-19,debito,694.29
mercadinho,2025-10-19,credito_vista,600.64
mercadinho,2025-10-19,credito_4x,53.08
mercadinho,2025-10-20,pix,2304.12
mercadinho,2025-10-20,debito,1415.42
mercadinho,2025-10-20,credito_vista,810.19
mercadinho,2025-10-20,credito_4x,133.65
mercadinho,2025-10-21,pix,1426.06
mercadinho,2025-10-21,debito,1378.5
mercadinho,2025-10-21,credito_vista,612.21
mercadinho,2025-10-21,credito_4x,161.0
mercadinho,2025-10-22,pix,1669.58
mercadinho,2025-10-22,debito,1329.33
mercadinho,2025-10-22,credito_vista,892.5
mercadinho,2025-10-22,credito_4x,159.05
mercadinho,2025-10-23,pix,1511.12
mercadinho,2025-10-23,debito,1292.82
mercadinho,2025-10-23,credito_vista,659.71
mercadinho,2025-10-23,credito_4x,137.18
mercadinho,2025-10-24,pix,2143.92
mercadinho,2025-10-24,debito,1854.72
mercadinho,2025-10-24,credito_vista,969.07
mercadinho,2025-10-24,credito_4x,191.82
mercadinho,2025-10-25,pix,1740.5
mercadinho,2025-10-25,debito,1331.68
mercadinho,2025-10-25,credito_vista,717.16
mercadinho,2025-10-25,credito_4x,193.71
mercadinho,2025-10-26,pix,863.43
mercadinho,2025-10-26,debito,660.97
mercadinho,2025-10-26,credito_vista,347.14
mercadinho,2025-10-26,credito_4x,42.57
mercadinho,2025-10-27,pix,1495.58
mercadinho,2025-10-27,debito,1066.51
mercadinho,2025-10-27,credito_vista,545.67
mercadinho,2025-10-27,credito_4x,100.76
mercadinho,2025-10-28,pix,1179.39
mercadinho,2025-10-28,debito,855.45
mercadinho,2025-10-28,credito_vista,569.68
mercadinho,2025-10-28,credito_4x,89.22
mercadinho,2025-10-29,pix,1164.59
mercadinho,2025-10-29,debito,950.77
mercadinho,2025-10-29,credito_vista,607.94
mercadinho,2025-10-29,credito_4x,134.57
mercadinho,2025-10-30,pix,1233.81
mercadinho,2025-10-30,debito,901.67
mercadinho,2025-10-30,credito_vista,684.94
mercadinho,2025-10-30,credito_4x,100.89
mercadinho,2025-10-31,pix,1261.03
mercadinho,2025-10-31,debito,1321.12
mercadinho,2025-10-31,credito_vista,787.2
mercadinho,2025-10-31,credito_4x,131.42
mercadinho,2025-11-01,pix,3539.52
mercadinho,2025-11-01,debito,2760.18
mercadinho,2025-11-01,credito_vista,1860.4
mercadinho,2025-11-01,credito_4x,270.72
mercadinho,2025-11-02,pix,1385.54
mercadinho,2025-11-02,debito,991.8
mercadinho,2025-11-02,credito_vista,566.62
mercadinho,2025-11-02,credito_4x,200.83
mercadinho,2025-11-03,pix,1695.15
mercadinho,2025-11-03,debito,1698.63
mercadinho,2025-11-03,credito_vista,775.4
mercadinho,2025-11-03,credito_4x,285.49
mercadinho,2025-11-04,pix,1863.99
mercadinho,2025-11-04,debito,1818.6
mercadinho,2025-11-04,credito_vista,1058.54
mercadinho,2025-11-04,credito_4x,108.68
mercadinho,2025-11-05,pix,2450.24
mercadinho,2025-11-05,debito,1804.27
mercadinho,2025-11-05,credito_vista,1214.26
mercadinho,2025-11-05,credito_4x,180.42
mercadinho,2025-11-06,pix,2134.98
mercadinho,2025-11-06,debito,1645.31
mercadinho,2025-11-06,credito_vista,1030.31
mercadinho,2025-11-06,credito_4x,226.35
mercadinho,2025-11-07,pix,3274.46
mercadinho,2025-11-07,debito,2597.45
mercadinho,2025-11-07,credito_vista,1707.61
mercadinho,2025-11-07,credito_4x,261.98
mercadinho,2025-11-08,pix,2723.56
mercadinho,2025-11-08,debito,2626.8
mercadinho,2025-11-08,credito_vista,1318.17
mercadinho,2025-11-08,credito_4x,320.76
mercadinho,2025-11-09,pix,1388.18
mercadinho,2025-11-09,debito,1246.3
mercadinho,2025-11-09,credito_vista,686.52
mercadinho,2025-11-09,credito_4x,122.62
mercadinho,2025-11-10,pix,2785.25
mercadinho,2025-11-10,debito,2423.41
mercadinho,2025-11-10,credito_vista,972.1
mercadinho,2025-11-10,credito_4x,156.48
mercadinho,2025-11-11,pix,1960.41
mercadinho,2025-11-11,debito,1306.87
mercadinho,2025-11-11,credito_vista,777.86
mercadinho,2025-11-11,credito_4x,199.68
mercadinho,2025-11-12,pix,1550.08
mercadinho,2025-11-12,debito,1175.43
mercadinho,2025-11-12,credito_vista,682.69
mercadinho,2025-11-12,credito_4x,98.3
mercadinho,2025-11-13,pix,1645.98
mercadinho,2025-11-13,debito,1343.33
mercadinho,2025-11-13,credito_vista,750.34
mercadinho,2025-11-13,credito_4x,139.51
mercadinho,2025-11-14,pix,2602.93
mercadinho,2025-11-14,debito,1784.77
mercadinho,2025-11-14,credito_vista,1232.95
mercadinho,2025-11-14,credito_4x,364.3
mercadinho,2025-11-15,pix,2178.11
mercadinho,2025-11-15,debito,1826.89
mercadinho,2025-11-15,credito_vista,1301.57
mercadinho,2025-11-15,credito_4x,216.35
mercadinho,2025-11-16,pix,1219.39
mercadinho,2025-11-16,debito,952.24
mercadinho,2025-11-16,credito_vista,572.5
mercadinho,2025-11-16,credito_4x,83.58
mercadinho,2025-11-17,pix,1767.77
mercadinho,2025-11-17,debito,1644.4
mercadinho,2025-11-17,credito_vista,741.22
mercadinho,2025-11-17,credito_4x,165.08
mercadinho,2025-11-18,pix,1619.52
mercadinho,2025-11-18,debito,1538.03
mercadinho,2025-11-18,credito_vista,826.8
mercadinho,2025-11-18,credito_4x,160.04
mercadinho,2025-11-19,pix,1459.12
mercadinho,2025-11-19,debito,1114.45
mercadinho,2025-11-19,credito_vista,719.63
mercadinho,2025-11-19,credito_4x,230.21
mercadinho,2025-11-20,pix,1901.53
mercadinho,2025-11-20,debito,1300.25
mercadinho,2025-11-20,credito_vista,709.9
mercadinho,2025-11-20,credito_4x,135.88
mercadinho,2025-11-21,pix,2147.2
mercadinho,2025-11-21,debito,1593.31
mercadinho,2025-11-21,credito_vista,884.32
mercadinho,2025-11-21,credito_4x,295.45
mercadinho,2025-11-22,pix,2521.99
mercadinho,2025-11-22,debito,2216.05
mercadinho,2025-11-22,credito_vista,1314.24
mercadinho,2025-11-22,credito_4x,129.3
mercadinho,2025-11-23,pix,1288.88
mercadinho,2025-11-23,debito,804.81
mercadinho,2025-11-23,credito_vista,434.48
mercadinho,2025-11-23,credito_4x,89.34
mercadinho,2025-11-24,pix,1815.79
mercadinho,2025-11-24,debito,1816.02
mercadinho,2025-11-24,credito_vista,969.38
mercadinho,2025-11-24,credito_4x,151.85
mercadinho,2025-11-25,pix,1132.73
mercadinho,2025-11-25,debito,1101.76
mercadinho,2025-11-25,credito_vista,596.97
mercadinho,2025-11-25,credito_4x,142.07
mercadinho,2025-11-26,pix,1240.71
mercadinho,2025-11-26,debito,896.86
mercadinho,2025-11-26,credito_vista,627.51
mercadinho,2025-11-26,credito_4x,73.85
mercadinho,2025-11-27,pix,1420.5
mercadinho,2025-11-27,debito,1160.94
mercadinho,2025-11-27,credito_vista,689.3
mercadinho,2025-11-27,credito_4x,87.78
mercadinho,2025-11-28,pix,1774.4
mercadinho,2025-11-28,debito,1175.37
mercadinho,2025-11-28,credito_vista,591.16
mercadinho,2025-11-28,credito_4x,161.26
mercadinho,2025-11-29,pix,2563.29
mercadinho,2025-11-29,debito,1421.2
mercadinho,2025-11-29,credito_vista,882.93
mercadinho,2025-11-29,credito_4x,258.84
mercadinho,2025-11-30,pix,847.85
mercadinho,2025-11-30,debito,598.08
mercadinho,2025-11-30,credito_vista,391.11
mercadinho,2025-11-30,credito_4x,125.44
mercadinho,2025-12-01,pix,2294.58
mercadinho,2025-12-01,debito,2153.68
mercadinho,2025-12-01,credito_vista,1058.78
mercadinho,2025-12-01,credito_4x,159.41
mercadinho,2025-12-02,pix,2536.09
mercadinho,2025-12-02,debito,1751.69
mercadinho,2025-12-02,credito_vista,1090.75
mercadinho,2025-12-02,credito_4x,172.07
mercadinho,2025-12-03,pix,2257.77
mercadinho,2025-12-03,debito,1821.48
mercadinho,2025-12-03,credito_vista,919.08
mercadinho,2025-12-03,credito_4x,272.34
mercadinho,2025-12-04,pix,2090.22
mercadinho,2025-12-04,debito,1399.54
mercadinho,2025-12-04,credito_vista,915.44
mercadinho,2025-12-04,credito_4x,263.76
mercadinho,2025-12-05,pix,2732.76
mercadinho,2025-12-05,debito,2074.14
mercadinho,2025-12-05,credito_vista,1245.15
mercadinho,2025-12-05,credito_4x,208.55
mercadinho,2025-12-06,pix,3558.04
mercadinho,2025-12-06,debito,2870.26
mercadinho,2025-12-06,credito_vista,2022.84
mercadinho,2025-12-06,credito_4x,232.85
mercadinho,2025-12-07,pix,1452.71
mercadinho,2025-12-07,debito,1062.79
mercadinho,2025-12-07,credito_vista,784.21
mercadinho,2025-12-07,credito_4x,98.1
mercadinho,2025-12-08,pix,2276.97
mercadinho,2025-12-08,debito,1385.17
mercadinho,2025-12-08,credito_vista,1187.37
mercadinho,2025-12-08,credito_4x,61.22
mercadinho,2025-12-09,pix,2163.31
mercadinho,2025-12-09,debito,1857.11
mercadinho,2025-12-09,credito_vista,1281.87
mercadinho,2025-12-09,credito_4x,233.37
mercadinho,2025-12-10,pix,2057.6
mercadinho,2025-12-10,debito,1779.89
mercadinho,2025-12-10,credito_vista,974.51
mercadinho,2025-12-10,credito_4x,242.17
mercadinho,2025-12-11,pix,1576.71
mercadinho,2025-12-11,debito,1435.82
mercadinho,2025-12-11,credito_vista,851.03
mercadinho,2025-12-11,credito_4x,158.73
mercadinho,2025-12-12,pix,2072.53
mercadinho,2025-12-12,debito,1589.39
mercadinho,2025-12-12,credito_vista,1041.59
mercadinho,2025-12-12,credito_4x,181.11
mercadinho,2025-12-13,pix,2964.49
mercadinho,2025-12-13,debito,2172.14
mercadinho,2025-12-13,credito_vista,1464.28
mercadinho,2025-12-13,credito_4x,202.96
mercadinho,2025-12-14,pix,845.91
mercadinho,2025-12-14,debito,807.84
mercadinho,2025-12-14,credito_vista,438.43
mercadinho,2025-12-14,credito_4x,40.19
mercadinho,2025-12-15,pix,1722.0
mercadinho,2025-12-15,debito,1543.67
mercadinho,2025-12-15,credito_vista,862.68
mercadinho,2025-12-15,credito_4x,132.28
mercadinho,2025-12-16,pix,1832.46
mercadinho,2025-12-16,debito,1506.49
mercadinho,2025-12-16,credito_vista,687.77
mercadinho,2025-12-16,credito_4x,236.12
mercadinho,2025-12-17,pix,2146.3
mercadinho,2025-12-17,debito,1411.92
mercadinho,2025-12-17,credito_vista,1156.29
mercadinho,2025-12-17,credito_4x,168.46
mercadinho,2025-12-18,pix,1866.14
mercadinho,2025-12-18,debito,1494.42
mercadinho,2025-12-18,credito_vista,1200.79
mercadinho,2025-12-18,credito_4x,129.46
mercadinho,2025-12-19,pix,2096.85
mercadinho,2025-12-19,debito,1720.15
mercadinho,2025-12-19,credito_vista,1080.57
mercadinho,2025-12-19,credito_4x,194.36
mercadinho,2025-12-20,pix,2972.22
mercadinho,2025-12-20,debito,2502.8
mercadinho,2025-12-20,credito_vista,1456.0
mercadinho,2025-12-20,credito_4x,260.55
mercadinho,2025-12-21,pix,1008.05
mercadinho,2025-12-21,debito,722.77
mercadinho,2025-12-21,credito_vista,512.45
mercadinho,2025-12-21,credito_4x,70.56
mercadinho,2025-12-22,pix,1912.96
mercadinho,2025-12-22,debito,1527.81
mercadinho,2025-12-22,credito_vista,1068.48
mercadinho,2025-12-22,credito_4x,304.84
mercadinho,2025-12-23,pix,2150.17
mercadinho,2025-12-23,debito,1184.15
mercadinho,2025-12-23,credito_vista,997.55
mercadinho,2025-12-23,credito_4x,123.57
mercadinho,2025-12-24,pix,1975.64
mercadinho,2025-12-24,debito,1114.15
mercadinho,2025-12-24,credito_vista,591.91
mercadinho,2025-12-24,credito_4x,196.96
mercadinho,2025-12-25,pix,1569.89
mercadinho,2025-12-25,debito,1256.98
mercadinho,2025-12-25,credito_vista,694.24
mercadinho,2025-12-25,credito_4x,123.5
mercadinho,2025-12-26,pix,1887.53
mercadinho,2025-12-26,debito,1250.8
mercadinho,2025-12-26,credito_vista,794.2
mercadinho,2025-12-26,credito_4x,112.27
mercadinho,2025-12-27,pix,2153.82
mercadinho,2025-12-27,debito,1644.6
mercadinho,2025-12-27,credito_vista,1078.97
mercadinho,2025-12-27,credito_4x,236.48
mercadinho,2025-12-28,pix,710.57
mercadinho,2025-12-28,debito,628.87
mercadinho,2025-12-28,credito_vista,264.54
mercadinho,2025-12-28,credito_4x,70.32
mercadinho,2025-12-29,pix,1460.7
mercadinho,2025-12-29,debito,1312.09
mercadinho,2025-12-29,credito_vista,778.75
mercadinho,2025-12-29,credito_4x,163.87
mercadinho,2025-12-30,pix,1376.46
mercadinho,2025-12-30,debito,1049.78
mercadinho,2025-12-30,credito_vista,574.32
mercadinho,2025-12-30,credito_4x,121.84
mercadinho,2025-12-31,pix,1774.65
mercadinho,2025-12-31,debito,1099.42
mercadinho,2025-12-31,credito_vista,656.69
mercadinho,2025-12-31,credito_4x,104.76
mercadinho,2026-01-01,pix,2166.98
mercadinho,2026-01-01,debito,2078.16
mercadinho,2026-01-01,credito_vista,1339.11
mercadinho,2026-01-01,credito_4x,178.08
mercadinho,2026-01-02,pix,3523.2
mercadinho,2026-01-02,debito,2615.8
mercadinho,2026-01-02,credito_vista,1693.54
mercadinho,2026-01-02,credito_4x,316.04
mercadinho,2026-01-03,pix,3561.07
mercadinho,2026-01-03,debito,2814.94
mercadinho,2026-01-03,credito_vista,1784.16
mercadinho,2026-01-03,credito_4x,375.09
mercadinho,2026-01-04,pix,1334.15
mercadinho,2026-01-04,debito,1110.38
mercadinho,2026-01-04,credito_vista,862.17
mercadinho,2026-01-04,credito_4x,134.39
mercadinho,2026-01-05,pix,2616.28
mercadinho,2026-01-05,debito,2453.75
mercadinho,2026-01-05,credito_vista,1282.04
mercadinho,2026-01-05,credito_4x,236.18
mercadinho,2026-01-06,pix,2557.7
mercadinho,2026-01-06,debito,2035.49
mercadinho,2026-01-06,credito_vista,1140.41
mercadinho,2026-01-06,credito_4x,238.05
mercadinho,2026-01-07,pix,2494.6
mercadinho,2026-01-07,debito,1840.98
mercadinho,2026-01-07,credito_vista,1320.79
mercadinho,2026-01-07,credito_4x,144.16
mercadinho,2026-01-08,pix,1793.17
mercadinho,2026-01-08,debito,1573.57
mercadinho,2026-01-08,credito_vista,904.56
mercadinho,2026-01-08,credito_4x,228.3
mercadinho,2026-01-09,pix,2792.48
mercadinho,2026-01-09,debito,2562.98
mercadinho,2026-01-09,credito_vista,960.54
mercadinho,2026-01-09,credito_4x,272.26
mercadinho,2026-01-10,pix,3870.38
mercadinho,2026-01-10,debito,3102.0
mercadinho,2026-01-10,credito_vista,1914.53
mercadinho,2026-01-10,credito_4x,439.9
mercadinho,2026-01-11,pix,1022.47
mercadinho,2026-01-11,debito,749.26
mercadinho,2026-01-11,credito_vista,537.96
mercadinho,2026-01-11,credito_4x,91.83
mercadinho,2026-01-12,pix,2199.44
mercadinho,2026-01-12,debito,1903.45
mercadinho,2026-01-12,credito_vista,969.25
mercadinho,2026-01-12,credito_4x,164.63
mercadinho,2026-01-13,pix,1893.4
mercadinho,2026-01-13,debito,1506.79
mercadinho,2026-01-13,credito_vista,1096.95
mercadinho,2026-01-13,credito_4x,169.87
mercadinho,2026-01-14,pix,1591.7
mercadinho,2026-01-14,debito,1419.7
mercadinho,2026-01-14,credito_vista,866.67
mercadinho,2026-01-14,credito_4x,169.48
mercadinho,2026-01-15,pix,1438.4
mercadinho,2026-01-15,debito,1500.72
mercadinho,2026-01-15,credito_vista,589.55
mercadinho,2026-01-15,credito_4x,153.09
mercadinho,2026-01-16,pix,2030.21
mercadinho,2026-01-16,debito,2032.26
mercadinho,2026-01-16,credito_vista,1136.69
mercadinho,2026-01-16,credito_4x,229.52
mercadinho,2026-01-17,pix,3012.19
mercadinho,2026-01-17,debito,2879.17
mercadinho,2026-01-17,credito_vista,1416.28
mercadinho,2026-01-17,credito_4x,488.14
mercadinho,2026-01-18,pix,985.12
mercadinho,2026-01-18,debito,866.29
mercadinho,2026-01-18,credito_vista,562.51
mercadinho,2026-01-18,credito_4x,116.47
mercadinho,2026-01-19,pix,1980.77
mercadinho,2026-01-19,debito,1351.29
mercadinho,2026-01-19,credito_vista,969.49
mercadinho,2026-01-19,credito_4x,165.3
mercadinho,2026-01-20,pix,1634.73
mercadinho,2026-01-20,debito,1526.42
mercadinho,2026-01-20,credito_vista,635.27
mercadinho,2026-01-20,credito_4x,160.35
mercadinho,2026-01-21,pix,1698.81
mercadinho,2026-01-21,debito,1863.22
mercadinho,2026-01-21,credito_vista,1159.45
mercadinho,2026-01-21,credito_4x,213.36
mercadinho,2026-01-22,pix,1685.25
mercadinho,2026-01-22,debito,1641.19
mercadinho,2026-01-22,credito_vista,1015.65
mercadinho,2026-01-22,credito_4x,182.49
mercadinho,2026-01-23,pix,2622.07
mercadinho,2026-01-23,debito,1667.55
mercadinho,2026-01-23,credito_vista,1054.26
mercadinho,2026-01-23,credito_4x,96.03
mercadinho,2026-01-24,pix,3050.67
mercadinho,2026-01-24,debito,2417.17
mercadinho,2026-01-24,credito_vista,1735.84
mercadinho,2026-01-24,credito_4x,222.91
mercadinho,2026-01-25,pix,897.06
mercadinho,2026-01-25,debito,809.95
mercadinho,2026-01-25,credito_vista,472.97
mercadinho,2026-01-25,credito_4x,64.74
mercadinho,2026-01-26,pix,1456.05
mercadinho,2026-01-26,debito,1201.9
mercadinho,2026-01-26,credito_vista,552.27
mercadinho,2026-01-26,credito_4x,165.27
mercadinho,2026-01-27,pix,1197.63
mercadinho,2026-01-27,debito,994.87
mercadinho,2026-01-27,credito_vista,660.82
mercadinho,2026-01-27,credito_4x,101.64
mercadinho,2026-01-28,pix,1418.29
mercadinho,2026-01-28,debito,1281.2
mercadinho,2026-01-28,credito_vista,867.38
mercadinho,2026-01-28,credito_4x,194.12
mercadinho,2026-01-29,pix,1507.22
mercadinho,2026-01-29,debito,1170.08
mercadinho,2026-01-29,credito_vista,682.65
mercadinho,2026-01-29,credito_4x,197.89
mercadinho,2026-01-30,pix,1406.45
mercadinho,2026-01-30,debito,1444.97
mercadinho,2026-01-30,credito_vista,767.23
mercadinho,2026-01-30,credito_4x,137.47
mercadinho,2026-01-31,pix,1736.19
mercadinho,2026-01-31,debito,1503.66
mercadinho,2026-01-31,credito_vista,751.0
mercadinho,2026-01-31,credito_4x,103.85
mercadinho,2026-02-01,pix,1352.37
mercadinho,2026-02-01,debito,1037.77
mercadinho,2026-02-01,credito_vista,679.2
mercadinho,2026-02-01,credito_4x,129.56
mercadinho,2026-02-02,pix,2156.21
mercadinho,2026-02-02,debito,2052.07
mercadinho,2026-02-02,credito_vista,1009.88
mercadinho,2026-02-02,credito_4x,307.91
mercadinho,2026-02-03,pix,1869.53
mercadinho,2026-02-03,debito,1383.35
mercadinho,2026-02-03,credito_vista,1140.9
mercadinho,2026-02-03,credito_4x,150.36
mercadinho,2026-02-04,pix,2217.08
mercadinho,2026-02-04,debito,1642.08
mercadinho,2026-02-04,credito_vista,1085.53
mercadinho,2026-02-04,credito_4x,145.43
mercadinho,2026-02-05,pix,2571.25
mercadinho,2026-02-05,debito,1749.79
mercadinho,2026-02-05,credito_vista,941.09
mercadinho,2026-02-05,credito_4x,210.04
mercadinho,2026-02-06,pix,3418.81
mercadinho,2026-02-06,debito,2252.67
mercadinho,2026-02-06,credito_vista,1264.24
mercadinho,2026-02-06,credito_4x,255.47
mercadinho,2026-02-07,pix,4158.1
mercadinho,2026-02-07,debito,3356.81
mercadinho,2026-02-07,credito_vista,1888.13
mercadinho,2026-02-07,credito_4x,481.23
mercadinho,2026-02-08,pix,1508.47
mercadinho,2026-02-08,debito,1190.02
mercadinho,2026-02-08,credito_vista,715.35
mercadinho,2026-02-08,credito_4x,115.75
mercadinho,2026-02-09,pix,2995.37
mercadinho,2026-02-09,debito,2099.46
mercadinho,2026-02-09,credito_vista,995.33
mercadinho,2026-02-09,credito_4x,155.61
mercadinho,2026-02-10,pix,2607.91
mercadinho,2026-02-10,debito,1883.12
mercadinho,2026-02-10,credito_vista,1324.97
mercadinho,2026-02-10,credito_4x,229.66
mercadinho,2026-02-11,pix,2114.41
mercadinho,2026-02-11,debito,1292.98
mercadinho,2026-02-11,credito_vista,851.89
mercadinho,2026-02-11,credito_4x,132.49
mercadinho,2026-02-12,pix,2473.57
mercadinho,2026-02-12,debito,1505.55
mercadinho,2026-02-12,credito_vista,750.97
mercadinho,2026-02-12,credito_4x,199.23
mercadinho,2026-02-13,pix,2283.96
mercadinho,2026-02-13,debito,2249.28
mercadinho,2026-02-13,credito_vista,1391.88
mercadinho,2026-02-13,credito_4x,171.27
mercadinho,2026-02-14,pix,3121.96
mercadinho,2026-02-14,debito,1982.46
mercadinho,2026-02-14,credito_vista,1296.99
mercadinho,2026-02-14,credito_4x,327.63
mercadinho,2026-02-15,pix,1601.04
mercadinho,2026-02-15,debito,1194.58
mercadinho,2026-02-15,credito_vista,609.84
mercadinho,2026-02-15,credito_4x,234.85
mercadinho,2026-02-16,pix,2254.29
mercadinho,2026-02-16,debito,2156.17
mercadinho,2026-02-16,credito_vista,804.02
mercadinho,2026-02-16,credito_4x,234.99
mercadinho,2026-02-17,pix,1956.47
mercadinho,2026-02-17,debito,1227.17
mercadinho,2026-02-17,credito_vista,707.18
mercadinho,2026-02-17,credito_4x,142.58
mercadinho,2026-02-18,pix,2016.12
mercadinho,2026-02-18,debito,1491.05
mercadinho,2026-02-18,credito_vista,950.86
mercadinho,2026-02-18,credito_4x,235.98
mercadinho,2026-02-19,pix,1850.8
mercadinho,2026-02-19,debito,1492.81
mercadinho,2026-02-19,credito_vista,908.84
mercadinho,2026-02-19,credito_4x,138.59
mercadinho,2026-02-20,pix,2658.76
mercadinho,2026-02-20,debito,2230.09
mercadinho,2026-02-20,credito_vista,1128.04
mercadinho,2026-02-20,credito_4x,214.9
mercadinho,2026-02-21,pix,2609.7
mercadinho,2026-02-21,debito,1937.49
mercadinho,2026-02-21,credito_vista,1032.57
mercadinho,2026-02-21,credito_4x,187.46
mercadinho,2026-02-22,pix,1100.92
mercadinho,2026-02-22,debito,772.78
mercadinho,2026-02-22,credito_vista,582.14
mercadinho,2026-02-22,credito_4x,94.45
mercadinho,2026-02-23,pix,2149.79
mercadinho,2026-02-23,debito,1588.25
mercadinho,2026-02-23,credito_vista,1157.72
mercadinho,2026-02-23,credito_4x,299.84
mercadinho,2026-02-24,pix,1901.62
mercadinho,2026-02-24,debito,1974.85
mercadinho,2026-02-24,credito_vista,943.03
mercadinho,2026-02-24,credito_4x,182.12
mercadinho,2026-02-25,pix,1632.64
mercadinho,2026-02-25,debito,1282.28
mercadinho,2026-02-25,credito_vista,604.56
mercadinho,2026-02-25,credito_4x,113.31
mercadinho,2026-02-26,pix,1633.55
mercadinho,2026-02-26,debito,1264.29
mercadinho,2026-02-26,credito_vista,906.59
mercadinho,2026-02-26,credito_4x,150.37
mercadinho,2026-02-27,pix,2075.82
mercadinho,2026-02-27,debito,1473.58
mercadinho,2026-02-27,credito_vista,1094.21
mercadinho,2026-02-27,credito_4x,84.45
mercadinho,2026-02-28,pix,2147.6
mercadinho,2026-02-28,debito,1817.59
mercadinho,2026-02-28,credito_vista,1040.58
mercadinho,2026-02-28,credito_4x,190.46
mercadinho,2026-03-01,pix,1500.03
mercadinho,2026-03-01,debito,1230.25
mercadinho,2026-03-01,credito_vista,622.46
mercadinho,2026-03-01,credito_4x,150.94
mercadinho,2026-03-02,pix,2831.6
mercadinho,2026-03-02,debito,2311.82
mercadinho,2026-03-02,credito_vista,1223.25
mercadinho,2026-03-02,credito_4x,619.48
mercadinho,2026-03-03,pix,2822.62
mercadinho,2026-03-03,debito,1941.08
mercadinho,2026-03-03,credito_vista,1327.87
mercadinho,2026-03-03,credito_4x,357.19
mercadinho,2026-03-04,pix,2537.28
mercadinho,2026-03-04,debito,1986.85
mercadinho,2026-03-04,credito_vista,1047.05
mercadinho,2026-03-04,credito_4x,244.77
mercadinho,2026-03-05,pix,2585.07
mercadinho,2026-03-05,debito,2108.36
mercadinho,2026-03-05,credito_vista,1167.82
mercadinho,2026-03-05,credito_4x,231.31
mercadinho,2026-03-06,pix,3802.54
mercadinho,2026-03-06,debito,3077.38
mercadinho,2026-03-06,credito_vista,1541.11
mercadinho,2026-03-06,credito_4x,516.3
mercadinho,2026-03-07,pix,3346.53
mercadinho,2026-03-07,debito,3138.97
mercadinho,2026-03-07,credito_vista,1875.63
mercadinho,2026-03-07,credito_4x,261.66
mercadinho,2026-03-08,pix,1425.99
mercadinho,2026-03-08,debito,1218.91
mercadinho,2026-03-08,credito_vista,886.77
mercadinho,2026-03-08,credito_4x,201.44
mercadinho,2026-03-09,pix,2982.75
mercadinho,2026-03-09,debito,2097.24
mercadinho,2026-03-09,credito_vista,1514.57
mercadinho,2026-03-09,credito_4x,206.9
mercadinho,2026-03-10,pix,2493.63
mercadinho,2026-03-10,debito,1963.15
mercadinho,2026-03-10,credito_vista,1090.29
mercadinho,2026-03-10,credito_4x,267.99
mercadinho,2026-03-11,pix,1884.04
mercadinho,2026-03-11,debito,1298.34
mercadinho,2026-03-11,credito_vista,830.54
mercadinho,2026-03-11,credito_4x,200.68
mercadinho,2026-03-12,pix,1736.33
mercadinho,2026-03-12,debito,1875.36
mercadinho,2026-03-12,credito_vista,1172.33
mercadinho,2026-03-12,credito_4x,232.75
mercadinho,2026-03-13,pix,2594.55
mercadinho,2026-03-13,debito,1984.06
mercadinho,2026-03-13,credito_vista,1291.89
mercadinho,2026-03-13,credito_4x,151.42
mercadinho,2026-03-14,pix,3054.58
mercadinho,2026-03-14,debito,2812.36
mercadinho,2026-03-14,credito_vista,1727.28
mercadinho,2026-03-14,credito_4x,427.46
mercadinho,2026-03-15,pix,1383.17
mercadinho,2026-03-15,debito,1154.23
mercadinho,2026-03-15,credito_vista,518.21
mercadinho,2026-03-15,credito_4x,77.65
mercadinho,2026-03-16,pix,2128.02
mercadinho,2026-03-16,debito,1508.01
mercadinho,2026-03-16,credito_vista,918.67
mercadinho,2026-03-16,credito_4x,227.07
mercadinho,2026-03-17,pix,2086.92
mercadinho,2026-03-17,debito,1777.08
mercadinho,2026-03-17,credito_vista,867.48
mercadinho,2026-03-17,credito_4x,206.11
mercadinho,2026-03-18,pix,1884.97
mercadinho,2026-03-18,debito,1669.68
mercadinho,2026-03-18,credito_vista,1046.16
mercadinho,2026-03-18,credito_4x,144.67
mercadinho,2026-03-19,pix,2193.12
mercadinho,2026-03-19,debito,2100.47
mercadinho,2026-03-19,credito_vista,908.12
mercadinho,2026-03-19,credito_4x,280.82
mercadinho,2026-03-20,pix,2703.52
mercadinho,2026-03-20,debito,1898.53
mercadinho,2026-03-20,credito_vista,834.56
mercadinho,2026-03-20,credito_4x,307.17
mercadinho,2026-03-21,pix,3188.07
mercadinho,2026-03-21,debito,1759.4
mercadinho,2026-03-21,credito_vista,1585.86
mercadinho,2026-03-21,credito_4x,386.0
mercadinho,2026-03-22,pix,1115.12
mercadinho,2026-03-22,debito,1026.77
mercadinho,2026-03-22,credito_vista,620.7
mercadinho,2026-03-22,credito_4x,119.92
mercadinho,2026-03-23,pix,2468.38
mercadinho,2026-03-23,debito,1677.35
mercadinho,2026-03-23,credito_vista,870.53
mercadinho,2026-03-23,credito_4x,109.81
mercadinho,2026-03-24,pix,1959.69
mercadinho,2026-03-24,debito,1252.77
mercadinho,2026-03-24,credito_vista,856.46
mercadinho,2026-03-24,credito_4x,134.9
mercadinho,2026-03-25,pix,1574.65
mercadinho,2026-03-25,debito,1313.39
mercadinho,2026-03-25,credito_vista,732.5
mercadinho,2026-03-25,credito_4x,87.38
mercadinho,2026-03-26,pix,1641.12
mercadinho,2026-03-26,debito,1243.33
mercadinho,2026-03-26,credito_vista,704.94
mercadinho,2026-03-26,credito_4x,256.22
mercadinho,2026-03-27,pix,1972.87
mercadinho,2026-03-27,debito,1785.21
mercadinho,2026-03-27,credito_vista,1102.85
mercadinho,2026-03-27,credito_4x,347.28
mercadinho,2026-03-28,pix,1954.43
mercadinho,2026-03-28,debito,2018.26
mercadinho,2026-03-28,credito_vista,1002.83
mercadinho,2026-03-28,credito_4x,189.08
mercadinho,2026-03-29,pix,884.9
mercadinho,2026-03-29,debito,788.15
mercadinho,2026-03-29,credito_vista,368.44
mercadinho,2026-03-29,credito_4x,83.22
mercadinho,2026-03-30,pix,1745.05
mercadinho,2026-03-30,debito,1405.7
mercadinho,2026-03-30,credito_vista,909.02
mercadinho,2026-03-30,credito_4x,124.85
mercadinho,2026-03-31,pix,1386.75
mercadinho,2026-03-31,debito,978.6
mercadinho,2026-03-31,credito_vista,732.26
mercadinho,2026-03-31,credito_4x,133.19
mercadinho,2026-04-01,pix,2903.1
mercadinho,2026-04-01,debito,1811.12
mercadinho,2026-04-01,credito_vista,1551.79
mercadinho,2026-04-01,credito_4x,286.74
mercadinho,2026-04-02,pix,2512.58
mercadinho,2026-04-02,debito,2741.87
mercadinho,2026-04-02,credito_vista,1377.72
mercadinho,2026-04-02,credito_4x,264.68
mercadinho,2026-04-03,pix,3592.35
mercadinho,2026-04-03,debito,3450.32
mercadinho,2026-04-03,credito_vista,1386.99
mercadinho,2026-04-03,credito_4x,327.65
mercadinho,2026-04-04,pix,4048.34
mercadinho,2026-04-04,debito,3128.6
mercadinho,2026-04-04,credito_vista,1693.38
mercadinho,2026-04-04,credito_4x,170.94
mercadinho,2026-04-05,pix,1470.61
mercadinho,2026-04-05,debito,1272.43
mercadinho,2026-04-05,credito_vista,709.07
mercadinho,2026-04-05,credito_4x,100.49
mercadinho,2026-04-06,pix,2666.38
mercadinho,2026-04-06,debito,2525.84
mercadinho,2026-04-06,credito_vista,1154.59
mercadinho,2026-04-06,credito_4x,259.54
mercadinho,2026-04-07,pix,2794.59
mercadinho,2026-04-07,debito,1892.22
mercadinho,2026-04-07,credito_vista,1226.31
mercadinho,2026-04-07,credito_4x,224.12
mercadinho,2026-04-08,pix,2276.88
mercadinho,2026-04-08,debito,2086.68
mercadinho,2026-04-08,credito_vista,913.66
mercadinho,2026-04-08,credito_4x,303.91
mercadinho,2026-04-09,pix,3056.1
mercadinho,2026-04-09,debito,2858.35
mercadinho,2026-04-09,credito_vista,1028.41
mercadinho,2026-04-09,credito_4x,109.91
mercadinho,2026-04-10,pix,4261.51
mercadinho,2026-04-10,debito,2329.73
mercadinho,2026-04-10,credito_vista,1406.39
mercadinho,2026-04-10,credito_4x,231.93
mercadinho,2026-04-11,pix,2436.14
mercadinho,2026-04-11,debito,2324.66
mercadinho,2026-04-11,credito_vista,1241.18
mercadinho,2026-04-11,credito_4x,196.24
mercadinho,2026-04-12,pix,1664.1
mercadinho,2026-04-12,debito,909.02
mercadinho,2026-04-12,credito_vista,766.17
mercadinho,2026-04-12,credito_4x,126.08
mercadinho,2026-04-13,pix,2173.4
mercadinho,2026-04-13,debito,1764.14
mercadinho,2026-04-13,credito_vista,1052.84
mercadinho,2026-04-13,credito_4x,162.13
mercadinho,2026-04-14,pix,1814.77
mercadinho,2026-04-14,debito,1300.04
mercadinho,2026-04-14,credito_vista,869.96
mercadinho,2026-04-14,credito_4x,126.31
mercadinho,2026-04-15,pix,1757.28
mercadinho,2026-04-15,debito,1423.22
mercadinho,2026-04-15,credito_vista,818.34
mercadinho,2026-04-15,credito_4x,233.31
mercadinho,2026-04-16,pix,2382.19
mercadinho,2026-04-16,debito,1821.61
mercadinho,2026-04-16,credito_vista,1141.44
mercadinho,2026-04-16,credito_4x,234.76
mercadinho,2026-04-17,pix,3153.67
mercadinho,2026-04-17,debito,2626.8
mercadinho,2026-04-17,credito_vista,1179.57
mercadinho,2026-04-17,credito_4x,218.2
mercadinho,2026-04-18,pix,2989.77
mercadinho,2026-04-18,debito,2554.23
mercadinho,2026-04-18,credito_vista,1675.76
mercadinho,2026-04-18,credito_4x,263.72
mercadinho,2026-04-19,pix,1493.56
mercadinho,2026-04-19,debito,1005.92
mercadinho,2026-04-19,credito_vista,707.68
mercadinho,2026-04-19,credito_4x,89.49
mercadinho,2026-04-20,pix,2642.8
mercadinho,2026-04-20,debito,1718.5
mercadinho,2026-04-20,credito_vista,1183.48
mercadinho,2026-04-20,credito_4x,170.49
mercadinho,2026-04-21,pix,2082.21
mercadinho,2026-04-21,debito,1702.37
mercadinho,2026-04-21,credito_vista,896.64
mercadinho,2026-04-21,credito_4x,184.23
mercadinho,2026-04-22,pix,2017.59
mercadinho,2026-04-22,debito,1611.02
mercadinho,2026-04-22,credito_vista,1006.03
mercadinho,2026-04-22,credito_4x,124.33
mercadinho,2026-04-23,pix,2131.63
mercadinho,2026-04-23,debito,1609.03
mercadinho,2026-04-23,credito_vista,1241.21
mercadinho,2026-04-23,credito_4x,128.19
mercadinho,2026-04-24,pix,2942.25
mercadinho,2026-04-24,debito,2024.97
mercadinho,2026-04-24,credito_vista,1344.69
mercadinho,2026-04-24,credito_4x,192.32
mercadinho,2026-04-25,pix,1755.39
mercadinho,2026-04-25,debito,1882.85
mercadinho,2026-04-25,credito_vista,1011.04
mercadinho,2026-04-25,credito_4x,123.43
mercadinho,2026-04-26,pix,996.74
mercadinho,2026-04-26,debito,798.39
mercadinho,2026-04-26,credito_vista,508.23
mercadinho,2026-04-26,credito_4x,66.75
mercadinho,2026-04-27,pix,1738.52
mercadinho,2026-04-27,debito,1598.51
mercadinho,2026-04-27,credito_vista,810.92
mercadinho,2026-04-27,credito_4x,278.81
mercadinho,2026-04-28,pix,1545.59
mercadinho,2026-04-28,debito,1256.18
mercadinho,2026-04-28,credito_vista,508.67
mercadinho,2026-04-28,credito_4x,111.34
mercadinho,2026-04-29,pix,1423.01
mercadinho,2026-04-29,debito,1055.63
mercadinho,2026-04-29,credito_vista,751.17
mercadinho,2026-04-29,credito_4x,153.17
mercadinho,2026-04-30,pix,1522.9
mercadinho,2026-04-30,debito,1280.4
mercadinho,2026-04-30,credito_vista,769.05
mercadinho,2026-04-30,credito_4x,277.3
mercadinho,2026-05-01,pix,2963.37
mercadinho,2026-05-01,debito,2351.04
mercadinho,2026-05-01,credito_vista,1521.74
mercadinho,2026-05-01,credito_4x,393.75
mercadinho,2026-05-02,pix,3023.98
mercadinho,2026-05-02,debito,2622.37
mercadinho,2026-05-02,credito_vista,1540.31
mercadinho,2026-05-02,credito_4x,329.41
mercadinho,2026-05-03,pix,1620.98
mercadinho,2026-05-03,debito,1536.18
mercadinho,2026-05-03,credito_vista,827.23
mercadinho,2026-05-03,credito_4x,148.97
mercadinho,2026-05-04,pix,2844.3
mercadinho,2026-05-04,debito,1800.01
mercadinho,2026-05-04,credito_vista,1362.96
mercadinho,2026-05-04,credito_4x,185.56
mercadinho,2026-05-05,pix,2733.23
mercadinho,2026-05-05,debito,1688.88
mercadinho,2026-05-05,credito_vista,1280.25
mercadinho,2026-05-05,credito_4x,172.95
mercadinho,2026-05-06,pix,2583.89
mercadinho,2026-05-06,debito,1570.67
mercadinho,2026-05-06,credito_vista,1089.78
mercadinho,2026-05-06,credito_4x,259.28
mercadinho,2026-05-07,pix,3088.36
mercadinho,2026-05-07,debito,2503.94
mercadinho,2026-05-07,credito_vista,1185.47
mercadinho,2026-05-07,credito_4x,175.69
mercadinho,2026-05-08,pix,3702.67
mercadinho,2026-05-08,debito,2952.26
mercadinho,2026-05-08,credito_vista,1475.51
mercadinho,2026-05-08,credito_4x,229.98
mercadinho,2026-05-09,pix,3312.26
mercadinho,2026-05-09,debito,2596.36
mercadinho,2026-05-09,credito_vista,2051.12
mercadinho,2026-05-09,credito_4x,455.04
mercadinho,2026-05-10,pix,1389.88
mercadinho,2026-05-10,debito,1212.88
mercadinho,2026-05-10,credito_vista,555.19
mercadinho,2026-05-10,credito_4x,99.31
mercadinho,2026-05-11,pix,2202.32
mercadinho,2026-05-11,debito,1599.64
mercadinho,2026-05-11,credito_vista,945.48
mercadinho,2026-05-11,credito_4x,123.3
mercadinho,2026-05-12,pix,2141.16
mercadinho,2026-05-12,debito,1654.43
mercadinho,2026-05-12,credito_vista,877.52
mercadinho,2026-05-12,credito_4x,149.25
mercadinho,2026-05-13,pix,2179.63
mercadinho,2026-05-13,debito,1456.48
mercadinho,2026-05-13,credito_vista,745.51
mercadinho,2026-05-13,credito_4x,263.57
mercadinho,2026-05-14,pix,2112.22
mercadinho,2026-05-14,debito,1399.32
mercadinho,2026-05-14,credito_vista,1171.87
mercadinho,2026-05-14,credito_4x,164.76
mercadinho,2026-05-15,pix,2548.17
mercadinho,2026-05-15,debito,2316.68
mercadinho,2026-05-15,credito_vista,1070.22
mercadinho,2026-05-15,credito_4x,182.35
mercadinho,2026-05-16,pix,3032.96
mercadinho,2026-05-16,debito,2411.85
mercadinho,2026-05-16,credito_vista,1584.97
mercadinho,2026-05-16,credito_4x,183.61
mercadinho,2026-05-17,pix,1417.92
mercadinho,2026-05-17,debito,801.47
mercadinho,2026-05-17,credito_vista,529.27
mercadinho,2026-05-17,credito_4x,110.64
mercadinho,2026-05-18,pix,2237.69
mercadinho,2026-05-18,debito,1645.21
mercadinho,2026-05-18,credito_vista,1100.89
mercadinho,2026-05-18,credito_4x,263.19
mercadinho,2026-05-19,pix,1684.23
mercadinho,2026-05-19,debito,1268.72
mercadinho,2026-05-19,credito_vista,926.21
mercadinho,2026-05-19,credito_4x,212.21
mercadinho,2026-05-20,pix,2254.3
mercadinho,2026-05-20,debito,1936.68
mercadinho,2026-05-20,credito_vista,1244.44
mercadinho,2026-05-20,credito_4x,258.8
mercadinho,2026-05-21,pix,1921.01
mercadinho,2026-05-21,debito,1608.24
mercadinho,2026-05-21,credito_vista,934.99
mercadinho,2026-05-21,credito_4x,171.1
mercadinho,2026-05-22,pix,2461.88
mercadinho,2026-05-22,debito,2008.85
mercadinho,2026-05-22,credito_vista,1392.4
mercadinho,2026-05-22,credito_4x,216.83
mercadinho,2026-05-23,pix,3240.82
mercadinho,2026-05-23,debito,2211.38
mercadinho,2026-05-23,credito_vista,1326.17
mercadinho,2026-05-23,credito_4x,267.56
mercadinho,2026-05-24,pix,1068.32
mercadinho,2026-05-24,debito,970.96
mercadinho,2026-05-24,credito_vista,571.45
mercadinho,2026-05-24,credito_4x,127.38
mercadinho,2026-05-25,pix,1567.63
mercadinho,2026-05-25,debito,1330.31
mercadinho,2026-05-25,credito_vista,765.72
mercadinho,2026-05-25,credito_4x,133.78
mercadinho,2026-05-26,pix,1349.59
mercadinho,2026-05-26,debito,1168.89
mercadinho,2026-05-26,credito_vista,803.39
mercadinho,2026-05-26,credito_4x,106.78
mercadinho,2026-05-27,pix,1403.13
mercadinho,2026-05-27,debito,962.31
mercadinho,2026-05-27,credito_vista,627.86
mercadinho,2026-05-27,credito_4x,120.57
mercadinho,2026-05-28,pix,1731.43
mercadinho,2026-05-28,debito,1213.71
mercadinho,2026-05-28,credito_vista,730.71
mercadinho,2026-05-28,credito_4x,86.52
mercadinho,2026-05-29,pix,1519.98
mercadinho,2026-05-29,debito,1337.37
mercadinho,2026-05-29,credito_vista,713.78
mercadinho,2026-05-29,credito_4x,187.8
mercadinho,2026-05-30,pix,2514.43
mercadinho,2026-05-30,debito,1959.65
mercadinho,2026-05-30,credito_vista,1149.48
mercadinho,2026-05-30,credito_4x,296.08
mercadinho,2026-05-31,pix,969.28
mercadinho,2026-05-31,debito,829.96
mercadinho,2026-05-31,credito_vista,428.88
mercadinho,2026-05-31,credito_4x,99.55
mercadinho,2026-06-01,pix,2752.43
mercadinho,2026-06-01,debito,2244.87
mercadinho,2026-06-01,credito_vista,1331.73
mercadinho,2026-06-01,credito_4x,427.29
mercadinho,2026-06-02,pix,2014.53
mercadinho,2026-06-02,debito,1822.7
mercadinho,2026-06-02,credito_vista,748.24
mercadinho,2026-06-02,credito_4x,157.85
mercadinho,2026-06-03,pix,2170.42
mercadinho,2026-06-03,debito,1776.5
mercadinho,2026-06-03,credito_vista,1155.51
mercadinho,2026-06-03,credito_4x,177.74
mercadinho,2026-06-04,pix,2663.09
mercadinho,2026-06-04,debito,2185.37
mercadinho,2026-06-04,credito_vista,1656.33
mercadinho,2026-06-04,credito_4x,363.67
mercadinho,2026-06-05,pix,4226.44
mercadinho,2026-06-05,debito,4190.49
mercadinho,2026-06-05,credito_vista,1980.33
mercadinho,2026-06-05,credito_4x,259.8
mercadinho,2026-06-06,pix,3860.99
mercadinho,2026-06-06,debito,3410.04
mercadinho,2026-06-06,credito_vista,1714.52
mercadinho,2026-06-06,credito_4x,447.25
mercadinho,2026-06-07,pix,1648.63
mercadinho,2026-06-07,debito,1458.13
mercadinho,2026-06-07,credito_vista,716.28
mercadinho,2026-06-07,credito_4x,158.61
mercadinho,2026-06-08,pix,2551.16
mercadinho,2026-06-08,debito,2176.24
mercadinho,2026-06-08,credito_vista,1690.51
mercadinho,2026-06-08,credito_4x,219.99
mercadinho,2026-06-09,pix,2038.27
mercadinho,2026-06-09,debito,1866.91
mercadinho,2026-06-09,credito_vista,1097.87
mercadinho,2026-06-09,credito_4x,214.16
mercadinho,2026-06-10,pix,2713.16
mercadinho,2026-06-10,debito,1984.06
mercadinho,2026-06-10,credito_vista,1331.23
mercadinho,2026-06-10,credito_4x,232.64
mercadinho,2026-06-11,pix,1564.23
mercadinho,2026-06-11,debito,1550.76
mercadinho,2026-06-11,credito_vista,855.55
mercadinho,2026-06-11,credito_4x,192.32
mercadinho,2026-06-12,pix,1854.62
mercadinho,2026-06-12,debito,1832.86
mercadinho,2026-06-12,credito_vista,1321.63
mercadinho,2026-06-12,credito_4x,125.08
mercadinho,2026-06-13,pix,2493.97
mercadinho,2026-06-13,debito,1869.18
mercadinho,2026-06-13,credito_vista,1071.87
mercadinho,2026-06-13,credito_4x,268.02
mercadinho,2026-06-14,pix,1301.11
mercadinho,2026-06-14,debito,1118.03
mercadinho,2026-06-14,credito_vista,489.24
mercadinho,2026-06-14,credito_4x,162.47
mercadinho,2026-06-15,pix,2226.72
mercadinho,2026-06-15,debito,1465.82
mercadinho,2026-06-15,credito_vista,962.18
mercadinho,2026-06-15,credito_4x,208.16
mercadinho,2026-06-16,pix,1825.06
mercadinho,2026-06-16,debito,1514.47
mercadinho,2026-06-16,credito_vista,831.58
mercadinho,2026-06-16,credito_4x,293.81
mercadinho,2026-06-17,pix,2117.29
mercadinho,2026-06-17,debito,1408.08
mercadinho,2026-06-17,credito_vista,776.67
mercadinho,2026-06-17,credito_4x,106.65
mercadinho,2026-06-18,pix,1882.44
mercadinho,2026-06-18,debito,1427.23
mercadinho,2026-06-18,credito_vista,697.05
mercadinho,2026-06-18,credito_4x,113.41
mercadinho,2026-06-19,pix,2219.95
mercadinho,2026-06-19,debito,1829.62
mercadinho,2026-06-19,credito_vista,1157.68
mercadinho,2026-06-19,credito_4x,200.94
mercadinho,2026-06-20,pix,2661.35
mercadinho,2026-06-20,debito,1920.3
mercadinho,2026-06-20,credito_vista,1168.31
mercadinho,2026-06-20,credito_4x,333.07
mercadinho,2026-06-21,pix,1099.91
mercadinho,2026-06-21,debito,827.66
mercadinho,2026-06-21,credito_vista,355.83
mercadinho,2026-06-21,credito_4x,102.79
mercadinho,2026-06-22,pix,2108.46
mercadinho,2026-06-22,debito,1483.89
mercadinho,2026-06-22,credito_vista,701.84
mercadinho,2026-06-22,credito_4x,314.21
mercadinho,2026-06-23,pix,1482.72
mercadinho,2026-06-23,debito,1251.09
mercadinho,2026-06-23,credito_vista,1073.67
mercadinho,2026-06-23,credito_4x,104.19
mercadinho,2026-06-24,pix,1737.3
mercadinho,2026-06-24,debito,1636.54
mercadinho,2026-06-24,credito_vista,1073.86
mercadinho,2026-06-24,credito_4x,186.29
mercadinho,2026-06-25,pix,1768.25
mercadinho,2026-06-25,debito,1241.63
mercadinho,2026-06-25,credito_vista,519.87
mercadinho,2026-06-25,credito_4x,202.36
mercadinho,2026-06-26,pix,1623.79
mercadinho,2026-06-26,debito,1271.04
mercadinho,2026-06-26,credito_vista,727.53
mercadinho,2026-06-26,credito_4x,183.08
mercadinho,2026-06-27,pix,2071.17
mercadinho,2026-06-27,debito,1571.43
mercadinho,2026-06-27,credito_vista,977.06
mercadinho,2026-06-27,credito_4x,125.02
mercadinho,2026-06-28,pix,1098.74
mercadinho,2026-06-28,debito,811.96
mercadinho,2026-06-28,credito_vista,457.47
mercadinho,2026-06-28,credito_4x,113.5
mercadinho,2026-06-29,pix,1418.73
mercadinho,2026-06-29,debito,1088.97
mercadinho,2026-06-29,credito_vista,645.47
mercadinho,2026-06-29,credito_4x,146.78
mercadinho,2026-06-30,pix,1544.8
mercadinho,2026-06-30,debito,1235.3
mercadinho,2026-06-30,credito_vista,592.13
mercadinho,2026-06-30,credito_4x,75.31
mercadinho,2026-07-01,pix,2224.52
mercadinho,2026-07-01,debito,2051.73
mercadinho,2026-07-01,credito_vista,952.13
mercadinho,2026-07-01,credito_4x,392.61
mercadinho,2026-07-02,pix,2635.67
mercadinho,2026-07-02,debito,1906.49
mercadinho,2026-07-02,credito_vista,1230.57
mercadinho,2026-07-02,credito_4x,130.74
mercadinho,2026-07-03,pix,2772.98
mercadinho,2026-07-03,debito,2436.06
mercadinho,2026-07-03,credito_vista,1378.0
mercadinho,2026-07-03,credito_4x,253.79
mercadinho,2026-07-04,pix,2920.34
mercadinho,2026-07-04,debito,2500.14
mercadinho,2026-07-04,credito_vista,1345.38
mercadinho,2026-07-04,credito_4x,346.65
mercadinho,2026-07-05,pix,1237.45
mercadinho,2026-07-05,debito,1185.75
mercadinho,2026-07-05,credito_vista,626.01
mercadinho,2026-07-05,credito_4x,153.9
mercadinho,2026-07-06,pix,2151.04
mercadinho,2026-07-06,debito,1838.2
mercadinho,2026-07-06,credito_vista,1406.92
mercadinho,2026-07-06,credito_4x,210.8
mercadinho,2026-07-07,pix,2071.12
mercadinho,2026-07-07,debito,1714.54
mercadinho,2026-07-07,credito_vista,974.52
mercadinho,2026-07-07,credito_4x,219.82
mercadinho,2026-07-08,pix,1881.87
mercadinho,2026-07-08,debito,1462.25
mercadinho,2026-07-08,credito_vista,809.9
mercadinho,2026-07-08,credito_4x,203.93
mercadinho,2026-07-09,pix,2572.4
mercadinho,2026-07-09,debito,2144.1
mercadinho,2026-07-09,credito_vista,1029.27
mercadinho,2026-07-09,credito_4x,188.48
mercadinho,2026-07-10,pix,3201.43
mercadinho,2026-07-10,debito,2423.89
mercadinho,2026-07-10,credito_vista,1416.53
mercadinho,2026-07-10,credito_4x,250.81
mercadinho,2026-07-11,pix,1911.08
mercadinho,2026-07-11,debito,1881.86
mercadinho,2026-07-11,credito_vista,1172.19
mercadinho,2026-07-11,credito_4x,192.82
mercadinho,2026-07-12,pix,877.76
mercadinho,2026-07-12,debito,833.65
mercadinho,2026-07-12,credito_vista,602.33
mercadinho,2026-07-12,credito_4x,77.51
mercadinho,2026-07-13,pix,1729.35
mercadinho,2026-07-13,debito,1594.36
mercadinho,2026-07-13,credito_vista,801.86
mercadinho,2026-07-13,credito_4x,86.78
mercadinho,2026-07-14,pix,1475.82
mercadinho,2026-07-14,debito,955.25
mercadinho,2026-07-14,credito_vista,842.98
mercadinho,2026-07-14,credito_4x,169.92
mercadinho,2026-07-15,pix,1390.94
mercadinho,2026-07-15,debito,920.18
mercadinho,2026-07-15,credito_vista,740.37
mercadinho,2026-07-15,credito_4x,112.14
mercadinho,2026-07-16,pix,1647.35
mercadinho,2026-07-16,debito,1235.74
mercadinho,2026-07-16,credito_vista,778.06
mercadinho,2026-07-16,credito_4x,154.3
mercadinho,2026-07-17,pix,2099.2
mercadinho,2026-07-17,debito,1502.7
mercadinho,2026-07-17,credito_vista,1237.53
mercadinho,2026-07-17,credito_4x,84.74
mercadinho,2026-07-18,pix,2143.82
mercadinho,2026-07-18,debito,1816.94
mercadinho,2026-07-18,credito_vista,770.36
mercadinho,2026-07-18,credito_4x,157.84
mercadinho,2026-07-19,pix,944.24
mercadinho,2026-07-19,debito,822.2
mercadinho,2026-07-19,credito_vista,595.65
mercadinho,2026-07-19,credito_4x,126.45
mercadinho,2026-07-20,pix,2267.63
mercadinho,2026-07-20,debito,1652.1
mercadinho,2026-07-20,credito_vista,721.13
mercadinho,2026-07-20,credito_4x,130.41
mercadinho,2026-07-21,pix,1714.52
mercadinho,2026-07-21,debito,1268.8
mercadinho,2026-07-21,credito_vista,942.68
mercadinho,2026-07-21,credito_4x,261.98
mercadinho,2026-07-22,pix,1644.11
mercadinho,2026-07-22,debito,1112.19
mercadinho,2026-07-22,credito_vista,901.71
mercadinho,2026-07-22,credito_4x,151.37
mercadinho,2026-07-23,pix,1413.63
mercadinho,2026-07-23,debito,1213.82
mercadinho,2026-07-23,credito_vista,568.06
mercadinho,2026-07-23,credito_4x,114.57
mercadinho,2026-07-24,pix,2215.6
mercadinho,2026-07-24,debito,1856.82
mercadinho,2026-07-24,credito_vista,1112.58
mercadinho,2026-07-24,credito_4x,242.59
mercadinho,2026-07-25,pix,1909.41
mercadinho,2026-07-25,debito,1356.25
mercadinho,2026-07-25,credito_vista,925.57
mercadinho,2026-07-25,credito_4x,178.32
mercadinho,2026-07-26,pix,766.69
mercadinho,2026-07-26,debito,673.35
mercadinho,2026-07-26,credito_vista,393.99
mercadinho,2026-07-26,credito_4x,87.76
mercadinho,2026-07-27,pix,1578.8
mercadinho,2026-07-27,debito,1356.08
mercadinho,2026-07-27,credito_vista,727.79
mercadinho,2026-07-27,credito_4x,183.88
mercadinho,2026-07-28,pix,1051.89
mercadinho,2026-07-28,debito,932.22
mercadinho,2026-07-28,credito_vista,549.76
mercadinho,2026-07-28,credito_4x,138.36
mercadinho,2026-07-29,pix,776.11
mercadinho,2026-07-29,debito,770.17
mercadinho,2026-07-29,credito_vista,471.89
mercadinho,2026-07-29,credito_4x,54.71
mercadinho,2026-07-30,pix,1193.21
mercadinho,2026-07-30,debito,845.25
mercadinho,2026-07-30,credito_vista,604.97
mercadinho,2026-07-30,credito_4x,93.28
mercadinho,2026-07-31,pix,1576.51
mercadinho,2026-07-31,debito,1227.14
mercadinho,2026-07-31,credito_vista,1065.21
mercadinho,2026-07-31,credito_4x,136.32
mercadinho,2026-08-01,pix,2796.54
mercadinho,2026-08-01,debito,2558.82
mercadinho,2026-08-01,credito_vista,1577.65
mercadinho,2026-08-01,credito_4x,283.41
mercadinho,2026-08-02,pix,1126.15
mercadinho,2026-08-02,debito,1059.08
mercadinho,2026-08-02,credito_vista,458.33
mercadinho,2026-08-02,credito_4x,63.02
mercadinho,2026-08-03,pix,2269.37
mercadinho,2026-08-03,debito,1543.73
mercadinho,2026-08-03,credito_vista,1000.16
mercadinho,2026-08-03,credito_4x,265.35
mercadinho,2026-08-04,pix,2245.34
mercadinho,2026-08-04,debito,1723.63
mercadinho,2026-08-04,credito_vista,904.89
mercadinho,2026-08-04,credito_4x,286.0
mercadinho,2026-08-05,pix,2015.19
mercadinho,2026-08-05,debito,1318.42
mercadinho,2026-08-05,credito_vista,1220.0
mercadinho,2026-08-05,credito_4x,124.44
mercadinho,2026-08-06,pix,2725.9
mercadinho,2026-08-06,debito,2040.44
mercadinho,2026-08-06,credito_vista,926.4
mercadinho,2026-08-06,credito_4x,219.2
mercadinho,2026-08-07,pix,2853.59
mercadinho,2026-08-07,debito,2035.91
mercadinho,2026-08-07,credito_vista,1485.16
mercadinho,2026-08-07,credito_4x,353.64
mercadinho,2026-08-08,pix,3158.28
mercadinho,2026-08-08,debito,2470.76
mercadinho,2026-08-08,credito_vista,1617.32
mercadinho,2026-08-08,credito_4x,112.33
mercadinho,2026-08-09,pix,1314.53
mercadinho,2026-08-09,debito,1065.79
mercadinho,2026-08-09,credito_vista,650.25
mercadinho,2026-08-09,credito_4x,75.9
mercadinho,2026-08-10,pix,2337.0
mercadinho,2026-08-10,debito,2044.46
mercadinho,2026-08-10,credito_vista,1421.72
mercadinho,2026-08-10,credito_4x,227.95
mercadinho,2026-08-11,pix,1554.51
mercadinho,2026-08-11,debito,1679.66
mercadinho,2026-08-11,credito_vista,775.51
mercadinho,2026-08-11,credito_4x,157.69
mercadinho,2026-08-12,pix,1885.17
mercadinho,2026-08-12,debito,1373.96
mercadinho,2026-08-12,credito_vista,852.77
mercadinho,2026-08-12,credito_4x,117.49
mercadinho,2026-08-13,pix,1738.22
mercadinho,2026-08-13,debito,1663.96
mercadinho,2026-08-13,credito_vista,864.95
mercadinho,2026-08-13,credito_4x,171.09
mercadinho,2026-08-14,pix,2271.03
mercadinho,2026-08-14,debito,1639.03
mercadinho,2026-08-14,credito_vista,1286.73
mercadinho,2026-08-14,credito_4x,208.35
mercadinho,2026-08-15,pix,2334.98
mercadinho,2026-08-15,debito,1739.67
mercadinho,2026-08-15,credito_vista,1231.25
mercadinho,2026-08-15,credito_4x,156.79
mercadinho,2026-08-16,pix,1098.96
mercadinho,2026-08-16,debito,745.07
mercadinho,2026-08-16,credito_vista,472.36
mercadinho,2026-08-16,credito_4x,101.57
mercadinho,2026-08-17,pix,1836.22
mercadinho,2026-08-17,debito,1592.74
mercadinho,2026-08-17,credito_vista,786.74
mercadinho,2026-08-17,credito_4x,165.02
mercadinho,2026-08-18,pix,1975.1
mercadinho,2026-08-18,debito,1776.25
mercadinho,2026-08-18,credito_vista,990.03
mercadinho,2026-08-18,credito_4x,232.73
mercadinho,2026-08-19,pix,1396.83
mercadinho,2026-08-19,debito,1213.92
mercadinho,2026-08-19,credito_vista,822.23
mercadinho,2026-08-19,credito_4x,130.5
mercadinho,2026-08-20,pix,1842.88
mercadinho,2026-08-20,debito,1208.93
mercadinho,2026-08-20,credito_vista,923.82
mercadinho,2026-08-20,credito_4x,174.98
mercadinho,2026-08-21,pix,2491.13
mercadinho,2026-08-21,debito,1841.23
mercadinho,2026-08-21,credito_vista,861.41
mercadinho,2026-08-21,credito_4x,269.95
mercadinho,2026-08-22,pix,2430.27
mercadinho,2026-08-22,debito,1789.13
mercadinho,2026-08-22,credito_vista,1259.21
mercadinho,2026-08-22,credito_4x,392.5
mercadinho,2026-08-23,pix,1156.47
mercadinho,2026-08-23,debito,944.86
mercadinho,2026-08-23,credito_vista,662.13
mercadinho,2026-08-23,credito_4x,107.78
mercadinho,2026-08-24,pix,1982.0
mercadinho,2026-08-24,debito,1454.4
mercadinho,2026-08-24,credito_vista,826.63
mercadinho,2026-08-24,credito_4x,130.82
mercadinho,2026-08-25,pix,1337.17
mercadinho,2026-08-25,debito,962.6
mercadinho,2026-08-25,credito_vista,575.23
mercadinho,2026-08-25,credito_4x,166.97
mercadinho,2026-08-26,pix,1522.87
mercadinho,2026-08-26,debito,1052.05
mercadinho,2026-08-26,credito_vista,689.86
mercadinho,2026-08-26,credito_4x,101.41
mercadinho,2026-08-27,pix,1633.19
mercadinho,2026-08-27,debito,1380.86
mercadinho,2026-08-27,credito_vista,719.23
mercadinho,2026-08-27,credito_4x,133.53
mercadinho,2026-08-28,pix,2049.7
mercadinho,2026-08-28,debito,1556.9
mercadinho,2026-08-28,credito_vista,892.3
mercadinho,2026-08-28,credito_4x,166.15
mercadinho,2026-08-29,pix,1848.72
mercadinho,2026-08-29,debito,1678.84
mercadinho,2026-08-29,credito_vista,878.01
mercadinho,2026-08-29,credito_4x,108.8
mercadinho,2026-08-30,pix,751.14
mercadinho,2026-08-30,debito,666.7
mercadinho,2026-08-30,credito_vista,432.25
mercadinho,2026-08-30,credito_4x,100.37
mercadinho,2026-08-31,pix,1230.61
mercadinho,2026-08-31,debito,1197.36
mercadinho,2026-08-31,credito_vista,845.32
mercadinho,2026-08-31,credito_4x,170.65
mercadinho,2026-09-01,pix,2236.25
mercadinho,2026-09-01,debito,1826.48
mercadinho,2026-09-01,credito_vista,1061.48
mercadinho,2026-09-01,credito_4x,172.56
mercadinho,2026-09-02,pix,2213.09
mercadinho,2026-09-02,debito,1474.35
mercadinho,2026-09-02,credito_vista,980.19
mercadinho,2026-09-02,credito_4x,106.99
mercadinho,2026-09-03,pix,2707.05
mercadinho,2026-09-03,debito,2006.38
mercadinho,2026-09-03,credito_vista,945.32
mercadinho,2026-09-03,credito_4x,342.99
mercadinho,2026-09-04,pix,2897.4
mercadinho,2026-09-04,debito,2067.93
mercadinho,2026-09-04,credito_vista,1784.61
mercadinho,2026-09-04,credito_4x,247.21
mercadinho,2026-09-05,pix,3166.62
mercadinho,2026-09-05,debito,2828.98
mercadinho,2026-09-05,credito_vista,1376.89
mercadinho,2026-09-05,credito_4x,266.7
mercadinho,2026-09-06,pix,1207.33
mercadinho,2026-09-06,debito,1059.23
mercadinho,2026-09-06,credito_vista,490.13
mercadinho,2026-09-06,credito_4x,112.33
mercadinho,2026-09-07,pix,2675.13
mercadinho,2026-09-07,debito,1852.4
mercadinho,2026-09-07,credito_vista,994.95
mercadinho,2026-09-07,credito_4x,262.06
mercadinho,2026-09-08,pix,1744.3
mercadinho,2026-09-08,debito,1445.47
mercadinho,2026-09-08,credito_vista,760.65
mercadinho,2026-09-08,credito_4x,263.86
mercadinho,2026-09-09,pix,2053.97
mercadinho,2026-09-09,debito,1770.93
mercadinho,2026-09-09,credito_vista,856.72
mercadinho,2026-09-09,credito_4x,211.95
mercadinho,2026-09-10,pix,2023.05
mercadinho,2026-09-10,debito,1908.1
mercadinho,2026-09-10,credito_vista,995.55
mercadinho,2026-09-10,credito_4x,232.02
mercadinho,2026-09-11,pix,2519.37
mercadinho,2026-09-11,debito,1525.13
mercadinho,2026-09-11,credito_vista,1228.53
mercadinho,2026-09-11,credito_4x,216.0
mercadinho,2026-09-12,pix,3043.06
mercadinho,2026-09-12,debito,2393.29
mercadinho,2026-09-12,credito_vista,1428.37
mercadinho,2026-09-12,credito_4x,231.67
mercadinho,2026-09-13,pix,1158.68
mercadinho,2026-09-13,debito,782.12
mercadinho,2026-09-13,credito_vista,642.97
mercadinho,2026-09-13,credito_4x,121.53
mercadinho,2026-09-14,pix,2386.17
mercadinho,2026-09-14,debito,1581.08
mercadinho,2026-09-14,credito_vista,952.38
mercadinho,2026-09-14,credito_4x,205.04
